ID,Name,disableParam_NT,disableParam_Product,disableParamReserve1,disableParamReserve2,sortId,wanderingEquipId,vagrantItemLotId,vagrantBonusEneDropItemLotId,vagrantItemEneDropItemLotId,fixPrice,basicPrice,sellValue,weight,residentSpEffectId,residentSpEffectId2,residentSpEffectId3,materialSetId,partsDamageRate,corectSARecover,originEquipPro,originEquipPro1,originEquipPro2,originEquipPro3,originEquipPro4,originEquipPro5,originEquipPro6,originEquipPro7,originEquipPro8,originEquipPro9,originEquipPro10,originEquipPro11,originEquipPro12,originEquipPro13,originEquipPro14,originEquipPro15,faceScaleM_ScaleX,faceScaleM_ScaleZ,faceScaleM_MaxX,faceScaleM_MaxZ,faceScaleF_ScaleX,faceScaleF_ScaleZ,faceScaleF_MaxX,faceScaleF_MaxZ,qwcId,equipModelId,iconIdM,iconIdF,knockBack,knockbackBounceRate,durability,durabilityMax,saDurability,defFlickPower,defensePhysics,defenseMagic,defenseFire,defenseThunder,defenseSlash,defenseBlow,defenseThrust,resistBurn,resistStun,resistHighPlasma,resistCurse,reinforceTypeId,trophySGradeId,shopLv,knockbackParamId,flickDamageCutRate,equipModelCategory,XXX_equipModelGender,protectorCategory,protectorSubType,assembleMenuCategory,partsDmgType,legTypeModelId,isDeposit,headEquip,bodyEquip,armEquip,legEquip,useFaceScale,invisibleFlag00,invisibleFlag01,invisibleFlag02,invisibleFlag03,invisibleFlag04,invisibleFlag05,invisibleFlag06,invisibleFlag07,invisibleFlag08,invisibleFlag09,invisibleFlag10,invisibleFlag11,invisibleFlag12,invisibleFlag13,invisibleFlag14,invisibleFlag15,invisibleFlag16,invisibleFlag17,invisibleFlag18,invisibleFlag19,invisibleFlag20,invisibleFlag21,invisibleFlag22,invisibleFlag23,invisibleFlag24,invisibleFlag25,invisibleFlag26,invisibleFlag27,invisibleFlag28,invisibleFlag29,invisibleFlag30,invisibleFlag31,invisibleFlag32,invisibleFlag33,invisibleFlag34,invisibleFlag35,invisibleFlag36,invisibleFlag37,invisibleFlag38,invisibleFlag39,invisibleFlag40,invisibleFlag41,invisibleFlag42,invisibleFlag43,invisibleFlag44,invisibleFlag45,invisibleFlag46,invisibleFlag47,pad12,isDiscard,isDrop,disableMultiDropShare,simpleModelForDlc,pad,neutralDamageCutRate,slashDamageCutRate,blowDamageCutRate,thrustDamageCutRate,magicDamageCutRate,fireDamageCutRate,thunderDamageCutRate,defenseMaterialSfx1,defenseMaterialSfx_Weak1,defenseMaterial1,defenseMaterial_Weak1,defenseMaterialSfx2,defenseMaterialSfx_Weak2,defenseMaterial2,defenseMaterial_Weak2,autoFootEffectDecalId,toughnessDamageCutRate,toughnessRecoverCorrection,darkDamageCutRate,defenseDark,invisibleFlag48,invisibleFlag49,invisibleFlag50,invisibleFlag51,invisibleFlag52,invisibleFlag53,invisibleFlag54,invisibleFlag55,invisibleFlag56,invisibleFlag57,invisibleFlag58,invisibleFlag59,invisibleFlag60,invisibleFlag61,invisibleFlag62,invisibleFlag63,invisibleFlag64,invisibleFlag65,invisibleFlag66,invisibleFlag67,invisibleFlag68,invisibleFlag69,invisibleFlag70,invisibleFlag71,invisibleFlag72,invisibleFlag73,invisibleFlag74,invisibleFlag75,invisibleFlag76,invisibleFlag77,invisibleFlag78,invisibleFlag79,invisibleFlag80,padbit,pad05,upperArmParamId,saleValue,resistDepletedUraniumToxic,invisibleFlag_SexVer00,invisibleFlag_SexVer01,invisibleFlag_SexVer02,invisibleFlag_SexVer03,invisibleFlag_SexVer04,invisibleFlag_SexVer05,invisibleFlag_SexVer06,invisibleFlag_SexVer07,invisibleFlag_SexVer08,invisibleFlag_SexVer09,invisibleFlag_SexVer10,invisibleFlag_SexVer11,invisibleFlag_SexVer12,invisibleFlag_SexVer13,invisibleFlag_SexVer14,invisibleFlag_SexVer15,invisibleFlag_SexVer16,invisibleFlag_SexVer17,invisibleFlag_SexVer18,invisibleFlag_SexVer19,invisibleFlag_SexVer20,invisibleFlag_SexVer21,invisibleFlag_SexVer22,invisibleFlag_SexVer23,invisibleFlag_SexVer24,invisibleFlag_SexVer25,invisibleFlag_SexVer26,invisibleFlag_SexVer27,invisibleFlag_SexVer28,invisibleFlag_SexVer29,invisibleFlag_SexVer30,invisibleFlag_SexVer31,invisibleFlag_SexVer32,invisibleFlag_SexVer33,invisibleFlag_SexVer34,invisibleFlag_SexVer35,invisibleFlag_SexVer36,invisibleFlag_SexVer37,invisibleFlag_SexVer38,invisibleFlag_SexVer39,invisibleFlag_SexVer40,invisibleFlag_SexVer41,invisibleFlag_SexVer42,invisibleFlag_SexVer43,invisibleFlag_SexVer44,invisibleFlag_SexVer45,invisibleFlag_SexVer46,invisibleFlag_SexVer47,invisibleFlag_SexVer48,invisibleFlag_SexVer49,invisibleFlag_SexVer50,invisibleFlag_SexVer51,invisibleFlag_SexVer52,invisibleFlag_SexVer53,invisibleFlag_SexVer54,invisibleFlag_SexVer55,invisibleFlag_SexVer56,invisibleFlag_SexVer57,invisibleFlag_SexVer58,invisibleFlag_SexVer59,invisibleFlag_SexVer60,invisibleFlag_SexVer61,invisibleFlag_SexVer62,invisibleFlag_SexVer63,invisibleFlag_SexVer64,invisibleFlag_SexVer65,invisibleFlag_SexVer66,invisibleFlag_SexVer67,invisibleFlag_SexVer68,invisibleFlag_SexVer69,invisibleFlag_SexVer70,invisibleFlag_SexVer71,invisibleFlag_SexVer72,invisibleFlag_SexVer73,invisibleFlag_SexVer74,invisibleFlag_SexVer75,invisibleFlag_SexVer76,invisibleFlag_SexVer77,invisibleFlag_SexVer78,invisibleFlag_SexVer79,invisibleFlag_SexVer80,invisibleFlag_SexVer81,invisibleFlag_SexVer82,invisibleFlag_SexVer83,invisibleFlag_SexVer84,invisibleFlag_SexVer85,invisibleFlag_SexVer86,invisibleFlag_SexVer87,invisibleFlag_SexVer88,invisibleFlag_SexVer89,invisibleFlag_SexVer90,invisibleFlag_SexVer91,invisibleFlag_SexVer92,invisibleFlag_SexVer93,invisibleFlag_SexVer94,invisibleFlag_SexVer95,retargetModelId,legTypeLockCamIdOffset,consumeEN,ap,categoryNameTextID,defensePhysicsForMenu,defenseMagicForMenu,lookAtParamId,lookAtDirType,leftWeaponHangerType,rightWeaponHangerType,legAnimCategoryOffset,SADurabilityRecoveryBase,energyMax,energyRecoveryPerSec,energyRecoveryDelayTimeSec,thrustersParamIDForPC,saDamageCutRate,wepParamId,headLookAtParamId,autoFootEffectSfxId,autoFootEffectGlideSfxId,wepParamId2,landBrakeScale,groundQbAddSpeedKMH,shootMotionPerf,stability,energyRecoveryDelayTimeForEmptySec,recoilCtrl,energyDrain_FourLegFlyMove,hoveringQbAddSpeedKMH,pad07,Maker,menuManageCategory,menu_HelpMovieID,pad09,legs_shootRecoilRate_Ground,legs_shootRecoilRate_Fly,DecalCamDistOffset,armMaxWeight,AppropriateType_Energy,AppropriateType_Melee,legs_payload,legs_boosterId,legs_MovementParamId,legs_TurnParamId,wallJump_MaxAlt,wallJump_DrainEn,wallJump_MiddleAngDegH,wallJump_MaxAngDegH,legs_reserved,ProCutRate_Phys,ProCutRate_Mag,ProCutRate_Fire,ProCutRate_Thunder,ProCutRate_Dark,ProCutRate_Burn,ProCutRate_Stun,ProCutRate_HighPlasma,ProCutRate_Curse,ProCutRate_Sa,ProCutRate_Stamina,ProCutRate_DepletedUraniumToxic,jumpSpecifyAlt_QbGoalAlt,jumpSpecifyAlt_PrevSpeedRateH,jumpSpecifyAlt_GoalAlt,jumpSpecifyAlt_GravityScale,jumpSpecifyAlt_HorizontalMaxSpeedKMPH,jumpSpecifyAlt_HorizontalMaxAccelMPSS,jumpSpecifyAlt_MiddleInputAngDeg,jumpSpecifyAlt_MaxInputAngDeg,computed_f00,computed_f01,computed_f02,computed_f03,computed_f04,computed_f05,computed_f06,computed_f07,computed_f08,computed_f09,computed_f10,computed_f11,computed_f12,computed_f13,computed_f14,computed_f15,computed_f16,computed_f17,computed_f18,computed_f19,computed_f20,computed_f21,computed_f22,computed_f23,computed_f24,computed_f25,computed_f26,computed_f27,computed_f28,computed_f29,computed_f30,computed_f_last,pad11,scanAngle,scanDist,scanTime,scanType,pad13,isHeavyWeightAddAnim,unk343_1,pad13_1,coreTypeWepAnimOffset,pad14,walkAnimSpeedRate,runAnimSpeedRate,legTypeSeId,hoverWalkBoostEndSpeedKMH,hoverRunBoostEndSpeedKMH,backunitAjustHeight,cutsceneCamOffset,refId,quickBoosterOutputCorrRate,generatorOutputCorrRate,generatorCoolPerf,pad_end,
50000000,HEAD - HD-011 MELANDER,0,0,0,[0|0|0],100000,950000,100700,100710,100720,45000,45000,45000,3160,-1,-1,-1,40,1.5,-0.33,50000000,50000000,50000000,50000000,50000000,50000000,50000000,50000000,50000000,50000000,50000000,-1,-1,-1,-1,-1,1,1,1,1,1,1,1,1,-1,1010,1093,1169,0,0,100,100,25,0,0,0,0,0,0,0,0,100,100,100,310,0,-1,-1,1,0,5,0,0,0,1,0,0,1,1,0,0,0,1,0,0,0,0,0,0,0,0,0,0,0,0,0,0,0,0,0,0,0,0,0,0,0,0,0,0,0,0,0,0,0,0,0,0,0,0,0,0,0,0,0,0,0,0,0,0,0,0,0,1,1,0,0,0,1,1,1,1,1,1,1,103,100,103,100,0,0,0,0,-1,1,0,1,0,0,0,0,0,0,0,0,0,0,0,0,0,0,0,0,0,0,0,0,0,0,0,0,0,0,0,0,0,0,0,0,0,0,0,0,-1,45000,100,0,0,0,0,0,0,0,0,0,0,0,0,0,0,0,0,0,0,0,0,0,0,0,0,0,0,0,0,0,0,0,0,0,0,0,0,0,0,0,0,0,0,0,0,0,0,0,0,0,0,0,0,0,0,0,0,0,0,0,0,0,0,0,0,0,0,0,0,0,0,0,0,0,0,0,0,0,0,0,0,0,0,0,0,0,0,0,0,0,0,0,0,0,0,0,0,-1,0,135,1010,30100,250,150,-1,0,0,0,0,0,0,0,0,0,1,80000000,-1,-1,-1,-1,1,0,0,430,0,0,0,0,[0|0|0|0],11,12,0,[0|0|0|0|0|0|0|0|0|0|0|0|0|0|0|0|0|0|0|0|0|0|0|0|0|0|0|0|0|0|0|0|0|0|0|0],1,1,0,0,0,0,0,-1,0,0,0,-1,0,0,[0|0|0|0|0|0],2.3,1.8,2,0,0,24,24,0,0,0,0,0,0,0,0,0,0,0,0,0,0,0,0,0,0,0,0,0,0,0,0,0,0,1,0,0,0,0,0,0,0,0,0,0,0,0,0,0,0,0,0,0,[0|0],65,380,4.8,1,[0|0],0,0,0,0,[0|0|0],1,1,0,0,0,0,0.35,-1,0,0,0,[0|0|0|0|0|0|0|0|0|0|0|0|0|0|0|0]
50000100,HEAD - HS-5000 APPETIZER,0,0,0,[0|0|0],400900,950000,100700,100710,100720,36000,36000,36000,3000,-1,-1,-1,40,1.5,-0.33,50000100,50000100,50000100,50000100,50000100,50000100,50000100,50000100,50000100,50000100,50000100,-1,-1,-1,-1,-1,1,1,1,1,1,1,1,1,-1,1080,1093,1169,0,0,100,100,25,0,0,0,0,0,0,0,0,100,100,100,310,0,-1,-1,1,0,5,0,0,0,1,0,0,1,1,0,0,0,1,0,0,0,0,0,0,0,0,0,0,0,0,0,0,0,0,0,0,0,0,0,0,0,0,0,0,0,0,0,0,0,0,0,0,0,0,0,0,0,0,0,0,0,0,0,0,0,0,0,1,1,0,0,0,1,1,1,1,1,1,1,103,100,103,100,0,0,0,0,-1,1,0,1,0,0,0,0,0,0,0,0,0,0,0,0,0,0,0,0,0,0,0,0,0,0,0,0,0,0,0,0,0,0,0,0,0,0,0,0,-1,36000,100,0,0,0,0,0,0,0,0,0,0,0,0,0,0,0,0,0,0,0,0,0,0,0,0,0,0,0,0,0,0,0,0,0,0,0,0,0,0,0,0,0,0,0,0,0,0,0,0,0,0,0,0,0,0,0,0,0,0,0,0,0,0,0,0,0,0,0,0,0,0,0,0,0,0,0,0,0,0,0,0,0,0,0,0,0,0,0,0,0,0,0,0,0,0,0,0,-1,0,103,950,30100,250,150,-1,0,0,0,0,0,0,0,0,0,1,80000100,-1,-1,-1,-1,1,0,0,418,0,0,0,0,[0|0|0|0],6,12,0,[0|0|0|0|0|0|0|0|0|0|0|0|0|0|0|0|0|0|0|0|0|0|0|0|0|0|0|0|0|0|0|0|0|0|0|0],1,1,0,0,0,0,0,-1,0,0,0,-1,0,0,[0|0|0|0|0|0],2.6,3,2.6,0,0,-2,-2,0,0,0,0,0,0,0,0,0,0,0,0,0,0,0,0,0,0,0,0,0,0,0,0,0,0,1,0,0,0,0,0,0,0,0,0,0,0,0,0,0,0,0,0,0,[0|0],65,610,6,1,[0|0],0,0,0,0,[0|0|0],1,1,0,0,0,0,0.2,-1,0,0,0,[0|0|0|0|0|0|0|0|0|0|0|0|0|0|0|0]
50000200,HEAD - HD-033M VERRILL,0,0,0,[0|0|0],100010,950000,100700,100710,100720,36000,36000,36000,3830,-1,-1,-1,40,1.5,-0.33,50000200,50000200,50000200,50000200,50000200,50000200,50000200,50000200,50000200,50000200,50000200,-1,-1,-1,-1,-1,1,1,1,1,1,1,1,1,-1,1110,1093,1169,0,0,100,100,25,0,0,0,0,0,0,0,0,100,100,100,310,0,-1,-1,1,0,5,0,0,0,1,0,0,1,1,0,0,0,1,0,0,0,0,0,0,0,0,0,0,0,0,0,0,0,0,0,0,0,0,0,0,0,0,0,0,0,0,0,0,0,0,0,0,0,0,0,0,0,0,0,0,0,0,0,0,0,0,0,1,1,0,0,0,1,1,1,1,1,1,1,103,100,103,100,0,0,0,0,-1,1,0,1,0,0,0,0,0,0,0,0,0,0,0,0,0,0,0,0,0,0,0,0,0,0,0,0,0,0,0,0,0,0,0,0,0,0,0,0,-1,36000,100,0,0,0,0,0,0,0,0,0,0,0,0,0,0,0,0,0,0,0,0,0,0,0,0,0,0,0,0,0,0,0,0,0,0,0,0,0,0,0,0,0,0,0,0,0,0,0,0,0,0,0,0,0,0,0,0,0,0,0,0,0,0,0,0,0,0,0,0,0,0,0,0,0,0,0,0,0,0,0,0,0,0,0,0,0,0,0,0,0,0,0,0,0,0,0,0,-1,0,240,1080,30100,250,150,-1,0,0,0,0,0,0,0,0,0,1,80000200,-1,-1,-1,-1,1,0,0,469,0,0,0,0,[0|0|0|0],11,12,0,[0|0|0|0|0|0|0|0|0|0|0|0|0|0|0|0|0|0|0|0|0|0|0|0|0|0|0|0|0|0|0|0|0|0|0|0],1,1,0,0,0,0,0,-1,0,0,0,-1,0,0,[0|0|0|0|0|0],3.8,3.5,3.5,0,0,12,12,0,0,0,0,0,0,0,0,0,0,0,0,0,0,0,0,0,0,0,0,0,0,0,0,0,0,1,0,0,0,0,0,0,0,0,0,0,0,0,0,0,0,0,0,0,[0|0],65,510,7.8,1,[0|0],0,0,0,0,[0|0|0],1,1,0,0,0,0,0.35,-1,0,0,0,[0|0|0|0|0|0|0|0|0|0|0|0|0|0|0|0]
50000300,HEAD - HD-012 MELANDER C3,0,0,0,[0|0|0],100020,950000,100700,100710,100720,36000,36000,36000,3300,-1,-1,-1,40,1.5,-0.33,50000300,50000300,50000300,50000300,50000300,50000300,50000300,50000300,50000300,50000300,50000300,-1,-1,-1,-1,-1,1,1,1,1,1,1,1,1,-1,1011,1093,1169,0,0,100,100,25,0,0,0,0,0,0,0,0,100,100,100,310,0,-1,-1,1,0,5,0,0,0,1,0,0,1,1,0,0,0,1,0,0,0,0,0,0,0,0,0,0,0,0,0,0,0,0,0,0,0,0,0,0,0,0,0,0,0,0,0,0,0,0,0,0,0,0,0,0,0,0,0,0,0,0,0,0,0,0,0,1,1,0,0,0,1,1,1,1,1,1,1,103,100,103,100,0,0,0,0,-1,1,0,1,0,0,0,0,0,0,0,0,0,0,0,0,0,0,0,0,0,0,0,0,0,0,0,0,0,0,0,0,0,0,0,0,0,0,0,0,-1,36000,100,0,0,0,0,0,0,0,0,0,0,0,0,0,0,0,0,0,0,0,0,0,0,0,0,0,0,0,0,0,0,0,0,0,0,0,0,0,0,0,0,0,0,0,0,0,0,0,0,0,0,0,0,0,0,0,0,0,0,0,0,0,0,0,0,0,0,0,0,0,0,0,0,0,0,0,0,0,0,0,0,0,0,0,0,0,0,0,0,0,0,0,0,0,0,0,0,-1,0,165,1070,30100,250,150,-1,0,0,0,0,0,0,0,0,0,1,80000300,-1,-1,-1,-1,1,0,0,436,0,0,0,0,[0|0|0|0],11,12,0,[0|0|0|0|0|0|0|0|0|0|0|0|0|0|0|0|0|0|0|0|0|0|0|0|0|0|0|0|0|0|0|0|0|0|0|0],1,1,0,0,0,0,0,-1,0,0,0,-1,0,0,[0|0|0|0|0|0],2.5,2.7,1.9,0,0,15,15,0,0,0,0,0,0,0,0,0,0,0,0,0,0,0,0,0,0,0,0,0,0,0,0,0,0,1,0,0,0,0,0,0,0,0,0,0,0,0,0,0,0,0,0,0,[0|0],65,580,12,1,[0|0],0,0,0,0,[0|0|0],1,1,0,0,0,0,0.35,-1,0,0,0,[0|0|0|0|0|0|0|0|0|0|0|0|0|0|0|0]
50010000,HEAD - DF-HD-08 TIAN-QIANG,0,0,0,[0|0|0],110000,950000,100700,100710,100720,80000,80000,80000,1230,-1,-1,-1,40,1.5,-0.33,50010000,50010000,50010000,50010000,50010000,50010000,50010000,50010000,50010000,50010000,50010000,-1,-1,-1,-1,-1,1,1,1,1,1,1,1,1,-1,2010,1093,1169,0,0,100,100,25,0,0,0,0,0,0,0,0,100,100,100,310,0,-1,-1,1,0,5,0,0,0,1,0,0,1,1,0,0,0,1,0,0,0,0,0,0,0,0,0,0,0,0,0,0,0,0,0,0,0,0,0,0,0,0,0,0,0,0,0,0,0,0,0,0,0,0,0,0,0,0,0,0,0,0,0,0,0,0,0,1,1,0,0,0,1,1,1,1,1,1,1,103,100,103,100,0,0,0,0,-1,1,0,1,0,0,0,0,0,0,0,0,0,0,0,0,0,0,0,0,0,0,0,0,0,0,0,0,0,0,0,0,0,0,0,0,0,0,0,0,-1,80000,100,0,0,0,0,0,0,0,0,0,0,0,0,0,0,0,0,0,0,0,0,0,0,0,0,0,0,0,0,0,0,0,0,0,0,0,0,0,0,0,0,0,0,0,0,0,0,0,0,0,0,0,0,0,0,0,0,0,0,0,0,0,0,0,0,0,0,0,0,0,0,0,0,0,0,0,0,0,0,0,0,0,0,0,0,0,0,0,0,0,0,0,0,0,0,0,0,-1,0,88,420,30100,250,150,-1,0,0,0,0,0,0,0,0,0,1,80010000,-1,-1,-1,-1,1,0,0,267,0,0,0,0,[0|0|0|0],12,12,0,[0|0|0|0|0|0|0|0|0|0|0|0|0|0|0|0|0|0|0|0|0|0|0|0|0|0|0|0|0|0|0|0|0|0|0|0],1,1,0,0,0,0,0,-1,0,0,0,-1,0,0,[0|0|0|0|0|0],-0.8,-1,3.4,0,0,-21,-21,0,0,0,0,0,0,0,0,0,0,0,0,0,0,0,0,0,0,0,0,0,0,0,0,0,0,1,0,0,0,0,0,0,0,0,0,0,0,0,0,0,0,0,0,0,[0|0],65,300,7,1,[0|0],0,0,0,0,[0|0|0],1,1,0,0,0,0,0,-1,0,0,0,[0|0|0|0|0|0|0|0|0|0|0|0|0|0|0|0]
50020000,HEAD - NACHTREIHER/44E,0,0,0,[0|0|0],210000,950000,100700,100710,100720,61000,61000,61000,2120,-1,-1,-1,40,1.5,-0.33,50020000,50020000,50020000,50020000,50020000,50020000,50020000,50020000,50020000,50020000,50020000,-1,-1,-1,-1,-1,1,1,1,1,1,1,1,1,-1,3010,1093,1169,0,0,100,100,25,0,0,0,0,0,0,0,0,100,100,100,310,0,-1,-1,1,0,5,0,0,0,1,0,0,1,1,0,0,0,1,0,0,0,0,0,0,0,0,0,0,0,0,0,0,0,0,0,0,0,0,0,0,0,0,0,0,0,0,0,0,0,0,0,0,0,0,0,0,0,0,0,0,0,0,0,0,0,0,0,1,1,0,0,0,1,1,1,1,1,1,1,103,100,103,100,0,0,0,0,-1,1,0,1,0,0,0,0,0,0,0,0,0,0,0,0,0,0,0,0,0,0,0,0,0,0,0,0,0,0,0,0,0,0,0,0,0,0,0,0,-1,61000,100,0,0,0,0,0,0,0,0,0,0,0,0,0,0,0,0,0,0,0,0,0,0,0,0,0,0,0,0,0,0,0,0,0,0,0,0,0,0,0,0,0,0,0,0,0,0,0,0,0,0,0,0,0,0,0,0,0,0,0,0,0,0,0,0,0,0,0,0,0,0,0,0,0,0,0,0,0,0,0,0,0,0,0,0,0,0,0,0,0,0,0,0,0,0,0,0,-1,0,210,590,30100,250,150,-1,0,0,0,0,0,0,0,0,0,1,80020000,-1,-1,-1,-1,1,0,0,463,0,0,0,0,[0|0|0|0],8,12,0,[0|0|0|0|0|0|0|0|0|0|0|0|0|0|0|0|0|0|0|0|0|0|0|0|0|0|0|0|0|0|0|0|0|0|0|0],1,1,0,0,0,0,0,-1,0,0,0,-1,0,0,[0|0|0|0|0|0],0.3,0.5,0.2,0,0,7,7,0,0,0,0,0,0,0,0,0,0,0,0,0,0,0,0,0,0,0,0,0,0,0,0,0,0,1,0,0,0,0,0,0,0,0,0,0,0,0,0,0,0,0,0,0,[0|0],65,420,13.2,1,[0|0],0,0,0,0,[0|0|0],1,1,0,0,0,0,0.15,-1,0,0,0,[0|0|0|0|0|0|0|0|0|0|0|0|0|0|0|0]
50020100,HEAD - KASUAR/44Z,0,0,0,[0|0|0],210010,950000,100700,100710,100720,36000,36000,36000,2590,-1,-1,-1,40,1.5,-0.33,50020100,50020100,50020100,50020100,50020100,50020100,50020100,50020100,50020100,50020100,50020100,-1,-1,-1,-1,-1,1,1,1,1,1,1,1,1,-1,3110,1093,1169,0,0,100,100,25,0,0,0,0,0,0,0,0,100,100,100,310,0,-1,-1,1,0,5,0,0,0,1,0,0,1,1,0,0,0,1,0,0,0,0,0,0,0,0,0,0,0,0,0,0,0,0,0,0,0,0,0,0,0,0,0,0,0,0,0,0,0,0,0,0,0,0,0,0,0,0,0,0,0,0,0,0,0,0,0,1,1,0,0,0,1,1,1,1,1,1,1,103,100,103,100,0,0,0,0,-1,1,0,1,0,0,0,0,0,0,0,0,0,0,0,0,0,0,0,0,0,0,0,0,0,0,0,0,0,0,0,0,0,0,0,0,0,0,0,0,-1,36000,100,0,0,0,0,0,0,0,0,0,0,0,0,0,0,0,0,0,0,0,0,0,0,0,0,0,0,0,0,0,0,0,0,0,0,0,0,0,0,0,0,0,0,0,0,0,0,0,0,0,0,0,0,0,0,0,0,0,0,0,0,0,0,0,0,0,0,0,0,0,0,0,0,0,0,0,0,0,0,0,0,0,0,0,0,0,0,0,0,0,0,0,0,0,0,0,0,-1,0,254,480,30100,250,150,-1,0,0,0,0,0,0,0,0,0,1,80020100,-1,-1,-1,-1,1,0,0,498,0,0,0,0,[0|0|0|0],8,12,0,[0|0|0|0|0|0|0|0|0|0|0|0|0|0|0|0|0|0|0|0|0|0|0|0|0|0|0|0|0|0|0|0|0|0|0|0],1,1,0,0,0,0,0,-1,0,0,0,-1,0,0,[0|0|0|0|0|0],-0.1,0.7,0.1,0,0,28,28,0,0,0,0,0,0,0,0,0,0,0,0,0,0,0,0,0,0,0,0,0,0,0,0,0,0,1,0,0,0,0,0,0,0,0,0,0,0,0,0,0,0,0,0,0,[0|0],65,620,5.4,1,[0|0],0,0,0,0,[0|0|0],1,1,0,0,0,0,0.8,-1,0,0,0,[0|0|0|0|0|0|0|0|0|0|0|0|0|0|0|0]
50030000,HEAD - VP-44S,0,0,0,[0|0|0],200000,950000,100700,100710,100720,98000,98000,98000,3080,-1,-1,-1,40,1.5,-0.33,50030000,50030000,50030000,50030000,50030000,50030000,50030000,50030000,50030000,50030000,50030000,-1,-1,-1,-1,-1,1,1,1,1,1,1,1,1,-1,4010,1093,1169,0,0,100,100,25,0,0,0,0,0,0,0,0,100,100,100,310,0,-1,-1,1,0,5,0,0,0,1,0,0,1,1,0,0,0,1,0,0,0,0,0,0,0,0,0,0,0,0,0,0,0,0,0,0,0,0,0,0,0,0,0,0,0,0,0,0,0,0,0,0,0,0,0,0,0,0,0,0,0,0,0,0,0,0,0,1,1,0,0,0,1,1,1,1,1,1,1,103,100,103,100,0,0,0,0,-1,1,0,1,0,0,0,0,0,0,0,0,0,0,0,0,0,0,0,0,0,0,0,0,0,0,0,0,0,0,0,0,0,0,0,0,0,0,0,0,-1,98000,100,0,0,0,0,0,0,0,0,0,0,0,0,0,0,0,0,0,0,0,0,0,0,0,0,0,0,0,0,0,0,0,0,0,0,0,0,0,0,0,0,0,0,0,0,0,0,0,0,0,0,0,0,0,0,0,0,0,0,0,0,0,0,0,0,0,0,0,0,0,0,0,0,0,0,0,0,0,0,0,0,0,0,0,0,0,0,0,0,0,0,0,0,0,0,0,0,-1,0,148,850,30100,250,150,-1,0,0,0,0,0,0,0,0,0,1,80030000,-1,-1,-1,-1,1,0,0,432,0,0,0,0,[0|0|0|0],7,12,0,[0|0|0|0|0|0|0|0|0|0|0|0|0|0|0|0|0|0|0|0|0|0|0|0|0|0|0|0|0|0|0|0|0|0|0|0],1,1,0,0,0,0,0,-1,0,0,0,-1,0,0,[0|0|0|0|0|0],2,2.2,1.8,0,0,36,36,0,0,0,0,0,0,0,0,0,0,0,0,0,0,0,0,0,0,0,0,0,0,0,0,0,0,1,0,0,0,0,0,0,0,0,0,0,0,0,0,0,0,0,0,0,[0|0],65,520,7.2,1,[0|0],0,0,0,0,[0|0|0],1,1,0,0,0,0,0.1,-1,0,0,0,[0|0|0|0|0|0|0|0|0|0|0|0|0|0|0|0]
50030100,HEAD - VP-44D,0,0,0,[0|0|0],200010,950000,100700,100710,100720,36000,36000,36000,3260,-1,-1,-1,40,1.5,-0.33,50030100,50030100,50030100,50030100,50030100,50030100,50030100,50030100,50030100,50030100,50030100,-1,-1,-1,-1,-1,1,1,1,1,1,1,1,1,-1,4110,1093,1169,0,0,100,100,25,0,0,0,0,0,0,0,0,100,100,100,310,0,-1,-1,1,0,5,0,0,0,1,0,0,1,1,0,0,0,1,0,0,0,0,0,0,0,0,0,0,0,0,0,0,0,0,0,0,0,0,0,0,0,0,0,0,0,0,0,0,0,0,0,0,0,0,0,0,0,0,0,0,0,0,0,0,0,0,0,1,1,0,0,0,1,1,1,1,1,1,1,103,100,103,100,0,0,0,0,-1,1,0,1,0,0,0,0,0,0,0,0,0,0,0,0,0,0,0,0,0,0,0,0,0,0,0,0,0,0,0,0,0,0,0,0,0,0,0,0,-1,36000,100,0,0,0,0,0,0,0,0,0,0,0,0,0,0,0,0,0,0,0,0,0,0,0,0,0,0,0,0,0,0,0,0,0,0,0,0,0,0,0,0,0,0,0,0,0,0,0,0,0,0,0,0,0,0,0,0,0,0,0,0,0,0,0,0,0,0,0,0,0,0,0,0,0,0,0,0,0,0,0,0,0,0,0,0,0,0,0,0,0,0,0,0,0,0,0,0,-1,0,177,880,30100,250,150,-1,0,0,0,0,0,0,0,0,0,1,80030100,-1,-1,-1,-1,1,0,0,496,0,0,0,0,[0|0|0|0],7,12,0,[0|0|0|0|0|0|0|0|0|0|0|0|0|0|0|0|0|0|0|0|0|0|0|0|0|0|0|0|0|0|0|0|0|0|0|0],1,1,0,0,0,0,0,-1,0,0,0,-1,0,0,[0|0|0|0|0|0],0,3.3,2.2,0,0,0,0,0,0,0,0,0,0,0,0,0,0,0,0,0,0,0,0,0,0,0,0,0,0,0,0,0,0,1,0,0,0,0,0,0,0,0,0,0,0,0,0,0,0,0,0,0,[0|0],65,530,14.4,1,[0|0],0,0,0,0,[0|0|0],1,1,0,0,0,0,0.3,-1,0,0,0,[0|0|0|0|0|0|0|0|0|0|0|0|0|0|0|0]
50040000,HEAD - VE-44A,0,0,0,[0|0|0],300000,950000,100700,100710,100720,36000,36000,36000,3640,-1,-1,-1,40,1.5,-0.33,50040000,50040000,50040000,50040000,50040000,50040000,50040000,50040000,50040000,50040000,50040000,-1,-1,-1,-1,-1,1,1,1,1,1,1,1,1,-1,5010,1093,1169,0,0,100,100,25,0,0,0,0,0,0,0,0,100,100,100,310,0,-1,-1,1,0,5,0,0,0,1,0,0,1,1,0,0,0,1,0,0,0,0,0,0,0,0,0,0,0,0,0,0,0,0,0,0,0,0,0,0,0,0,0,0,0,0,0,0,0,0,0,0,0,0,0,0,0,0,0,0,0,0,0,0,0,0,0,1,1,0,0,0,1,1,1,1,1,1,1,103,100,103,100,0,0,0,0,-1,1,0,1,0,0,0,0,0,0,0,0,0,0,0,0,0,0,0,0,0,0,0,0,0,0,0,0,0,0,0,0,0,0,0,0,0,0,0,0,-1,36000,100,0,0,0,0,0,0,0,0,0,0,0,0,0,0,0,0,0,0,0,0,0,0,0,0,0,0,0,0,0,0,0,0,0,0,0,0,0,0,0,0,0,0,0,0,0,0,0,0,0,0,0,0,0,0,0,0,0,0,0,0,0,0,0,0,0,0,0,0,0,0,0,0,0,0,0,0,0,0,0,0,0,0,0,0,0,0,0,0,0,0,0,0,0,0,0,0,-1,0,182,1060,30100,250,150,-1,0,0,0,0,0,0,0,0,0,1,80040000,-1,-1,-1,-1,1,0,0,423,0,0,0,0,[0|0|0|0],20,12,0,[0|0|0|0|0|0|0|0|0|0|0|0|0|0|0|0|0|0|0|0|0|0|0|0|0|0|0|0|0|0|0|0|0|0|0|0],1,1,0,0,0,0,0,-1,0,0,0,-1,0,0,[0|0|0|0|0|0],2.9,3.8,2.8,0,0,38,38,0,0,0,0,0,0,0,0,0,0,0,0,0,0,0,0,0,0,0,0,0,0,0,0,0,0,1,0,0,0,0,0,0,0,0,0,0,0,0,0,0,0,0,0,0,[0|0],65,490,12.6,1,[0|0],0,0,0,0,[0|0|0],1,1,0,0,0,0,0.3,-1,0,0,0,[0|0|0|0|0|0|0|0|0|0|0|0|0|0|0|0]
50040100,HEAD - VE-44B,0,0,0,[0|0|0],300010,950000,100700,100710,100720,36000,36000,36000,4320,-1,-1,-1,40,1.5,-0.33,50040100,50040100,50040100,50040100,50040100,50040100,50040100,50040100,50040100,50040100,50040100,-1,-1,-1,-1,-1,1,1,1,1,1,1,1,1,-1,5110,1093,1169,0,0,100,100,25,0,0,0,0,0,0,0,0,100,100,100,310,0,-1,-1,1,0,5,0,0,0,1,0,0,1,1,0,0,0,1,0,0,0,0,0,0,0,0,0,0,0,0,0,0,0,0,0,0,0,0,0,0,0,0,0,0,0,0,0,0,0,0,0,0,0,0,0,0,0,0,0,0,0,0,0,0,0,0,0,1,1,0,0,0,1,1,1,1,1,1,1,103,100,103,100,0,0,0,0,-1,1,0,1,0,0,0,0,0,0,0,0,0,0,0,0,0,0,0,0,0,0,0,0,0,0,0,0,0,0,0,0,0,0,0,0,0,0,0,0,-1,36000,100,0,0,0,0,0,0,0,0,0,0,0,0,0,0,0,0,0,0,0,0,0,0,0,0,0,0,0,0,0,0,0,0,0,0,0,0,0,0,0,0,0,0,0,0,0,0,0,0,0,0,0,0,0,0,0,0,0,0,0,0,0,0,0,0,0,0,0,0,0,0,0,0,0,0,0,0,0,0,0,0,0,0,0,0,0,0,0,0,0,0,0,0,0,0,0,0,-1,0,265,1040,30100,250,150,-1,0,0,0,0,0,0,0,0,0,1,80040100,-1,-1,-1,-1,1,0,0,450,0,0,0,0,[0|0|0|0],20,12,0,[0|0|0|0|0|0|0|0|0|0|0|0|0|0|0|0|0|0|0|0|0|0|0|0|0|0|0|0|0|0|0|0|0|0|0|0],1,1,0,0,0,0,0,-1,0,0,0,-1,0,0,[0|0|0|0|0|0],1.7,3.1,1.6,0,0,54,54,0,0,0,0,0,0,0,0,0,0,0,0,0,0,0,0,0,0,0,0,0,0,0,0,0,0,1,0,0,0,0,0,0,0,0,0,0,0,0,0,0,0,0,0,0,[0|0],65,700,18,1,[0|0],0,0,0,0,[0|0|0],1,1,0,0,0,0,0.8,-1,0,0,0,[0|0|0|0|0|0|0|0|0|0|0|0|0|0|0|0]
50050000,HEAD - 20-081 MIND ALPHA,0,0,0,[0|0|0],500000,950000,100700,100710,100720,125000,125000,125000,3350,-1,-1,-1,40,1.5,-0.33,50050000,50050000,50050000,50050000,50050000,50050000,50050000,50050000,50050000,50050000,50050000,-1,-1,-1,-1,-1,1,1,1,1,1,1,1,1,-1,6010,1093,1169,0,0,100,100,25,0,0,0,0,0,0,0,0,100,100,100,310,0,-1,-1,1,0,5,0,0,0,1,0,0,1,1,0,0,0,1,0,0,0,0,0,0,0,0,0,0,0,0,0,0,0,0,0,0,0,0,0,0,0,0,0,0,0,0,0,0,0,0,0,0,0,0,0,0,0,0,0,0,0,0,0,0,0,0,0,1,1,0,0,0,1,1,1,1,1,1,1,103,100,103,100,0,0,0,0,-1,1,0,1,0,0,0,0,0,0,0,0,0,0,0,0,0,0,0,0,0,0,0,0,0,0,0,0,0,0,0,0,0,0,0,0,0,0,0,0,-1,125000,100,0,0,0,0,0,0,0,0,0,0,0,0,0,0,0,0,0,0,0,0,0,0,0,0,0,0,0,0,0,0,0,0,0,0,0,0,0,0,0,0,0,0,0,0,0,0,0,0,0,0,0,0,0,0,0,0,0,0,0,0,0,0,0,0,0,0,0,0,0,0,0,0,0,0,0,0,0,0,0,0,0,0,0,0,0,0,0,0,0,0,0,0,0,0,0,0,-1,0,142,820,30100,250,150,-1,0,0,0,0,0,0,0,0,0,1,80050000,-1,-1,-1,-1,1,0,0,462,0,0,0,0,[0|0|0|0],4,12,0,[0|0|0|0|0|0|0|0|0|0|0|0|0|0|0|0|0|0|0|0|0|0|0|0|0|0|0|0|0|0|0|0|0|0|0|0],1,1,0,0,0,0,0,-1,0,0,0,-1,0,0,[0|0|0|0|0|0],2.8,3.6,2.3,0,0,9,9,0,0,0,0,0,0,0,0,0,0,0,0,0,0,0,0,0,0,0,0,0,0,0,0,0,0,1,0,0,0,0,0,0,0,0,0,0,0,0,0,0,0,0,0,0,[0|0],65,430,6,1,[0|0],0,0,0,0,[0|0|0],1,1,0,0,0,0,0.45,-1,0,0,0,[0|0|0|0|0|0|0|0|0|0|0|0|0|0|0|0]
50050100,HEAD - 20-082 MIND BETA,0,0,0,[0|0|0],500010,950000,100700,100710,100720,36000,36000,36000,3460,-1,-1,-1,40,1.5,-0.33,50050100,50050100,50050100,50050100,50050100,50050100,50050100,50050100,50050100,50050100,50050100,-1,-1,-1,-1,-1,1,1,1,1,1,1,1,1,-1,6110,1093,1169,0,0,100,100,25,0,0,0,0,0,0,0,0,100,100,100,310,0,-1,-1,1,0,5,0,0,0,1,0,0,1,1,0,0,0,1,0,0,0,0,0,0,0,0,0,0,0,0,0,0,0,0,0,0,0,0,0,0,0,0,0,0,0,0,0,0,0,0,0,0,0,0,0,0,0,0,0,0,0,0,0,0,0,0,0,1,1,0,0,0,1,1,1,1,1,1,1,103,100,103,100,0,0,0,0,-1,1,0,1,0,0,0,0,0,0,0,0,0,0,0,0,0,0,0,0,0,0,0,0,0,0,0,0,0,0,0,0,0,0,0,0,0,0,0,0,-1,36000,100,0,0,0,0,0,0,0,0,0,0,0,0,0,0,0,0,0,0,0,0,0,0,0,0,0,0,0,0,0,0,0,0,0,0,0,0,0,0,0,0,0,0,0,0,0,0,0,0,0,0,0,0,0,0,0,0,0,0,0,0,0,0,0,0,0,0,0,0,0,0,0,0,0,0,0,0,0,0,0,0,0,0,0,0,0,0,0,0,0,0,0,0,0,0,0,0,-1,0,128,520,30100,250,150,-1,0,0,0,0,0,0,0,0,0,1,80050100,-1,-1,-1,-1,1,0,0,536,0,0,0,0,[0|0|0|0],4,12,0,[0|0|0|0|0|0|0|0|0|0|0|0|0|0|0|0|0|0|0|0|0|0|0|0|0|0|0|0|0|0|0|0|0|0|0|0],1,1,0,0,0,0,0,-1,0,0,0,-1,0,0,[0|0|0|0|0|0],0.8,1.4,0,0,0,-4,-4,0,0,0,0,0,0,0,0,0,0,0,0,0,0,0,0,0,0,0,0,0,0,0,0,0,0,1,0,0,0,0,0,0,0,0,0,0,0,0,0,0,0,0,0,0,[0|0],65,540,12,1,[0|0],0,0,0,0,[0|0|0],1,1,0,0,0,0,0.3,-1,0,0,0,[0|0|0|0|0|0|0|0|0|0|0|0|0|0|0|0]
50060000,HEAD - EL-TH-10 FIRMEZA,0,0,0,[0|0|0],410000,950000,100700,100710,100720,36000,36000,36000,2370,-1,-1,-1,40,1.5,-0.33,50060000,50060000,50060000,50060000,50060000,50060000,50060000,50060000,50060000,50060000,50060000,-1,-1,-1,-1,-1,1,1,1,1,1,1,1,1,-1,7010,1093,1169,0,0,100,100,25,0,0,0,0,0,0,0,0,100,100,100,310,0,-1,-1,1,0,5,0,0,0,1,0,0,1,1,0,0,0,1,0,0,0,0,0,0,0,0,0,0,0,0,0,0,0,0,0,0,0,0,0,0,0,0,0,0,0,0,0,0,0,0,0,0,0,0,0,0,0,0,0,0,0,0,0,0,0,0,0,1,1,0,0,0,1,1,1,1,1,1,1,103,100,103,100,0,0,0,0,-1,1,0,1,0,0,0,0,0,0,0,0,0,0,0,0,0,0,0,0,0,0,0,0,0,0,0,0,0,0,0,0,0,0,0,0,0,0,0,0,-1,36000,100,0,0,0,0,0,0,0,0,0,0,0,0,0,0,0,0,0,0,0,0,0,0,0,0,0,0,0,0,0,0,0,0,0,0,0,0,0,0,0,0,0,0,0,0,0,0,0,0,0,0,0,0,0,0,0,0,0,0,0,0,0,0,0,0,0,0,0,0,0,0,0,0,0,0,0,0,0,0,0,0,0,0,0,0,0,0,0,0,0,0,0,0,0,0,0,0,-1,0,134,750,30100,250,150,-1,0,0,0,0,0,0,0,0,0,1,80060000,-1,-1,-1,-1,1,0,0,431,0,0,0,0,[0|0|0|0],19,12,0,[0|0|0|0|0|0|0|0|0|0|0|0|0|0|0|0|0|0|0|0|0|0|0|0|0|0|0|0|0|0|0|0|0|0|0|0],1,1,0,0,0,0,0,-1,0,0,0,-1,0,0,[0|0|0|0|0|0],0.6,0.8,0.4,0,0,4,4,0,0,0,0,0,0,0,0,0,0,0,0,0,0,0,0,0,0,0,0,0,0,0,0,0,0,1,0,0,0,0,0,0,0,0,0,0,0,0,0,0,0,0,0,0,[0|0],65,440,15,1,[0|0],0,0,0,0,[0|0|0],1,1,0,0,0,0,0.55,-1,0,0,0,[0|0|0|0|0|0|0|0|0|0|0|0|0|0|0|0]
50070200,HEAD - AH-J-124 BASHO,0,0,0,[0|0|0],0,950000,100700,100710,100720,47000,47000,47000,4600,-1,-1,-1,40,1.5,-0.33,50070200,50070200,50070200,50070200,50070200,50070200,50070200,50070200,50070200,50070200,50070200,-1,-1,-1,-1,-1,1,1,1,1,1,1,1,1,-1,8030,1093,1169,0,0,100,100,25,0,0,0,0,0,0,0,0,100,100,100,310,0,-1,-1,1,0,5,0,0,0,1,0,0,1,1,0,0,0,1,0,0,0,0,0,0,0,0,0,0,0,0,0,0,0,0,0,0,0,0,0,0,0,0,0,0,0,0,0,0,0,0,0,0,0,0,0,0,0,0,0,0,0,0,0,0,0,0,0,1,1,0,0,0,1,1,1,1,1,1,1,103,100,103,100,0,0,0,0,-1,1,0,1,0,0,0,0,0,0,0,0,0,0,0,0,0,0,0,0,0,0,0,0,0,0,0,0,0,0,0,0,0,0,0,0,0,0,0,0,-1,47000,100,0,0,0,0,0,0,0,0,0,0,0,0,0,0,0,0,0,0,0,0,0,0,0,0,0,0,0,0,0,0,0,0,0,0,0,0,0,0,0,0,0,0,0,0,0,0,0,0,0,0,0,0,0,0,0,0,0,0,0,0,0,0,0,0,0,0,0,0,0,0,0,0,0,0,0,0,0,0,0,0,0,0,0,0,0,0,0,0,0,0,0,0,0,0,0,0,-1,0,95,1250,30100,250,150,-1,0,0,0,0,0,0,0,0,0,1,80070200,-1,-1,-1,-1,1,0,0,394,0,0,0,0,[0|0|0|0],15,12,0,[0|0|0|0|0|0|0|0|0|0|0|0|0|0|0|0|0|0|0|0|0|0|0|0|0|0|0|0|0|0|0|0|0|0|0|0],1,1,0,0,0,0,0,-1,0,0,0,-1,0,0,[0|0|0|0|0|0],4.1,1.9,4.2,0,0,-10,-10,0,0,0,0,0,0,0,0,0,0,0,0,0,0,0,0,0,0,0,0,0,0,0,0,0,0,1,0,0,0,0,0,0,0,0,0,0,0,0,0,0,0,0,0,0,[0|0],65,390,14.4,1,[0|0],0,0,0,0,[0|0|0],1,1,0,0,0,0,0.35,-1,0,0,0,[0|0|0|0|0|0|0|0|0|0|0|0|0|0|0|0]
50070300,HEAD - HC-3000 WRECKER,0,0,0,[0|0|0],400100,950000,100700,100710,100720,36000,36000,36000,3800,-1,-1,-1,40,1.5,-0.33,50070300,50070300,50070300,50070300,50070300,50070300,50070300,50070300,50070300,50070300,50070300,-1,-1,-1,-1,-1,1,1,1,1,1,1,1,1,-1,8040,1093,1169,0,0,100,100,25,0,0,0,0,0,0,0,0,100,100,100,310,0,-1,-1,1,0,5,0,0,0,1,0,0,1,1,0,0,0,1,0,0,0,0,0,0,0,0,0,0,0,0,0,0,0,0,0,0,0,0,0,0,0,0,0,0,0,0,0,0,0,0,0,0,0,0,0,0,0,0,0,0,0,0,0,0,0,0,0,1,1,0,0,0,1,1,1,1,1,1,1,103,100,103,100,0,0,0,0,-1,1,0,1,0,0,0,0,0,0,0,0,0,0,0,0,0,0,0,0,0,0,0,0,0,0,0,0,0,0,0,0,0,0,0,0,0,0,0,0,-1,36000,100,0,0,0,0,0,0,0,0,0,0,0,0,0,0,0,0,0,0,0,0,0,0,0,0,0,0,0,0,0,0,0,0,0,0,0,0,0,0,0,0,0,0,0,0,0,0,0,0,0,0,0,0,0,0,0,0,0,0,0,0,0,0,0,0,0,0,0,0,0,0,0,0,0,0,0,0,0,0,0,0,0,0,0,0,0,0,0,0,0,0,0,0,0,0,0,0,-1,0,102,1130,30100,250,150,-1,0,0,0,0,0,0,0,0,0,1,80070300,-1,-1,-1,-1,1,0,0,378,0,0,0,0,[0|0|0|0],6,12,0,[0|0|0|0|0|0|0|0|0|0|0|0|0|0|0|0|0|0|0|0|0|0|0|0|0|0|0|0|0|0|0|0|0|0|0|0],1,1,0,0,0,0,0,-1,0,0,0,-1,0,0,[0|0|0|0|0|0],5,2,3.7,0,0,-7,-7,0,0,0,0,0,0,0,0,0,0,0,0,0,0,0,0,0,0,0,0,0,0,0,0,0,0,1,0,0,0,0,0,0,0,0,0,0,0,0,0,0,0,0,0,0,[0|0],65,370,3,1,[0|0],0,0,0,0,[0|0|0],1,1,0,0,0,0,0.55,-1,0,0,0,[0|0|0|0|0|0|0|0|0|0|0|0|0|0|0|0]
50070400,HEAD - HC-2000 FINDER EYE,0,0,0,[0|0|0],400000,950000,100700,100710,100720,36000,36000,36000,2670,-1,-1,-1,40,1.5,-0.33,50070400,50070400,50070400,50070400,50070400,50070400,50070400,50070400,50070400,50070400,50070400,-1,-1,-1,-1,-1,1,1,1,1,1,1,1,1,-1,1400,1093,1169,0,0,100,100,25,0,0,0,0,0,0,0,0,100,100,100,310,0,-1,-1,1,0,5,0,0,0,1,0,0,1,1,0,0,0,1,0,0,0,0,0,0,0,0,0,0,0,0,0,0,0,0,0,0,0,0,0,0,0,0,0,0,0,0,0,0,0,0,0,0,0,0,0,0,0,0,0,0,0,0,0,0,0,0,0,1,1,0,0,0,1,1,1,1,1,1,1,103,100,103,100,0,0,0,0,-1,1,0,1,0,0,0,0,0,0,0,0,0,0,0,0,0,0,0,0,0,0,0,0,0,0,0,0,0,0,0,0,0,0,0,0,0,0,0,0,-1,36000,100,0,0,0,0,0,0,0,0,0,0,0,0,0,0,0,0,0,0,0,0,0,0,0,0,0,0,0,0,0,0,0,0,0,0,0,0,0,0,0,0,0,0,0,0,0,0,0,0,0,0,0,0,0,0,0,0,0,0,0,0,0,0,0,0,0,0,0,0,0,0,0,0,0,0,0,0,0,0,0,0,0,0,0,0,0,0,0,0,0,0,0,0,0,0,0,0,-1,0,84,660,30100,250,150,-1,0,0,0,0,0,0,0,0,0,1,80070400,-1,-1,-1,-1,1,0,0,396,0,0,0,0,[0|0|0|0],6,12,0,[0|0|0|0|0|0|0|0|0|0|0|0|0|0|0|0|0|0|0|0|0|0|0|0|0|0|0|0|0|0|0|0|0|0|0|0],1,1,0,0,0,0,0,-1,0,0,0,-1,0,0,[0|0|0|0|0|0],0.7,-0.8,0.3,0,0,2,2,0,0,0,0,0,0,0,0,0,0,0,0,0,0,0,0,0,0,0,0,0,0,0,0,0,0,1,0,0,0,0,0,0,0,0,0,0,0,0,0,0,0,0,0,0,[0|0],65,340,4.2,1,[0|0],0,0,0,0,[0|0|0],1,1,0,0,0,0,0.22,-1,0,0,0,[0|0|0|0|0|0|0|0|0|0|0|0|0|0|0|0]
50070600,HEAD - HC-2000/BC SHADE EYE,0,0,0,[0|0|0],400010,950000,100700,100710,100720,36000,36000,36000,3090,-1,-1,-1,40,1.5,-0.33,50070600,50070600,50070600,50070600,50070600,50070600,50070600,50070600,50070600,50070600,50070600,-1,-1,-1,-1,-1,1,1,1,1,1,1,1,1,-1,8150,1093,1169,0,0,100,100,25,0,0,0,0,0,0,0,0,100,100,100,310,0,-1,-1,1,0,5,0,0,0,1,0,0,1,1,0,0,0,1,0,0,0,0,0,0,0,0,0,0,0,0,0,0,0,0,0,0,0,0,0,0,0,0,0,0,0,0,0,0,0,0,0,0,0,0,0,0,0,0,0,0,0,0,0,0,0,0,0,1,1,0,0,0,1,1,1,1,1,1,1,103,100,103,100,0,0,0,0,-1,1,0,1,0,0,0,0,0,0,0,0,0,0,0,0,0,0,0,0,0,0,0,0,0,0,0,0,0,0,0,0,0,0,0,0,0,0,0,0,-1,36000,100,0,0,0,0,0,0,0,0,0,0,0,0,0,0,0,0,0,0,0,0,0,0,0,0,0,0,0,0,0,0,0,0,0,0,0,0,0,0,0,0,0,0,0,0,0,0,0,0,0,0,0,0,0,0,0,0,0,0,0,0,0,0,0,0,0,0,0,0,0,0,0,0,0,0,0,0,0,0,0,0,0,0,0,0,0,0,0,0,0,0,0,0,0,0,0,0,-1,0,163,770,30100,250,150,-1,0,0,0,0,0,0,0,0,0,1,80070600,-1,-1,-1,-1,1,0,0,472,0,0,0,0,[0|0|0|0],6,12,0,[0|0|0|0|0|0|0|0|0|0|0|0|0|0|0|0|0|0|0|0|0|0|0|0|0|0|0|0|0|0|0|0|0|0|0|0],1,1,0,0,0,0,0,-1,0,0,0,-1,0,0,[0|0|0|0|0|0],2.4,1.7,3.1,0,0,27,27,0,0,0,0,0,0,0,0,0,0,0,0,0,0,0,0,0,0,0,0,0,0,0,0,0,0,1,0,0,0,0,0,0,0,0,0,0,0,0,0,0,0,0,0,0,[0|0],65,450,10.8,1,[0|0],0,0,0,0,[0|0|0],1,1,0,0,0,0,0.45,-1,0,0,0,[0|0|0|0|0|0|0|0|0|0|0|0|0|0|0|0]
50080000,HEAD - IB-C03H: HAL 826,0,0,0,[0|0|0],700000,950000,100700,100710,100720,36000,36000,36000,3760,-1,-1,-1,40,1.5,-0.33,50080000,50080000,50080000,50080000,50080000,50080000,50080000,50080000,50080000,50080000,50080000,-1,-1,-1,-1,-1,1,1,1,1,1,1,1,1,-1,8010,1093,1169,0,0,100,100,25,0,0,0,0,0,0,0,0,100,100,100,310,0,-1,-1,1,0,5,0,0,0,1,0,0,1,1,0,0,0,1,0,0,0,0,0,0,0,0,0,0,0,0,0,0,0,0,0,0,0,0,0,0,0,0,0,0,0,0,0,0,0,0,0,0,0,0,0,0,0,0,0,0,0,0,0,0,0,0,0,1,1,0,0,0,1,1,1,1,1,1,1,103,100,103,100,0,0,0,0,-1,1,0,1,0,0,0,0,0,0,0,0,0,0,0,0,0,0,0,0,0,0,0,0,0,0,0,0,0,0,0,0,0,0,0,0,0,0,0,0,-1,36000,100,0,0,0,0,0,0,0,0,0,0,0,0,0,0,0,0,0,0,0,0,0,0,0,0,0,0,0,0,0,0,0,0,0,0,0,0,0,0,0,0,0,0,0,0,0,0,0,0,0,0,0,0,0,0,0,0,0,0,0,0,0,0,0,0,0,0,0,0,0,0,0,0,0,0,0,0,0,0,0,0,0,0,0,0,0,0,0,0,0,0,0,0,0,0,0,0,-1,0,215,930,30100,250,150,-1,0,0,0,0,0,0,0,0,0,1,80080000,-1,-1,-1,-1,1,0,0,470,0,0,0,0,[0|0|0|0],2,12,0,[0|0|0|0|0|0|0|0|0|0|0|0|0|0|0|0|0|0|0|0|0|0|0|0|0|0|0|0|0|0|0|0|0|0|0|0],1,1,0,0,0,0,0,-1,0,0,0,-1,0,0,[0|0|0|0|0|0],1.9,3.2,3,0,0,25,25,0,0,0,0,0,0,0,0,0,0,0,0,0,0,0,0,0,0,0,0,0,0,0,0,0,0,1,0,0,0,0,0,0,0,0,0,0,0,0,0,0,0,0,0,0,[0|0],65,600,16.8,1,[0|0],0,0,0,0,[0|0|0],1,1,0,0,0,0,1.05,-1,0,0,0,[0|0|0|0|0|0|0|0|0|0|0|0|0|0|0|0]
50080100,HEAD - IA-C01H: EPHEMERA,0,0,0,[0|0|0],600000,950000,100700,100710,100720,36000,36000,36000,4330,-1,-1,-1,40,1.5,-0.33,50080100,50080100,50080100,50080100,50080100,50080100,50080100,50080100,50080100,50080100,50080100,-1,-1,-1,-1,-1,1,1,1,1,1,1,1,1,-1,8020,1093,1169,0,0,100,100,25,0,0,0,0,0,0,0,0,100,100,100,310,0,-1,-1,1,0,5,0,0,0,1,0,0,1,1,0,0,0,1,0,0,0,0,0,0,0,0,0,0,0,0,0,0,0,0,0,0,0,0,0,0,0,0,0,0,0,0,0,0,0,0,0,0,0,0,0,0,0,0,0,0,0,0,0,0,0,0,0,1,1,0,0,0,1,1,1,1,1,1,1,103,100,103,100,0,0,0,0,-1,1,0,1,0,0,0,0,0,0,0,0,0,0,0,0,0,0,0,0,0,0,0,0,0,0,0,0,0,0,0,0,0,0,0,0,0,0,0,0,-1,36000,100,0,0,0,0,0,0,0,0,0,0,0,0,0,0,0,0,0,0,0,0,0,0,0,0,0,0,0,0,0,0,0,0,0,0,0,0,0,0,0,0,0,0,0,0,0,0,0,0,0,0,0,0,0,0,0,0,0,0,0,0,0,0,0,0,0,0,0,0,0,0,0,0,0,0,0,0,0,0,0,0,0,0,0,0,0,0,0,0,0,0,0,0,0,0,0,0,-1,0,233,990,30100,250,150,-1,0,0,0,0,0,0,0,0,0,1,80080100,-1,-1,-1,-1,1,0,0,480,0,0,0,0,[0|0|0|0],2,12,0,[0|0|0|0|0|0|0|0|0|0|0|0|0|0|0|0|0|0|0|0|0|0|0|0|0|0|0|0|0|0|0|0|0|0|0|0],1,1,0,0,0,0,0,-1,0,0,0,-1,0,0,[0|0|0|0|0|0],1,3.9,3.6,0,0,32,32,0,0,0,0,0,0,0,0,0,0,0,0,0,0,0,0,0,0,0,0,0,0,0,0,0,0,1,0,0,0,0,0,0,0,0,0,0,0,0,0,0,0,0,0,0,[0|0],65,550,4.8,1,[0|0],0,0,0,0,[0|0|0],1,1,0,0,0,0,1.55,-1,0,0,0,[0|0|0|0|0|0|0|0|0|0|0|0|0|0|0|0]
50080200,HEAD - EL-PH-00 ALBA,0,0,0,[0|0|0],410900,950000,100700,100710,100720,36000,36000,36000,2800,-1,-1,-1,40,1.5,-0.33,50080200,50080200,50080200,50080200,50080200,50080200,50080200,50080200,50080200,50080200,50080200,-1,-1,-1,-1,-1,1,1,1,1,1,1,1,1,-1,8060,1093,1169,0,0,100,100,25,0,0,0,0,0,0,0,0,100,100,100,310,0,-1,-1,1,0,5,0,0,0,1,0,0,1,1,0,0,0,1,0,0,0,0,0,0,0,0,0,0,0,0,0,0,0,0,0,0,0,0,0,0,0,0,0,0,0,0,0,0,0,0,0,0,0,0,0,0,0,0,0,0,0,0,0,0,0,0,0,1,1,0,0,0,1,1,1,1,1,1,1,103,100,103,100,0,0,0,0,-1,1,0,1,0,0,0,0,0,0,0,0,0,0,0,0,0,0,0,0,0,0,0,0,0,0,0,0,0,0,0,0,0,0,0,0,0,0,0,0,-1,36000,100,0,0,0,0,0,0,0,0,0,0,0,0,0,0,0,0,0,0,0,0,0,0,0,0,0,0,0,0,0,0,0,0,0,0,0,0,0,0,0,0,0,0,0,0,0,0,0,0,0,0,0,0,0,0,0,0,0,0,0,0,0,0,0,0,0,0,0,0,0,0,0,0,0,0,0,0,0,0,0,0,0,0,0,0,0,0,0,0,0,0,0,0,0,0,0,0,-1,0,205,600,30100,250,150,-1,0,0,0,0,0,0,0,0,0,1,80080200,-1,-1,-1,-1,1,0,0,485,0,0,0,0,[0|0|0|0],19,12,0,[0|0|0|0|0|0|0|0|0|0|0|0|0|0|0|0|0|0|0|0|0|0|0|0|0|0|0|0|0|0|0|0|0|0|0|0],1,1,0,0,0,0,0,-1,0,0,0,-1,0,0,[0|0|0|0|0|0],2.1,2.1,2.1,0,0,29,29,0,0,0,0,0,0,0,0,0,0,0,0,0,0,0,0,0,0,0,0,0,0,0,0,0,0,1,0,0,0,0,0,0,0,0,0,0,0,0,0,0,0,0,0,0,[0|0],65,500,3.6,1,[0|0],0,0,0,0,[0|0|0],1,1,0,0,0,0,0.25,-1,0,0,0,[0|0|0|0|0|0|0|0|0|0|0|0|0|0|0|0]
50080300,HEAD - LAMMERGEIER/44F,0,0,0,[0|0|0],210020,950000,100700,100710,100720,45000,45000,45000,1050,-1,-1,-1,40,1.5,-0.33,50080300,50080300,50080300,50080300,50080300,50080300,50080300,50080300,50080300,50080300,50080300,-1,-1,-1,-1,-1,1,1,1,1,1,1,1,1,-1,8070,1093,1169,0,0,100,100,25,0,0,0,0,0,0,0,0,100,100,100,310,0,-1,-1,1,0,5,0,0,0,1,0,0,1,1,0,0,0,1,0,0,0,0,0,0,0,0,0,0,0,0,0,0,0,0,0,0,0,0,0,0,0,0,0,0,0,0,0,0,0,0,0,0,0,0,0,0,0,0,0,0,0,0,0,0,0,0,0,1,1,0,0,0,1,1,1,1,1,1,1,103,100,103,100,0,0,0,0,-1,1,0,1,0,0,0,0,0,0,0,0,0,0,0,0,0,0,0,0,0,0,0,0,0,0,0,0,0,0,0,0,0,0,0,0,0,0,0,0,-1,45000,100,0,0,0,0,0,0,0,0,0,0,0,0,0,0,0,0,0,0,0,0,0,0,0,0,0,0,0,0,0,0,0,0,0,0,0,0,0,0,0,0,0,0,0,0,0,0,0,0,0,0,0,0,0,0,0,0,0,0,0,0,0,0,0,0,0,0,0,0,0,0,0,0,0,0,0,0,0,0,0,0,0,0,0,0,0,0,0,0,0,0,0,0,0,0,0,0,-1,0,220,300,30100,250,150,-1,0,0,0,0,0,0,0,0,0,1,80080300,-1,-1,-1,-1,1,0,0,305,0,0,0,0,[0|0|0|0],8,12,0,[0|0|0|0|0|0|0|0|0|0|0|0|0|0|0|0|0|0|0|0|0|0|0|0|0|0|0|0|0|0|0|0|0|0|0|0],1,1,0,0,0,0,0,-1,0,0,0,-1,0,0,[0|0|0|0|0|0],-2,0.3,-2,0,0,21,21,0,0,0,0,0,0,0,0,0,0,0,0,0,0,0,0,0,0,0,0,0,0,0,0,0,0,1,0,0,0,0,0,0,0,0,0,0,0,0,0,0,0,0,0,0,[0|0],65,360,6.6,1,[0|0],0,0,0,0,[0|0|0],1,1,0,0,0,0,0.35,-1,0,0,0,[0|0|0|0|0|0|0|0|0|0|0|0|0|0|0|0]
50900000,HEAD - AH-J-124/RC JAILBREAK,0,0,0,[0|0|0],1,950000,100700,100710,100720,47000,47000,47000,4250,-1,-1,-1,40,1.5,-0.33,50900000,50900000,50900000,50900000,50900000,50900000,50900000,50900000,50900000,50900000,50900000,-1,-1,-1,-1,-1,1,1,1,1,1,1,1,1,-1,8031,1093,1169,0,0,100,100,25,0,0,0,0,0,0,0,0,100,100,100,310,0,-1,-1,1,0,5,0,0,0,1,0,0,1,1,0,0,0,1,0,0,0,0,0,0,0,0,0,0,0,0,0,0,0,0,0,0,0,0,0,0,0,0,0,0,0,0,0,0,0,0,0,0,0,0,0,0,0,0,0,0,0,0,0,0,0,0,0,1,1,0,0,0,1,1,1,1,1,1,1,103,100,103,100,0,0,0,0,-1,1,0,1,0,0,0,0,0,0,0,0,0,0,0,0,0,0,0,0,0,0,0,0,0,0,0,0,0,0,0,0,0,0,0,0,0,0,0,0,-1,47000,100,0,0,0,0,0,0,0,0,0,0,0,0,0,0,0,0,0,0,0,0,0,0,0,0,0,0,0,0,0,0,0,0,0,0,0,0,0,0,0,0,0,0,0,0,0,0,0,0,0,0,0,0,0,0,0,0,0,0,0,0,0,0,0,0,0,0,0,0,0,0,0,0,0,0,0,0,0,0,0,0,0,0,0,0,0,0,0,0,0,0,0,0,0,0,0,0,-1,0,95,1000,30100,250,150,-1,0,0,0,0,0,0,0,0,0,1,95012400,-1,-1,-1,-1,1,0,0,302,0,0,0,0,[0|0|0|0],15,12,0,[0|0|0|0|0|0|0|0|0|0|0|0|0|0|0|0|0|0|0|0|0|0|0|0|0|0|0|0|0|0|0|0|0|0|0|0],1,1,0,0,0,0,0,-1,0,0,0,-1,0,0,[0|0|0|0|0|0],3.1,0.9,3.2,0,0,-40,-40,0,0,0,0,0,0,0,0,0,0,0,0,0,0,0,0,0,0,0,0,0,0,0,0,0,0,1,0,0,0,0,0,0,0,0,0,0,0,0,0,0,0,0,0,0,[0|0],65,400,6,1,[0|0],0,0,0,0,[0|0|0],1,1,0,0,0,0,0.35,-1,0,0,0,[0|0|0|0|0|0|0|0|0|0|0|0|0|0|0|0]
51000000,CORE - BD-011 MELANDER,0,0,0,[0|0|0],100000,951000,100700,100710,100720,58500,58500,58500,15200,-1,-1,-1,40,1,-0.33,51000000,51000000,51000000,51000000,51000000,51000000,51000000,51000000,51000000,51000000,51000000,-1,-1,-1,-1,-1,1,1,1,1,1,1,1,1,-1,1010,1094,1170,0,0,100,100,25,0,0,0,0,0,0,0,0,100,100,100,0,0,-1,-1,1,0,2,0,1,0,2,0,0,1,0,1,0,0,0,0,0,0,0,0,0,0,0,0,0,0,0,0,0,0,0,0,0,0,0,0,0,0,0,0,0,0,0,0,0,0,0,0,0,0,0,0,0,0,0,0,0,0,0,0,0,0,0,0,1,1,0,0,0,1,1,1,1,1,1,1,103,100,103,100,0,0,0,0,-1,1,0,1,0,0,0,0,0,0,0,0,0,0,0,0,0,0,0,0,0,0,0,0,0,0,0,0,0,0,0,0,0,0,0,0,0,0,0,0,-1,58500,100,0,0,0,0,0,0,0,0,0,0,0,0,0,0,0,0,0,0,0,0,0,0,0,0,0,0,0,0,0,0,0,0,0,0,0,0,0,0,0,0,0,0,0,0,0,0,0,0,0,0,0,0,0,0,0,0,0,0,0,0,0,0,0,0,0,0,0,0,0,0,0,0,0,0,0,0,0,0,0,0,0,0,0,0,0,0,0,0,0,0,0,0,0,0,0,0,-1,0,304,3680,30101,1850,1600,1000,2,1,1,0,0,0,0,0,37100,1,75100000,0,-1,-1,-1,1,0,0,474,0,0,0,0,[0|0|0|0],11,13,0,[0|0|0|0|0|0|0|0|0|0|0|0|0|0|0|0|0|0|0|0|0|0|0|0|0|0|0|0|0|0|0|0|0|0|0|0],1,1,0,0,0,0,0,-1,0,0,0,-1,0,0,[0|0|0|0|0|0],8.8,3,7.9,0,0,0,0,0,0,0,0,0,0,0,0,0,0,0,0,0,0,0,0,474,0,0,0,0,0,0,0,0,0,1,0,0,0,0,0,0,0,0,0,0,0,0,0,0,0,0,0,0,[0|0],360,0,0,0,[0|0],0,0,0,0,[0|0|0],1,1,0,0,0,0.2,0.2,-1,98,105,97,[66|122|58|190|0|0|0|0|0|0|0|0|0|0|0|0]
51000300,CORE - BD-012 MELANDER C3,0,0,0,[0|0|0],100020,951000,100700,100710,100720,58500,58500,58500,13700,-1,-1,-1,40,1,-0.33,51000300,51000300,51000300,51000300,51000300,51000300,51000300,51000300,51000300,51000300,51000300,-1,-1,-1,-1,-1,1,1,1,1,1,1,1,1,-1,1011,1094,1170,0,0,100,100,25,0,0,0,0,0,0,0,0,100,100,100,0,0,-1,-1,1,0,2,0,1,0,2,0,0,1,0,1,0,0,0,0,0,0,0,0,0,0,0,0,0,0,0,0,0,0,0,0,0,0,0,0,0,0,0,0,0,0,0,0,0,0,0,0,0,0,0,0,0,0,0,0,0,0,0,0,0,0,0,0,1,1,0,0,0,1,1,1,1,1,1,1,103,100,103,100,0,0,0,0,-1,1,0,1,0,0,0,0,0,0,0,0,0,0,0,0,0,0,0,0,0,0,0,0,0,0,0,0,0,0,0,0,0,0,0,0,0,0,0,0,-1,58500,100,0,0,0,0,0,0,0,0,0,0,0,0,0,0,0,0,0,0,0,0,0,0,0,0,0,0,0,0,0,0,0,0,0,0,0,0,0,0,0,0,0,0,0,0,0,0,0,0,0,0,0,0,0,0,0,0,0,0,0,0,0,0,0,0,0,0,0,0,0,0,0,0,0,0,0,0,0,0,0,0,0,0,0,0,0,0,0,0,0,0,0,0,0,0,0,0,-1,0,322,3010,30101,1850,1600,1000,2,1,1,0,0,0,0,0,37100,1,75100000,0,-1,-1,-1,1,0,0,433,0,0,0,0,[0|0|0|0],11,13,0,[0|0|0|0|0|0|0|0|0|0|0|0|0|0|0|0|0|0|0|0|0|0|0|0|0|0|0|0|0|0|0|0|0|0|0|0],1,1,0,0,0,0,0,-1,0,0,0,-1,0,0,[0|0|0|0|0|0],7.5,2.7,7.8,0,0,0,0,0,0,0,0,0,0,0,0,0,0,0,0,0,0,0,0,433,0,0,0,0,0,0,0,0,0,1,0,0,0,0,0,0,0,0,0,0,0,0,0,0,0,0,0,0,[0|0],360,0,0,0,[0|0],0,0,0,0,[0|0|0],1,1,0,0,0,0.2,0.2,-1,107,102,106,[36|125|58|190|0|0|0|0|0|0|0|0|0|0|0|0]
51000100,CORE - CS-5000 MAIN DISH,0,0,0,[0|0|0],400900,951000,100700,100710,100720,46800,46800,46800,23600,-1,-1,-1,40,1,-0.33,51000100,51000100,51000100,51000100,51000100,51000100,51000100,51000100,51000100,51000100,51000100,-1,-1,-1,-1,-1,1,1,1,1,1,1,1,1,-1,1080,1094,1170,0,0,100,100,25,0,0,0,0,0,0,0,0,100,100,100,0,0,-1,-1,1,0,2,0,1,0,2,0,0,1,0,1,0,0,0,0,0,0,0,0,0,0,0,0,0,0,0,0,0,0,0,0,0,0,0,0,0,0,0,0,0,0,0,0,0,0,0,0,0,0,0,0,0,0,0,0,0,0,0,0,0,0,0,0,1,1,0,0,0,1,1,1,1,1,1,1,103,100,103,100,0,0,0,0,-1,1,0,1,0,0,0,0,0,0,0,0,0,0,0,0,0,0,0,0,0,0,0,0,0,0,0,0,0,0,0,0,0,0,0,0,0,0,0,0,-1,46800,100,0,0,0,0,0,0,0,0,0,0,0,0,0,0,0,0,0,0,0,0,0,0,0,0,0,0,0,0,0,0,0,0,0,0,0,0,0,0,0,0,0,0,0,0,0,0,0,0,0,0,0,0,0,0,0,0,0,0,0,0,0,0,0,0,0,0,0,0,0,0,0,0,0,0,0,0,0,0,0,0,0,0,0,0,0,0,0,0,0,0,0,0,0,0,0,0,-1,0,413,3890,30101,1850,1600,1000,2,1,1,0,0,0,0,0,37100,1,75100100,0,-1,-1,-1,1,0,0,641,0,0,0,0,[0|0|0|0],6,13,0,[0|0|0|0|0|0|0|0|0|0|0|0|0|0|0|0|0|0|0|0|0|0|0|0|0|0|0|0|0|0|0|0|0|0|0|0],1,1,0,0,0,0,0,-1,0,0,0,-1,0,0,[0|0|0|0|0|0],12.6,13.9,11.9,0,0,0,0,0,0,0,0,0,0,0,0,0,0,0,0,0,0,0,0,641,0,0,0,0,0,0,0,0,0,1,0,0,0,0,0,0,0,0,0,0,0,0,0,0,0,0,0,0,[0|0],360,0,0,0,[0|0],0,0,0,0,[0|0|0],1,1,0,0,0,0,1.4,-1,79,97,112,[110|248|93|62|0|0|0|0|0|0|0|0|0|0|0|0]
51010000,CORE - DF-BD-08 TIAN-QIANG,0,0,0,[0|0|0],110000,951000,100700,100710,100720,104000,104000,104000,20650,-1,-1,-1,40,1,-0.33,51010000,51010000,51010000,51010000,51010000,51010000,51010000,51010000,51010000,51010000,51010000,-1,-1,-1,-1,-1,1,1,1,1,1,1,1,1,-1,2010,1094,1170,0,0,100,100,25,0,0,0,0,0,0,0,0,100,100,100,0,0,-1,-1,1,0,2,0,1,0,2,0,0,1,0,1,0,0,0,0,0,0,0,0,0,0,0,0,0,0,0,0,0,0,0,0,0,0,0,0,0,0,0,0,0,0,0,0,0,0,0,0,0,0,0,0,0,0,0,0,0,0,0,0,0,0,0,0,1,1,0,0,0,1,1,1,1,1,1,1,103,100,103,100,0,0,0,0,-1,1,0,1,0,0,0,0,0,0,0,0,0,0,0,0,0,0,0,0,0,0,0,0,0,0,0,0,0,0,0,0,0,0,0,0,0,0,0,0,-1,104000,100,0,0,0,0,0,0,0,0,0,0,0,0,0,0,0,0,0,0,0,0,0,0,0,0,0,0,0,0,0,0,0,0,0,0,0,0,0,0,0,0,0,0,0,0,0,0,0,0,0,0,0,0,0,0,0,0,0,0,0,0,0,0,0,0,0,0,0,0,0,0,0,0,0,0,0,0,0,0,0,0,0,0,0,0,0,0,0,0,0,0,0,0,0,0,0,0,-1,0,388,4100,30101,1850,1600,1000,2,1,1,0,0,0,0,0,37100,1,75100200,0,-1,-1,-1,1,0,0,629,0,0,0,0,[0|0|0|0],12,13,0,[0|0|0|0|0|0|0|0|0|0|0|0|0|0|0|0|0|0|0|0|0|0|0|0|0|0|0|0|0|0|0|0|0|0|0|0],1,1,0,0,0,0,0,-1,0,0,0,-1,0,0,[0|0|0|0|0|0],12.3,8.8,12.8,0,0,0,0,0,0,0,0,0,0,0,0,0,0,0,0,0,0,0,0,629,0,0,0,0,0,0,0,0,0,1,0,0,0,0,0,0,0,0,0,0,0,0,0,0,0,0,0,0,[0|0],360,0,0,0,[0|0],0,0,0,0,[0|0|0],1,1,0,0,0,0,1.6,-1,76,114,70,[18|188|97|61|0|0|0|0|0|0|0|0|0|0|0|0]
51020000,CORE - NACHTREIHER/40E,0,0,0,[0|0|0],210000,951000,100700,100710,100720,79300,79300,79300,9820,-1,-1,-1,40,1,-0.33,51020000,51020000,51020000,51020000,51020000,51020000,51020000,51020000,51020000,51020000,51020000,-1,-1,-1,-1,-1,1,1,1,1,1,1,1,1,-1,3010,1094,1170,0,0,100,100,25,0,0,0,0,0,0,0,0,100,100,100,0,0,-1,-1,1,0,2,0,1,0,2,0,0,1,0,1,0,0,0,0,0,0,0,0,0,0,0,0,0,0,0,0,0,0,0,0,0,0,0,0,0,0,0,0,0,0,0,0,0,0,0,0,0,0,0,0,0,0,0,0,0,0,0,0,0,0,0,0,1,1,0,0,0,1,1,1,1,1,1,1,103,100,103,100,0,0,0,0,-1,1,0,1,0,0,0,0,0,0,0,0,0,0,0,0,0,0,0,0,0,0,0,0,0,0,0,0,0,0,0,0,0,0,0,0,0,0,0,0,-1,79300,100,0,0,0,0,0,0,0,0,0,0,0,0,0,0,0,0,0,0,0,0,0,0,0,0,0,0,0,0,0,0,0,0,0,0,0,0,0,0,0,0,0,0,0,0,0,0,0,0,0,0,0,0,0,0,0,0,0,0,0,0,0,0,0,0,0,0,0,0,0,0,0,0,0,0,0,0,0,0,0,0,0,0,0,0,0,0,0,0,0,0,0,0,0,0,0,0,-1,0,330,2630,30101,1850,1600,1000,2,1,1,0,0,0,0,0,37100,1,75100300,0,-1,-1,-1,1,0,0,366,0,0,0,0,[0|0|0|0],8,13,0,[0|0|0|0|0|0|0|0|0|0|0|0|0|0|0|0|0|0|0|0|0|0|0|0|0|0|0|0|0|0|0|0|0|0|0|0],1,1,0,0,0,0,0,-1,0,0,0,-1,0,0,[0|0|0|0|0|0],-0.1,0.9,-1.9,0,0,0,0,0,0,0,0,0,0,0,0,0,0,0,0,0,0,0,0,366,0,0,0,0,0,0,0,0,0,1,0,0,0,0,0,0,0,0,0,0,0,0,0,0,0,0,0,0,[0|0],360,0,0,0,[0|0],0,0,0,0,[0|0|0],1,1,0,0,0,0,0.15,-1,126,91,109,[197|1|164|190|0|0|0|0|0|0|0|0|0|0|0|0]
51030000,CORE - VP-40S,0,0,0,[0|0|0],200000,951000,100700,100710,100720,127400,127400,127400,15030,-1,-1,-1,40,1,-0.33,51030000,51030000,51030000,51030000,51030000,51030000,51030000,51030000,51030000,51030000,51030000,-1,-1,-1,-1,-1,1,1,1,1,1,1,1,1,-1,4010,1094,1170,0,0,100,100,25,0,0,0,0,0,0,0,0,100,100,100,0,0,-1,-1,1,0,2,0,1,0,2,0,0,1,0,1,0,0,0,0,0,0,0,0,0,0,0,0,0,0,0,0,0,0,0,0,0,0,0,0,0,0,0,0,0,0,0,0,0,0,0,0,0,0,0,0,0,0,0,0,0,0,0,0,0,0,0,0,1,1,0,0,0,1,1,1,1,1,1,1,103,100,103,100,0,0,0,0,-1,1,0,1,0,0,0,0,0,0,0,0,0,0,0,0,0,0,0,0,0,0,0,0,0,0,0,0,0,0,0,0,0,0,0,0,0,0,0,0,-1,127400,100,0,0,0,0,0,0,0,0,0,0,0,0,0,0,0,0,0,0,0,0,0,0,0,0,0,0,0,0,0,0,0,0,0,0,0,0,0,0,0,0,0,0,0,0,0,0,0,0,0,0,0,0,0,0,0,0,0,0,0,0,0,0,0,0,0,0,0,0,0,0,0,0,0,0,0,0,0,0,0,0,0,0,0,0,0,0,0,0,0,0,0,0,0,0,0,0,-1,0,337,3160,30101,1850,1600,1000,2,1,1,0,0,0,0,0,37100,1,75100400,0,-1,-1,-1,1,0,0,446,0,0,0,0,[0|0|0|0],7,13,0,[0|0|0|0|0|0|0|0|0|0|0|0|0|0|0|0|0|0|0|0|0|0|0|0|0|0|0|0|0|0|0|0|0|0|0|0],1,1,0,0,0,0,0,-1,0,0,0,-1,0,0,[0|0|0|0|0|0],7.7,8.6,3.9,0,0,0,0,0,0,0,0,0,0,0,0,0,0,0,0,0,0,0,0,446,0,0,0,0,0,0,0,0,0,1,0,0,0,0,0,0,0,0,0,0,0,0,0,0,0,0,0,0,[0|0],360,0,0,0,[0|0],0,0,0,0,[0|0|0],1,1,0,0,0,0,0,-1,102,111,102,[174|43|214|190|0|0|0|0|0|0|0|0|0|0|0|0]
51040000,CORE - VE-40A,0,0,0,[0|0|0],300000,951000,100700,100710,100720,46800,46800,46800,21100,-1,-1,-1,40,1,-0.33,51040000,51040000,51040000,51040000,51040000,51040000,51040000,51040000,51040000,51040000,51040000,-1,-1,-1,-1,-1,1,1,1,1,1,1,1,1,-1,5010,1094,1170,0,0,100,100,25,0,0,0,0,0,0,0,0,100,100,100,0,0,-1,-1,1,0,2,0,1,0,2,0,0,1,0,1,0,0,0,0,0,0,0,0,0,0,0,0,0,0,0,0,0,0,0,0,0,0,0,0,0,0,0,0,0,0,0,0,0,0,0,0,0,0,0,0,0,0,0,0,0,0,0,0,0,0,0,0,1,1,0,0,0,1,1,1,1,1,1,1,103,100,103,100,0,0,0,0,-1,1,0,1,0,0,0,0,0,0,0,0,0,0,0,0,0,0,0,0,0,0,0,0,0,0,0,0,0,0,0,0,0,0,0,0,0,0,0,0,-1,46800,100,0,0,0,0,0,0,0,0,0,0,0,0,0,0,0,0,0,0,0,0,0,0,0,0,0,0,0,0,0,0,0,0,0,0,0,0,0,0,0,0,0,0,0,0,0,0,0,0,0,0,0,0,0,0,0,0,0,0,0,0,0,0,0,0,0,0,0,0,0,0,0,0,0,0,0,0,0,0,0,0,0,0,0,0,0,0,0,0,0,0,0,0,0,0,0,0,-1,0,432,4320,30101,1850,1600,1000,2,1,1,0,0,0,0,0,37100,1,75100500,0,-1,-1,-1,1,0,0,521,0,0,0,0,[0|0|0|0],20,13,0,[0|0|0|0|0|0|0|0|0|0|0|0|0|0|0|0|0|0|0|0|0|0|0|0|0|0|0|0|0|0|0|0|0|0|0|0],1,1,0,0,0,0,0,-1,0,0,0,-1,0,0,[0|0|0|0|0|0],9.7,14.5,10.8,0,0,0,0,0,0,0,0,0,0,0,0,0,0,0,0,0,0,0,0,521,0,0,0,0,0,0,0,0,0,1,0,0,0,0,0,0,0,0,0,0,0,0,0,0,0,0,0,0,[0|0],360,0,0,0,[0|0],0,0,0,0,[0|0|0],1,1,0,0,0,0.2,0.8,-1,81,122,95,[95|235|66|190|0|0|0|0|0|0|0|0|0|0|0|0]
51050000,CORE - 07-061 MIND ALPHA,0,0,0,[0|0|0],500000,951000,100700,100710,100720,162500,162500,162500,16510,-1,-1,-1,40,1,-0.33,51050000,51050000,51050000,51050000,51050000,51050000,51050000,51050000,51050000,51050000,51050000,-1,-1,-1,-1,-1,1,1,1,1,1,1,1,1,-1,6010,1094,1170,0,0,100,100,25,0,0,0,0,0,0,0,0,100,100,100,0,0,-1,-1,1,0,2,0,1,0,2,0,0,1,0,1,0,0,0,0,0,0,0,0,0,0,0,0,0,0,0,0,0,0,0,0,0,0,0,0,0,0,0,0,0,0,0,0,0,0,0,0,0,0,0,0,0,0,0,0,0,0,0,0,0,0,0,0,1,1,0,0,0,1,1,1,1,1,1,1,103,100,103,100,0,0,0,0,-1,1,0,1,0,0,0,0,0,0,0,0,0,0,0,0,0,0,0,0,0,0,0,0,0,0,0,0,0,0,0,0,0,0,0,0,0,0,0,0,-1,162500,100,0,0,0,0,0,0,0,0,0,0,0,0,0,0,0,0,0,0,0,0,0,0,0,0,0,0,0,0,0,0,0,0,0,0,0,0,0,0,0,0,0,0,0,0,0,0,0,0,0,0,0,0,0,0,0,0,0,0,0,0,0,0,0,0,0,0,0,0,0,0,0,0,0,0,0,0,0,0,0,0,0,0,0,0,0,0,0,0,0,0,0,0,0,0,0,0,-1,0,364,3520,30101,1850,1600,1000,2,1,1,0,0,0,0,0,60100,1,75100600,0,-1,-1,-1,1,0,0,455,0,0,0,0,[0|0|0|0],4,13,0,[0|0|0|0|0|0|0|0|0|0|0|0|0|0|0|0|0|0|0|0|0|0|0|0|0|0|0|0|0|0|0|0|0|0|0|0],1,1,0,0,0,0,0,-1,0,0,0,-1,0,0,[0|0|0|0|0|0],9,10.5,9.5,0,0,0,0,0,0,0,0,0,0,0,0,0,0,0,0,0,0,0,0,455,0,0,0,0,0,0,0,0,0,1,0,0,0,0,0,0,0,0,0,0,0,0,0,0,0,0,0,0,[0|0],360,0,0,0,[0|0],0,0,0,0,[0|0|0],1,1,0,0,0,0.1,0.35,-1,95,112,104,[235|252|187|190|0|0|0|0|0|0|0|0|0|0|0|0]
51060000,CORE - EL-TC-10 FIRMEZA,0,0,0,[0|0|0],410000,951000,100700,100710,100720,46800,46800,46800,10890,-1,-1,-1,40,1,-0.33,51060000,51060000,51060000,51060000,51060000,51060000,51060000,51060000,51060000,51060000,51060000,-1,-1,-1,-1,-1,1,1,1,1,1,1,1,1,-1,7010,1094,1170,0,0,100,100,25,0,0,0,0,0,0,0,0,100,100,100,0,0,-1,-1,1,0,2,0,1,0,2,0,0,1,0,1,0,0,0,0,0,0,0,0,0,0,0,0,0,0,0,0,0,0,0,0,0,0,0,0,0,0,0,0,0,0,0,0,0,0,0,0,0,0,0,0,0,0,0,0,0,0,0,0,0,0,0,0,1,1,0,0,0,1,1,1,1,1,1,1,103,100,103,100,0,0,0,0,-1,1,0,1,0,0,0,0,0,0,0,0,0,0,0,0,0,0,0,0,0,0,0,0,0,0,0,0,0,0,0,0,0,0,0,0,0,0,0,0,-1,46800,100,0,0,0,0,0,0,0,0,0,0,0,0,0,0,0,0,0,0,0,0,0,0,0,0,0,0,0,0,0,0,0,0,0,0,0,0,0,0,0,0,0,0,0,0,0,0,0,0,0,0,0,0,0,0,0,0,0,0,0,0,0,0,0,0,0,0,0,0,0,0,0,0,0,0,0,0,0,0,0,0,0,0,0,0,0,0,0,0,0,0,0,0,0,0,0,0,-1,0,351,2650,30101,1850,1600,1000,2,1,1,0,0,0,0,0,37100,1,75100700,0,-1,-1,-1,1,0,0,410,0,0,0,0,[0|0|0|0],19,13,0,[0|0|0|0|0|0|0|0|0|0|0|0|0|0|0|0|0|0|0|0|0|0|0|0|0|0|0|0|0|0|0|0|0|0|0|0],1,1,0,0,0,0,0,-1,0,0,0,-1,0,0,[0|0|0|0|0|0],3.4,1,2.5,0,0,0,0,0,0,0,0,0,0,0,0,0,0,0,0,0,0,0,0,410,0,0,0,0,0,0,0,0,0,1,0,0,0,0,0,0,0,0,0,0,0,0,0,0,0,0,0,0,[0|0],360,0,0,0,[0|0],0,0,0,0,[0|0|0],1,1,0,0,0,0.2,0.55,-1,111,109,89,[67|59|183|190|0|0|0|0|0|0|0|0|0|0|0|0]
51070200,CORE - AC-J-120 BASHO,0,0,0,[0|0|0],0,951000,100700,100710,100720,61100,61100,61100,16100,-1,-1,-1,40,1,-0.33,51070200,51070200,51070200,51070200,51070200,51070200,51070200,51070200,51070200,51070200,51070200,-1,-1,-1,-1,-1,1,1,1,1,1,1,1,1,-1,8030,1094,1170,0,0,100,100,25,0,0,0,0,0,0,0,0,100,100,100,0,0,-1,-1,1,0,2,0,1,0,2,0,0,1,0,1,0,0,0,0,0,0,0,0,0,0,0,0,0,0,0,0,0,0,0,0,0,0,0,0,0,0,0,0,0,0,0,0,0,0,0,0,0,0,0,0,0,0,0,0,0,0,0,0,0,0,0,0,1,1,0,0,0,1,1,1,1,1,1,1,103,100,103,100,0,0,0,0,-1,1,0,1,0,0,0,0,0,0,0,0,0,0,0,0,0,0,0,0,0,0,0,0,0,0,0,0,0,0,0,0,0,0,0,0,0,0,0,0,-1,61100,100,0,0,0,0,0,0,0,0,0,0,0,0,0,0,0,0,0,0,0,0,0,0,0,0,0,0,0,0,0,0,0,0,0,0,0,0,0,0,0,0,0,0,0,0,0,0,0,0,0,0,0,0,0,0,0,0,0,0,0,0,0,0,0,0,0,0,0,0,0,0,0,0,0,0,0,0,0,0,0,0,0,0,0,0,0,0,0,0,0,0,0,0,0,0,0,0,-1,0,300,3840,30101,1850,1600,1000,2,1,1,0,0,0,0,0,60100,1,75100800,0,-1,-1,-1,1,0,0,502,0,0,0,0,[0|0|0|0],15,13,0,[0|0|0|0|0|0|0|0|0|0|0|0|0|0|0|0|0|0|0|0|0|0|0|0|0|0|0|0|0|0|0|0|0|0|0|0],1,1,0,0,0,0,0,-1,0,0,0,-1,0,0,[0|0|0|0|0|0],8.5,4.8,11,0,0,0,0,0,0,0,0,0,0,0,0,0,0,0,0,0,0,0,0,502,0,0,0,0,0,0,0,0,0,1,0,0,0,0,0,0,0,0,0,0,0,0,0,0,0,0,0,0,[0|0],360,0,0,0,[0|0],0,0,0,0,[0|0|0],1,1,0,0,0,0.2,0.3,-1,121,85,94,[85|190|175|62|0|0|0|0|0|0|0|0|0|0|0|0]
51070300,CORE - CC-3000 WRECKER,0,0,0,[0|0|0],400100,951000,100700,100710,100720,46800,46800,46800,19000,-1,-1,-1,40,1,-0.33,51070300,51070300,51070300,51070300,51070300,51070300,51070300,51070300,51070300,51070300,51070300,-1,-1,-1,-1,-1,1,1,1,1,1,1,1,1,-1,8040,1094,1170,0,0,100,100,25,0,0,0,0,0,0,0,0,100,100,100,0,0,-1,-1,1,0,2,0,1,0,2,0,0,1,0,1,0,0,0,0,0,0,0,0,0,0,0,0,0,0,0,0,0,0,0,0,0,0,0,0,0,0,0,0,0,0,0,0,0,0,0,0,0,0,0,0,0,0,0,0,0,0,0,0,0,0,0,0,1,1,0,0,0,1,1,1,1,1,1,1,103,100,103,100,0,0,0,0,-1,1,0,1,0,0,0,0,0,0,0,0,0,0,0,0,0,0,0,0,0,0,0,0,0,0,0,0,0,0,0,0,0,0,0,0,0,0,0,0,-1,46800,100,0,0,0,0,0,0,0,0,0,0,0,0,0,0,0,0,0,0,0,0,0,0,0,0,0,0,0,0,0,0,0,0,0,0,0,0,0,0,0,0,0,0,0,0,0,0,0,0,0,0,0,0,0,0,0,0,0,0,0,0,0,0,0,0,0,0,0,0,0,0,0,0,0,0,0,0,0,0,0,0,0,0,0,0,0,0,0,0,0,0,0,0,0,0,0,0,-1,0,310,3940,30101,1850,1600,1000,2,1,1,0,0,0,0,0,37100,1,75100900,0,-1,-1,-1,1,0,0,532,0,0,0,0,[0|0|0|0],6,13,0,[0|0|0|0|0|0|0|0|0|0|0|0|0|0|0|0|0|0|0|0|0|0|0|0|0|0|0|0|0|0|0|0|0|0|0|0],1,1,0,0,0,0,0,-1,0,0,0,-1,0,0,[0|0|0|0|0|0],11.8,8.4,11.1,0,0,0,0,0,0,0,0,0,0,0,0,0,0,0,0,0,0,0,0,532,0,0,0,0,0,0,0,0,0,1,0,0,0,0,0,0,0,0,0,0,0,0,0,0,0,0,0,0,[0|0],360,0,0,0,[0|0],0,0,0,0,[0|0|0],1,1,0,0,0,0,0.95,-1,80,96,100,[150|146|101|187|0|0|0|0|0|0|0|0|0|0|0|0]
51070400,CORE - CC-2000 ORBITER,0,0,0,[0|0|0],400000,951000,100700,100710,100720,46800,46800,46800,12650,-1,-1,-1,40,1,-0.33,51070400,51070400,51070400,51070400,51070400,51070400,51070400,51070400,51070400,51070400,51070400,-1,-1,-1,-1,-1,1,1,1,1,1,1,1,1,-1,1400,1094,1170,0,0,100,100,25,0,0,0,0,0,0,0,0,100,100,100,0,0,-1,-1,1,0,2,0,1,0,2,0,0,1,0,1,0,0,0,0,0,0,0,0,0,0,0,0,0,0,0,0,0,0,0,0,0,0,0,0,0,0,0,0,0,0,0,0,0,0,0,0,0,0,0,0,0,0,0,0,0,0,0,0,0,0,0,0,1,1,0,0,0,1,1,1,1,1,1,1,103,100,103,100,0,0,0,0,-1,1,0,1,0,0,0,0,0,0,0,0,0,0,0,0,0,0,0,0,0,0,0,0,0,0,0,0,0,0,0,0,0,0,0,0,0,0,0,0,-1,46800,100,0,0,0,0,0,0,0,0,0,0,0,0,0,0,0,0,0,0,0,0,0,0,0,0,0,0,0,0,0,0,0,0,0,0,0,0,0,0,0,0,0,0,0,0,0,0,0,0,0,0,0,0,0,0,0,0,0,0,0,0,0,0,0,0,0,0,0,0,0,0,0,0,0,0,0,0,0,0,0,0,0,0,0,0,0,0,0,0,0,0,0,0,0,0,0,0,-1,0,267,2780,30101,1850,1600,1000,2,1,1,0,0,0,0,0,37100,1,75101000,0,-1,-1,-1,1,0,0,407,0,0,0,0,[0|0|0|0],6,13,0,[0|0|0|0|0|0|0|0|0|0|0|0|0|0|0|0|0|0|0|0|0|0|0|0|0|0|0|0|0|0|0|0|0|0|0|0],1,1,0,0,0,0,0,-1,0,0,0,-1,0,0,[0|0|0|0|0|0],4.3,1.6,2.4,0,0,0,0,0,0,0,0,0,0,0,0,0,0,0,0,0,0,0,0,407,0,0,0,0,0,0,0,0,0,1,0,0,0,0,0,0,0,0,0,0,0,0,0,0,0,0,0,0,[0|0],360,0,0,0,[0|0],0,0,0,0,[0|0|0],1,1,0,0,0,0.8,0.65,-1,100,103,93,[0|0|0|0|0|0|0|0|0|0|0|0|0|0|0|0]
51080000,CORE - IB-C03C: HAL 826,0,0,0,[0|0|0],700000,951000,100700,100710,100720,46800,46800,46800,18520,-1,-1,-1,40,1,-0.33,51080000,51080000,51080000,51080000,51080000,51080000,51080000,51080000,51080000,51080000,51080000,-1,-1,-1,-1,-1,1,1,1,1,1,1,1,1,-1,8010,1094,1170,0,0,100,100,25,0,0,0,0,0,0,0,0,100,100,100,0,0,-1,-1,1,0,2,0,1,0,2,0,0,1,0,1,0,0,0,0,0,0,0,0,0,0,0,0,0,0,0,0,0,0,0,0,0,0,0,0,0,0,0,0,0,0,0,0,0,0,0,0,0,0,0,0,0,0,0,0,0,0,0,0,0,0,0,0,1,1,0,0,0,1,1,1,1,1,1,1,103,100,103,100,0,0,0,0,-1,1,0,1,0,0,0,0,0,0,0,0,0,0,0,0,0,0,0,0,0,0,0,0,0,0,0,0,0,0,0,0,0,0,0,0,0,0,0,0,-1,46800,100,0,0,0,0,0,0,0,0,0,0,0,0,0,0,0,0,0,0,0,0,0,0,0,0,0,0,0,0,0,0,0,0,0,0,0,0,0,0,0,0,0,0,0,0,0,0,0,0,0,0,0,0,0,0,0,0,0,0,0,0,0,0,0,0,0,0,0,0,0,0,0,0,0,0,0,0,0,0,0,0,0,0,0,0,0,0,0,0,0,0,0,0,0,0,0,0,-1,0,366,3670,30101,1850,1600,1000,2,1,1,0,0,0,0,0,80100,1,75101100,0,-1,-1,-1,1,0,0,385,0,0,0,0,[0|0|0|0],2,13,0,[0|0|0|0|0|0|0|0|0|0|0|0|0|0|0|0|0|0|0|0|0|0|0|0|0|0|0|0|0|0|0|0|0|0|0|0],1,1,1.5,0,0,0,0,-1,0,0,0,-1,0,0,[0|0|0|0|0|0],10.1,11.9,11.3,0,0,0,0,0,0,0,0,0,0,0,0,0,0,0,0,0,0,0,0,385,0,0,0,0,0,0,0,0,0,1,0,0,0,0,0,0,0,0,0,0,0,0,0,0,0,0,0,0,[0|0],360,0,0,0,[0|0],0,0,0,10,[0|0|0],1,1,0,0,0,0,1.45,-1,96,120,108,[182|45|210|190|0|0|0|0|0|0|0|0|0|0|0|0]
51080100,CORE - IA-C01C: EPHEMERA,0,0,0,[0|0|0],600000,951000,100700,100710,100720,46800,46800,46800,13200,-1,-1,-1,40,1,-0.33,51080100,51080100,51080100,51080100,51080100,51080100,51080100,51080100,51080100,51080100,51080100,-1,-1,-1,-1,-1,1,1,1,1,1,1,1,1,-1,8020,1094,1170,0,0,100,100,25,0,0,0,0,0,0,0,0,100,100,100,0,0,-1,-1,1,0,2,0,1,0,2,0,0,1,0,1,0,0,0,0,0,0,0,0,0,0,0,0,0,0,0,0,0,0,0,0,0,0,0,0,0,0,0,0,0,0,0,0,0,0,0,0,0,0,0,0,0,0,0,0,0,0,0,0,0,0,0,0,1,1,0,0,0,1,1,1,1,1,1,1,103,100,103,100,0,0,0,0,-1,1,0,1,0,0,0,0,0,0,0,0,0,0,0,0,0,0,0,0,0,0,0,0,0,0,0,0,0,0,0,0,0,0,0,0,0,0,0,0,-1,46800,100,0,0,0,0,0,0,0,0,0,0,0,0,0,0,0,0,0,0,0,0,0,0,0,0,0,0,0,0,0,0,0,0,0,0,0,0,0,0,0,0,0,0,0,0,0,0,0,0,0,0,0,0,0,0,0,0,0,0,0,0,0,0,0,0,0,0,0,0,0,0,0,0,0,0,0,0,0,0,0,0,0,0,0,0,0,0,0,0,0,0,0,0,0,0,0,0,-1,0,412,2710,30101,1850,1600,1000,2,1,1,0,0,0,0,0,37100,1,75101200,0,-1,-1,-1,1,0,0,353,0,0,0,0,[0|0|0|0],2,13,0,[0|0|0|0|0|0|0|0|0|0|0|0|0|0|0|0|0|0|0|0|0|0|0|0|0|0|0|0|0|0|0|0|0|0|0|0],1,1,0,0,0,0,0,-1,0,0,0,-1,0,0,[0|0|0|0|0|0],-1.5,3.2,0,0,0,0,0,0,0,0,0,0,0,0,0,0,0,0,0,0,0,0,0,353,0,0,0,0,0,0,0,0,0,1,0,0,0,0,0,0,0,0,0,0,0,0,0,0,0,0,0,0,[0|0],360,0,0,0,[0|0],0,0,0,0,[0|0|0],1,1,0,0,0,0.55,0.65,-1,101,126,96,[239|112|131|190|0|0|0|0|0|0|0|0|0|0|0|0]
51080200,CORE - EL-PC-00 ALBA,0,0,0,[0|0|0],410900,951000,100700,100710,100720,46800,46800,46800,12000,-1,-1,-1,40,1,-0.33,51080200,51080200,51080200,51080200,51080200,51080200,51080200,51080200,51080200,51080200,51080200,-1,-1,-1,-1,-1,1,1,1,1,1,1,1,1,-1,8060,1094,1170,0,0,100,100,25,0,0,0,0,0,0,0,0,100,100,100,0,0,-1,-1,1,0,2,0,1,0,2,0,0,1,0,1,0,0,0,0,0,0,0,0,0,0,0,0,0,0,0,0,0,0,0,0,0,0,0,0,0,0,0,0,0,0,0,0,0,0,0,0,0,0,0,0,0,0,0,0,0,0,0,0,0,0,0,0,1,1,0,0,0,1,1,1,1,1,1,1,103,100,103,100,0,0,0,0,-1,1,0,1,0,0,0,0,0,0,0,0,0,0,0,0,0,0,0,0,0,0,0,0,0,0,0,0,0,0,0,0,0,0,0,0,0,0,0,0,-1,46800,100,0,0,0,0,0,0,0,0,0,0,0,0,0,0,0,0,0,0,0,0,0,0,0,0,0,0,0,0,0,0,0,0,0,0,0,0,0,0,0,0,0,0,0,0,0,0,0,0,0,0,0,0,0,0,0,0,0,0,0,0,0,0,0,0,0,0,0,0,0,0,0,0,0,0,0,0,0,0,0,0,0,0,0,0,0,0,0,0,0,0,0,0,0,0,0,0,-1,0,315,2850,30101,1850,1600,1000,2,1,1,0,0,0,0,0,37100,1,75101300,0,-1,-1,-1,1,0,0,368,0,0,0,0,[0|0|0|0],19,13,0,[0|0|0|0|0|0|0|0|0|0|0|0|0|0|0|0|0|0|0|0|0|0|0|0|0|0|0|0|0|0|0|0|0|0|0|0],1,1,0,0,0,0,0,-1,0,0,0,-1,0,0,[0|0|0|0|0|0],2,2,2,0,0,0,0,0,0,0,0,0,0,0,0,0,0,0,0,0,0,0,0,368,0,0,0,0,0,0,0,0,0,1,0,0,0,0,0,0,0,0,0,0,0,0,0,0,0,0,0,0,[0|0],360,0,0,0,[0|0],0,0,0,0,[0|0|0],1,1,0,0,0,0.2,0.4,-1,115,101,105,[230|230|211|190|0|0|0|0|0|0|0|0|0|0|0|0]
51080300,CORE - LAMMERGEIER/40F,0,0,0,[0|0|0],210010,951000,100700,100710,100720,58500,58500,58500,9700,-1,-1,-1,40,1,-0.33,51080300,51080300,51080300,51080300,51080300,51080300,51080300,51080300,51080300,51080300,51080300,-1,-1,-1,-1,-1,1,1,1,1,1,1,1,1,-1,8070,1094,1170,0,0,100,100,25,0,0,0,0,0,0,0,0,100,100,100,0,0,-1,-1,1,0,2,0,1,0,2,0,0,1,0,1,0,0,0,0,0,0,0,0,0,0,0,0,0,0,0,0,0,0,0,0,0,0,0,0,0,0,0,0,0,0,0,0,0,0,0,0,0,0,0,0,0,0,0,0,0,0,0,0,0,0,0,0,1,1,0,0,0,1,1,1,1,1,1,1,103,100,103,100,0,0,0,0,-1,1,0,1,0,0,0,0,0,0,0,0,0,0,0,0,0,0,0,0,0,0,0,0,0,0,0,0,0,0,0,0,0,0,0,0,0,0,0,0,-1,58500,100,0,0,0,0,0,0,0,0,0,0,0,0,0,0,0,0,0,0,0,0,0,0,0,0,0,0,0,0,0,0,0,0,0,0,0,0,0,0,0,0,0,0,0,0,0,0,0,0,0,0,0,0,0,0,0,0,0,0,0,0,0,0,0,0,0,0,0,0,0,0,0,0,0,0,0,0,0,0,0,0,0,0,0,0,0,0,0,0,0,0,0,0,0,0,0,0,-1,0,341,2470,30101,1850,1600,1000,2,1,1,0,0,0,0,0,37100,1,75101400,0,-1,-1,-1,1,0,0,354,0,0,0,0,[0|0|0|0],8,13,0,[0|0|0|0|0|0|0|0|0|0|0|0|0|0|0|0|0|0|0|0|0|0|0|0|0|0|0|0|0|0|0|0|0|0|0|0],1,1,0,0,0,0,0,-1,0,0,0,-1,0,0,[0|0|0|0|0|0],-2,4,-1.3,0,0,0,0,0,0,0,0,0,0,0,0,0,0,0,0,0,0,0,0,354,0,0,0,0,0,0,0,0,0,1,0,0,0,0,0,0,0,0,0,0,0,0,0,0,0,0,0,0,[0|0],360,0,0,0,[0|0],0,0,0,0,[0|0|0],1,1,0,0,0,0.2,0.2,-1,87,117,110,[139|84|200|190|0|0|0|0|0|0|0|0|0|0|0|0]
51800000,CORE [NPC] - NACHTREIHER/40E (Damaged),0,0,0,[0|0|0],210009,951000,100700,100710,100720,79300,79300,79300,9820,-1,-1,-1,40,1,-0.33,51800000,51800000,51800000,51800000,51800000,51800000,51800000,51800000,51800000,51800000,51800000,-1,-1,-1,-1,-1,1,1,1,1,1,1,1,1,-1,3011,1094,1170,0,0,100,100,25,0,0,0,0,0,0,0,0,100,100,100,0,0,-1,-1,1,0,2,0,1,0,2,0,0,1,0,1,0,0,0,0,0,0,0,0,0,0,0,0,0,0,0,0,0,0,0,0,0,0,0,0,0,0,0,0,0,0,0,0,0,0,0,0,0,0,0,0,0,0,0,0,0,0,0,0,0,0,0,0,1,1,0,0,0,1,1,1,1,1,1,1,103,100,103,100,0,0,0,0,-1,1,0,1,0,0,0,0,0,0,0,0,0,0,0,0,0,0,0,0,0,0,0,0,0,0,0,0,0,0,0,0,0,0,0,0,0,0,0,0,-1,79300,100,0,0,0,0,0,0,0,0,0,0,0,0,0,0,0,0,0,0,0,0,0,0,0,0,0,0,0,0,0,0,0,0,0,0,0,0,0,0,0,0,0,0,0,0,0,0,0,0,0,0,0,0,0,0,0,0,0,0,0,0,0,0,0,0,0,0,0,0,0,0,0,0,0,0,0,0,0,0,0,0,0,0,0,0,0,0,0,0,0,0,0,0,0,0,0,0,-1,0,330,2630,30101,1850,1600,1000,2,1,1,0,0,0,0,0,37100,1,75100300,0,-1,-1,-1,1,0,0,278,0,0,0,0,[0|0|0|0],8,13,0,[0|0|0|0|0|0|0|0|0|0|0|0|0|0|0|0|0|0|0|0|0|0|0|0|0|0|0|0|0|0|0|0|0|0|0|0],1,1,0,0,0,0,0,-1,0,0,0,-1,0,0,[0|0|0|0|0|0],-0.6,0.5,-2,0,0,0,0,0,0,0,0,0,0,0,0,0,0,0,0,0,0,0,0,278,0,0,0,0,0,0,0,0,0,1,0,0,0,0,0,0,0,0,0,0,0,0,0,0,0,0,0,0,[0|0],360,0,0,0,[0|0],0,0,0,0,[0|0|0],1,1,0,0,0,0,0.15,-1,126,91,109,[37|34|164|190|0|0|0|0|0|0|0|0|0|0|0|0]
51900000,CORE - AC-J-120/RC JAILBREAK,0,0,0,[0|0|0],1,951000,100700,100710,100720,61100,61100,61100,12350,-1,-1,-1,40,1,-0.33,51900000,51900000,51900000,51900000,51900000,51900000,51900000,51900000,51900000,51900000,51900000,-1,-1,-1,-1,-1,1,1,1,1,1,1,1,1,-1,8031,1094,1170,0,0,100,100,25,0,0,0,0,0,0,0,0,100,100,100,0,0,-1,-1,1,0,2,0,1,0,2,0,0,1,0,1,0,0,0,0,0,0,0,0,0,0,0,0,0,0,0,0,0,0,0,0,0,0,0,0,0,0,0,0,0,0,0,0,0,0,0,0,0,0,0,0,0,0,0,0,0,0,0,0,0,0,0,0,1,1,0,0,0,1,1,1,1,1,1,1,103,100,103,100,0,0,0,0,-1,1,0,1,0,0,0,0,0,0,0,0,0,0,0,0,0,0,0,0,0,0,0,0,0,0,0,0,0,0,0,0,0,0,0,0,0,0,0,0,-1,61100,100,0,0,0,0,0,0,0,0,0,0,0,0,0,0,0,0,0,0,0,0,0,0,0,0,0,0,0,0,0,0,0,0,0,0,0,0,0,0,0,0,0,0,0,0,0,0,0,0,0,0,0,0,0,0,0,0,0,0,0,0,0,0,0,0,0,0,0,0,0,0,0,0,0,0,0,0,0,0,0,0,0,0,0,0,0,0,0,0,0,0,0,0,0,0,0,0,-1,0,300,2400,30101,1850,1600,1000,2,1,1,0,0,0,0,0,60100,1,75109000,0,-1,-1,-1,1,0,0,403,0,0,0,0,[0|0|0|0],15,13,0,[0|0|0|0|0|0|0|0|0|0|0|0|0|0|0|0|0|0|0|0|0|0|0|0|0|0|0|0|0|0|0|0|0|0|0|0],1,1,0,0,0,0,0,-1,0,0,0,-1,0,0,[0|0|0|0|0|0],5.5,1.8,7,0,0,0,0,0,0,0,0,0,0,0,0,0,0,0,0,0,0,0,0,403,0,0,0,0,0,0,0,0,0,1,0,0,0,0,0,0,0,0,0,0,0,0,0,0,0,0,0,0,[0|0],360,0,0,0,[0|0],0,0,0,0,[0|0|0],1,1,0,0,0,0.2,0.3,-1,119,83,94,[107|154|175|62|0|0|0|0|0|0|0|0|0|0|0|0]
52000000,ARMS - AR-011 MELANDER,0,0,0,[0|0|0],100000,952000,100700,100710,100720,31500,31500,31500,13650,-1,-1,-1,40,1.1,-0.33,52000000,52000000,52000000,52000000,52000000,52000000,52000000,52000000,52000000,52000000,52000000,-1,-1,-1,-1,-1,1,1,1,1,1,1,1,1,-1,1010,1095,1171,0,0,100,100,25,0,0,0,0,0,0,0,0,100,100,100,0,0,-1,-1,1,0,1,0,2,0,3,0,0,1,0,0,1,0,0,0,0,0,0,0,0,0,0,0,0,0,0,0,0,0,0,0,0,0,0,0,0,0,0,0,0,0,0,0,0,0,0,0,0,0,0,0,0,0,0,0,0,0,0,0,0,0,0,0,1,1,0,0,0,1,1,1,1,1,1,1,103,100,103,100,0,0,0,0,-1,1,0,1,0,0,0,0,0,0,0,0,0,0,0,0,0,0,0,0,0,0,0,0,0,0,0,0,0,0,0,0,0,0,0,0,0,0,0,0,-1,31500,100,0,0,0,0,0,0,0,0,0,0,0,0,0,0,0,0,0,0,0,0,0,0,0,0,0,0,0,0,0,0,0,0,0,0,0,0,0,0,0,0,0,0,0,0,0,0,0,0,0,0,0,0,0,0,0,0,0,0,0,0,0,0,0,0,0,0,0,0,0,0,0,0,0,0,0,0,0,0,0,0,0,0,0,0,0,0,0,0,0,0,0,0,0,0,0,0,-1,0,265,2260,30102,800,650,-1,0,0,0,0,0,0,0,0,37200,1,-1,0,-1,-1,-1,1,0,100,0,0,128,0,0,[0|0|0|0],11,14,0,[0|0|0|0|0|0|0|0|0|0|0|0|0|0|0|0|0|0|0|0|0|0|0|0|0|0|0|0|0|0|0|0|0|0|0|0],1,1,0,15100,100,124,0,-1,0,0,0,-1,0,0,[0|0|0|0|0|0],4.7,1.7,3.4,0,0,0,0,0,0,0,0,0,0,0,0,0,0,0,0,0,0,0,0,0,0,0,0,0,108,102,102,100,0,1,0,0,0,0,0,0,0,0,0,0,0,0,0,0,0,0,0,0,[0|0],360,0,0,0,[0|0],1,0,0,0,[0|0|0],1,1,0,0,0,0,0,-1,0,0,0,[0|0|0|0|0|0|0|0|0|0|0|0|0|0|0|0]
52000300,ARMS - AR-012 MELANDER C3,0,0,0,[0|0|0],100020,952000,100700,100710,100720,31500,31500,31500,12000,-1,-1,-1,40,1.1,-0.33,52000300,52000300,52000300,52000300,52000300,52000300,52000300,52000300,52000300,52000300,52000300,-1,-1,-1,-1,-1,1,1,1,1,1,1,1,1,-1,1011,1095,1171,0,0,100,100,25,0,0,0,0,0,0,0,0,100,100,100,0,0,-1,-1,1,0,1,0,2,0,3,0,0,1,0,0,1,0,0,0,0,0,0,0,0,0,0,0,0,0,0,0,0,0,0,0,0,0,0,0,0,0,0,0,0,0,0,0,0,0,0,0,0,0,0,0,0,0,0,0,0,0,0,0,0,0,0,0,1,1,0,0,0,1,1,1,1,1,1,1,103,100,103,100,0,0,0,0,-1,1,0,1,0,0,0,0,0,0,0,0,0,0,0,0,0,0,0,0,0,0,0,0,0,0,0,0,0,0,0,0,0,0,0,0,0,0,0,0,-1,31500,100,0,0,0,0,0,0,0,0,0,0,0,0,0,0,0,0,0,0,0,0,0,0,0,0,0,0,0,0,0,0,0,0,0,0,0,0,0,0,0,0,0,0,0,0,0,0,0,0,0,0,0,0,0,0,0,0,0,0,0,0,0,0,0,0,0,0,0,0,0,0,0,0,0,0,0,0,0,0,0,0,0,0,0,0,0,0,0,0,0,0,0,0,0,0,0,0,-1,0,232,2010,30102,800,650,-1,0,0,0,0,0,0,0,0,37200,1,-1,0,-1,-1,-1,1,0,135,0,0,102,0,0,[0|0|0|0],11,14,0,[0|0|0|0|0|0|0|0|0|0|0|0|0|0|0|0|0|0|0|0|0|0|0|0|0|0|0|0|0|0|0|0|0|0|0|0],1,1,0,12000,100,110,0,-1,0,0,0,-1,0,0,[0|0|0|0|0|0],3.9,1.2,3.3,0,0,0,0,0,0,0,0,0,0,0,0,0,0,0,0,0,0,0,0,0,0,0,0,12000,108,102,102,100,0,1,0,0,0,0,0,0,0,0,0,0,0,0,0,0,0,0,0,0,[0|0],360,0,0,0,[0|0],1,0,0,0,[0|0|0],1,1,0,0,0,1,0,-1,0,0,0,[0|0|0|0|0|0|0|0|0|0|0|0|0|0|0|0]
52000100,ARMS - AS-5000 SALAD,0,0,0,[0|0|0],400900,952000,100700,100710,100720,25200,25200,25200,20940,-1,-1,-1,40,1.1,-0.33,52000100,52000100,52000100,52000100,52000100,52000100,52000100,52000100,52000100,52000100,52000100,-1,-1,-1,-1,-1,1,1,1,1,1,1,1,1,-1,1080,1095,1171,0,0,100,100,25,0,0,0,0,0,0,0,0,100,100,100,0,0,-1,-1,1,0,1,0,2,0,3,0,0,1,0,0,1,0,0,0,0,0,0,0,0,0,0,0,0,0,0,0,0,0,0,0,0,0,0,0,0,0,0,0,0,0,0,0,0,0,0,0,0,0,0,0,0,0,0,0,0,0,0,0,0,0,0,0,1,1,0,0,0,1,1,1,1,1,1,1,103,100,103,100,0,0,0,0,-1,1,0,1,0,0,0,0,0,0,0,0,0,0,0,0,0,0,0,0,0,0,0,0,0,0,0,0,0,0,0,0,0,0,0,0,0,0,0,0,-1,25200,100,0,0,0,0,0,0,0,0,0,0,0,0,0,0,0,0,0,0,0,0,0,0,0,0,0,0,0,0,0,0,0,0,0,0,0,0,0,0,0,0,0,0,0,0,0,0,0,0,0,0,0,0,0,0,0,0,0,0,0,0,0,0,0,0,0,0,0,0,0,0,0,0,0,0,0,0,0,0,0,0,0,0,0,0,0,0,0,0,0,0,0,0,0,0,0,0,-1,0,218,2600,30102,800,650,-1,0,0,0,0,0,0,0,0,37200,1,-1,0,-1,-1,-1,1,0,88,0,0,140,0,0,[0|0|0|0],6,14,0,[0|0|0|0|0|0|0|0|0|0|0|0|0|0|0|0|0|0|0|0|0|0|0|0|0|0|0|0|0|0|0|0|0|0|0|0],1,1,0,18700,100,131,0,-1,0,0,0,-1,0,0,[0|0|0|0|0|0],5.8,7.1,5.5,0,0,0,0,0,0,0,0,0,0,0,0,0,0,0,0,0,0,0,0,0,0,0,0,8000,80,98,108,88,0,1,0,0,0,0,0,0,0,0,0,0,0,0,0,0,0,0,0,0,[0|0],360,0,0,0,[0|0],1,0,0,0,[0|0|0],1,1,0,0,0,0.5,0,-1,0,0,0,[0|0|0|0|0|0|0|0|0|0|0|0|0|0|0|0]
52010000,ARMS - DF-AR-08 TIAN-QIANG,0,0,0,[0|0|0],110000,952000,100700,100710,100720,56000,56000,56000,20020,-1,-1,-1,40,1.1,-0.33,52010000,52010000,52010000,52010000,52010000,52010000,52010000,52010000,52010000,52010000,52010000,-1,-1,-1,-1,-1,1,1,1,1,1,1,1,1,-1,2010,1095,1171,0,0,100,100,25,0,0,0,0,0,0,0,0,100,100,100,0,0,-1,-1,1,0,1,0,2,0,3,0,0,1,0,0,1,0,0,0,0,0,0,0,0,0,0,0,0,0,0,0,0,0,0,0,0,0,0,0,0,0,0,0,0,0,0,0,0,0,0,0,0,0,0,0,0,0,0,0,0,0,0,0,0,0,0,0,1,1,0,0,0,1,1,1,1,1,1,1,103,100,103,100,0,0,0,0,-1,1,0,1,0,0,0,0,0,0,0,0,0,0,0,0,0,0,0,0,0,0,0,0,0,0,0,0,0,0,0,0,0,0,0,0,0,0,0,0,-1,56000,100,0,0,0,0,0,0,0,0,0,0,0,0,0,0,0,0,0,0,0,0,0,0,0,0,0,0,0,0,0,0,0,0,0,0,0,0,0,0,0,0,0,0,0,0,0,0,0,0,0,0,0,0,0,0,0,0,0,0,0,0,0,0,0,0,0,0,0,0,0,0,0,0,0,0,0,0,0,0,0,0,0,0,0,0,0,0,0,0,0,0,0,0,0,0,0,0,-1,0,295,2480,30102,800,650,-1,0,0,0,0,0,0,0,0,37200,1,-1,0,-1,-1,-1,1,0,92,0,0,155,0,0,[0|0|0|0],12,14,0,[0|0|0|0|0|0|0|0|0|0|0|0|0|0|0|0|0|0|0|0|0|0|0|0|0|0|0|0|0|0|0|0|0|0|0|0],1,1,0,19500,100,94,0,-1,0,0,0,-1,0,0,[0|0|0|0|0|0],6,5,5.1,0,0,0,0,0,0,0,0,0,0,0,0,0,0,0,0,0,0,0,0,0,0,0,0,18000,145,132,89,108,0,1,0,0,0,0,0,0,0,0,0,0,0,0,0,0,0,0,0,0,[0|0],360,0,0,0,[0|0],1,0,0,0,[0|0|0],1,1,0,0,0,0,0,-1,0,0,0,[0|0|0|0|0|0|0|0|0|0|0|0|0|0|0|0]
52010100,ARMS - DF-AR-09 TIAN-LAO,0,0,0,[0|0|0],110010,952000,100700,100710,100720,25200,25200,25200,26740,-1,-1,-1,40,1.1,-0.33,52010100,52010100,52010100,52010100,52010100,52010100,52010100,52010100,52010100,52010100,52010100,-1,-1,-1,-1,-1,1,1,1,1,1,1,1,1,-1,2210,1095,1171,0,0,100,100,25,0,0,0,0,0,0,0,0,100,100,100,0,0,-1,-1,1,0,1,0,2,0,3,0,0,1,0,0,1,0,0,0,0,0,0,0,0,0,0,0,0,0,0,0,0,0,0,0,0,0,0,0,0,0,0,0,0,0,0,0,0,0,0,0,0,0,0,0,0,0,0,0,0,0,0,0,0,0,0,0,1,1,0,0,0,1,1,1,1,1,1,1,103,100,103,100,0,0,0,0,-1,1,0,1,0,0,0,0,0,0,0,0,0,0,0,0,0,0,0,0,0,0,0,0,0,0,0,0,0,0,0,0,0,0,0,0,0,0,0,0,-1,25200,100,0,0,0,0,0,0,0,0,0,0,0,0,0,0,0,0,0,0,0,0,0,0,0,0,0,0,0,0,0,0,0,0,0,0,0,0,0,0,0,0,0,0,0,0,0,0,0,0,0,0,0,0,0,0,0,0,0,0,0,0,0,0,0,0,0,0,0,0,0,0,0,0,0,0,0,0,0,0,0,0,0,0,0,0,0,0,0,0,0,0,0,0,0,0,0,0,-1,0,266,2970,30102,800,650,-1,0,0,0,0,0,0,0,0,37200,1,-1,0,-1,-1,-1,1,0,76,0,0,145,0,0,[0|0|0|0],12,14,0,[0|0|0|0|0|0|0|0|0|0|0|0|0|0|0|0|0|0|0|0|0|0|0|0|0|0|0|0|0|0|0|0|0|0|0|0],1,1,0,17200,100,81,0,-1,0,0,0,-1,0,0,[0|0|0|0|0|0],10.5,5.1,7.7,0,0,0,0,0,0,0,0,0,0,0,0,0,0,0,0,0,0,0,0,0,0,0,0,8000,80,98,108,88,0,1,0,0,0,0,0,0,0,0,0,0,0,0,0,0,0,0,0,0,[0|0],360,0,0,0,[0|0],1,0,0,0,[0|0|0],1,1,0,0,0,0.5,0,-1,0,0,0,[0|0|0|0|0|0|0|0|0|0|0|0|0|0|0|0]
52020000,ARMS - NACHTREIHER/46E,0,0,0,[0|0|0],210000,952000,100700,100710,100720,42700,42700,42700,11420,-1,-1,-1,40,1.1,-0.33,52020000,52020000,52020000,52020000,52020000,52020000,52020000,52020000,52020000,52020000,52020000,-1,-1,-1,-1,-1,1,1,1,1,1,1,1,1,-1,3010,1095,1171,0,0,100,100,25,0,0,0,0,0,0,0,0,100,100,100,0,0,-1,-1,1,0,1,0,2,0,3,0,0,1,0,0,1,0,0,0,0,0,0,0,0,0,0,0,0,0,0,0,0,0,0,0,0,0,0,0,0,0,0,0,0,0,0,0,0,0,0,0,0,0,0,0,0,0,0,0,0,0,0,0,0,0,0,0,1,1,0,0,0,1,1,1,1,1,1,1,103,100,103,100,0,0,0,0,-1,1,0,1,0,0,0,0,0,0,0,0,0,0,0,0,0,0,0,0,0,0,0,0,0,0,0,0,0,0,0,0,0,0,0,0,0,0,0,0,-1,42700,100,0,0,0,0,0,0,0,0,0,0,0,0,0,0,0,0,0,0,0,0,0,0,0,0,0,0,0,0,0,0,0,0,0,0,0,0,0,0,0,0,0,0,0,0,0,0,0,0,0,0,0,0,0,0,0,0,0,0,0,0,0,0,0,0,0,0,0,0,0,0,0,0,0,0,0,0,0,0,0,0,0,0,0,0,0,0,0,0,0,0,0,0,0,0,0,0,-1,0,290,1860,30102,800,650,-1,0,0,0,0,0,0,0,0,37200,1,-1,0,-1,-1,-1,1,0,160,0,0,87,0,0,[0|0|0|0],8,14,0,[0|0|0|0|0|0|0|0|0|0|0|0|0|0|0|0|0|0|0|0|0|0|0|0|0|0|0|0|0|0|0|0|0|0|0|0],1,1,0,12730,100,95,0,-1,0,0,0,-1,0,0,[0|0|0|0|0|0],0.4,1.3,-0.5,0,0,0,0,0,0,0,0,0,0,0,0,0,0,0,0,0,0,0,0,0,0,0,0,6300,86,92,122,104,0,1,0,0,0,0,0,0,0,0,0,0,0,0,0,0,0,0,0,0,[0|0],360,0,0,0,[0|0],1,0,0,0,[0|0|0],1,1,0,0,0,0,0,-1,0,0,0,[0|0|0|0|0|0|0|0|0|0|0|0|0|0|0|0]
52030000,ARMS - VP-46S,0,0,0,[0|0|0],200000,952000,100700,100710,100720,68600,68600,68600,14020,-1,-1,-1,40,1.1,-0.33,52030000,52030000,52030000,52030000,52030000,52030000,52030000,52030000,52030000,52030000,52030000,-1,-1,-1,-1,-1,1,1,1,1,1,1,1,1,-1,4010,1095,1171,0,0,100,100,25,0,0,0,0,0,0,0,0,100,100,100,0,0,-1,-1,1,0,1,0,2,0,3,0,0,1,0,0,1,0,0,0,0,0,0,0,0,0,0,0,0,0,0,0,0,0,0,0,0,0,0,0,0,0,0,0,0,0,0,0,0,0,0,0,0,0,0,0,0,0,0,0,0,0,0,0,0,0,0,0,1,1,0,0,0,1,1,1,1,1,1,1,103,100,103,100,0,0,0,0,-1,1,0,1,0,0,0,0,0,0,0,0,0,0,0,0,0,0,0,0,0,0,0,0,0,0,0,0,0,0,0,0,0,0,0,0,0,0,0,0,-1,68600,100,0,0,0,0,0,0,0,0,0,0,0,0,0,0,0,0,0,0,0,0,0,0,0,0,0,0,0,0,0,0,0,0,0,0,0,0,0,0,0,0,0,0,0,0,0,0,0,0,0,0,0,0,0,0,0,0,0,0,0,0,0,0,0,0,0,0,0,0,0,0,0,0,0,0,0,0,0,0,0,0,0,0,0,0,0,0,0,0,0,0,0,0,0,0,0,0,-1,0,278,2240,30102,800,650,-1,0,0,0,0,0,0,0,0,37200,1,-1,0,-1,-1,-1,1,0,102,0,0,116,0,0,[0|0|0|0],7,14,0,[0|0|0|0|0|0|0|0|0|0|0|0|0|0|0|0|0|0|0|0|0|0|0|0|0|0|0|0|0|0|0|0|0|0|0|0],1,1,0,14520,100,138,0,-1,0,0,0,-1,0,0,[0|0|0|0|0|0],3.1,5.2,1.8,0,0,0,0,0,0,0,0,0,0,0,0,0,0,0,0,0,0,0,0,0,0,0,0,9600,92,108,98,112,0,1,0,0,0,0,0,0,0,0,0,0,0,0,0,0,0,0,0,0,[0|0],360,0,0,0,[0|0],1,0,0,0,[0|0|0],1,1,0,0,0,0,0,-1,0,0,0,[0|0|0|0|0|0|0|0|0|0|0|0|0|0|0|0]
52030100,ARMS - VP-46D,0,0,0,[0|0|0],200010,952000,100700,100710,100720,25200,25200,25200,10990,-1,-1,-1,40,1.1,-0.33,52030100,52030100,52030100,52030100,52030100,52030100,52030100,52030100,52030100,52030100,52030100,-1,-1,-1,-1,-1,1,1,1,1,1,1,1,1,-1,4210,1095,1171,0,0,100,100,25,0,0,0,0,0,0,0,0,100,100,100,0,0,-1,-1,1,0,1,0,2,0,3,0,0,1,0,0,1,0,0,0,0,0,0,0,0,0,0,0,0,0,0,0,0,0,0,0,0,0,0,0,0,0,0,0,0,0,0,0,0,0,0,0,0,0,0,0,0,0,0,0,0,0,0,0,0,0,0,0,1,1,0,0,0,1,1,1,1,1,1,1,103,100,103,100,0,0,0,0,-1,1,0,1,0,0,0,0,0,0,0,0,0,0,0,0,0,0,0,0,0,0,0,0,0,0,0,0,0,0,0,0,0,0,0,0,0,0,0,0,-1,25200,100,0,0,0,0,0,0,0,0,0,0,0,0,0,0,0,0,0,0,0,0,0,0,0,0,0,0,0,0,0,0,0,0,0,0,0,0,0,0,0,0,0,0,0,0,0,0,0,0,0,0,0,0,0,0,0,0,0,0,0,0,0,0,0,0,0,0,0,0,0,0,0,0,0,0,0,0,0,0,0,0,0,0,0,0,0,0,0,0,0,0,0,0,0,0,0,0,-1,0,248,1620,30102,800,650,-1,0,0,0,0,0,0,0,0,37200,1,-1,0,-1,-1,-1,1,0,133,0,0,105,0,0,[0|0|0|0],7,14,0,[0|0|0|0|0|0|0|0|0|0|0|0|0|0|0|0|0|0|0|0|0|0|0|0|0|0|0|0|0|0|0|0|0|0|0|0],1,1,0,11800,100,139,0,-1,0,0,0,-1,0,0,[0|0|0|0|0|0],-0.4,3,-1,0,0,0,0,0,0,0,0,0,0,0,0,0,0,0,0,0,0,0,0,0,0,0,0,8000,80,98,108,88,0,1,0,0,0,0,0,0,0,0,0,0,0,0,0,0,0,0,0,0,[0|0],360,0,0,0,[0|0],1,0,0,0,[0|0|0],1,1,0,0,0,1.2,0,-1,0,0,0,[0|0|0|0|0|0|0|0|0|0|0|0|0|0|0|0]
52040000,ARMS - VE-46A,0,0,0,[0|0|0],300000,952000,100700,100710,100720,25200,25200,25200,22210,-1,-1,-1,40,1.1,-0.33,52040000,52040000,52040000,52040000,52040000,52040000,52040000,52040000,52040000,52040000,52040000,-1,-1,-1,-1,-1,1,1,1,1,1,1,1,1,-1,5010,1095,1171,0,0,100,100,25,0,0,0,0,0,0,0,0,100,100,100,0,0,-1,-1,1,0,1,0,2,0,3,0,0,1,0,0,1,0,0,0,0,0,0,0,0,0,0,0,0,0,0,0,0,0,0,0,0,0,0,0,0,0,0,0,0,0,0,0,0,0,0,0,0,0,0,0,0,0,0,0,0,0,0,0,0,0,0,0,1,1,0,0,0,1,1,1,1,1,1,1,103,100,103,100,0,0,0,0,-1,1,0,1,0,0,0,0,0,0,0,0,0,0,0,0,0,0,0,0,0,0,0,0,0,0,0,0,0,0,0,0,0,0,0,0,0,0,0,0,-1,25200,100,0,0,0,0,0,0,0,0,0,0,0,0,0,0,0,0,0,0,0,0,0,0,0,0,0,0,0,0,0,0,0,0,0,0,0,0,0,0,0,0,0,0,0,0,0,0,0,0,0,0,0,0,0,0,0,0,0,0,0,0,0,0,0,0,0,0,0,0,0,0,0,0,0,0,0,0,0,0,0,0,0,0,0,0,0,0,0,0,0,0,0,0,0,0,0,0,-1,0,380,2660,30102,800,650,-1,0,0,0,0,0,0,0,0,37200,1,-1,0,-1,-1,-1,1,0,80,0,0,170,0,0,[0|0|0|0],20,14,0,[0|0|0|0|0|0|0|0|0|0|0|0|0|0|0|0|0|0|0|0|0|0|0|0|0|0|0|0|0|0|0|0|0|0|0|0],1,1,0,21300,100,98,0,-1,0,0,0,-1,0,0,[0|0|0|0|0|0],6.2,7,5.7,0,0,0,0,0,0,0,0,0,0,0,0,0,0,0,0,0,0,0,0,0,0,0,0,8000,80,98,108,88,0,1,0,0,0,0,0,0,0,0,0,0,0,0,0,0,0,0,0,0,[0|0],360,0,0,0,[0|0],1,0,0,0,[0|0|0],1,1,0,0,0,1.4,0,-1,0,0,0,[0|0|0|0|0|0|0|0|0|0|0|0|0|0|0|0]
52050000,ARMS - 04-101 MIND ALPHA,0,0,0,[0|0|0],500000,952000,100700,100710,100720,87500,87500,87500,16960,-1,-1,-1,40,1.1,-0.33,52050000,52050000,52050000,52050000,52050000,52050000,52050000,52050000,52050000,52050000,52050000,-1,-1,-1,-1,-1,1,1,1,1,1,1,1,1,-1,6010,1095,1171,0,0,100,100,25,0,0,0,0,0,0,0,0,100,100,100,0,0,-1,-1,1,0,1,0,2,0,3,0,0,1,0,0,1,0,0,0,0,0,0,0,0,0,0,0,0,0,0,0,0,0,0,0,0,0,0,0,0,0,0,0,0,0,0,0,0,0,0,0,0,0,0,0,0,0,0,0,0,0,0,0,0,0,0,0,1,1,0,0,0,1,1,1,1,1,1,1,103,100,103,100,0,0,0,0,-1,1,0,1,0,0,0,0,0,0,0,0,0,0,0,0,0,0,0,0,0,0,0,0,0,0,0,0,0,0,0,0,0,0,0,0,0,0,0,0,-1,87500,100,0,0,0,0,0,0,0,0,0,0,0,0,0,0,0,0,0,0,0,0,0,0,0,0,0,0,0,0,0,0,0,0,0,0,0,0,0,0,0,0,0,0,0,0,0,0,0,0,0,0,0,0,0,0,0,0,0,0,0,0,0,0,0,0,0,0,0,0,0,0,0,0,0,0,0,0,0,0,0,0,0,0,0,0,0,0,0,0,0,0,0,0,0,0,0,0,-1,0,358,2300,30102,800,650,-1,0,0,0,0,0,0,0,0,37200,1,-1,0,-1,-1,-1,1,0,103,0,0,142,0,0,[0|0|0|0],4,14,0,[0|0|0|0|0|0|0|0|0|0|0|0|0|0|0|0|0|0|0|0|0|0|0|0|0|0|0|0|0|0|0|0|0|0|0|0],1,1,0,15550,100,88,0,-1,0,0,0,-1,0,0,[0|0|0|0|0|0],4.5,6,4.6,0,0,0,0,0,0,0,0,0,0,0,0,0,0,0,0,0,0,0,0,0,0,0,0,16000,132,121,92,102,0,1,0,0,0,0,0,0,0,0,0,0,0,0,0,0,0,0,0,0,[0|0],360,0,0,0,[0|0],1,0,0,0,[0|0|0],1,1,0,0,0,0,0,-1,0,0,0,[0|0|0|0|0|0|0|0|0|0|0|0|0|0|0|0]
52060000,ARMS - EL-TA-10 FIRMEZA,0,0,0,[0|0|0],410000,952000,100700,100710,100720,25200,25200,25200,11220,-1,-1,-1,40,1.1,-0.33,52060000,52060000,52060000,52060000,52060000,52060000,52060000,52060000,52060000,52060000,52060000,-1,-1,-1,-1,-1,1,1,1,1,1,1,1,1,-1,7010,1095,1171,0,0,100,100,25,0,0,0,0,0,0,0,0,100,100,100,0,0,-1,-1,1,0,1,0,2,0,3,0,0,1,0,0,1,0,0,0,0,0,0,0,0,0,0,0,0,0,0,0,0,0,0,0,0,0,0,0,0,0,0,0,0,0,0,0,0,0,0,0,0,0,0,0,0,0,0,0,0,0,0,0,0,0,0,0,1,1,0,0,0,1,1,1,1,1,1,1,103,100,103,100,0,0,0,0,-1,1,0,1,0,0,0,0,0,0,0,0,0,0,0,0,0,0,0,0,0,0,0,0,0,0,0,0,0,0,0,0,0,0,0,0,0,0,0,0,-1,25200,100,0,0,0,0,0,0,0,0,0,0,0,0,0,0,0,0,0,0,0,0,0,0,0,0,0,0,0,0,0,0,0,0,0,0,0,0,0,0,0,0,0,0,0,0,0,0,0,0,0,0,0,0,0,0,0,0,0,0,0,0,0,0,0,0,0,0,0,0,0,0,0,0,0,0,0,0,0,0,0,0,0,0,0,0,0,0,0,0,0,0,0,0,0,0,0,0,-1,0,270,1900,30102,800,650,-1,0,0,0,0,0,0,0,0,37200,1,-1,0,-1,-1,-1,1,0,122,0,0,111,0,0,[0|0|0|0],19,14,0,[0|0|0|0|0|0|0|0|0|0|0|0|0|0|0|0|0|0|0|0|0|0|0|0|0|0|0|0|0|0|0|0|0|0|0|0],1,1,0,13540,100,120,0,-1,0,0,0,-1,0,0,[0|0|0|0|0|0],1,1.4,-1.3,0,0,0,0,0,0,0,0,0,0,0,0,0,0,0,0,0,0,0,0,0,0,0,0,8000,80,98,108,88,0,1,0,0,0,0,0,0,0,0,0,0,0,0,0,0,0,0,0,0,[0|0],360,0,0,0,[0|0],1,0,0,0,[0|0|0],1,1,0,0,0,0.5,0,-1,0,0,0,[0|0|0|0|0|0|0|0|0|0|0|0|0|0|0|0]
52070200,ARMS - AA-J-123 BASHO,0,0,0,[0|0|0],0,952000,100700,100710,100720,32900,32900,32900,10480,-1,-1,-1,40,1.1,-0.33,52070200,52070200,52070200,52070200,52070200,52070200,52070200,52070200,52070200,52070200,52070200,-1,-1,-1,-1,-1,1,1,1,1,1,1,1,1,-1,8030,1095,1171,0,0,100,100,25,0,0,0,0,0,0,0,0,100,100,100,0,0,-1,-1,1,0,1,0,2,0,3,0,0,1,0,0,1,0,0,0,0,0,0,0,0,0,0,0,0,0,0,0,0,0,0,0,0,0,0,0,0,0,0,0,0,0,0,0,0,0,0,0,0,0,0,0,0,0,0,0,0,0,0,0,0,0,0,0,1,1,0,0,0,1,1,1,1,1,1,1,103,100,103,100,0,0,0,0,-1,1,0,1,0,0,0,0,0,0,0,0,0,0,0,0,0,0,0,0,0,0,0,0,0,0,0,0,0,0,0,0,0,0,0,0,0,0,0,0,-1,32900,100,0,0,0,0,0,0,0,0,0,0,0,0,0,0,0,0,0,0,0,0,0,0,0,0,0,0,0,0,0,0,0,0,0,0,0,0,0,0,0,0,0,0,0,0,0,0,0,0,0,0,0,0,0,0,0,0,0,0,0,0,0,0,0,0,0,0,0,0,0,0,0,0,0,0,0,0,0,0,0,0,0,0,0,0,0,0,0,0,0,0,0,0,0,0,0,0,-1,0,210,2430,30102,800,650,-1,0,0,0,0,0,0,0,0,37200,1,-1,0,-1,-1,-1,1,0,53,0,0,66,0,0,[0|0|0|0],15,14,0,[0|0|0|0|0|0|0|0|0|0|0|0|0|0|0|0|0|0|0|0|0|0|0|0|0|0|0|0|0|0|0|0|0|0|0|0],1,1,0,10520,100,158,0,-1,0,0,0,-1,0,0,[0|0|0|0|0|0],0.8,-0.9,2.5,0,0,0,0,0,0,0,0,0,0,0,0,0,0,0,0,0,0,0,0,0,0,0,0,7200,70,76,132,87,0,1,0,0,0,0,0,0,0,0,0,0,0,0,0,0,0,0,0,0,[0|0],360,0,0,0,[0|0],1,0,0,0,[0|0|0],1,1,0,0,0,0,0,-1,0,0,0,[0|0|0|0|0|0|0|0|0|0|0|0|0|0|0|0]
52070300,ARMS - AC-3000 WRECKER,0,0,0,[0|0|0],400100,952000,100700,100710,100720,25200,25200,25200,14150,-1,-1,-1,40,1.1,-0.33,52070300,52070300,52070300,52070300,52070300,52070300,52070300,52070300,52070300,52070300,52070300,-1,-1,-1,-1,-1,1,1,1,1,1,1,1,1,-1,8040,1095,1171,0,0,100,100,25,0,0,0,0,0,0,0,0,100,100,100,0,0,-1,-1,1,0,1,0,2,0,3,0,0,1,0,0,1,0,0,0,0,0,0,0,0,0,0,0,0,0,0,0,0,0,0,0,0,0,0,0,0,0,0,0,0,0,0,0,0,0,0,0,0,0,0,0,0,0,0,0,0,0,0,0,0,0,0,0,1,1,0,0,0,1,1,1,1,1,1,1,103,100,103,100,0,0,0,0,-1,1,0,1,0,0,0,0,0,0,0,0,0,0,0,0,0,0,0,0,0,0,0,0,0,0,0,0,0,0,0,0,0,0,0,0,0,0,0,0,-1,25200,100,0,0,0,0,0,0,0,0,0,0,0,0,0,0,0,0,0,0,0,0,0,0,0,0,0,0,0,0,0,0,0,0,0,0,0,0,0,0,0,0,0,0,0,0,0,0,0,0,0,0,0,0,0,0,0,0,0,0,0,0,0,0,0,0,0,0,0,0,0,0,0,0,0,0,0,0,0,0,0,0,0,0,0,0,0,0,0,0,0,0,0,0,0,0,0,0,-1,0,220,2030,30102,800,650,-1,0,0,0,0,0,0,0,0,37200,1,-1,0,-1,-1,-1,1,0,26,0,0,232,0,0,[0|0|0|0],6,14,0,[0|0|0|0|0|0|0|0|0|0|0|0|0|0|0|0|0|0|0|0|0|0|0|0|0|0|0|0|0|0|0|0|0|0|0|0],1,1,0,15800,100,72,0,-1,0,0,0,-1,0,0,[0|0|0|0|0|0],3.2,-3,3.7,0,0,0,0,0,0,0,0,0,0,0,0,0,0,0,0,0,0,0,0,0,0,0,0,8000,80,98,108,88,0,1,0,0,0,0,0,0,0,0,0,0,0,0,0,0,0,0,0,0,[0|0],360,0,0,0,[0|0],1,0,0,0,[0|0|0],1,1,0,0,0,0,0,-1,0,0,0,[0|0|0|0|0|0|0|0|0|0|0|0|0|0|0|0]
52070400,ARMS - AC-2000 TOOL ARM,0,0,0,[0|0|0],400000,952000,100700,100710,100720,25200,25200,25200,11300,-1,-1,-1,40,1.1,-0.33,52070400,52070400,52070400,52070400,52070400,52070400,52070400,52070400,52070400,52070400,52070400,-1,-1,-1,-1,-1,1,1,1,1,1,1,1,1,-1,1400,1095,1171,0,0,100,100,25,0,0,0,0,0,0,0,0,100,100,100,0,0,-1,-1,1,0,1,0,2,0,3,0,0,1,0,0,1,0,0,0,0,0,0,0,0,0,0,0,0,0,0,0,0,0,0,0,0,0,0,0,0,0,0,0,0,0,0,0,0,0,0,0,0,0,0,0,0,0,0,0,0,0,0,0,0,0,0,0,1,1,0,0,0,1,1,1,1,1,1,1,103,100,103,100,0,0,0,0,-1,1,0,1,0,0,0,0,0,0,0,0,0,0,0,0,0,0,0,0,0,0,0,0,0,0,0,0,0,0,0,0,0,0,0,0,0,0,0,0,-1,25200,100,0,0,0,0,0,0,0,0,0,0,0,0,0,0,0,0,0,0,0,0,0,0,0,0,0,0,0,0,0,0,0,0,0,0,0,0,0,0,0,0,0,0,0,0,0,0,0,0,0,0,0,0,0,0,0,0,0,0,0,0,0,0,0,0,0,0,0,0,0,0,0,0,0,0,0,0,0,0,0,0,0,0,0,0,0,0,0,0,0,0,0,0,0,0,0,0,-1,0,216,1990,30102,800,650,-1,0,0,0,0,0,0,0,0,37200,1,-1,0,-1,-1,-1,1,0,96,0,0,110,0,0,[0|0|0|0],6,14,0,[0|0|0|0|0|0|0|0|0|0|0|0|0|0|0|0|0|0|0|0|0|0|0|0|0|0|0|0|0|0|0|0|0|0|0|0],1,1,0,13300,100,100,0,-1,0,0,0,-1,0,0,[0|0|0|0|0|0],0.7,0.4,0.9,0,0,0,0,0,0,0,0,0,0,0,0,0,0,0,0,0,0,0,0,0,0,0,0,8000,80,98,108,88,0,1,0,0,0,0,0,0,0,0,0,0,0,0,0,0,0,0,0,0,[0|0],360,0,0,0,[0|0],1,0,0,0,[0|0|0],1,1,0,0,0,0.2,0,-1,0,0,0,[0|0|0|0|0|0|0|0|0|0|0|0|0|0|0|0]
52080000,ARMS - IB-C03A: HAL 826,0,0,0,[0|0|0],700000,952000,100700,100710,100720,25200,25200,25200,14160,-1,-1,-1,40,1.1,-0.33,52080000,52080000,52080000,52080000,52080000,52080000,52080000,52080000,52080000,52080000,52080000,-1,-1,-1,-1,-1,1,1,1,1,1,1,1,1,-1,8010,1095,1171,0,0,100,100,25,0,0,0,0,0,0,0,0,100,100,100,0,0,-1,-1,1,0,1,0,2,0,3,0,0,1,0,0,1,0,0,0,0,0,0,0,0,0,0,0,0,0,0,0,0,0,0,0,0,0,0,0,0,0,0,0,0,0,0,0,0,0,0,0,0,0,0,0,0,0,0,0,0,0,0,0,0,0,0,0,1,1,0,0,0,1,1,1,1,1,1,1,103,100,103,100,0,0,0,0,-1,1,0,1,0,0,0,0,0,0,0,0,0,0,0,0,0,0,0,0,0,0,0,0,0,0,0,0,0,0,0,0,0,0,0,0,0,0,0,0,-1,25200,100,0,0,0,0,0,0,0,0,0,0,0,0,0,0,0,0,0,0,0,0,0,0,0,0,0,0,0,0,0,0,0,0,0,0,0,0,0,0,0,0,0,0,0,0,0,0,0,0,0,0,0,0,0,0,0,0,0,0,0,0,0,0,0,0,0,0,0,0,0,0,0,0,0,0,0,0,0,0,0,0,0,0,0,0,0,0,0,0,0,0,0,0,0,0,0,0,-1,0,300,2210,30102,800,650,-1,0,0,0,0,0,0,0,0,37200,1,-1,0,-1,-1,-1,1,0,123,0,0,125,0,0,[0|0|0|0],2,14,0,[0|0|0|0|0|0|0|0|0|0|0|0|0|0|0|0|0|0|0|0|0|0|0|0|0|0|0|0|0|0|0|0|0|0|0|0],1,1,0,14000,100,114,0,-1,0,0,0,-1,0,0,[0|0|0|0|0|0],2.5,4.8,3.6,0,0,0,0,0,0,0,0,0,0,0,0,0,0,0,0,0,0,0,0,0,0,0,0,8000,80,98,108,88,0,1,0,0,0,0,0,0,0,0,0,0,0,0,0,0,0,0,0,0,[0|0],360,0,0,0,[0|0],1,0,0,0,[0|0|0],1,1,0,0,0,0,0,-1,0,0,0,[0|0|0|0|0|0|0|0|0|0|0|0|0|0|0|0]
52080100,ARMS - IA-C01A: EPHEMERA,0,0,0,[0|0|0],600000,952000,100700,100710,100720,25200,25200,25200,12700,-1,-1,-1,40,1.1,-0.33,52080100,52080100,52080100,52080100,52080100,52080100,52080100,52080100,52080100,52080100,52080100,-1,-1,-1,-1,-1,1,1,1,1,1,1,1,1,-1,8020,1095,1171,0,0,100,100,25,0,0,0,0,0,0,0,0,100,100,100,0,0,-1,-1,1,0,1,0,2,0,3,0,0,1,0,0,1,0,0,0,0,0,0,0,0,0,0,0,0,0,0,0,0,0,0,0,0,0,0,0,0,0,0,0,0,0,0,0,0,0,0,0,0,0,0,0,0,0,0,0,0,0,0,0,0,0,0,0,1,1,0,0,0,1,1,1,1,1,1,1,103,100,103,100,0,0,0,0,-1,1,0,1,0,0,0,0,0,0,0,0,0,0,0,0,0,0,0,0,0,0,0,0,0,0,0,0,0,0,0,0,0,0,0,0,0,0,0,0,-1,25200,100,0,0,0,0,0,0,0,0,0,0,0,0,0,0,0,0,0,0,0,0,0,0,0,0,0,0,0,0,0,0,0,0,0,0,0,0,0,0,0,0,0,0,0,0,0,0,0,0,0,0,0,0,0,0,0,0,0,0,0,0,0,0,0,0,0,0,0,0,0,0,0,0,0,0,0,0,0,0,0,0,0,0,0,0,0,0,0,0,0,0,0,0,0,0,0,0,-1,0,312,2380,30102,800,650,-1,0,0,0,0,0,0,0,0,37200,1,-1,0,-1,-1,-1,1,0,104,0,0,108,0,0,[0|0|0|0],2,14,0,[0|0|0|0|0|0|0|0|0|0|0|0|0|0|0|0|0|0|0|0|0|0|0|0|0|0|0|0|0|0|0|0|0|0|0|0],1,1,0,12680,100,106,0,-1,0,0,0,-1,0,0,[0|0|0|0|0|0],1.9,6.3,5.6,0,0,0,0,0,0,0,0,0,0,0,0,0,0,0,0,0,0,0,0,0,0,0,0,8000,80,98,108,88,0,1,0,0,0,0,0,0,0,0,0,0,0,0,0,0,0,0,0,0,[0|0],360,0,0,0,[0|0],1,0,0,0,[0|0|0],1,1,0,0,0,0,0,-1,0,0,0,[0|0|0|0|0|0|0|0|0|0|0|0|0|0|0|0]
52080200,ARMS - EL-PA-00 ALBA,0,0,0,[0|0|0],410900,952000,100700,100710,100720,25200,25200,25200,9810,-1,-1,-1,40,1.1,-0.33,52080200,52080200,52080200,52080200,52080200,52080200,52080200,52080200,52080200,52080200,52080200,-1,-1,-1,-1,-1,1,1,1,1,1,1,1,1,-1,8060,1095,1171,0,0,100,100,25,0,0,0,0,0,0,0,0,100,100,100,0,0,-1,-1,1,0,1,0,2,0,3,0,0,1,0,0,1,0,0,0,0,0,0,0,0,0,0,0,0,0,0,0,0,0,0,0,0,0,0,0,0,0,0,0,0,0,0,0,0,0,0,0,0,0,0,0,0,0,0,0,0,0,0,0,0,0,0,0,1,1,0,0,0,1,1,1,1,1,1,1,103,100,103,100,0,0,0,0,-1,1,0,1,0,0,0,0,0,0,0,0,0,0,0,0,0,0,0,0,0,0,0,0,0,0,0,0,0,0,0,0,0,0,0,0,0,0,0,0,-1,25200,100,0,0,0,0,0,0,0,0,0,0,0,0,0,0,0,0,0,0,0,0,0,0,0,0,0,0,0,0,0,0,0,0,0,0,0,0,0,0,0,0,0,0,0,0,0,0,0,0,0,0,0,0,0,0,0,0,0,0,0,0,0,0,0,0,0,0,0,0,0,0,0,0,0,0,0,0,0,0,0,0,0,0,0,0,0,0,0,0,0,0,0,0,0,0,0,0,-1,0,315,1750,30102,800,650,-1,0,0,0,0,0,0,0,0,37200,1,-1,0,-1,-1,-1,1,0,140,0,0,101,0,0,[0|0|0|0],19,14,0,[0|0|0|0|0|0|0|0|0|0|0|0|0|0|0|0|0|0|0|0|0|0|0|0|0|0|0|0|0|0|0|0|0|0|0|0],1,1,0,11350,100,91,0,-1,0,0,0,-1,0,0,[0|0|0|0|0|0],0.5,0.5,0.5,0,0,0,0,0,0,0,0,0,0,0,0,0,0,0,0,0,0,0,0,0,0,0,0,8000,80,98,108,88,0,1,0,0,0,0,0,0,0,0,0,0,0,0,0,0,0,0,0,0,[0|0],360,0,0,0,[0|0],1,0,0,0,[0|0|0],1,1,0,0,0,0,0,-1,0,0,0,[0|0|0|0|0|0|0|0|0|0|0|0|0|0|0|0]
52080300,ARMS - LAMMERGEIER/46F,0,0,0,[0|0|0],210010,952000,100700,100710,100720,31500,31500,31500,9700,-1,-1,-1,40,1.1,-0.33,52080300,52080300,52080300,52080300,52080300,52080300,52080300,52080300,52080300,52080300,52080300,-1,-1,-1,-1,-1,1,1,1,1,1,1,1,1,-1,8070,1095,1171,0,0,100,100,25,0,0,0,0,0,0,0,0,100,100,100,0,0,-1,-1,1,0,1,0,2,0,3,0,0,1,0,0,1,0,0,0,0,0,0,0,0,0,0,0,0,0,0,0,0,0,0,0,0,0,0,0,0,0,0,0,0,0,0,0,0,0,0,0,0,0,0,0,0,0,0,0,0,0,0,0,0,0,0,0,1,1,0,0,0,1,1,1,1,1,1,1,103,100,103,100,0,0,0,0,-1,1,0,1,0,0,0,0,0,0,0,0,0,0,0,0,0,0,0,0,0,0,0,0,0,0,0,0,0,0,0,0,0,0,0,0,0,0,0,0,-1,31500,100,0,0,0,0,0,0,0,0,0,0,0,0,0,0,0,0,0,0,0,0,0,0,0,0,0,0,0,0,0,0,0,0,0,0,0,0,0,0,0,0,0,0,0,0,0,0,0,0,0,0,0,0,0,0,0,0,0,0,0,0,0,0,0,0,0,0,0,0,0,0,0,0,0,0,0,0,0,0,0,0,0,0,0,0,0,0,0,0,0,0,0,0,0,0,0,0,-1,0,328,1590,30102,800,650,-1,0,0,0,0,0,0,0,0,37200,1,-1,0,-1,-1,-1,1,0,87,0,0,134,0,0,[0|0|0|0],8,14,0,[0|0|0|0|0|0|0|0|0|0|0|0|0|0|0|0|0|0|0|0|0|0|0|0|0|0|0|0|0|0|0|0|0|0|0|0],1,1,0,11970,100,115,0,-1,0,0,0,-1,0,0,[0|0|0|0|0|0],-1.1,4.6,-2,0,0,0,0,0,0,0,0,0,0,0,0,0,0,0,0,0,0,0,0,0,0,0,0,0,108,102,102,100,0,1,0,0,0,0,0,0,0,0,0,0,0,0,0,0,0,0,0,0,[0|0],360,0,0,0,[0|0],1,0,0,0,[0|0|0],1,1,0,0,0,0,0,-1,0,0,0,[0|0|0|0|0|0|0|0|0|0|0|0|0|0|0|0]
52900000,ARMS - AA-J-123/RC JAILBREAK,0,0,0,[0|0|0],1,952000,100700,100710,100720,32900,32900,32900,8480,-1,-1,-1,40,1.1,-0.33,52900000,52900000,52900000,52900000,52900000,52900000,52900000,52900000,52900000,52900000,52900000,-1,-1,-1,-1,-1,1,1,1,1,1,1,1,1,-1,8031,1095,1171,0,0,100,100,25,0,0,0,0,0,0,0,0,100,100,100,0,0,-1,-1,1,0,1,0,2,0,3,0,0,1,0,0,1,0,0,0,0,0,0,0,0,0,0,0,0,0,0,0,0,0,0,0,0,0,0,0,0,0,0,0,0,0,0,0,0,0,0,0,0,0,0,0,0,0,0,0,0,0,0,0,0,0,0,0,1,1,0,0,0,1,1,1,1,1,1,1,103,100,103,100,0,0,0,0,-1,1,0,1,0,0,0,0,0,0,0,0,0,0,0,0,0,0,0,0,0,0,0,0,0,0,0,0,0,0,0,0,0,0,0,0,0,0,0,0,-1,32900,100,0,0,0,0,0,0,0,0,0,0,0,0,0,0,0,0,0,0,0,0,0,0,0,0,0,0,0,0,0,0,0,0,0,0,0,0,0,0,0,0,0,0,0,0,0,0,0,0,0,0,0,0,0,0,0,0,0,0,0,0,0,0,0,0,0,0,0,0,0,0,0,0,0,0,0,0,0,0,0,0,0,0,0,0,0,0,0,0,0,0,0,0,0,0,0,0,-1,0,210,1000,30102,800,650,-1,0,0,0,0,0,0,0,0,37200,1,-1,0,-1,-1,-1,1,0,45,0,0,45,0,0,[0|0|0|0],15,14,0,[0|0|0|0|0|0|0|0|0|0|0|0|0|0|0|0|0|0|0|0|0|0|0|0|0|0|0|0|0|0|0|0|0|0|0|0],1,1,0,10520,100,112,0,-1,0,0,0,-1,0,0,[0|0|0|0|0|0],-2,-1,1.5,0,0,0,0,0,0,0,0,0,0,0,0,0,0,0,0,0,0,0,0,0,0,0,0,7200,70,76,132,87,0,1,0,0,0,0,0,0,0,0,0,0,0,0,0,0,0,0,0,0,[0|0],360,0,0,0,[0|0],1,0,0,0,[0|0|0],1,1,0,0,0,0,0,-1,0,0,0,[0|0|0|0|0|0|0|0|0|0|0|0|0|0|0|0]
53000000,LEGS - LG-011 MELANDER,0,0,0,[0|0|0],100000,953000,100700,100710,100720,40500,40500,40500,17960,-1,-1,-1,40,1.1,-0.33,53000000,53000000,53000000,53000000,53000000,53000000,53000000,53000000,53000000,53000000,53000000,-1,-1,-1,-1,-1,1,1,1,1,1,1,1,1,-1,1010,1096,1172,0,0,100,100,45,0,0,0,0,0,0,0,0,100,100,100,0,0,-1,-1,1,0,6,0,3,0,4,0,1,1,0,0,0,1,0,0,0,0,0,0,0,0,0,0,0,0,0,0,0,0,0,0,0,0,0,0,0,0,0,0,0,0,0,0,0,0,0,0,0,0,0,0,0,0,0,0,0,0,0,0,0,0,0,0,1,1,0,0,0,1,1,1,1,1,1,1,103,100,103,100,0,0,0,0,1,1,0,1,0,0,0,0,0,0,0,0,0,0,0,0,0,0,0,0,0,0,0,0,0,0,0,0,0,0,0,0,0,0,0,0,0,0,0,0,-1,40500,100,0,0,0,0,0,0,0,0,0,0,0,0,0,0,0,0,0,0,0,0,0,0,0,0,0,0,0,0,0,0,0,0,0,0,0,0,0,0,0,0,0,0,0,0,0,0,0,0,0,0,0,0,0,0,0,0,0,0,0,0,0,0,0,0,0,0,0,0,0,0,0,0,0,0,0,0,0,0,0,0,0,0,0,0,0,0,0,0,0,0,0,0,0,0,0,0,0,0,365,4300,30200,1550,1400,-1,0,0,0,0,5,0,0,0,37300,1,-1,0,-1,-1,-1,1,107,0,843,0,0,0,0,[0|0|0|0],11,18,0,[0|0|0|0|0|0|0|0|0|0|0|0|0|0|0|0|0|0|0|0|0|0|0|0|0|0|0|0|0|0|0|0|0|0|0|0],1,1,0,0,0,0,60520,-1,0,10000000,30,-1,0,80,[0|0|0|0|0|0],6.9,4,6.1,0,0,0,0,0,0,0,0,0,0,0.5,28,1,400,10,15,45,0,0,0,843,0,0,0,0,0,0,0,0,60520,1,40,107,28,0,0,0,0,0,0,0,0,0,0,0,0,0,0,0,[0|0],360,0,0,0,[0|0],0,0,0,0,[0|0|0],1,1,100,0,0,0,2.53,-1,0,0,0,[157|127|163|62|0|0|0|0|0|0|0|0|0|0|0|0]
53000300,LEGS - LG-012 MELANDER C3,0,0,0,[0|0|0],100020,953000,100700,100710,100720,40500,40500,40500,16520,-1,-1,-1,40,1.1,-0.33,53000300,53000300,53000300,53000300,53000300,53000300,53000300,53000300,53000300,53000300,53000300,-1,-1,-1,-1,-1,1,1,1,1,1,1,1,1,-1,1011,1096,1172,0,0,100,100,45,0,0,0,0,0,0,0,0,100,100,100,0,0,-1,-1,1,0,6,0,3,0,4,0,1,1,0,0,0,1,0,0,0,0,0,0,0,0,0,0,0,0,0,0,0,0,0,0,0,0,0,0,0,0,0,0,0,0,0,0,0,0,0,0,0,0,0,0,0,0,0,0,0,0,0,0,0,0,0,0,1,1,0,0,0,1,1,1,1,1,1,1,103,100,103,100,0,0,0,0,1,1,0,1,0,0,0,0,0,0,0,0,0,0,0,0,0,0,0,0,0,0,0,0,0,0,0,0,0,0,0,0,0,0,0,0,0,0,0,0,-1,40500,100,0,0,0,0,0,0,0,0,0,0,0,0,0,0,0,0,0,0,0,0,0,0,0,0,0,0,0,0,0,0,0,0,0,0,0,0,0,0,0,0,0,0,0,0,0,0,0,0,0,0,0,0,0,0,0,0,0,0,0,0,0,0,0,0,0,0,0,0,0,0,0,0,0,0,0,0,0,0,0,0,0,0,0,0,0,0,0,0,0,0,0,0,0,0,0,0,0,0,355,3980,30200,1550,1400,-1,0,0,0,0,5,0,0,0,37300,1,-1,0,-1,-1,-1,1,138,0,835,0,0,0,0,[0|0|0|0],11,18,0,[0|0|0|0|0|0|0|0|0|0|0|0|0|0|0|0|0|0|0|0|0|0|0|0|0|0|0|0|0|0|0|0|0|0|0|0],1,1,0,0,0,0,55440,-1,0,10000000,30,-1,0,80,[0|0|0|0|0|0],6.3,3.9,5.7,0,0,0,0,0,0,0,0,0,0,0.5,30,1,400,10,15,45,0,0,0,835,0,0,0,0,0,0,0,0,55440,1,40,138,30,0,0,0,0,0,0,0,0,0,0,0,0,0,0,0,[0|0],360,0,0,0,[0|0],0,0,0,0,[0|0|0],1,1,100,0,0,0,2.53,-1,0,0,0,[42|115|163|62|0|0|0|0|0|0|0|0|0|0|0|0]
53000100,LEGS - 2S-5000 DESSERT,0,0,0,[0|0|0],400900,953000,100700,100710,100720,32400,32400,32400,27180,-1,-1,-1,40,1.1,-0.33,53000100,53000100,53000100,53000100,53000100,53000100,53000100,53000100,53000100,53000100,53000100,-1,-1,-1,-1,-1,1,1,1,1,1,1,1,1,-1,1080,1096,1172,0,0,100,100,45,0,0,0,0,0,0,0,0,100,100,100,0,0,-1,-1,1,0,6,0,3,0,4,0,1,1,0,0,0,1,0,0,0,0,0,0,0,0,0,0,0,0,0,0,0,0,0,0,0,0,0,0,0,0,0,0,0,0,0,0,0,0,0,0,0,0,0,0,0,0,0,0,0,0,0,0,0,0,0,0,1,1,0,0,0,1,1,1,1,1,1,1,103,100,103,100,0,0,0,0,1,1,0,1,0,0,0,0,0,0,0,0,0,0,0,0,0,0,0,0,0,0,0,0,0,0,0,0,0,0,0,0,0,0,0,0,0,0,0,0,-1,32400,100,0,0,0,0,0,0,0,0,0,0,0,0,0,0,0,0,0,0,0,0,0,0,0,0,0,0,0,0,0,0,0,0,0,0,0,0,0,0,0,0,0,0,0,0,0,0,0,0,0,0,0,0,0,0,0,0,0,0,0,0,0,0,0,0,0,0,0,0,0,0,0,0,0,0,0,0,0,0,0,0,0,0,0,0,0,0,0,0,0,0,0,0,0,0,0,0,0,0,420,5290,30200,1550,1400,-1,0,0,0,0,5,0,0,0,37300,1,-1,0,-1,-1,-1,1,80,0,997,0,0,0,0,[0|0|0|0],6,18,0,[0|0|0|0|0|0|0|0|0|0|0|0|0|0|0|0|0|0|0|0|0|0|0|0|0|0|0|0|0|0|0|0|0|0|0|0],1,1,0,0,0,0,77100,-1,0,10000000,15,-1,0,80,[0|0|0|0|0|0],8.2,9.2,6.9,0,0,0,0,0,0,0,0,0,0,0.5,19,1,300,10,15,45,0,0,0,997,0,0,0,0,0,0,0,0,77100,1,40,80,19,0,0,0,0,0,0,0,0,0,0,0,0,0,0,0,[0|0],360,0,0,0,[0|0],0,0,0,0,[0|0|0],0.9,0.9,200,0,0,0,2.35,-1,0,0,0,[212|181|150|61|0|0|0|0|0|0|0|0|0|0|0|0]
53010000,LEGS - DF-LG-08 TIAN-QIANG,0,0,0,[0|0|0],110000,953000,100700,100710,100720,72000,72000,72000,26950,-1,-1,-1,40,1.1,-0.33,53010000,53010000,53010000,53010000,53010000,53010000,53010000,53010000,53010000,53010000,53010000,-1,-1,-1,-1,-1,1,1,1,1,1,1,1,1,-1,2010,1096,1172,0,0,100,100,45,0,0,0,0,0,0,0,0,100,100,100,0,0,-1,-1,1,0,6,0,3,0,4,0,1,1,0,0,0,1,0,0,0,0,0,0,0,0,0,0,0,0,0,0,0,0,0,0,0,0,0,0,0,0,0,0,0,0,0,0,0,0,0,0,0,0,0,0,0,0,0,0,0,0,0,0,0,0,0,0,1,1,0,0,0,1,1,1,1,1,1,1,103,100,103,100,0,0,0,0,1,1,0,1,0,0,0,0,0,0,0,0,0,0,0,0,0,0,0,0,0,0,0,0,0,0,0,0,0,0,0,0,0,0,0,0,0,0,0,0,-1,72000,100,0,0,0,0,0,0,0,0,0,0,0,0,0,0,0,0,0,0,0,0,0,0,0,0,0,0,0,0,0,0,0,0,0,0,0,0,0,0,0,0,0,0,0,0,0,0,0,0,0,0,0,0,0,0,0,0,0,0,0,0,0,0,0,0,0,0,0,0,0,0,0,0,0,0,0,0,0,0,0,0,0,0,0,0,0,0,0,0,0,0,0,0,0,0,0,0,0,0,400,5300,30200,1550,1400,-1,0,0,0,0,5,0,0,0,37300,1,-1,0,-1,-1,-1,1,90,0,925,0,0,0,0,[0|0|0|0],12,18,0,[0|0|0|0|0|0|0|0|0|0|0|0|0|0|0|0|0|0|0|0|0|0|0|0|0|0|0|0|0|0|0|0|0|0|0|0],1,1,0,0,0,0,82600,-1,0,10000000,15,-1,0,80,[0|0|0|0|0|0],11.4,8.2,9.5,0,0,0,0,0,0,0,0,0,0,0.5,20,1,300,10,15,45,0,0,0,925,0,0,0,0,0,0,0,0,82600,1,40,90,20,0,0,0,0,0,0,0,0,0,0,0,0,0,0,0,[0|0],360,0,0,0,[0|0],1,0,0,0,[0|0|0],0.9,0.9,200,0,0,0,2.5,-1,0,0,0,[45|63|152|62|0|0|0|0|0|0|0|0|0|0|0|0]
53020000,LEGS - NACHTREIHER/42E,0,0,0,[0|0|0],210000,953000,100700,100710,100720,54900,54900,54900,14030,-1,-1,-1,40,1.1,-0.33,53020000,53020000,53020000,53020000,53020000,53020000,53020000,53020000,53020000,53020000,53020000,-1,-1,-1,-1,-1,1,1,1,1,1,1,1,1,-1,3010,1096,1172,0,0,100,100,45,0,0,0,0,0,0,0,0,100,100,100,0,0,-1,-1,1,0,6,0,3,0,4,0,1,1,0,0,0,1,0,0,0,0,0,0,0,0,0,0,0,0,0,0,0,0,0,0,0,0,0,0,0,0,0,0,0,0,0,0,0,0,0,0,0,0,0,0,0,0,0,0,0,0,0,0,0,0,0,0,1,1,0,0,0,1,1,1,1,1,1,1,103,100,103,100,0,0,0,0,1,1,0,1,0,0,0,0,0,0,0,0,0,0,0,0,0,0,0,0,0,0,0,0,0,0,0,0,0,0,0,0,0,0,0,0,0,0,0,0,-1,54900,100,0,0,0,0,0,0,0,0,0,0,0,0,0,0,0,0,0,0,0,0,0,0,0,0,0,0,0,0,0,0,0,0,0,0,0,0,0,0,0,0,0,0,0,0,0,0,0,0,0,0,0,0,0,0,0,0,0,0,0,0,0,0,0,0,0,0,0,0,0,0,0,0,0,0,0,0,0,0,0,0,0,0,0,0,0,0,0,0,0,0,0,0,0,0,0,0,0,0,462,3460,30200,1550,1400,-1,0,0,0,0,5,0,0,0,37300,1,-1,0,-1,-1,-1,1.1,228,0,662,0,0,0,0,[0|0|0|0],8,18,0,[0|0|0|0|0|0|0|0|0|0|0|0|0|0|0|0|0|0|0|0|0|0|0|0|0|0|0|0|0|0|0|0|0|0|0|0],1,1,0,0,0,0,48650,-1,0,10000000,30,-1,0,80,[0|0|0|0|0|0],-0.5,3,-0.2,0,0,0,0,0,0,0,0,0,0,0.5,52,1,400,10,15,45,0,0,0,662,0,0,0,0,0,0,0,0,48650,1.1,40,228,52,0,0,0,0,0,0,0,0,0,0,0,0,0,0,0,[0|0],360,0,0,0,[0|0],0,0,0,0,[0|0|0],1.1,1.1,0,0,0,0,3.35,-1,0,0,0,[243|28|131|63|0|0|0|0|0|0|0|0|0|0|0|0]
53030000,LEGS - VP-422,0,0,0,[0|0|0],200000,953000,100700,100710,100720,88200,88200,88200,17170,-1,-1,-1,40,1.1,-0.33,53030000,53030000,53030000,53030000,53030000,53030000,53030000,53030000,53030000,53030000,53030000,-1,-1,-1,-1,-1,1,1,1,1,1,1,1,1,-1,4010,1096,1172,0,0,100,100,45,0,0,0,0,0,0,0,0,100,100,100,0,0,-1,-1,1,0,6,0,3,0,4,0,1,1,0,0,0,1,0,0,0,0,0,0,0,0,0,0,0,0,0,0,0,0,0,0,0,0,0,0,0,0,0,0,0,0,0,0,0,0,0,0,0,0,0,0,0,0,0,0,0,0,0,0,0,0,0,0,1,1,0,0,0,1,1,1,1,1,1,1,103,100,103,100,0,0,0,0,1,1,0,1,0,0,0,0,0,0,0,0,0,0,0,0,0,0,0,0,0,0,0,0,0,0,0,0,0,0,0,0,0,0,0,0,0,0,0,0,-1,88200,100,0,0,0,0,0,0,0,0,0,0,0,0,0,0,0,0,0,0,0,0,0,0,0,0,0,0,0,0,0,0,0,0,0,0,0,0,0,0,0,0,0,0,0,0,0,0,0,0,0,0,0,0,0,0,0,0,0,0,0,0,0,0,0,0,0,0,0,0,0,0,0,0,0,0,0,0,0,0,0,0,0,0,0,0,0,0,0,0,0,0,0,0,0,0,0,0,0,0,387,4090,30200,1550,1400,-1,0,0,0,0,5,0,0,0,37300,1,-1,0,-1,-1,-1,1,112,0,830,0,0,0,0,[0|0|0|0],7,18,0,[0|0|0|0|0|0|0|0|0|0|0|0|0|0|0|0|0|0|0|0|0|0|0|0|0|0|0|0|0|0|0|0|0|0|0|0],1,1,0,0,0,0,58620,-1,0,10000000,30,-1,0,80,[0|0|0|0|0|0],5.2,7.9,3.4,0,0,0,0,0,0,0,0,0,0,0.5,29,1,400,10,15,45,0,0,0,830,0,0,0,0,0,0,0,0,58620,1,40,112,29,0,0,0,0,0,0,0,0,0,0,0,0,0,0,0,[0|0],360,0,0,0,[0|0],0,0,0,0,[0|0|0],1,1,100,0,0,0,2.7,-1,0,0,0,[247|234|15|63|0|0|0|0|0|0|0|0|0|0|0|0]
53040000,LEGS - VE-42A,0,0,0,[0|0|0],300000,953000,100700,100710,100720,32400,32400,32400,31580,-1,9080,-1,40,1.1,-0.33,53040000,53040000,53040000,53040000,53040000,53040000,53040000,53040000,53040000,53040000,53040000,-1,-1,-1,-1,-1,1,1,1,1,1,1,1,1,-1,5010,1096,1172,0,0,100,100,45,0,0,0,0,0,0,0,0,100,100,100,0,0,-1,-1,1,0,6,0,3,0,4,0,1,1,0,0,0,1,0,0,0,0,0,0,0,0,0,0,0,0,0,0,0,0,0,0,0,0,0,0,0,0,0,0,0,0,0,0,0,0,0,0,0,0,0,0,0,0,0,0,0,0,0,0,0,0,0,0,1,1,0,0,0,1,1,1,1,1,1,1,103,100,103,100,0,0,0,0,3,1,0,1,0,0,0,0,0,0,0,0,0,0,0,0,0,0,0,0,0,0,0,0,0,0,0,0,0,0,0,0,0,0,0,0,0,0,0,0,-1,32400,100,0,0,0,0,0,0,0,0,0,0,0,0,0,0,0,0,0,0,0,0,0,0,0,0,0,0,0,0,0,0,0,0,0,0,0,0,0,0,0,0,0,0,0,0,0,0,0,0,0,0,0,0,0,0,0,0,0,0,0,0,0,0,0,0,0,0,0,0,0,0,0,0,0,0,0,0,0,0,0,0,0,0,0,0,0,0,0,0,0,0,0,0,0,0,0,0,0,0,465,5900,30200,1550,1400,-1,0,0,0,0,5,0,0,0,50100,1,-1,0,-1,-1,-1,0.6,56,0,977,0,0,0,0,[0|0|0|0],20,18,0,[0|0|0|0|0|0|0|0|0|0|0|0|0|0|0|0|0|0|0|0|0|0|0|0|0|0|0|0|0|0|0|0|0|0|0|0],0.7,1,0,0,0,0,85700,-1,0,10000000,10,-1,0,80,[0|0|0|0|0|0],8,12.1,8.7,0,0,0,0,0,0,0,0,0,0,0.5,14,1,200,10,15,45,0,0,0,977,0,0,0,0,0,0,0,0,85700,0.6,40,56,14,0,0,0,0,0,0,0,0,0,0,0,0,0,0,0,[0|0],360,0,0,0,[0|0],1,0,0,0,[0|0|0],0.9,0.9,210,70,120,0,3.2,-1,0,0,0,[250|12|100|63|0|0|0|0|0|0|0|0|0|0|0|0]
53050000,LEGS - 06-041 MIND ALPHA,0,0,0,[0|0|0],500000,953000,100700,100710,100720,112500,112500,112500,20810,-1,-1,-1,40,1.1,-0.33,53050000,53050000,53050000,53050000,53050000,53050000,53050000,53050000,53050000,53050000,53050000,-1,-1,-1,-1,-1,1,1,1,1,1,1,1,1,-1,6010,1096,1172,0,0,100,100,45,0,0,0,0,0,0,0,0,100,100,100,0,0,-1,-1,1,0,6,0,3,0,4,0,1,1,0,0,0,1,0,0,0,0,0,0,0,0,0,0,0,0,0,0,0,0,0,0,0,0,0,0,0,0,0,0,0,0,0,0,0,0,0,0,0,0,0,0,0,0,0,0,0,0,0,0,0,0,0,0,1,1,0,0,0,1,1,1,1,1,1,1,103,100,103,100,0,0,0,0,1,1,0,1,0,0,0,0,0,0,0,0,0,0,0,0,0,0,0,0,0,0,0,0,0,0,0,0,0,0,0,0,0,0,0,0,0,0,0,0,-1,112500,100,0,0,0,0,0,0,0,0,0,0,0,0,0,0,0,0,0,0,0,0,0,0,0,0,0,0,0,0,0,0,0,0,0,0,0,0,0,0,0,0,0,0,0,0,0,0,0,0,0,0,0,0,0,0,0,0,0,0,0,0,0,0,0,0,0,0,0,0,0,0,0,0,0,0,0,0,0,0,0,0,0,0,0,0,0,0,0,0,0,0,0,0,0,0,0,0,0,0,412,4560,30200,1550,1400,-1,0,0,0,0,5,0,0,0,37300,1,-1,0,-1,-1,-1,1,103,0,894,0,0,0,0,[0|0|0|0],4,18,0,[0|0|0|0|0|0|0|0|0|0|0|0|0|0|0|0|0|0|0|0|0|0|0|0|0|0|0|0|0|0|0|0|0|0|0|0],1,1,0,0,0,0,63810,-1,0,10000000,30,-1,0,80,[0|0|0|0|0|0],7,9,5.6,0,0,0,0,0,0,0,0,0,0,0.5,25,1,400,10,15,45,0,0,0,894,0,0,0,0,0,0,0,0,63810,1,40,103,25,0,0,0,0,0,0,0,0,0,0,0,0,0,0,0,[0|0],360,0,0,0,[0|0],0,0,0,0,[0|0|0],0.95,0.95,200,0,0,0,2.8,-1,0,0,0,[31|189|41|63|0|0|0|0|0|0|0|0|0|0|0|0]
53060000,LEGS - EL-TL-10 FIRMEZA,0,0,0,[0|0|0],410000,953000,100700,100710,100720,32400,32400,32400,11200,-1,-1,-1,40,1.1,-0.33,53060000,53060000,53060000,53060000,53060000,53060000,53060000,53060000,53060000,53060000,53060000,-1,-1,-1,-1,-1,1,1,1,1,1,1,1,1,-1,7010,1096,1172,0,0,100,100,45,0,0,0,0,0,0,0,0,100,100,100,0,0,-1,-1,1,0,6,0,3,0,4,0,1,1,0,0,0,1,0,0,0,0,0,0,0,0,0,0,0,0,0,0,0,0,0,0,0,0,0,0,0,0,0,0,0,0,0,0,0,0,0,0,0,0,0,0,0,0,0,0,0,0,0,0,0,0,0,0,1,1,0,0,0,1,1,1,1,1,1,1,103,100,103,100,0,0,0,0,1,1,0,1,0,0,0,0,0,0,0,0,0,0,0,0,0,0,0,0,0,0,0,0,0,0,0,0,0,0,0,0,0,0,0,0,0,0,0,0,-1,32400,100,0,0,0,0,0,0,0,0,0,0,0,0,0,0,0,0,0,0,0,0,0,0,0,0,0,0,0,0,0,0,0,0,0,0,0,0,0,0,0,0,0,0,0,0,0,0,0,0,0,0,0,0,0,0,0,0,0,0,0,0,0,0,0,0,0,0,0,0,0,0,0,0,0,0,0,0,0,0,0,0,0,0,0,0,0,0,0,0,0,0,0,0,0,0,0,0,0,0,378,3600,30200,1550,1400,-1,0,0,0,0,5,0,0,0,37300,1,-1,0,-1,-1,-1,1.1,155,0,737,0,0,0,0,[0|0|0|0],19,18,0,[0|0|0|0|0|0|0|0|0|0|0|0|0|0|0|0|0|0|0|0|0|0|0|0|0|0|0|0|0|0|0|0|0|0|0|0],1,1,0,0,0,0,52100,-1,0,10000000,30,-1,0,80,[0|0|0|0|0|0],2.8,-3.4,-3,0,0,0,0,0,0,0,0,0,0,0.5,31,1,400,10,15,45,0,0,0,737,0,0,0,0,0,0,0,0,52100,1.1,40,155,31,0,0,0,0,0,0,0,0,0,0,0,0,0,0,0,[0|0],360,0,0,0,[0|0],0,0,0,0,[0|0|0],1.1,1.1,0,0,0,0,2.7,-1,0,0,0,[14|78|20|63|0|0|0|0|0|0|0|0|0|0|0|0]
53070200,LEGS - AL-J-121 BASHO,0,0,0,[0|0|0],0,953000,100700,100710,100720,42300,42300,42300,19720,-1,-1,-1,40,1.1,-0.33,53070200,53070200,53070200,53070200,53070200,53070200,53070200,53070200,53070200,53070200,53070200,-1,-1,-1,-1,-1,1,1,1,1,1,1,1,1,-1,8030,1096,1172,0,0,100,100,45,0,0,0,0,0,0,0,0,100,100,100,0,0,-1,-1,1,0,6,0,3,0,4,0,1,1,0,0,0,1,0,0,0,0,0,0,0,0,0,0,0,0,0,0,0,0,0,0,0,0,0,0,0,0,0,0,0,0,0,0,0,0,0,0,0,0,0,0,0,0,0,0,0,0,0,0,0,0,0,0,1,1,0,0,0,1,1,1,1,1,1,1,103,100,103,100,0,0,0,0,1,1,0,1,0,0,0,0,0,0,0,0,0,0,0,0,0,0,0,0,0,0,0,0,0,0,0,0,0,0,0,0,0,0,0,0,0,0,0,0,-1,42300,100,0,0,0,0,0,0,0,0,0,0,0,0,0,0,0,0,0,0,0,0,0,0,0,0,0,0,0,0,0,0,0,0,0,0,0,0,0,0,0,0,0,0,0,0,0,0,0,0,0,0,0,0,0,0,0,0,0,0,0,0,0,0,0,0,0,0,0,0,0,0,0,0,0,0,0,0,0,0,0,0,0,0,0,0,0,0,0,0,0,0,0,0,0,0,0,0,0,0,300,4240,30200,1550,1400,-1,0,0,0,0,5,0,0,0,37300,1,-1,0,-1,-1,-1,1.1,152,0,824,0,0,0,0,[0|0|0|0],15,18,0,[0|0|0|0|0|0|0|0|0|0|0|0|0|0|0|0|0|0|0|0|0|0|0|0|0|0|0|0|0|0|0|0|0|0|0|0],1,1,0,0,0,0,62600,-1,0,10000000,15,-1,0,80,[0|0|0|0|0|0],6.2,2.5,9.8,0,0,0,0,0,0,0,0,0,0,0.5,29,1,400,10,15,45,0,0,0,824,0,0,0,0,0,0,0,0,62600,1.1,40,152,29,0,0,0,0,0,0,0,0,0,0,0,0,0,0,0,[0|0],360,0,0,0,[0|0],0,0,0,0,[0|0|0],0.95,0.95,100,0,0,0,2.35,-1,0,0,0,[27|127|162|187|0|0|0|0|0|0|0|0|0|0|0|0]
53070300,LEGS - 2C-3000 WRECKER,0,0,0,[0|0|0],400100,953000,100700,100710,100720,32400,32400,32400,23230,-1,-1,-1,40,1.1,-0.33,53070300,53070300,53070300,53070300,53070300,53070300,53070300,53070300,53070300,53070300,53070300,-1,-1,-1,-1,-1,1,1,1,1,1,1,1,1,-1,8040,1096,1172,0,0,100,100,45,0,0,0,0,0,0,0,0,100,100,100,0,0,-1,-1,1,0,6,0,3,0,4,0,1,1,0,0,0,1,0,0,0,0,0,0,0,0,0,0,0,0,0,0,0,0,0,0,0,0,0,0,0,0,0,0,0,0,0,0,0,0,0,0,0,0,0,0,0,0,0,0,0,0,0,0,0,0,0,0,1,1,0,0,0,1,1,1,1,1,1,1,103,100,103,100,0,0,0,0,1,1,0,1,0,0,0,0,0,0,0,0,0,0,0,0,0,0,0,0,0,0,0,0,0,0,0,0,0,0,0,0,0,0,0,0,0,0,0,0,-1,32400,100,0,0,0,0,0,0,0,0,0,0,0,0,0,0,0,0,0,0,0,0,0,0,0,0,0,0,0,0,0,0,0,0,0,0,0,0,0,0,0,0,0,0,0,0,0,0,0,0,0,0,0,0,0,0,0,0,0,0,0,0,0,0,0,0,0,0,0,0,0,0,0,0,0,0,0,0,0,0,0,0,0,0,0,0,0,0,0,0,0,0,0,0,0,0,0,0,0,0,680,5220,30200,1550,1400,-1,0,0,0,0,5,0,0,0,37300,1,-1,0,-1,-1,-1,1,86,0,1003,0,0,0,0,[0|0|0|0],6,18,0,[0|0|0|0|0|0|0|0|0|0|0|0|0|0|0|0|0|0|0|0|0|0|0|0|0|0|0|0|0|0|0|0|0|0|0|0],1,1,0,0,0,0,68900,-1,0,10000000,15,-1,0,80,[0|0|0|0|0|0],7.1,3.7,9.3,0,0,0,0,0,0,0,0,0,0,0.5,17,1,300,10,15,45,0,0,0,1003,0,0,0,0,0,0,0,0,68900,1,40,86,17,0,0,0,0,0,0,0,0,0,0,0,0,0,0,0,[0|0],360,0,0,0,[0|0],0,0,0,0,[0|0|0],0.9,0.9,200,0,0,0,2.25,-1,0,0,0,[176|227|63|57|0|0|0|0|0|0|0|0|0|0|0|0]
53070400,LEGS - 2C-2000 CRAWLER,0,0,0,[0|0|0],400000,953000,100700,100710,100720,32400,32400,32400,16300,-1,-1,-1,40,1.1,-0.33,53070400,53070400,53070400,53070400,53070400,53070400,53070400,53070400,53070400,53070400,53070400,-1,-1,-1,-1,-1,1,1,1,1,1,1,1,1,-1,1400,1096,1172,0,0,100,100,45,0,0,0,0,0,0,0,0,100,100,100,0,0,-1,-1,1,0,6,0,3,0,4,0,1,1,0,0,0,1,0,0,0,0,0,0,0,0,0,0,0,0,0,0,0,0,0,0,0,0,0,0,0,0,0,0,0,0,0,0,0,0,0,0,0,0,0,0,0,0,0,0,0,0,0,0,0,0,0,0,1,1,0,0,0,1,1,1,1,1,1,1,103,100,103,100,0,0,0,0,1,1,0,1,0,0,0,0,0,0,0,0,0,0,0,0,0,0,0,0,0,0,0,0,0,0,0,0,0,0,0,0,0,0,0,0,0,0,0,0,-1,32400,100,0,0,0,0,0,0,0,0,0,0,0,0,0,0,0,0,0,0,0,0,0,0,0,0,0,0,0,0,0,0,0,0,0,0,0,0,0,0,0,0,0,0,0,0,0,0,0,0,0,0,0,0,0,0,0,0,0,0,0,0,0,0,0,0,0,0,0,0,0,0,0,0,0,0,0,0,0,0,0,0,0,0,0,0,0,0,0,0,0,0,0,0,0,0,0,0,0,0,280,3650,30200,1550,1400,-1,0,0,0,0,5,0,0,0,37300,1,-1,0,-1,-1,-1,1,100,0,799,0,0,0,0,[0|0|0|0],6,18,0,[0|0|0|0|0|0|0|0|0|0|0|0|0|0|0|0|0|0|0|0|0|0|0|0|0|0|0|0|0|0|0|0|0|0|0|0],1,1,0,0,0,0,53700,-1,0,10000000,30,-1,0,80,[0|0|0|0|0|0],2.6,2.2,3.7,0,0,0,0,0,0,0,0,0,0,0.5,27,1,400,10,15,45,0,0,0,799,0,0,0,0,0,0,0,0,53700,1,40,100,27,0,0,0,0,0,0,0,0,0,0,0,0,0,0,0,[0|0],360,0,0,0,[0|0],0,0,0,0,[0|0|0],1,1,0,0,0,0,2.25,-1,0,0,0,[0|0|0|0|0|0|0|0|0|0|0|0|0|0|0|0]
53080000,LEGS - IB-C03L: HAL 826,0,0,0,[0|0|0],700000,953000,100700,100710,100720,32400,32400,32400,20190,-1,-1,-1,40,1.1,-0.33,53080000,53080000,53080000,53080000,53080000,53080000,53080000,53080000,53080000,53080000,53080000,-1,-1,-1,-1,-1,1,1,1,1,1,1,1,1,-1,8010,1096,1172,0,0,100,100,45,0,0,0,0,0,0,0,0,100,100,100,0,0,-1,-1,1,0,6,0,3,0,4,0,1,1,0,0,0,1,0,0,0,0,0,0,0,0,0,0,0,0,0,0,0,0,0,0,0,0,0,0,0,0,0,0,0,0,0,0,0,0,0,0,0,0,0,0,0,0,0,0,0,0,0,0,0,0,0,0,1,1,0,0,0,1,1,1,1,1,1,1,103,100,103,100,0,0,0,0,1,1,0,1,0,0,0,0,0,0,0,0,0,0,0,0,0,0,0,0,0,0,0,0,0,0,0,0,0,0,0,0,0,0,0,0,0,0,0,0,-1,32400,100,0,0,0,0,0,0,0,0,0,0,0,0,0,0,0,0,0,0,0,0,0,0,0,0,0,0,0,0,0,0,0,0,0,0,0,0,0,0,0,0,0,0,0,0,0,0,0,0,0,0,0,0,0,0,0,0,0,0,0,0,0,0,0,0,0,0,0,0,0,0,0,0,0,0,0,0,0,0,0,0,0,0,0,0,0,0,0,0,0,0,0,0,0,0,0,0,0,0,345,4320,30200,1550,1400,-1,0,0,0,0,5,0,0,0,37300,1,-1,0,-1,-1,-1,1,115,0,906,0,0,0,0,[0|0|0|0],2,18,0,[0|0|0|0|0|0|0|0|0|0|0|0|0|0|0|0|0|0|0|0|0|0|0|0|0|0|0|0|0|0|0|0|0|0|0|0],1,1,0,0,0,0,64900,-1,0,10000000,30,-1,0,80,[0|0|0|0|0|0],5.9,8,5.1,0,0,0,0,0,0,0,0,0,0,0.5,31,1,400,10,15,45,0,0,0,906,0,0,0,0,0,0,0,0,64900,1,40,115,31,0,0,0,0,0,0,0,0,0,0,0,0,0,0,0,[0|0],360,0,0,0,[0|0],0,0,0,0,[0|0|0],1,1,100,0,0,0,2.9,-1,0,0,0,[88|117|10|63|0|0|0|0|0|0|0|0|0|0|0|0]
53080100,LEGS - IA-C01L: EPHEMERA,0,0,0,[0|0|0],600000,953000,100700,100710,100720,32400,32400,32400,14560,-1,-1,-1,40,1.1,-0.33,53080100,53080100,53080100,53080100,53080100,53080100,53080100,53080100,53080100,53080100,53080100,-1,-1,-1,-1,-1,1,1,1,1,1,1,1,1,-1,8020,1096,1172,0,0,100,100,45,0,0,0,0,0,0,0,0,100,100,100,0,0,-1,-1,1,0,6,0,3,0,4,0,1,1,0,0,0,1,0,0,0,0,0,0,0,0,0,0,0,0,0,0,0,0,0,0,0,0,0,0,0,0,0,0,0,0,0,0,0,0,0,0,0,0,0,0,0,0,0,0,0,0,0,0,0,0,0,0,1,1,0,0,0,1,1,1,1,1,1,1,103,100,103,100,0,0,0,0,1,1,0,1,0,0,0,0,0,0,0,0,0,0,0,0,0,0,0,0,0,0,0,0,0,0,0,0,0,0,0,0,0,0,0,0,0,0,0,0,-1,32400,100,0,0,0,0,0,0,0,0,0,0,0,0,0,0,0,0,0,0,0,0,0,0,0,0,0,0,0,0,0,0,0,0,0,0,0,0,0,0,0,0,0,0,0,0,0,0,0,0,0,0,0,0,0,0,0,0,0,0,0,0,0,0,0,0,0,0,0,0,0,0,0,0,0,0,0,0,0,0,0,0,0,0,0,0,0,0,0,0,0,0,0,0,0,0,0,0,0,0,398,3800,30200,1550,1400,-1,0,0,0,0,5,0,0,0,37300,1,-1,0,-1,-1,-1,1,164,0,805,0,0,0,0,[0|0|0|0],2,18,0,[0|0|0|0|0|0|0|0|0|0|0|0|0|0|0|0|0|0|0|0|0|0|0|0|0|0|0|0|0|0|0|0|0|0|0|0],1,1,0,0,0,0,55050,-1,0,10000000,30,-1,0,80,[0|0|0|0|0|0],-0.3,5.2,5.2,0,0,0,0,0,0,0,0,0,0,0.5,30,1,400,10,15,45,0,0,0,805,0,0,0,0,0,0,0,0,55050,1,40,164,30,0,0,0,0,0,0,0,0,0,0,0,0,0,0,0,[0|0],360,0,0,0,[0|0],0,0,0,0,[0|0|0],1,1,0,0,0,0,2.45,-1,0,0,0,[217|236|120|62|0|0|0|0|0|0|0|0|0|0|0|0]
53080200,LEGS - EL-PL-00 ALBA,0,0,0,[0|0|0],410900,953000,100700,100710,100720,32400,32400,32400,13150,-1,-1,-1,40,1.1,-0.33,53080200,53080200,53080200,53080200,53080200,53080200,53080200,53080200,53080200,53080200,53080200,-1,-1,-1,-1,-1,1,1,1,1,1,1,1,1,-1,8060,1096,1172,0,0,100,100,45,0,0,0,0,0,0,0,0,100,100,100,0,0,-1,-1,1,0,6,0,3,0,4,0,1,1,0,0,0,1,0,0,0,0,0,0,0,0,0,0,0,0,0,0,0,0,0,0,0,0,0,0,0,0,0,0,0,0,0,0,0,0,0,0,0,0,0,0,0,0,0,0,0,0,0,0,0,0,0,0,1,1,0,0,0,1,1,1,1,1,1,1,103,100,103,100,0,0,0,0,1,1,0,1,0,0,0,0,0,0,0,0,0,0,0,0,0,0,0,0,0,0,0,0,0,0,0,0,0,0,0,0,0,0,0,0,0,0,0,0,-1,32400,100,0,0,0,0,0,0,0,0,0,0,0,0,0,0,0,0,0,0,0,0,0,0,0,0,0,0,0,0,0,0,0,0,0,0,0,0,0,0,0,0,0,0,0,0,0,0,0,0,0,0,0,0,0,0,0,0,0,0,0,0,0,0,0,0,0,0,0,0,0,0,0,0,0,0,0,0,0,0,0,0,0,0,0,0,0,0,0,0,0,0,0,0,0,0,0,0,0,0,360,3850,30200,1550,1400,-1,0,0,0,0,5,0,0,0,37300,1,-1,0,-1,-1,-1,1.1,130,0,809,0,0,0,0,[0|0|0|0],19,18,0,[0|0|0|0|0|0|0|0|0|0|0|0|0|0|0|0|0|0|0|0|0|0|0|0|0|0|0|0|0|0|0|0|0|0|0|0],1,1,0,0,0,0,50100,-1,0,10000000,30,-1,0,80,[0|0|0|0|0|0],1.6,1.6,1.6,0,0,0,0,0,0,0,0,0,0,0.5,37,1,400,10,15,45,0,0,0,809,0,0,0,0,0,0,0,0,50100,1.1,40,130,37,0,0,0,0,0,0,0,0,0,0,0,0,0,0,0,[0|0],360,0,0,0,[0|0],0,0,0,0,[0|0|0],1.1,1.1,0,0,0,0,2.8,-1,0,0,0,[134|201|236|62|0|0|0|0|0|0|0|0|0|0|0|0]
53900000,LEGS - AL-J-121/RC JAILBREAK,0,0,0,[0|0|0],1,953000,100700,100710,100720,42300,42300,42300,18560,-1,-1,-1,40,1.1,-0.33,53900000,53900000,53900000,53900000,53900000,53900000,53900000,53900000,53900000,53900000,53900000,-1,-1,-1,-1,-1,1,1,1,1,1,1,1,1,-1,8031,1096,1172,0,0,100,100,45,0,0,0,0,0,0,0,0,100,100,100,0,0,-1,-1,1,0,6,0,3,0,4,0,1,1,0,0,0,1,0,0,0,0,0,0,0,0,0,0,0,0,0,0,0,0,0,0,0,0,0,0,0,0,0,0,0,0,0,0,0,0,0,0,0,0,0,0,0,0,0,0,0,0,0,0,0,0,0,0,1,1,0,0,0,1,1,1,1,1,1,1,103,100,103,100,0,0,0,0,1,1,0,1,0,0,0,0,0,0,0,0,0,0,0,0,0,0,0,0,0,0,0,0,0,0,0,0,0,0,0,0,0,0,0,0,0,0,0,0,-1,42300,100,0,0,0,0,0,0,0,0,0,0,0,0,0,0,0,0,0,0,0,0,0,0,0,0,0,0,0,0,0,0,0,0,0,0,0,0,0,0,0,0,0,0,0,0,0,0,0,0,0,0,0,0,0,0,0,0,0,0,0,0,0,0,0,0,0,0,0,0,0,0,0,0,0,0,0,0,0,0,0,0,0,0,0,0,0,0,0,0,0,0,0,0,0,0,0,0,0,0,300,2000,30200,1550,1400,-1,0,0,0,0,5,0,0,0,37300,1,-1,0,-1,-1,-1,1.1,132,0,658,0,0,0,0,[0|0|0|0],15,18,0,[0|0|0|0|0|0|0|0|0|0|0|0|0|0|0|0|0|0|0|0|0|0|0|0|0|0|0|0|0|0|0|0|0|0|0|0],1,1,0,0,0,0,62600,-1,0,10000000,15,-1,0,80,[0|0|0|0|0|0],5.1,1.5,8.8,0,0,0,0,0,0,0,0,0,0,0.5,25,1,400,10,15,45,0,0,0,658,0,0,0,0,0,0,0,0,62600,1.1,40,132,25,0,0,0,0,0,0,0,0,0,0,0,0,0,0,0,[0|0],360,0,0,0,[0|0],0,0,0,0,[0|0|0],0.95,0.95,100,0,0,0,2.35,-1,0,0,0,[175|151|166|187|0|0|0|0|0|0|0|0|0|0|0|0]
53120000,LEGS - KASUAR/42Z,0,0,0,[0|0|0],210010,953000,100700,100710,100720,39000,39000,39000,16510,-1,-1,-1,40,1.1,-0.33,53120000,53120000,53120000,53120000,53120000,53120000,53120000,53120000,53120000,53120000,53120000,-1,-1,-1,-1,-1,1,1,1,1,1,1,1,1,-1,3310,1096,1172,0,0,100,100,45,0,0,0,0,0,0,0,0,100,100,100,0,0,-1,-1,1,0,6,0,3,0,4,0,200,1,0,0,0,1,0,0,0,0,0,0,0,0,0,0,0,0,0,0,0,0,0,0,0,0,0,0,0,0,0,0,0,0,0,0,0,0,0,0,0,0,0,0,0,0,0,0,0,0,0,0,0,0,0,0,1,1,0,0,0,1,1,1,1,1,1,1,103,100,103,100,0,0,0,0,111,1,0,1,0,0,0,0,0,0,0,0,0,0,0,0,0,0,0,0,0,0,0,0,0,0,0,0,0,0,0,0,0,0,0,0,0,0,0,0,-1,39000,100,0,0,0,0,0,0,0,0,0,0,0,0,0,0,0,0,0,0,0,0,0,0,0,0,0,0,0,0,0,0,0,0,0,0,0,0,0,0,0,0,0,0,0,0,0,0,0,0,0,0,0,0,0,0,0,0,0,0,0,0,0,0,0,0,0,0,0,0,0,0,0,0,0,0,0,0,0,0,0,0,0,0,0,0,0,0,0,0,0,0,0,0,0,0,0,0,-1,100000,388,3580,30201,1550,1400,-1,0,0,0,0,5,0,0,0,83500,1,-1,0,-1,-1,-1,0.9,386,0,686,0,0,0,0,[0|0|0|0],8,24,8500,[0|0|0|0|0|0|0|0|0|0|0|0|0|0|0|0|0|0|0|0|0|0|0|0|0|0|0|0|0|0|0|0|0|0|0|0],1,1,0,0,0,0,49280,-1,500,11000000,60,-1,0,80,[0|0|0|0|0|0],-0.7,2.8,-1,0,0,0,0,0,0,0,0,0,10,0.5,80,1,400,10,15,35,0,0,0,686,0,0,0,0,0,0,0,0,49280,0.9,65,386,80,0,0,0,0,0,0,0,0,0,0,0,0,0,0,0,[0|0],360,0,0,0,[0|0],0,0,0,0,[0|0|0],1.1,1.1,0,0,0,0,3.6,-1,0,0,0,[0|0|0|0|0|0|0|0|0|0|0|0|0|0|0|0]
53150000,LEGS - 06-042 MIND BETA,0,0,0,[0|0|0],500010,953000,100700,100710,100720,51000,51000,51000,19750,-1,-1,-1,40,1.1,-0.33,53150000,53150000,53150000,53150000,53150000,53150000,53150000,53150000,53150000,53150000,53150000,-1,-1,-1,-1,-1,1,1,1,1,1,1,1,1,-1,6320,1096,1172,0,0,100,100,45,0,0,0,0,0,0,0,0,100,100,100,0,0,-1,-1,1,0,6,0,3,0,4,0,200,1,0,0,0,1,0,0,0,0,0,0,0,0,0,0,0,0,0,0,0,0,0,0,0,0,0,0,0,0,0,0,0,0,0,0,0,0,0,0,0,0,0,0,0,0,0,0,0,0,0,0,0,0,0,0,1,1,0,0,0,1,1,1,1,1,1,1,103,100,103,100,0,0,0,0,1,1,0,1,0,0,0,0,0,0,0,0,0,0,0,0,0,0,0,0,0,0,0,0,0,0,0,0,0,0,0,0,0,0,0,0,0,0,0,0,-1,51000,100,0,0,0,0,0,0,0,0,0,0,0,0,0,0,0,0,0,0,0,0,0,0,0,0,0,0,0,0,0,0,0,0,0,0,0,0,0,0,0,0,0,0,0,0,0,0,0,0,0,0,0,0,0,0,0,0,0,0,0,0,0,0,0,0,0,0,0,0,0,0,0,0,0,0,0,0,0,0,0,0,0,0,0,0,0,0,0,0,0,0,0,0,0,0,0,0,-1,100000,426,4020,30201,1550,1400,-1,0,0,0,0,5,0,0,0,83500,1,-1,0,-1,-1,-1,0.9,334,0,788,0,0,0,0,[0|0|0|0],4,24,8501,[0|0|0|0|0|0|0|0|0|0|0|0|0|0|0|0|0|0|0|0|0|0|0|0|0|0|0|0|0|0|0|0|0|0|0|0],1,1,0,0,0,0,61600,-1,500,11000000,55,-1,0,80,[0|0|0|0|0|0],4,6,6.4,0,0,0,0,0,0,0,0,0,10,0.5,60,1,400,10,15,35,0,0,0,788,0,0,0,0,0,0,0,0,61600,0.9,65,334,60,0,0,0,0,0,0,0,0,0,0,0,0,0,0,0,[0|0],360,0,0,0,[0|0],0,0,0,0,[0|0|0],0.9,0.9,100,0,0,0,3.5,-1,0,0,0,[128|128|245|189|0|0|0|0|0|0|0|0|0|0|0|0]
53170400,LEGS - RC-2000 SPRING CHICKEN,0,0,0,[0|0|0],400010,953000,100700,100710,100720,51000,51000,51000,25340,-1,-1,-1,40,1.1,-0.33,53170400,53170400,53170400,53170400,53170400,53170400,53170400,53170400,53170400,53170400,53170400,-1,-1,-1,-1,-1,1,1,1,1,1,1,1,1,-1,8350,1096,1172,0,0,100,100,45,0,0,0,0,0,0,0,0,100,100,100,0,0,-1,-1,1,0,6,0,3,0,4,0,200,1,0,0,0,1,0,0,0,0,0,0,0,0,0,0,0,0,0,0,0,0,0,0,0,0,0,0,0,0,0,0,0,0,0,0,0,0,0,0,0,0,0,0,0,0,0,0,0,0,0,0,0,0,0,0,1,1,0,0,0,1,1,1,1,1,1,1,103,100,103,100,0,0,0,0,1,1,0,1,0,0,0,0,0,0,0,0,0,0,0,0,0,0,0,0,0,0,0,0,0,0,0,0,0,0,0,0,0,0,0,0,0,0,0,0,-1,51000,100,0,0,0,0,0,0,0,0,0,0,0,0,0,0,0,0,0,0,0,0,0,0,0,0,0,0,0,0,0,0,0,0,0,0,0,0,0,0,0,0,0,0,0,0,0,0,0,0,0,0,0,0,0,0,0,0,0,0,0,0,0,0,0,0,0,0,0,0,0,0,0,0,0,0,0,0,0,0,0,0,0,0,0,0,0,0,0,0,0,0,0,0,0,0,0,0,-1,100000,402,4410,30201,1550,1400,-1,0,0,0,0,5,0,0,0,83500,1,-1,0,-1,-1,-1,0.9,317,0,841,0,0,0,0,[0|0|0|0],6,24,8502,[0|0|0|0|0|0|0|0|0|0|0|0|0|0|0|0|0|0|0|0|0|0|0|0|0|0|0|0|0|0|0|0|0|0|0|0],1,1,0,0,0,0,73360,-1,500,11000000,50,-1,0,80,[0|0|0|0|0|0],10.6,5.4,8,0,0,0,0,0,0,0,0,0,10,0.5,70,1,400,10,15,35,0,0,0,841,0,0,0,0,0,0,0,0,73360,0.9,65,317,70,0,0,0,0,0,0,0,0,0,0,0,0,0,0,0,[0|0],360,0,0,0,[0|0],0,0,0,0,[0|0|0],1,1,100,0,0,0,3.5,-1,0,0,0,[136|185|228|189|0|0|0|0|0|0|0|0|0|0|0|0]
53200000,LEGS - LG-033M VERRILL,0,0,0,[0|0|0],100020,953000,100700,100710,100720,66000,66000,66000,36200,-1,-1,-1,40,1.1,-0.33,53200000,53200000,53200000,53200000,53200000,53200000,53200000,53200000,53200000,53200000,53200000,-1,-1,-1,-1,-1,1,1,1,1,1,1,1,1,-1,1410,1096,1172,0,0,100,100,100,0,0,0,0,0,0,0,0,100,100,100,0,0,-1,-1,1,0,6,0,3,0,4,0,100,1,0,0,0,1,0,0,0,0,0,0,0,0,0,0,0,0,0,0,0,0,0,0,0,0,0,0,0,0,0,0,0,0,0,0,0,0,0,0,0,0,0,0,0,0,0,0,0,0,0,0,0,0,0,0,1,1,0,0,0,1,1,1,1,1,1,1,103,100,103,100,0,0,0,0,1,1,0,1,0,0,0,0,0,0,0,0,0,0,0,0,0,0,0,0,0,0,0,0,0,0,0,0,0,0,0,0,0,0,0,0,0,0,0,0,-1,66000,100,0,0,0,0,0,0,0,0,0,0,0,0,0,0,0,0,0,0,0,0,0,0,0,0,0,0,0,0,0,0,0,0,0,0,0,0,0,0,0,0,0,0,0,0,0,0,0,0,0,0,0,0,0,0,0,0,0,0,0,0,0,0,0,0,0,0,0,0,0,0,0,0,0,0,0,0,0,0,0,0,0,0,0,0,0,0,0,0,0,0,0,0,0,0,0,0,-1,300000,675,5650,30202,1550,1400,-1,0,0,0,0,5,0,0,0,14100,1,-1,0,-1,-1,-1,1.2,82,0,1413,0,0,65,265,[0|0|0|0],11,19,8503,[0|0|0|0|0|0|0|0|0|0|0|0|0|0|0|0|0|0|0|0|0|0|0|0|0|0|0|0|0|0|0|0|0|0|0|0],1,0.3,0,0,0,0,76200,-1,400,12000000,0,-1,0,0,[0|0|0|0|0|0],10.2,7.2,9.6,0,0,0,0,0,0,0,0,0,0,0.5,15,1,400,10,15,45,0,0,0,1413.4479,0,0,0,0,0,0,0,0,76200,1.2,0,82,15,0,0,0,0,0,0,0,0,0,0,0,0,0,0,0,[0|0],360,0,0,0,[0|0],1,0,0,0,[0|0|0],0.9,0.9,0,0,0,0,3.05,-1,0,0,0,[0|0|0|0|0|0|0|0|0|0|0|0|0|0|0|0]
53230000,LEGS - VP-424,0,0,0,[0|0|0],200020,953000,100700,100710,100720,66000,66000,66000,31600,-1,-1,-1,40,1.1,-0.33,53230000,53230000,53230000,53230000,53230000,53230000,53230000,53230000,53230000,53230000,53230000,-1,-1,-1,-1,-1,1,1,1,1,1,1,1,1,-1,4410,1096,1172,0,0,100,100,100,0,0,0,0,0,0,0,0,100,100,100,0,0,-1,-1,1,0,6,0,3,0,4,0,100,1,0,0,0,1,0,0,0,0,0,0,0,0,0,0,0,0,0,0,0,0,0,0,0,0,0,0,0,0,0,0,0,0,0,0,0,0,0,0,0,0,0,0,0,0,0,0,0,0,0,0,0,0,0,0,1,1,0,0,0,1,1,1,1,1,1,1,103,100,103,100,0,0,0,0,1,1,0,1,0,0,0,0,0,0,0,0,0,0,0,0,0,0,0,0,0,0,0,0,0,0,0,0,0,0,0,0,0,0,0,0,0,0,0,0,-1,66000,100,0,0,0,0,0,0,0,0,0,0,0,0,0,0,0,0,0,0,0,0,0,0,0,0,0,0,0,0,0,0,0,0,0,0,0,0,0,0,0,0,0,0,0,0,0,0,0,0,0,0,0,0,0,0,0,0,0,0,0,0,0,0,0,0,0,0,0,0,0,0,0,0,0,0,0,0,0,0,0,0,0,0,0,0,0,0,0,0,0,0,0,0,0,0,0,0,-1,300000,760,4100,30202,1550,1400,-1,0,0,0,0,5,0,0,0,14100,1,-1,0,-1,-1,-1,1.2,103,0,1366,0,0,65,330,[0|0|0|0],7,19,8504,[0|0|0|0|0|0|0|0|0|0|0|0|0|0|0|0|0|0|0|0|0|0|0|0|0|0|0|0|0|0|0|0|0|0|0|0],1,0.3,0,0,0,0,69800,-1,410,12000000,0,-1,0,0,[0|0|0|0|0|0],6.6,8.4,8.6,0,0,0,0,0,0,0,0,0,0,0.5,18,1,400,10,15,45,0,0,0,1365.7153,0,0,0,0,0,0,0,0,69800,1.2,0,103,18,0,0,0,0,0,0,0,0,0,0,0,0,0,0,0,[0|0],360,0,0,0,[0|0],1,0,0,0,[0|0|0],1,1,0,0,0,0,3.4,-1,0,0,0,[201|255|52|63|0|0|0|0|0|0|0|0|0|0|0|0]
53280300,LEGS - LAMMERGEIER/42F,0,0,0,[0|0|0],210020,953000,100700,100710,100720,66000,66000,66000,22430,-1,-1,-1,40,1.1,-0.33,53280300,53280300,53280300,53280300,53280300,53280300,53280300,53280300,53280300,53280300,53280300,-1,-1,-1,-1,-1,1,1,1,1,1,1,1,1,-1,8070,1096,1172,0,0,100,100,100,0,0,0,0,0,0,0,0,100,100,100,0,0,-1,-1,1,0,6,0,3,0,4,0,100,1,0,0,0,1,0,0,0,0,0,0,0,0,0,0,0,0,0,0,0,0,0,0,0,0,0,0,0,0,0,0,0,0,0,0,0,0,0,0,0,0,0,0,0,0,0,0,0,0,0,0,0,0,0,0,1,1,0,0,0,1,1,1,1,1,1,1,103,100,103,100,0,0,0,0,21,1,0,1,0,0,0,0,0,0,0,0,0,0,0,0,0,0,0,0,0,0,0,0,0,0,0,0,0,0,0,0,0,0,0,0,0,0,0,0,-1,66000,100,0,0,0,0,0,0,0,0,0,0,0,0,0,0,0,0,0,0,0,0,0,0,0,0,0,0,0,0,0,0,0,0,0,0,0,0,0,0,0,0,0,0,0,0,0,0,0,0,0,0,0,0,0,0,0,0,0,0,0,0,0,0,0,0,0,0,0,0,0,0,0,0,0,0,0,0,0,0,0,0,0,0,0,0,0,0,0,0,0,0,0,0,0,0,0,0,-1,300000,790,3560,30202,1550,1400,-1,0,0,0,1,5,0,0,0,80700,1,-1,0,-1,-1,-1,1.2,53,0,980,0,0,95,382,[0|0|0|0],8,19,8508,[0|0|0|0|0|0|0|0|0|0|0|0|0|0|0|0|0|0|0|0|0|0|0|0|0|0|0|0|0|0|0|0|0|0|0|0],1,0.3,0,0,0,0,52460,-1,420,12000000,0,-1,0,0,[0|0|0|0|0|0],-1.5,4,-2,0,0,0,0,0,0,0,0,0,0,0.5,42,1,400,10,15,45,0,0,0,980,0,0,0,0,0,0,0,0,52460,1.2,0,53,42,0,0,0,0,0,0,0,0,0,0,0,0,0,0,0,[0|0],360,0,0,0,[0|0],1,0,0,0,[0|0|0],1.1,1.1,0,0,0,0,3.05,-1,0,0,0,[168|115|53|63|0|0|0|0|0|0|0|0|0|0|0|0]
53300000,LEGS - LG-022T BORNEMISSZA,0,0,0,[0|0|0],100030,953000,100700,100710,100720,45800,45800,45800,49800,-1,-1,-1,40,1.1,-0.33,53300000,53300000,53300000,53300000,53300000,53300000,53300000,53300000,53300000,53300000,53300000,-1,-1,-1,-1,-1,1,1,1,1,1,1,1,1,-1,1510,1096,1172,0,0,100,100,155,0,0,0,0,0,0,0,0,100,100,100,0,0,-1,-1,1,0,6,0,3,0,4,0,300,1,0,0,0,1,0,0,0,0,0,0,0,0,0,0,0,0,0,0,0,0,0,0,0,0,0,0,0,0,0,0,0,0,0,0,0,0,0,0,0,0,0,0,0,0,0,0,0,0,0,0,0,0,0,0,1,1,0,0,0,1,1,1,1,1,1,1,103,100,103,100,0,0,0,0,-1,1,0,1,0,0,0,0,0,0,0,0,0,0,0,0,0,0,0,0,0,0,0,0,0,0,0,0,0,0,0,0,0,0,0,0,0,0,0,0,-1,45800,100,0,0,0,0,0,0,0,0,0,0,0,0,0,0,0,0,0,0,0,0,0,0,0,0,0,0,0,0,0,0,0,0,0,0,0,0,0,0,0,0,0,0,0,0,0,0,0,0,0,0,0,0,0,0,0,0,0,0,0,0,0,0,0,0,0,0,0,0,0,0,0,0,0,0,0,0,0,0,0,0,0,0,0,0,0,0,0,0,0,0,0,0,0,0,0,0,300,200000,455,9240,30203,1550,1400,-1,0,0,0,0,5,0,0,0,15100,1,-1,0,-1,-1,-1,1.3,0,0,1500,0,0,0,0,[0|0|0|0],11,23,8505,[0|0|0|0|0|0|0|0|0|0|0|0|0|0|0|0|0|0|0|0|0|0|0|0|0|0|0|0|0|0|0|0|0|0|0|0],0,0.2,0,0,0,0,100300,63300000,300,13000000,0,-1,0,0,[0|0|0|0|0|0],14,3.6,9.9,0,0,0,0,0,0,0,0,0,0,0.5,2,1,300,10,10,45,0,0,0,1500,0,0,0,0,0,0,0,0,100300,1.3,55,0,2,0,0,0,0,0,0,0,0,0,0,0,0,0,0,0,[0|0],360,0,0,0,[0|0],0,0,0,0,[0|0|0],1,1,0,0,0,0,0,-1,0,0,0,[0|0|0|0|0|0|0|0|0|0|0|0|0|0|0|0]
53340000,LEGS - VE-42B,0,0,0,[0|0|0],300030,953000,100700,100710,100720,45800,45800,45800,46600,-1,-1,-1,40,1.1,-0.33,53340000,53340000,53340000,53340000,53340000,53340000,53340000,53340000,53340000,53340000,53340000,-1,-1,-1,-1,-1,1,1,1,1,1,1,1,1,-1,5510,1096,1172,0,0,100,100,155,0,0,0,0,0,0,0,0,100,100,100,0,0,-1,-1,1,0,6,0,3,0,4,0,301,1,0,0,0,1,0,0,0,0,0,0,0,0,0,0,0,0,0,0,0,0,0,0,0,0,0,0,0,0,0,0,0,0,0,0,0,0,0,0,0,0,0,0,0,0,0,0,0,0,0,0,0,0,0,0,1,1,0,0,0,1,1,1,1,1,1,1,103,100,103,100,0,0,0,0,-1,1,0,1,0,0,0,0,0,0,0,0,0,0,0,0,0,0,0,0,0,0,0,0,0,0,0,0,0,0,0,0,0,0,0,0,0,0,0,0,-1,45800,100,0,0,0,0,0,0,0,0,0,0,0,0,0,0,0,0,0,0,0,0,0,0,0,0,0,0,0,0,0,0,0,0,0,0,0,0,0,0,0,0,0,0,0,0,0,0,0,0,0,0,0,0,0,0,0,0,0,0,0,0,0,0,0,0,0,0,0,0,0,0,0,0,0,0,0,0,0,0,0,0,0,0,0,0,0,0,0,0,0,0,0,0,0,0,0,0,300,200000,824,8600,30203,1550,1400,-1,0,0,0,0,5,0,0,0,50110,1,-1,0,-1,41,-1,1.3,0,0,924,0,0,0,0,[0|0|0|0],20,23,8506,[0|0|0|0|0|0|0|0|0|0|0|0|0|0|0|0|0|0|0|0|0|0|0|0|0|0|0|0|0|0|0|0|0|0|0|0],0.2,0.5,0,0,0,0,91000,63340000,310,13100000,0,-1,0,0,[0|0|0|0|0|0],7.9,16,10.6,0,0,0,0,0,0,0,0,0,0,0.5,2,1,300,10,10,45,0,0,0,924,0,0,0,0,0,0,0,0,91000,1.3,55,0,2,0,0,0,0,0,0,0,0,0,0,0,0,0,0,0,[0|0],360,0,0,0,[0|0],0,0,0,0,[0|0|0],1,1,100,0,0,0,1.3,-1,0,0,0,[0|0|0|0|0|0|0|0|0|0|0|0|0|0|0|0]
53360000,LEGS - EL-TL-11 FORTALEZA,0,0,0,[0|0|0],410030,953000,100700,100710,100720,45800,45800,45800,23650,-1,-1,-1,40,1.1,-0.33,53360000,53360000,53360000,53360000,53360000,53360000,53360000,53360000,53360000,53360000,53360000,-1,-1,-1,-1,-1,1,1,1,1,1,1,1,1,-1,7510,1096,1172,0,0,100,100,155,0,0,0,0,0,0,0,0,100,100,100,0,0,-1,-1,1,0,6,0,3,0,4,0,302,1,0,0,0,1,0,0,0,0,0,0,0,0,0,0,0,0,0,0,0,0,0,0,0,0,0,0,0,0,0,0,0,0,0,0,0,0,0,0,0,0,0,0,0,0,0,0,0,0,0,0,0,0,0,0,1,1,0,0,0,1,1,1,1,1,1,1,103,100,103,100,0,0,0,0,-1,1,0,1,0,0,0,0,0,0,0,0,0,0,0,0,0,0,0,0,0,0,0,0,0,0,0,0,0,0,0,0,0,0,0,0,0,0,0,0,-1,45800,100,0,0,0,0,0,0,0,0,0,0,0,0,0,0,0,0,0,0,0,0,0,0,0,0,0,0,0,0,0,0,0,0,0,0,0,0,0,0,0,0,0,0,0,0,0,0,0,0,0,0,0,0,0,0,0,0,0,0,0,0,0,0,0,0,0,0,0,0,0,0,0,0,0,0,0,0,0,0,0,0,0,0,0,0,0,0,0,0,0,0,0,0,0,0,0,0,300,200000,620,5100,30203,1550,1400,-1,0,0,0,0,5,0,0,0,75100,1,-1,0,-1,-1,-1,1.3,0,0,842,0,0,0,0,[0|0|0|0],19,23,8507,[0|0|0|0|0|0|0|0|0|0|0|0|0|0|0|0|0|0|0|0|0|0|0|0|0|0|0|0|0|0|0|0|0|0|0|0],0.3,0.3,0,0,0,0,69300,63360000,320,13200000,0,-1,0,0,[0|0|0|0|0|0],4.5,1.1,1.4,0,0,0,0,0,0,0,0,0,0,0.5,2,1,300,10,10,45,0,0,0,842,0,0,0,0,0,0,0,0,69300,1.3,55,0,2,0,0,0,0,0,0,0,0,0,0,0,0,0,0,0,[0|0],360,0,0,0,[0|0],0,1,0,0,[0|0|0],1,1,0,0,0,0,1.6,-1,0,0,0,[0|0|0|0|0|0|0|0|0|0|0|0|0|0|0|0]
59001000,,0,0,0,[0|0|0],0,0,0,0,0,0,0,0,1,0,0,0,-1,1,0,-1,-1,-1,-1,-1,-1,-1,-1,-1,-1,-1,-1,-1,-1,-1,-1,1,1,1,1,1,1,1,1,-1,0,0,0,0,0,100,100,0,0,100,100,100,100,0,0,0,100,100,100,100,0,-1,0,0,0,1,0,0,0,0,0,0,1,1,0,0,0,0,0,0,0,0,0,0,0,0,0,0,0,0,0,0,0,0,0,0,0,0,0,0,0,0,0,0,0,0,0,0,0,0,0,0,0,0,0,0,0,0,0,0,0,0,0,0,0,0,0,1,1,0,0,0,1,1,1,1,1,1,1,50,0,50,0,50,0,50,0,-1,1,0,1,100,0,0,0,0,0,0,0,0,0,0,0,0,0,0,0,0,0,0,0,0,0,0,0,0,0,0,0,0,0,0,0,0,0,0,0,-1,-1,0,0,0,0,0,0,0,0,0,0,0,0,0,0,0,0,0,0,0,0,0,0,0,0,0,0,0,0,0,0,0,0,0,0,0,0,0,0,0,0,0,0,0,0,0,0,0,0,0,0,0,0,0,0,0,0,0,0,0,0,0,0,0,0,0,0,0,0,0,0,0,0,0,0,0,0,0,0,0,0,0,0,0,0,0,0,0,0,0,0,0,0,0,0,0,0,0,-1,0,0,0,0,0,0,-1,0,0,0,0,-1,0,0,0,0,1,-1,0,-1,-1,-1,1,0,0,0,0,0,0,0,[0|0|0|0],0,0,0,[0|0|0|0|0|0|0|0|0|0|0|0|0|0|0|0|0|0|0|0|0|0|0|0|0|0|0|0|0|0|0|0|0|0|0|0],1,1,0,0,0,0,0,-1,0,0,0,-1,0,0,[0|0|0|0|0|0],0,0,0,0,0,0,0,0,0,0,0,0,0,0,0,1,0,0,0,0,0,0,0,0,0,0,0,0,0,0,0,0,0,0,0,0,0,0,0,0,0,0,0,0,0,0,0,0,0,0,0,0,[0|0],360,0,0,0,[0|0],0,0,0,0,[0|0|0],1,1,0,0,0,0,0,50000000,0,0,0,[0|0|0|0|0|0|0|0|0|0|0|0|0|0|0|0]
59001100,,0,0,0,[0|0|0],0,0,0,0,0,0,0,0,1,0,0,0,-1,1,0,-1,-1,-1,-1,-1,-1,-1,-1,-1,-1,-1,-1,-1,-1,-1,-1,1,1,1,1,1,1,1,1,-1,0,0,0,0,0,100,100,0,0,100,100,100,100,0,0,0,100,100,100,100,0,-1,0,0,0,1,0,0,0,0,0,0,1,1,0,0,0,0,0,0,0,0,0,0,0,0,0,0,0,0,0,0,0,0,0,0,0,0,0,0,0,0,0,0,0,0,0,0,0,0,0,0,0,0,0,0,0,0,0,0,0,0,0,0,0,0,0,1,1,0,0,0,1,1,1,1,1,1,1,50,0,50,0,50,0,50,0,-1,1,0,1,100,0,0,0,0,0,0,0,0,0,0,0,0,0,0,0,0,0,0,0,0,0,0,0,0,0,0,0,0,0,0,0,0,0,0,0,-1,-1,0,0,0,0,0,0,0,0,0,0,0,0,0,0,0,0,0,0,0,0,0,0,0,0,0,0,0,0,0,0,0,0,0,0,0,0,0,0,0,0,0,0,0,0,0,0,0,0,0,0,0,0,0,0,0,0,0,0,0,0,0,0,0,0,0,0,0,0,0,0,0,0,0,0,0,0,0,0,0,0,0,0,0,0,0,0,0,0,0,0,0,0,0,0,0,0,0,-1,0,0,0,0,0,0,-1,0,0,0,0,-1,0,0,0,0,1,-1,0,-1,-1,-1,1,0,0,0,0,0,0,0,[0|0|0|0],0,0,0,[0|0|0|0|0|0|0|0|0|0|0|0|0|0|0|0|0|0|0|0|0|0|0|0|0|0|0|0|0|0|0|0|0|0|0|0],1,1,0,0,0,0,0,-1,0,0,0,-1,0,0,[0|0|0|0|0|0],0,0,0,0,0,0,0,0,0,0,0,0,0,0,0,1,0,0,0,0,0,0,0,0,0,0,0,0,0,0,0,0,0,0,0,0,0,0,0,0,0,0,0,0,0,0,0,0,0,0,0,0,[0|0],360,0,0,0,[0|0],0,0,0,0,[0|0|0],1,1,0,0,0,0,0,51000000,0,0,0,[0|0|0|0|0|0|0|0|0|0|0|0|0|0|0|0]
59001200,,0,0,0,[0|0|0],0,0,0,0,0,0,0,0,1,0,0,0,-1,1,0,-1,-1,-1,-1,-1,-1,-1,-1,-1,-1,-1,-1,-1,-1,-1,-1,1,1,1,1,1,1,1,1,-1,0,0,0,0,0,100,100,0,0,100,100,100,100,0,0,0,100,100,100,100,0,-1,0,0,0,1,0,0,0,0,0,0,1,1,0,0,0,0,0,0,0,0,0,0,0,0,0,0,0,0,0,0,0,0,0,0,0,0,0,0,0,0,0,0,0,0,0,0,0,0,0,0,0,0,0,0,0,0,0,0,0,0,0,0,0,0,0,1,1,0,0,0,1,1,1,1,1,1,1,50,0,50,0,50,0,50,0,-1,1,0,1,100,0,0,0,0,0,0,0,0,0,0,0,0,0,0,0,0,0,0,0,0,0,0,0,0,0,0,0,0,0,0,0,0,0,0,0,-1,-1,0,0,0,0,0,0,0,0,0,0,0,0,0,0,0,0,0,0,0,0,0,0,0,0,0,0,0,0,0,0,0,0,0,0,0,0,0,0,0,0,0,0,0,0,0,0,0,0,0,0,0,0,0,0,0,0,0,0,0,0,0,0,0,0,0,0,0,0,0,0,0,0,0,0,0,0,0,0,0,0,0,0,0,0,0,0,0,0,0,0,0,0,0,0,0,0,0,-1,0,0,0,0,0,0,-1,0,0,0,0,-1,0,0,0,0,1,-1,0,-1,-1,-1,1,0,0,0,0,0,0,0,[0|0|0|0],0,0,0,[0|0|0|0|0|0|0|0|0|0|0|0|0|0|0|0|0|0|0|0|0|0|0|0|0|0|0|0|0|0|0|0|0|0|0|0],1,1,0,0,0,0,0,-1,0,0,0,-1,0,0,[0|0|0|0|0|0],0,0,0,0,0,0,0,0,0,0,0,0,0,0,0,1,0,0,0,0,0,0,0,0,0,0,0,0,0,0,0,0,0,0,0,0,0,0,0,0,0,0,0,0,0,0,0,0,0,0,0,0,[0|0],360,0,0,0,[0|0],0,0,0,0,[0|0|0],1,1,0,0,0,0,0,52000000,0,0,0,[0|0|0|0|0|0|0|0|0|0|0|0|0|0|0|0]
59001300,,0,0,0,[0|0|0],0,0,0,0,0,0,0,0,1,0,0,0,-1,1,0,-1,-1,-1,-1,-1,-1,-1,-1,-1,-1,-1,-1,-1,-1,-1,-1,1,1,1,1,1,1,1,1,-1,0,0,0,0,0,100,100,0,0,100,100,100,100,0,0,0,100,100,100,100,0,-1,0,0,0,1,0,0,0,0,0,0,1,1,0,0,0,0,0,0,0,0,0,0,0,0,0,0,0,0,0,0,0,0,0,0,0,0,0,0,0,0,0,0,0,0,0,0,0,0,0,0,0,0,0,0,0,0,0,0,0,0,0,0,0,0,0,1,1,0,0,0,1,1,1,1,1,1,1,50,0,50,0,50,0,50,0,-1,1,0,1,100,0,0,0,0,0,0,0,0,0,0,0,0,0,0,0,0,0,0,0,0,0,0,0,0,0,0,0,0,0,0,0,0,0,0,0,-1,-1,0,0,0,0,0,0,0,0,0,0,0,0,0,0,0,0,0,0,0,0,0,0,0,0,0,0,0,0,0,0,0,0,0,0,0,0,0,0,0,0,0,0,0,0,0,0,0,0,0,0,0,0,0,0,0,0,0,0,0,0,0,0,0,0,0,0,0,0,0,0,0,0,0,0,0,0,0,0,0,0,0,0,0,0,0,0,0,0,0,0,0,0,0,0,0,0,0,-1,0,0,0,0,0,0,-1,0,0,0,0,-1,0,0,0,0,1,-1,0,-1,-1,-1,1,0,0,0,0,0,0,0,[0|0|0|0],0,0,0,[0|0|0|0|0|0|0|0|0|0|0|0|0|0|0|0|0|0|0|0|0|0|0|0|0|0|0|0|0|0|0|0|0|0|0|0],1,1,0,0,0,0,0,-1,0,0,0,-1,0,0,[0|0|0|0|0|0],0,0,0,0,0,0,0,0,0,0,0,0,0,0,0,1,0,0,0,0,0,0,0,0,0,0,0,0,0,0,0,0,0,0,0,0,0,0,0,0,0,0,0,0,0,0,0,0,0,0,0,0,[0|0],360,0,0,0,[0|0],0,0,0,0,[0|0|0],1,1,0,0,0,0,0,53000000,0,0,0,[0|0|0|0|0|0|0|0|0|0|0|0|0|0|0|0]
59002000,,0,0,0,[0|0|0],0,0,0,0,0,0,0,0,1,0,0,0,-1,1,0,-1,-1,-1,-1,-1,-1,-1,-1,-1,-1,-1,-1,-1,-1,-1,-1,1,1,1,1,1,1,1,1,-1,0,0,0,0,0,100,100,0,0,100,100,100,100,0,0,0,100,100,100,100,0,-1,0,0,0,1,0,0,0,0,0,0,1,1,0,0,0,0,0,0,0,0,0,0,0,0,0,0,0,0,0,0,0,0,0,0,0,0,0,0,0,0,0,0,0,0,0,0,0,0,0,0,0,0,0,0,0,0,0,0,0,0,0,0,0,0,0,1,1,0,0,0,1,1,1,1,1,1,1,50,0,50,0,50,0,50,0,-1,1,0,1,100,0,0,0,0,0,0,0,0,0,0,0,0,0,0,0,0,0,0,0,0,0,0,0,0,0,0,0,0,0,0,0,0,0,0,0,-1,-1,0,0,0,0,0,0,0,0,0,0,0,0,0,0,0,0,0,0,0,0,0,0,0,0,0,0,0,0,0,0,0,0,0,0,0,0,0,0,0,0,0,0,0,0,0,0,0,0,0,0,0,0,0,0,0,0,0,0,0,0,0,0,0,0,0,0,0,0,0,0,0,0,0,0,0,0,0,0,0,0,0,0,0,0,0,0,0,0,0,0,0,0,0,0,0,0,0,-1,0,0,0,0,0,0,-1,0,0,0,0,-1,0,0,0,0,1,-1,0,-1,-1,-1,1,0,0,0,0,0,0,0,[0|0|0|0],0,0,0,[0|0|0|0|0|0|0|0|0|0|0|0|0|0|0|0|0|0|0|0|0|0|0|0|0|0|0|0|0|0|0|0|0|0|0|0],1,1,0,0,0,0,0,-1,0,0,0,-1,0,0,[0|0|0|0|0|0],0,0,0,0,0,0,0,0,0,0,0,0,0,0,0,1,0,0,0,0,0,0,0,0,0,0,0,0,0,0,0,0,0,0,0,0,0,0,0,0,0,0,0,0,0,0,0,0,0,0,0,0,[0|0],360,0,0,0,[0|0],0,0,0,0,[0|0|0],1,1,0,0,0,0,0,50030000,0,0,0,[0|0|0|0|0|0|0|0|0|0|0|0|0|0|0|0]
59002100,,0,0,0,[0|0|0],0,0,0,0,0,0,0,0,1,0,0,0,-1,1,0,-1,-1,-1,-1,-1,-1,-1,-1,-1,-1,-1,-1,-1,-1,-1,-1,1,1,1,1,1,1,1,1,-1,0,0,0,0,0,100,100,0,0,100,100,100,100,0,0,0,100,100,100,100,0,-1,0,0,0,1,0,0,0,0,0,0,1,1,0,0,0,0,0,0,0,0,0,0,0,0,0,0,0,0,0,0,0,0,0,0,0,0,0,0,0,0,0,0,0,0,0,0,0,0,0,0,0,0,0,0,0,0,0,0,0,0,0,0,0,0,0,1,1,0,0,0,1,1,1,1,1,1,1,50,0,50,0,50,0,50,0,-1,1,0,1,100,0,0,0,0,0,0,0,0,0,0,0,0,0,0,0,0,0,0,0,0,0,0,0,0,0,0,0,0,0,0,0,0,0,0,0,-1,-1,0,0,0,0,0,0,0,0,0,0,0,0,0,0,0,0,0,0,0,0,0,0,0,0,0,0,0,0,0,0,0,0,0,0,0,0,0,0,0,0,0,0,0,0,0,0,0,0,0,0,0,0,0,0,0,0,0,0,0,0,0,0,0,0,0,0,0,0,0,0,0,0,0,0,0,0,0,0,0,0,0,0,0,0,0,0,0,0,0,0,0,0,0,0,0,0,0,-1,0,0,0,0,0,0,-1,0,0,0,0,-1,0,0,0,0,1,-1,0,-1,-1,-1,1,0,0,0,0,0,0,0,[0|0|0|0],0,0,0,[0|0|0|0|0|0|0|0|0|0|0|0|0|0|0|0|0|0|0|0|0|0|0|0|0|0|0|0|0|0|0|0|0|0|0|0],1,1,0,0,0,0,0,-1,0,0,0,-1,0,0,[0|0|0|0|0|0],0,0,0,0,0,0,0,0,0,0,0,0,0,0,0,1,0,0,0,0,0,0,0,0,0,0,0,0,0,0,0,0,0,0,0,0,0,0,0,0,0,0,0,0,0,0,0,0,0,0,0,0,[0|0],360,0,0,0,[0|0],0,0,0,0,[0|0|0],1,1,0,0,0,0,0,51030000,0,0,0,[0|0|0|0|0|0|0|0|0|0|0|0|0|0|0|0]
59002200,,0,0,0,[0|0|0],0,0,0,0,0,0,0,0,1,0,0,0,-1,1,0,-1,-1,-1,-1,-1,-1,-1,-1,-1,-1,-1,-1,-1,-1,-1,-1,1,1,1,1,1,1,1,1,-1,0,0,0,0,0,100,100,0,0,100,100,100,100,0,0,0,100,100,100,100,0,-1,0,0,0,1,0,0,0,0,0,0,1,1,0,0,0,0,0,0,0,0,0,0,0,0,0,0,0,0,0,0,0,0,0,0,0,0,0,0,0,0,0,0,0,0,0,0,0,0,0,0,0,0,0,0,0,0,0,0,0,0,0,0,0,0,0,1,1,0,0,0,1,1,1,1,1,1,1,50,0,50,0,50,0,50,0,-1,1,0,1,100,0,0,0,0,0,0,0,0,0,0,0,0,0,0,0,0,0,0,0,0,0,0,0,0,0,0,0,0,0,0,0,0,0,0,0,-1,-1,0,0,0,0,0,0,0,0,0,0,0,0,0,0,0,0,0,0,0,0,0,0,0,0,0,0,0,0,0,0,0,0,0,0,0,0,0,0,0,0,0,0,0,0,0,0,0,0,0,0,0,0,0,0,0,0,0,0,0,0,0,0,0,0,0,0,0,0,0,0,0,0,0,0,0,0,0,0,0,0,0,0,0,0,0,0,0,0,0,0,0,0,0,0,0,0,0,-1,0,0,0,0,0,0,-1,0,0,0,0,-1,0,0,0,0,1,-1,0,-1,-1,-1,1,0,0,0,0,0,0,0,[0|0|0|0],0,0,0,[0|0|0|0|0|0|0|0|0|0|0|0|0|0|0|0|0|0|0|0|0|0|0|0|0|0|0|0|0|0|0|0|0|0|0|0],1,1,0,0,0,0,0,-1,0,0,0,-1,0,0,[0|0|0|0|0|0],0,0,0,0,0,0,0,0,0,0,0,0,0,0,0,1,0,0,0,0,0,0,0,0,0,0,0,0,0,0,0,0,0,0,0,0,0,0,0,0,0,0,0,0,0,0,0,0,0,0,0,0,[0|0],360,0,0,0,[0|0],0,0,0,0,[0|0|0],1,1,0,0,0,0,0,52030000,0,0,0,[0|0|0|0|0|0|0|0|0|0|0|0|0|0|0|0]
59002300,,0,0,0,[0|0|0],0,0,0,0,0,0,0,0,1,0,0,0,-1,1,0,-1,-1,-1,-1,-1,-1,-1,-1,-1,-1,-1,-1,-1,-1,-1,-1,1,1,1,1,1,1,1,1,-1,0,0,0,0,0,100,100,0,0,100,100,100,100,0,0,0,100,100,100,100,0,-1,0,0,0,1,0,0,0,0,0,0,1,1,0,0,0,0,0,0,0,0,0,0,0,0,0,0,0,0,0,0,0,0,0,0,0,0,0,0,0,0,0,0,0,0,0,0,0,0,0,0,0,0,0,0,0,0,0,0,0,0,0,0,0,0,0,1,1,0,0,0,1,1,1,1,1,1,1,50,0,50,0,50,0,50,0,-1,1,0,1,100,0,0,0,0,0,0,0,0,0,0,0,0,0,0,0,0,0,0,0,0,0,0,0,0,0,0,0,0,0,0,0,0,0,0,0,-1,-1,0,0,0,0,0,0,0,0,0,0,0,0,0,0,0,0,0,0,0,0,0,0,0,0,0,0,0,0,0,0,0,0,0,0,0,0,0,0,0,0,0,0,0,0,0,0,0,0,0,0,0,0,0,0,0,0,0,0,0,0,0,0,0,0,0,0,0,0,0,0,0,0,0,0,0,0,0,0,0,0,0,0,0,0,0,0,0,0,0,0,0,0,0,0,0,0,0,-1,0,0,0,0,0,0,-1,0,0,0,0,-1,0,0,0,0,1,-1,0,-1,-1,-1,1,0,0,0,0,0,0,0,[0|0|0|0],0,0,0,[0|0|0|0|0|0|0|0|0|0|0|0|0|0|0|0|0|0|0|0|0|0|0|0|0|0|0|0|0|0|0|0|0|0|0|0],1,1,0,0,0,0,0,-1,0,0,0,-1,0,0,[0|0|0|0|0|0],0,0,0,0,0,0,0,0,0,0,0,0,0,0,0,1,0,0,0,0,0,0,0,0,0,0,0,0,0,0,0,0,0,0,0,0,0,0,0,0,0,0,0,0,0,0,0,0,0,0,0,0,[0|0],360,0,0,0,[0|0],0,0,0,0,[0|0|0],1,1,0,0,0,0,0,53030000,0,0,0,[0|0|0|0|0|0|0|0|0|0|0|0|0|0|0|0]
59003000,,0,0,0,[0|0|0],0,0,0,0,0,0,0,0,1,0,0,0,-1,1,0,-1,-1,-1,-1,-1,-1,-1,-1,-1,-1,-1,-1,-1,-1,-1,-1,1,1,1,1,1,1,1,1,-1,0,0,0,0,0,100,100,0,0,100,100,100,100,0,0,0,100,100,100,100,0,-1,0,0,0,1,0,0,0,0,0,0,1,1,0,0,0,0,0,0,0,0,0,0,0,0,0,0,0,0,0,0,0,0,0,0,0,0,0,0,0,0,0,0,0,0,0,0,0,0,0,0,0,0,0,0,0,0,0,0,0,0,0,0,0,0,0,1,1,0,0,0,1,1,1,1,1,1,1,50,0,50,0,50,0,50,0,-1,1,0,1,100,0,0,0,0,0,0,0,0,0,0,0,0,0,0,0,0,0,0,0,0,0,0,0,0,0,0,0,0,0,0,0,0,0,0,0,-1,-1,0,0,0,0,0,0,0,0,0,0,0,0,0,0,0,0,0,0,0,0,0,0,0,0,0,0,0,0,0,0,0,0,0,0,0,0,0,0,0,0,0,0,0,0,0,0,0,0,0,0,0,0,0,0,0,0,0,0,0,0,0,0,0,0,0,0,0,0,0,0,0,0,0,0,0,0,0,0,0,0,0,0,0,0,0,0,0,0,0,0,0,0,0,0,0,0,0,-1,0,0,0,0,0,0,-1,0,0,0,0,-1,0,0,0,0,1,-1,0,-1,-1,-1,1,0,0,0,0,0,0,0,[0|0|0|0],0,0,0,[0|0|0|0|0|0|0|0|0|0|0|0|0|0|0|0|0|0|0|0|0|0|0|0|0|0|0|0|0|0|0|0|0|0|0|0],1,1,0,0,0,0,0,-1,0,0,0,-1,0,0,[0|0|0|0|0|0],0,0,0,0,0,0,0,0,0,0,0,0,0,0,0,1,0,0,0,0,0,0,0,0,0,0,0,0,0,0,0,0,0,0,0,0,0,0,0,0,0,0,0,0,0,0,0,0,0,0,0,0,[0|0],360,0,0,0,[0|0],0,0,0,0,[0|0|0],1,1,0,0,0,0,0,50020000,0,0,0,[0|0|0|0|0|0|0|0|0|0|0|0|0|0|0|0]
59003100,,0,0,0,[0|0|0],0,0,0,0,0,0,0,0,1,0,0,0,-1,1,0,-1,-1,-1,-1,-1,-1,-1,-1,-1,-1,-1,-1,-1,-1,-1,-1,1,1,1,1,1,1,1,1,-1,0,0,0,0,0,100,100,0,0,100,100,100,100,0,0,0,100,100,100,100,0,-1,0,0,0,1,0,0,0,0,0,0,1,1,0,0,0,0,0,0,0,0,0,0,0,0,0,0,0,0,0,0,0,0,0,0,0,0,0,0,0,0,0,0,0,0,0,0,0,0,0,0,0,0,0,0,0,0,0,0,0,0,0,0,0,0,0,1,1,0,0,0,1,1,1,1,1,1,1,50,0,50,0,50,0,50,0,-1,1,0,1,100,0,0,0,0,0,0,0,0,0,0,0,0,0,0,0,0,0,0,0,0,0,0,0,0,0,0,0,0,0,0,0,0,0,0,0,-1,-1,0,0,0,0,0,0,0,0,0,0,0,0,0,0,0,0,0,0,0,0,0,0,0,0,0,0,0,0,0,0,0,0,0,0,0,0,0,0,0,0,0,0,0,0,0,0,0,0,0,0,0,0,0,0,0,0,0,0,0,0,0,0,0,0,0,0,0,0,0,0,0,0,0,0,0,0,0,0,0,0,0,0,0,0,0,0,0,0,0,0,0,0,0,0,0,0,0,-1,0,0,0,0,0,0,-1,0,0,0,0,-1,0,0,0,0,1,-1,0,-1,-1,-1,1,0,0,0,0,0,0,0,[0|0|0|0],0,0,0,[0|0|0|0|0|0|0|0|0|0|0|0|0|0|0|0|0|0|0|0|0|0|0|0|0|0|0|0|0|0|0|0|0|0|0|0],1,1,0,0,0,0,0,-1,0,0,0,-1,0,0,[0|0|0|0|0|0],0,0,0,0,0,0,0,0,0,0,0,0,0,0,0,1,0,0,0,0,0,0,0,0,0,0,0,0,0,0,0,0,0,0,0,0,0,0,0,0,0,0,0,0,0,0,0,0,0,0,0,0,[0|0],360,0,0,0,[0|0],0,0,0,0,[0|0|0],1,1,0,0,0,0,0,51020000,0,0,0,[0|0|0|0|0|0|0|0|0|0|0|0|0|0|0|0]
59003200,,0,0,0,[0|0|0],0,0,0,0,0,0,0,0,1,0,0,0,-1,1,0,-1,-1,-1,-1,-1,-1,-1,-1,-1,-1,-1,-1,-1,-1,-1,-1,1,1,1,1,1,1,1,1,-1,0,0,0,0,0,100,100,0,0,100,100,100,100,0,0,0,100,100,100,100,0,-1,0,0,0,1,0,0,0,0,0,0,1,1,0,0,0,0,0,0,0,0,0,0,0,0,0,0,0,0,0,0,0,0,0,0,0,0,0,0,0,0,0,0,0,0,0,0,0,0,0,0,0,0,0,0,0,0,0,0,0,0,0,0,0,0,0,1,1,0,0,0,1,1,1,1,1,1,1,50,0,50,0,50,0,50,0,-1,1,0,1,100,0,0,0,0,0,0,0,0,0,0,0,0,0,0,0,0,0,0,0,0,0,0,0,0,0,0,0,0,0,0,0,0,0,0,0,-1,-1,0,0,0,0,0,0,0,0,0,0,0,0,0,0,0,0,0,0,0,0,0,0,0,0,0,0,0,0,0,0,0,0,0,0,0,0,0,0,0,0,0,0,0,0,0,0,0,0,0,0,0,0,0,0,0,0,0,0,0,0,0,0,0,0,0,0,0,0,0,0,0,0,0,0,0,0,0,0,0,0,0,0,0,0,0,0,0,0,0,0,0,0,0,0,0,0,0,-1,0,0,0,0,0,0,-1,0,0,0,0,-1,0,0,0,0,1,-1,0,-1,-1,-1,1,0,0,0,0,0,0,0,[0|0|0|0],0,0,0,[0|0|0|0|0|0|0|0|0|0|0|0|0|0|0|0|0|0|0|0|0|0|0|0|0|0|0|0|0|0|0|0|0|0|0|0],1,1,0,0,0,0,0,-1,0,0,0,-1,0,0,[0|0|0|0|0|0],0,0,0,0,0,0,0,0,0,0,0,0,0,0,0,1,0,0,0,0,0,0,0,0,0,0,0,0,0,0,0,0,0,0,0,0,0,0,0,0,0,0,0,0,0,0,0,0,0,0,0,0,[0|0],360,0,0,0,[0|0],0,0,0,0,[0|0|0],1,1,0,0,0,0,0,52020000,0,0,0,[0|0|0|0|0|0|0|0|0|0|0|0|0|0|0|0]
59003300,,0,0,0,[0|0|0],0,0,0,0,0,0,0,0,1,0,0,0,-1,1,0,-1,-1,-1,-1,-1,-1,-1,-1,-1,-1,-1,-1,-1,-1,-1,-1,1,1,1,1,1,1,1,1,-1,0,0,0,0,0,100,100,0,0,100,100,100,100,0,0,0,100,100,100,100,0,-1,0,0,0,1,0,0,0,0,0,0,1,1,0,0,0,0,0,0,0,0,0,0,0,0,0,0,0,0,0,0,0,0,0,0,0,0,0,0,0,0,0,0,0,0,0,0,0,0,0,0,0,0,0,0,0,0,0,0,0,0,0,0,0,0,0,1,1,0,0,0,1,1,1,1,1,1,1,50,0,50,0,50,0,50,0,-1,1,0,1,100,0,0,0,0,0,0,0,0,0,0,0,0,0,0,0,0,0,0,0,0,0,0,0,0,0,0,0,0,0,0,0,0,0,0,0,-1,-1,0,0,0,0,0,0,0,0,0,0,0,0,0,0,0,0,0,0,0,0,0,0,0,0,0,0,0,0,0,0,0,0,0,0,0,0,0,0,0,0,0,0,0,0,0,0,0,0,0,0,0,0,0,0,0,0,0,0,0,0,0,0,0,0,0,0,0,0,0,0,0,0,0,0,0,0,0,0,0,0,0,0,0,0,0,0,0,0,0,0,0,0,0,0,0,0,0,-1,0,0,0,0,0,0,-1,0,0,0,0,-1,0,0,0,0,1,-1,0,-1,-1,-1,1,0,0,0,0,0,0,0,[0|0|0|0],0,0,0,[0|0|0|0|0|0|0|0|0|0|0|0|0|0|0|0|0|0|0|0|0|0|0|0|0|0|0|0|0|0|0|0|0|0|0|0],1,1,0,0,0,0,0,-1,0,0,0,-1,0,0,[0|0|0|0|0|0],0,0,0,0,0,0,0,0,0,0,0,0,0,0,0,1,0,0,0,0,0,0,0,0,0,0,0,0,0,0,0,0,0,0,0,0,0,0,0,0,0,0,0,0,0,0,0,0,0,0,0,0,[0|0],360,0,0,0,[0|0],0,0,0,0,[0|0|0],1,1,0,0,0,0,0,53020000,0,0,0,[0|0|0|0|0|0|0|0|0|0|0|0|0|0|0|0]
59004000,,0,0,0,[0|0|0],0,0,0,0,0,0,0,0,1,0,0,0,-1,1,0,-1,-1,-1,-1,-1,-1,-1,-1,-1,-1,-1,-1,-1,-1,-1,-1,1,1,1,1,1,1,1,1,-1,0,0,0,0,0,100,100,0,0,100,100,100,100,0,0,0,100,100,100,100,0,-1,0,0,0,1,0,0,0,0,0,0,1,1,0,0,0,0,0,0,0,0,0,0,0,0,0,0,0,0,0,0,0,0,0,0,0,0,0,0,0,0,0,0,0,0,0,0,0,0,0,0,0,0,0,0,0,0,0,0,0,0,0,0,0,0,0,1,1,0,0,0,1,1,1,1,1,1,1,50,0,50,0,50,0,50,0,-1,1,0,1,100,0,0,0,0,0,0,0,0,0,0,0,0,0,0,0,0,0,0,0,0,0,0,0,0,0,0,0,0,0,0,0,0,0,0,0,-1,-1,0,0,0,0,0,0,0,0,0,0,0,0,0,0,0,0,0,0,0,0,0,0,0,0,0,0,0,0,0,0,0,0,0,0,0,0,0,0,0,0,0,0,0,0,0,0,0,0,0,0,0,0,0,0,0,0,0,0,0,0,0,0,0,0,0,0,0,0,0,0,0,0,0,0,0,0,0,0,0,0,0,0,0,0,0,0,0,0,0,0,0,0,0,0,0,0,0,-1,0,0,0,0,0,0,-1,0,0,0,0,-1,0,0,0,0,1,-1,0,-1,-1,-1,1,0,0,0,0,0,0,0,[0|0|0|0],0,0,0,[0|0|0|0|0|0|0|0|0|0|0|0|0|0|0|0|0|0|0|0|0|0|0|0|0|0|0|0|0|0|0|0|0|0|0|0],1,1,0,0,0,0,0,-1,0,0,0,-1,0,0,[0|0|0|0|0|0],0,0,0,0,0,0,0,0,0,0,0,0,0,0,0,1,0,0,0,0,0,0,0,0,0,0,0,0,0,0,0,0,0,0,0,0,0,0,0,0,0,0,0,0,0,0,0,0,0,0,0,0,[0|0],360,0,0,0,[0|0],0,0,0,0,[0|0|0],1,1,0,0,0,0,0,50070400,0,0,0,[0|0|0|0|0|0|0|0|0|0|0|0|0|0|0|0]
59004100,,0,0,0,[0|0|0],0,0,0,0,0,0,0,0,1,0,0,0,-1,1,0,-1,-1,-1,-1,-1,-1,-1,-1,-1,-1,-1,-1,-1,-1,-1,-1,1,1,1,1,1,1,1,1,-1,0,0,0,0,0,100,100,0,0,100,100,100,100,0,0,0,100,100,100,100,0,-1,0,0,0,1,0,0,0,0,0,0,1,1,0,0,0,0,0,0,0,0,0,0,0,0,0,0,0,0,0,0,0,0,0,0,0,0,0,0,0,0,0,0,0,0,0,0,0,0,0,0,0,0,0,0,0,0,0,0,0,0,0,0,0,0,0,1,1,0,0,0,1,1,1,1,1,1,1,50,0,50,0,50,0,50,0,-1,1,0,1,100,0,0,0,0,0,0,0,0,0,0,0,0,0,0,0,0,0,0,0,0,0,0,0,0,0,0,0,0,0,0,0,0,0,0,0,-1,-1,0,0,0,0,0,0,0,0,0,0,0,0,0,0,0,0,0,0,0,0,0,0,0,0,0,0,0,0,0,0,0,0,0,0,0,0,0,0,0,0,0,0,0,0,0,0,0,0,0,0,0,0,0,0,0,0,0,0,0,0,0,0,0,0,0,0,0,0,0,0,0,0,0,0,0,0,0,0,0,0,0,0,0,0,0,0,0,0,0,0,0,0,0,0,0,0,0,-1,0,0,0,0,0,0,-1,0,0,0,0,-1,0,0,0,0,1,-1,0,-1,-1,-1,1,0,0,0,0,0,0,0,[0|0|0|0],0,0,0,[0|0|0|0|0|0|0|0|0|0|0|0|0|0|0|0|0|0|0|0|0|0|0|0|0|0|0|0|0|0|0|0|0|0|0|0],1,1,0,0,0,0,0,-1,0,0,0,-1,0,0,[0|0|0|0|0|0],0,0,0,0,0,0,0,0,0,0,0,0,0,0,0,1,0,0,0,0,0,0,0,0,0,0,0,0,0,0,0,0,0,0,0,0,0,0,0,0,0,0,0,0,0,0,0,0,0,0,0,0,[0|0],360,0,0,0,[0|0],0,0,0,0,[0|0|0],1,1,0,0,0,0,0,51070400,0,0,0,[0|0|0|0|0|0|0|0|0|0|0|0|0|0|0|0]
59004200,,0,0,0,[0|0|0],0,0,0,0,0,0,0,0,1,0,0,0,-1,1,0,-1,-1,-1,-1,-1,-1,-1,-1,-1,-1,-1,-1,-1,-1,-1,-1,1,1,1,1,1,1,1,1,-1,0,0,0,0,0,100,100,0,0,100,100,100,100,0,0,0,100,100,100,100,0,-1,0,0,0,1,0,0,0,0,0,0,1,1,0,0,0,0,0,0,0,0,0,0,0,0,0,0,0,0,0,0,0,0,0,0,0,0,0,0,0,0,0,0,0,0,0,0,0,0,0,0,0,0,0,0,0,0,0,0,0,0,0,0,0,0,0,1,1,0,0,0,1,1,1,1,1,1,1,50,0,50,0,50,0,50,0,-1,1,0,1,100,0,0,0,0,0,0,0,0,0,0,0,0,0,0,0,0,0,0,0,0,0,0,0,0,0,0,0,0,0,0,0,0,0,0,0,-1,-1,0,0,0,0,0,0,0,0,0,0,0,0,0,0,0,0,0,0,0,0,0,0,0,0,0,0,0,0,0,0,0,0,0,0,0,0,0,0,0,0,0,0,0,0,0,0,0,0,0,0,0,0,0,0,0,0,0,0,0,0,0,0,0,0,0,0,0,0,0,0,0,0,0,0,0,0,0,0,0,0,0,0,0,0,0,0,0,0,0,0,0,0,0,0,0,0,0,-1,0,0,0,0,0,0,-1,0,0,0,0,-1,0,0,0,0,1,-1,0,-1,-1,-1,1,0,0,0,0,0,0,0,[0|0|0|0],0,0,0,[0|0|0|0|0|0|0|0|0|0|0|0|0|0|0|0|0|0|0|0|0|0|0|0|0|0|0|0|0|0|0|0|0|0|0|0],1,1,0,0,0,0,0,-1,0,0,0,-1,0,0,[0|0|0|0|0|0],0,0,0,0,0,0,0,0,0,0,0,0,0,0,0,1,0,0,0,0,0,0,0,0,0,0,0,0,0,0,0,0,0,0,0,0,0,0,0,0,0,0,0,0,0,0,0,0,0,0,0,0,[0|0],360,0,0,0,[0|0],0,0,0,0,[0|0|0],1,1,0,0,0,0,0,52070400,0,0,0,[0|0|0|0|0|0|0|0|0|0|0|0|0|0|0|0]
59004300,,0,0,0,[0|0|0],0,0,0,0,0,0,0,0,1,0,0,0,-1,1,0,-1,-1,-1,-1,-1,-1,-1,-1,-1,-1,-1,-1,-1,-1,-1,-1,1,1,1,1,1,1,1,1,-1,0,0,0,0,0,100,100,0,0,100,100,100,100,0,0,0,100,100,100,100,0,-1,0,0,0,1,0,0,0,0,0,0,1,1,0,0,0,0,0,0,0,0,0,0,0,0,0,0,0,0,0,0,0,0,0,0,0,0,0,0,0,0,0,0,0,0,0,0,0,0,0,0,0,0,0,0,0,0,0,0,0,0,0,0,0,0,0,1,1,0,0,0,1,1,1,1,1,1,1,50,0,50,0,50,0,50,0,-1,1,0,1,100,0,0,0,0,0,0,0,0,0,0,0,0,0,0,0,0,0,0,0,0,0,0,0,0,0,0,0,0,0,0,0,0,0,0,0,-1,-1,0,0,0,0,0,0,0,0,0,0,0,0,0,0,0,0,0,0,0,0,0,0,0,0,0,0,0,0,0,0,0,0,0,0,0,0,0,0,0,0,0,0,0,0,0,0,0,0,0,0,0,0,0,0,0,0,0,0,0,0,0,0,0,0,0,0,0,0,0,0,0,0,0,0,0,0,0,0,0,0,0,0,0,0,0,0,0,0,0,0,0,0,0,0,0,0,0,-1,0,0,0,0,0,0,-1,0,0,0,0,-1,0,0,0,0,1,-1,0,-1,-1,-1,1,0,0,0,0,0,0,0,[0|0|0|0],0,0,0,[0|0|0|0|0|0|0|0|0|0|0|0|0|0|0|0|0|0|0|0|0|0|0|0|0|0|0|0|0|0|0|0|0|0|0|0],1,1,0,0,0,0,0,-1,0,0,0,-1,0,0,[0|0|0|0|0|0],0,0,0,0,0,0,0,0,0,0,0,0,0,0,0,1,0,0,0,0,0,0,0,0,0,0,0,0,0,0,0,0,0,0,0,0,0,0,0,0,0,0,0,0,0,0,0,0,0,0,0,0,[0|0],360,0,0,0,[0|0],0,0,0,0,[0|0|0],1,1,0,0,0,0,0,53170400,0,0,0,[0|0|0|0|0|0|0|0|0|0|0|0|0|0|0|0]
59005000,,0,0,0,[0|0|0],0,0,0,0,0,0,0,0,1,0,0,0,-1,1,0,-1,-1,-1,-1,-1,-1,-1,-1,-1,-1,-1,-1,-1,-1,-1,-1,1,1,1,1,1,1,1,1,-1,0,0,0,0,0,100,100,0,0,100,100,100,100,0,0,0,100,100,100,100,0,-1,0,0,0,1,0,0,0,0,0,0,1,1,0,0,0,0,0,0,0,0,0,0,0,0,0,0,0,0,0,0,0,0,0,0,0,0,0,0,0,0,0,0,0,0,0,0,0,0,0,0,0,0,0,0,0,0,0,0,0,0,0,0,0,0,0,1,1,0,0,0,1,1,1,1,1,1,1,50,0,50,0,50,0,50,0,-1,1,0,1,100,0,0,0,0,0,0,0,0,0,0,0,0,0,0,0,0,0,0,0,0,0,0,0,0,0,0,0,0,0,0,0,0,0,0,0,-1,-1,0,0,0,0,0,0,0,0,0,0,0,0,0,0,0,0,0,0,0,0,0,0,0,0,0,0,0,0,0,0,0,0,0,0,0,0,0,0,0,0,0,0,0,0,0,0,0,0,0,0,0,0,0,0,0,0,0,0,0,0,0,0,0,0,0,0,0,0,0,0,0,0,0,0,0,0,0,0,0,0,0,0,0,0,0,0,0,0,0,0,0,0,0,0,0,0,0,-1,0,0,0,0,0,0,-1,0,0,0,0,-1,0,0,0,0,1,-1,0,-1,-1,-1,1,0,0,0,0,0,0,0,[0|0|0|0],0,0,0,[0|0|0|0|0|0|0|0|0|0|0|0|0|0|0|0|0|0|0|0|0|0|0|0|0|0|0|0|0|0|0|0|0|0|0|0],1,1,0,0,0,0,0,-1,0,0,0,-1,0,0,[0|0|0|0|0|0],0,0,0,0,0,0,0,0,0,0,0,0,0,0,0,1,0,0,0,0,0,0,0,0,0,0,0,0,0,0,0,0,0,0,0,0,0,0,0,0,0,0,0,0,0,0,0,0,0,0,0,0,[0|0],360,0,0,0,[0|0],0,0,0,0,[0|0|0],1,1,0,0,0,0,0,50000000,0,0,0,[0|0|0|0|0|0|0|0|0|0|0|0|0|0|0|0]
59005100,,0,0,0,[0|0|0],0,0,0,0,0,0,0,0,1,0,0,0,-1,1,0,-1,-1,-1,-1,-1,-1,-1,-1,-1,-1,-1,-1,-1,-1,-1,-1,1,1,1,1,1,1,1,1,-1,0,0,0,0,0,100,100,0,0,100,100,100,100,0,0,0,100,100,100,100,0,-1,0,0,0,1,0,0,0,0,0,0,1,1,0,0,0,0,0,0,0,0,0,0,0,0,0,0,0,0,0,0,0,0,0,0,0,0,0,0,0,0,0,0,0,0,0,0,0,0,0,0,0,0,0,0,0,0,0,0,0,0,0,0,0,0,0,1,1,0,0,0,1,1,1,1,1,1,1,50,0,50,0,50,0,50,0,-1,1,0,1,100,0,0,0,0,0,0,0,0,0,0,0,0,0,0,0,0,0,0,0,0,0,0,0,0,0,0,0,0,0,0,0,0,0,0,0,-1,-1,0,0,0,0,0,0,0,0,0,0,0,0,0,0,0,0,0,0,0,0,0,0,0,0,0,0,0,0,0,0,0,0,0,0,0,0,0,0,0,0,0,0,0,0,0,0,0,0,0,0,0,0,0,0,0,0,0,0,0,0,0,0,0,0,0,0,0,0,0,0,0,0,0,0,0,0,0,0,0,0,0,0,0,0,0,0,0,0,0,0,0,0,0,0,0,0,0,-1,0,0,0,0,0,0,-1,0,0,0,0,-1,0,0,0,0,1,-1,0,-1,-1,-1,1,0,0,0,0,0,0,0,[0|0|0|0],0,0,0,[0|0|0|0|0|0|0|0|0|0|0|0|0|0|0|0|0|0|0|0|0|0|0|0|0|0|0|0|0|0|0|0|0|0|0|0],1,1,0,0,0,0,0,-1,0,0,0,-1,0,0,[0|0|0|0|0|0],0,0,0,0,0,0,0,0,0,0,0,0,0,0,0,1,0,0,0,0,0,0,0,0,0,0,0,0,0,0,0,0,0,0,0,0,0,0,0,0,0,0,0,0,0,0,0,0,0,0,0,0,[0|0],360,0,0,0,[0|0],0,0,0,0,[0|0|0],1,1,0,0,0,0,0,51000000,0,0,0,[0|0|0|0|0|0|0|0|0|0|0|0|0|0|0|0]
59005200,,0,0,0,[0|0|0],0,0,0,0,0,0,0,0,1,0,0,0,-1,1,0,-1,-1,-1,-1,-1,-1,-1,-1,-1,-1,-1,-1,-1,-1,-1,-1,1,1,1,1,1,1,1,1,-1,0,0,0,0,0,100,100,0,0,100,100,100,100,0,0,0,100,100,100,100,0,-1,0,0,0,1,0,0,0,0,0,0,1,1,0,0,0,0,0,0,0,0,0,0,0,0,0,0,0,0,0,0,0,0,0,0,0,0,0,0,0,0,0,0,0,0,0,0,0,0,0,0,0,0,0,0,0,0,0,0,0,0,0,0,0,0,0,1,1,0,0,0,1,1,1,1,1,1,1,50,0,50,0,50,0,50,0,-1,1,0,1,100,0,0,0,0,0,0,0,0,0,0,0,0,0,0,0,0,0,0,0,0,0,0,0,0,0,0,0,0,0,0,0,0,0,0,0,-1,-1,0,0,0,0,0,0,0,0,0,0,0,0,0,0,0,0,0,0,0,0,0,0,0,0,0,0,0,0,0,0,0,0,0,0,0,0,0,0,0,0,0,0,0,0,0,0,0,0,0,0,0,0,0,0,0,0,0,0,0,0,0,0,0,0,0,0,0,0,0,0,0,0,0,0,0,0,0,0,0,0,0,0,0,0,0,0,0,0,0,0,0,0,0,0,0,0,0,-1,0,0,0,0,0,0,-1,0,0,0,0,-1,0,0,0,0,1,-1,0,-1,-1,-1,1,0,0,0,0,0,0,0,[0|0|0|0],0,0,0,[0|0|0|0|0|0|0|0|0|0|0|0|0|0|0|0|0|0|0|0|0|0|0|0|0|0|0|0|0|0|0|0|0|0|0|0],1,1,0,0,0,0,0,-1,0,0,0,-1,0,0,[0|0|0|0|0|0],0,0,0,0,0,0,0,0,0,0,0,0,0,0,0,1,0,0,0,0,0,0,0,0,0,0,0,0,0,0,0,0,0,0,0,0,0,0,0,0,0,0,0,0,0,0,0,0,0,0,0,0,[0|0],360,0,0,0,[0|0],0,0,0,0,[0|0|0],1,1,0,0,0,0,0,52000000,0,0,0,[0|0|0|0|0|0|0|0|0|0|0|0|0|0|0|0]
59005300,,0,0,0,[0|0|0],0,0,0,0,0,0,0,0,1,0,0,0,-1,1,0,-1,-1,-1,-1,-1,-1,-1,-1,-1,-1,-1,-1,-1,-1,-1,-1,1,1,1,1,1,1,1,1,-1,0,0,0,0,0,100,100,0,0,100,100,100,100,0,0,0,100,100,100,100,0,-1,0,0,0,1,0,0,0,0,0,0,1,1,0,0,0,0,0,0,0,0,0,0,0,0,0,0,0,0,0,0,0,0,0,0,0,0,0,0,0,0,0,0,0,0,0,0,0,0,0,0,0,0,0,0,0,0,0,0,0,0,0,0,0,0,0,1,1,0,0,0,1,1,1,1,1,1,1,50,0,50,0,50,0,50,0,-1,1,0,1,100,0,0,0,0,0,0,0,0,0,0,0,0,0,0,0,0,0,0,0,0,0,0,0,0,0,0,0,0,0,0,0,0,0,0,0,-1,-1,0,0,0,0,0,0,0,0,0,0,0,0,0,0,0,0,0,0,0,0,0,0,0,0,0,0,0,0,0,0,0,0,0,0,0,0,0,0,0,0,0,0,0,0,0,0,0,0,0,0,0,0,0,0,0,0,0,0,0,0,0,0,0,0,0,0,0,0,0,0,0,0,0,0,0,0,0,0,0,0,0,0,0,0,0,0,0,0,0,0,0,0,0,0,0,0,0,-1,0,0,0,0,0,0,-1,0,0,0,0,-1,0,0,0,0,1,-1,0,-1,-1,-1,1,0,0,0,0,0,0,0,[0|0|0|0],0,0,0,[0|0|0|0|0|0|0|0|0|0|0|0|0|0|0|0|0|0|0|0|0|0|0|0|0|0|0|0|0|0|0|0|0|0|0|0],1,1,0,0,0,0,0,-1,0,0,0,-1,0,0,[0|0|0|0|0|0],0,0,0,0,0,0,0,0,0,0,0,0,0,0,0,1,0,0,0,0,0,0,0,0,0,0,0,0,0,0,0,0,0,0,0,0,0,0,0,0,0,0,0,0,0,0,0,0,0,0,0,0,[0|0],360,0,0,0,[0|0],0,0,0,0,[0|0|0],1,1,0,0,0,0,0,53200000,0,0,0,[0|0|0|0|0|0|0|0|0|0|0|0|0|0|0|0]
59006000,,0,0,0,[0|0|0],0,0,0,0,0,0,0,0,1,0,0,0,-1,1,0,-1,-1,-1,-1,-1,-1,-1,-1,-1,-1,-1,-1,-1,-1,-1,-1,1,1,1,1,1,1,1,1,-1,0,0,0,0,0,100,100,0,0,100,100,100,100,0,0,0,100,100,100,100,0,-1,0,0,0,1,0,0,0,0,0,0,1,1,0,0,0,0,0,0,0,0,0,0,0,0,0,0,0,0,0,0,0,0,0,0,0,0,0,0,0,0,0,0,0,0,0,0,0,0,0,0,0,0,0,0,0,0,0,0,0,0,0,0,0,0,0,1,1,0,0,0,1,1,1,1,1,1,1,50,0,50,0,50,0,50,0,-1,1,0,1,100,0,0,0,0,0,0,0,0,0,0,0,0,0,0,0,0,0,0,0,0,0,0,0,0,0,0,0,0,0,0,0,0,0,0,0,-1,-1,0,0,0,0,0,0,0,0,0,0,0,0,0,0,0,0,0,0,0,0,0,0,0,0,0,0,0,0,0,0,0,0,0,0,0,0,0,0,0,0,0,0,0,0,0,0,0,0,0,0,0,0,0,0,0,0,0,0,0,0,0,0,0,0,0,0,0,0,0,0,0,0,0,0,0,0,0,0,0,0,0,0,0,0,0,0,0,0,0,0,0,0,0,0,0,0,0,-1,0,0,0,0,0,0,-1,0,0,0,0,-1,0,0,0,0,1,-1,0,-1,-1,-1,1,0,0,0,0,0,0,0,[0|0|0|0],0,0,0,[0|0|0|0|0|0|0|0|0|0|0|0|0|0|0|0|0|0|0|0|0|0|0|0|0|0|0|0|0|0|0|0|0|0|0|0],1,1,0,0,0,0,0,-1,0,0,0,-1,0,0,[0|0|0|0|0|0],0,0,0,0,0,0,0,0,0,0,0,0,0,0,0,1,0,0,0,0,0,0,0,0,0,0,0,0,0,0,0,0,0,0,0,0,0,0,0,0,0,0,0,0,0,0,0,0,0,0,0,0,[0|0],360,0,0,0,[0|0],0,0,0,0,[0|0|0],1,1,0,0,0,0,0,50010000,0,0,0,[0|0|0|0|0|0|0|0|0|0|0|0|0|0|0|0]
59006100,,0,0,0,[0|0|0],0,0,0,0,0,0,0,0,1,0,0,0,-1,1,0,-1,-1,-1,-1,-1,-1,-1,-1,-1,-1,-1,-1,-1,-1,-1,-1,1,1,1,1,1,1,1,1,-1,0,0,0,0,0,100,100,0,0,100,100,100,100,0,0,0,100,100,100,100,0,-1,0,0,0,1,0,0,0,0,0,0,1,1,0,0,0,0,0,0,0,0,0,0,0,0,0,0,0,0,0,0,0,0,0,0,0,0,0,0,0,0,0,0,0,0,0,0,0,0,0,0,0,0,0,0,0,0,0,0,0,0,0,0,0,0,0,1,1,0,0,0,1,1,1,1,1,1,1,50,0,50,0,50,0,50,0,-1,1,0,1,100,0,0,0,0,0,0,0,0,0,0,0,0,0,0,0,0,0,0,0,0,0,0,0,0,0,0,0,0,0,0,0,0,0,0,0,-1,-1,0,0,0,0,0,0,0,0,0,0,0,0,0,0,0,0,0,0,0,0,0,0,0,0,0,0,0,0,0,0,0,0,0,0,0,0,0,0,0,0,0,0,0,0,0,0,0,0,0,0,0,0,0,0,0,0,0,0,0,0,0,0,0,0,0,0,0,0,0,0,0,0,0,0,0,0,0,0,0,0,0,0,0,0,0,0,0,0,0,0,0,0,0,0,0,0,0,-1,0,0,0,0,0,0,-1,0,0,0,0,-1,0,0,0,0,1,-1,0,-1,-1,-1,1,0,0,0,0,0,0,0,[0|0|0|0],0,0,0,[0|0|0|0|0|0|0|0|0|0|0|0|0|0|0|0|0|0|0|0|0|0|0|0|0|0|0|0|0|0|0|0|0|0|0|0],1,1,0,0,0,0,0,-1,0,0,0,-1,0,0,[0|0|0|0|0|0],0,0,0,0,0,0,0,0,0,0,0,0,0,0,0,1,0,0,0,0,0,0,0,0,0,0,0,0,0,0,0,0,0,0,0,0,0,0,0,0,0,0,0,0,0,0,0,0,0,0,0,0,[0|0],360,0,0,0,[0|0],0,0,0,0,[0|0|0],1,1,0,0,0,0,0,51010000,0,0,0,[0|0|0|0|0|0|0|0|0|0|0|0|0|0|0|0]
59006200,,0,0,0,[0|0|0],0,0,0,0,0,0,0,0,1,0,0,0,-1,1,0,-1,-1,-1,-1,-1,-1,-1,-1,-1,-1,-1,-1,-1,-1,-1,-1,1,1,1,1,1,1,1,1,-1,0,0,0,0,0,100,100,0,0,100,100,100,100,0,0,0,100,100,100,100,0,-1,0,0,0,1,0,0,0,0,0,0,1,1,0,0,0,0,0,0,0,0,0,0,0,0,0,0,0,0,0,0,0,0,0,0,0,0,0,0,0,0,0,0,0,0,0,0,0,0,0,0,0,0,0,0,0,0,0,0,0,0,0,0,0,0,0,1,1,0,0,0,1,1,1,1,1,1,1,50,0,50,0,50,0,50,0,-1,1,0,1,100,0,0,0,0,0,0,0,0,0,0,0,0,0,0,0,0,0,0,0,0,0,0,0,0,0,0,0,0,0,0,0,0,0,0,0,-1,-1,0,0,0,0,0,0,0,0,0,0,0,0,0,0,0,0,0,0,0,0,0,0,0,0,0,0,0,0,0,0,0,0,0,0,0,0,0,0,0,0,0,0,0,0,0,0,0,0,0,0,0,0,0,0,0,0,0,0,0,0,0,0,0,0,0,0,0,0,0,0,0,0,0,0,0,0,0,0,0,0,0,0,0,0,0,0,0,0,0,0,0,0,0,0,0,0,0,-1,0,0,0,0,0,0,-1,0,0,0,0,-1,0,0,0,0,1,-1,0,-1,-1,-1,1,0,0,0,0,0,0,0,[0|0|0|0],0,0,0,[0|0|0|0|0|0|0|0|0|0|0|0|0|0|0|0|0|0|0|0|0|0|0|0|0|0|0|0|0|0|0|0|0|0|0|0],1,1,0,0,0,0,0,-1,0,0,0,-1,0,0,[0|0|0|0|0|0],0,0,0,0,0,0,0,0,0,0,0,0,0,0,0,1,0,0,0,0,0,0,0,0,0,0,0,0,0,0,0,0,0,0,0,0,0,0,0,0,0,0,0,0,0,0,0,0,0,0,0,0,[0|0],360,0,0,0,[0|0],0,0,0,0,[0|0|0],1,1,0,0,0,0,0,52010000,0,0,0,[0|0|0|0|0|0|0|0|0|0|0|0|0|0|0|0]
59006300,,0,0,0,[0|0|0],0,0,0,0,0,0,0,0,1,0,0,0,-1,1,0,-1,-1,-1,-1,-1,-1,-1,-1,-1,-1,-1,-1,-1,-1,-1,-1,1,1,1,1,1,1,1,1,-1,0,0,0,0,0,100,100,0,0,100,100,100,100,0,0,0,100,100,100,100,0,-1,0,0,0,1,0,0,0,0,0,0,1,1,0,0,0,0,0,0,0,0,0,0,0,0,0,0,0,0,0,0,0,0,0,0,0,0,0,0,0,0,0,0,0,0,0,0,0,0,0,0,0,0,0,0,0,0,0,0,0,0,0,0,0,0,0,1,1,0,0,0,1,1,1,1,1,1,1,50,0,50,0,50,0,50,0,-1,1,0,1,100,0,0,0,0,0,0,0,0,0,0,0,0,0,0,0,0,0,0,0,0,0,0,0,0,0,0,0,0,0,0,0,0,0,0,0,-1,-1,0,0,0,0,0,0,0,0,0,0,0,0,0,0,0,0,0,0,0,0,0,0,0,0,0,0,0,0,0,0,0,0,0,0,0,0,0,0,0,0,0,0,0,0,0,0,0,0,0,0,0,0,0,0,0,0,0,0,0,0,0,0,0,0,0,0,0,0,0,0,0,0,0,0,0,0,0,0,0,0,0,0,0,0,0,0,0,0,0,0,0,0,0,0,0,0,0,-1,0,0,0,0,0,0,-1,0,0,0,0,-1,0,0,0,0,1,-1,0,-1,-1,-1,1,0,0,0,0,0,0,0,[0|0|0|0],0,0,0,[0|0|0|0|0|0|0|0|0|0|0|0|0|0|0|0|0|0|0|0|0|0|0|0|0|0|0|0|0|0|0|0|0|0|0|0],1,1,0,0,0,0,0,-1,0,0,0,-1,0,0,[0|0|0|0|0|0],0,0,0,0,0,0,0,0,0,0,0,0,0,0,0,1,0,0,0,0,0,0,0,0,0,0,0,0,0,0,0,0,0,0,0,0,0,0,0,0,0,0,0,0,0,0,0,0,0,0,0,0,[0|0],360,0,0,0,[0|0],0,0,0,0,[0|0|0],1,1,0,0,0,0,0,53300000,0,0,0,[0|0|0|0|0|0|0|0|0|0|0|0|0|0|0|0]
59007000,,0,0,0,[0|0|0],0,0,0,0,0,0,0,0,1,0,0,0,-1,1,0,-1,-1,-1,-1,-1,-1,-1,-1,-1,-1,-1,-1,-1,-1,-1,-1,1,1,1,1,1,1,1,1,-1,0,0,0,0,0,100,100,0,0,100,100,100,100,0,0,0,100,100,100,100,0,-1,0,0,0,1,0,0,0,0,0,0,1,1,0,0,0,0,0,0,0,0,0,0,0,0,0,0,0,0,0,0,0,0,0,0,0,0,0,0,0,0,0,0,0,0,0,0,0,0,0,0,0,0,0,0,0,0,0,0,0,0,0,0,0,0,0,1,1,0,0,0,1,1,1,1,1,1,1,50,0,50,0,50,0,50,0,-1,1,0,1,100,0,0,0,0,0,0,0,0,0,0,0,0,0,0,0,0,0,0,0,0,0,0,0,0,0,0,0,0,0,0,0,0,0,0,0,-1,-1,0,0,0,0,0,0,0,0,0,0,0,0,0,0,0,0,0,0,0,0,0,0,0,0,0,0,0,0,0,0,0,0,0,0,0,0,0,0,0,0,0,0,0,0,0,0,0,0,0,0,0,0,0,0,0,0,0,0,0,0,0,0,0,0,0,0,0,0,0,0,0,0,0,0,0,0,0,0,0,0,0,0,0,0,0,0,0,0,0,0,0,0,0,0,0,0,0,-1,0,0,0,0,0,0,-1,0,0,0,0,-1,0,0,0,0,1,-1,0,-1,-1,-1,1,0,0,0,0,0,0,0,[0|0|0|0],0,0,0,[0|0|0|0|0|0|0|0|0|0|0|0|0|0|0|0|0|0|0|0|0|0|0|0|0|0|0|0|0|0|0|0|0|0|0|0],1,1,0,0,0,0,0,-1,0,0,0,-1,0,0,[0|0|0|0|0|0],0,0,0,0,0,0,0,0,0,0,0,0,0,0,0,1,0,0,0,0,0,0,0,0,0,0,0,0,0,0,0,0,0,0,0,0,0,0,0,0,0,0,0,0,0,0,0,0,0,0,0,0,[0|0],360,0,0,0,[0|0],0,0,0,0,[0|0|0],1,1,0,0,0,0,0,50070400,0,0,0,[0|0|0|0|0|0|0|0|0|0|0|0|0|0|0|0]
59007100,,0,0,0,[0|0|0],0,0,0,0,0,0,0,0,1,0,0,0,-1,1,0,-1,-1,-1,-1,-1,-1,-1,-1,-1,-1,-1,-1,-1,-1,-1,-1,1,1,1,1,1,1,1,1,-1,0,0,0,0,0,100,100,0,0,100,100,100,100,0,0,0,100,100,100,100,0,-1,0,0,0,1,0,0,0,0,0,0,1,1,0,0,0,0,0,0,0,0,0,0,0,0,0,0,0,0,0,0,0,0,0,0,0,0,0,0,0,0,0,0,0,0,0,0,0,0,0,0,0,0,0,0,0,0,0,0,0,0,0,0,0,0,0,1,1,0,0,0,1,1,1,1,1,1,1,50,0,50,0,50,0,50,0,-1,1,0,1,100,0,0,0,0,0,0,0,0,0,0,0,0,0,0,0,0,0,0,0,0,0,0,0,0,0,0,0,0,0,0,0,0,0,0,0,-1,-1,0,0,0,0,0,0,0,0,0,0,0,0,0,0,0,0,0,0,0,0,0,0,0,0,0,0,0,0,0,0,0,0,0,0,0,0,0,0,0,0,0,0,0,0,0,0,0,0,0,0,0,0,0,0,0,0,0,0,0,0,0,0,0,0,0,0,0,0,0,0,0,0,0,0,0,0,0,0,0,0,0,0,0,0,0,0,0,0,0,0,0,0,0,0,0,0,0,-1,0,0,0,0,0,0,-1,0,0,0,0,-1,0,0,0,0,1,-1,0,-1,-1,-1,1,0,0,0,0,0,0,0,[0|0|0|0],0,0,0,[0|0|0|0|0|0|0|0|0|0|0|0|0|0|0|0|0|0|0|0|0|0|0|0|0|0|0|0|0|0|0|0|0|0|0|0],1,1,0,0,0,0,0,-1,0,0,0,-1,0,0,[0|0|0|0|0|0],0,0,0,0,0,0,0,0,0,0,0,0,0,0,0,1,0,0,0,0,0,0,0,0,0,0,0,0,0,0,0,0,0,0,0,0,0,0,0,0,0,0,0,0,0,0,0,0,0,0,0,0,[0|0],360,0,0,0,[0|0],0,0,0,0,[0|0|0],1,1,0,0,0,0,0,51070400,0,0,0,[0|0|0|0|0|0|0|0|0|0|0|0|0|0|0|0]
59007200,,0,0,0,[0|0|0],0,0,0,0,0,0,0,0,1,0,0,0,-1,1,0,-1,-1,-1,-1,-1,-1,-1,-1,-1,-1,-1,-1,-1,-1,-1,-1,1,1,1,1,1,1,1,1,-1,0,0,0,0,0,100,100,0,0,100,100,100,100,0,0,0,100,100,100,100,0,-1,0,0,0,1,0,0,0,0,0,0,1,1,0,0,0,0,0,0,0,0,0,0,0,0,0,0,0,0,0,0,0,0,0,0,0,0,0,0,0,0,0,0,0,0,0,0,0,0,0,0,0,0,0,0,0,0,0,0,0,0,0,0,0,0,0,1,1,0,0,0,1,1,1,1,1,1,1,50,0,50,0,50,0,50,0,-1,1,0,1,100,0,0,0,0,0,0,0,0,0,0,0,0,0,0,0,0,0,0,0,0,0,0,0,0,0,0,0,0,0,0,0,0,0,0,0,-1,-1,0,0,0,0,0,0,0,0,0,0,0,0,0,0,0,0,0,0,0,0,0,0,0,0,0,0,0,0,0,0,0,0,0,0,0,0,0,0,0,0,0,0,0,0,0,0,0,0,0,0,0,0,0,0,0,0,0,0,0,0,0,0,0,0,0,0,0,0,0,0,0,0,0,0,0,0,0,0,0,0,0,0,0,0,0,0,0,0,0,0,0,0,0,0,0,0,0,-1,0,0,0,0,0,0,-1,0,0,0,0,-1,0,0,0,0,1,-1,0,-1,-1,-1,1,0,0,0,0,0,0,0,[0|0|0|0],0,0,0,[0|0|0|0|0|0|0|0|0|0|0|0|0|0|0|0|0|0|0|0|0|0|0|0|0|0|0|0|0|0|0|0|0|0|0|0],1,1,0,0,0,0,0,-1,0,0,0,-1,0,0,[0|0|0|0|0|0],0,0,0,0,0,0,0,0,0,0,0,0,0,0,0,1,0,0,0,0,0,0,0,0,0,0,0,0,0,0,0,0,0,0,0,0,0,0,0,0,0,0,0,0,0,0,0,0,0,0,0,0,[0|0],360,0,0,0,[0|0],0,0,0,0,[0|0|0],1,1,0,0,0,0,0,52070400,0,0,0,[0|0|0|0|0|0|0|0|0|0|0|0|0|0|0|0]
59007300,,0,0,0,[0|0|0],0,0,0,0,0,0,0,0,1,0,0,0,-1,1,0,-1,-1,-1,-1,-1,-1,-1,-1,-1,-1,-1,-1,-1,-1,-1,-1,1,1,1,1,1,1,1,1,-1,0,0,0,0,0,100,100,0,0,100,100,100,100,0,0,0,100,100,100,100,0,-1,0,0,0,1,0,0,0,0,0,0,1,1,0,0,0,0,0,0,0,0,0,0,0,0,0,0,0,0,0,0,0,0,0,0,0,0,0,0,0,0,0,0,0,0,0,0,0,0,0,0,0,0,0,0,0,0,0,0,0,0,0,0,0,0,0,1,1,0,0,0,1,1,1,1,1,1,1,50,0,50,0,50,0,50,0,-1,1,0,1,100,0,0,0,0,0,0,0,0,0,0,0,0,0,0,0,0,0,0,0,0,0,0,0,0,0,0,0,0,0,0,0,0,0,0,0,-1,-1,0,0,0,0,0,0,0,0,0,0,0,0,0,0,0,0,0,0,0,0,0,0,0,0,0,0,0,0,0,0,0,0,0,0,0,0,0,0,0,0,0,0,0,0,0,0,0,0,0,0,0,0,0,0,0,0,0,0,0,0,0,0,0,0,0,0,0,0,0,0,0,0,0,0,0,0,0,0,0,0,0,0,0,0,0,0,0,0,0,0,0,0,0,0,0,0,0,-1,0,0,0,0,0,0,-1,0,0,0,0,-1,0,0,0,0,1,-1,0,-1,-1,-1,1,0,0,0,0,0,0,0,[0|0|0|0],0,0,0,[0|0|0|0|0|0|0|0|0|0|0|0|0|0|0|0|0|0|0|0|0|0|0|0|0|0|0|0|0|0|0|0|0|0|0|0],1,1,0,0,0,0,0,-1,0,0,0,-1,0,0,[0|0|0|0|0|0],0,0,0,0,0,0,0,0,0,0,0,0,0,0,0,1,0,0,0,0,0,0,0,0,0,0,0,0,0,0,0,0,0,0,0,0,0,0,0,0,0,0,0,0,0,0,0,0,0,0,0,0,[0|0],360,0,0,0,[0|0],0,0,0,0,[0|0|0],1,1,0,0,0,0,0,53070400,0,0,0,[0|0|0|0|0|0|0|0|0|0|0|0|0|0|0|0]
59008000,,0,0,0,[0|0|0],0,0,0,0,0,0,0,0,1,0,0,0,-1,1,0,-1,-1,-1,-1,-1,-1,-1,-1,-1,-1,-1,-1,-1,-1,-1,-1,1,1,1,1,1,1,1,1,-1,0,0,0,0,0,100,100,0,0,100,100,100,100,0,0,0,100,100,100,100,0,-1,0,0,0,1,0,0,0,0,0,0,1,1,0,0,0,0,0,0,0,0,0,0,0,0,0,0,0,0,0,0,0,0,0,0,0,0,0,0,0,0,0,0,0,0,0,0,0,0,0,0,0,0,0,0,0,0,0,0,0,0,0,0,0,0,0,1,1,0,0,0,1,1,1,1,1,1,1,50,0,50,0,50,0,50,0,-1,1,0,1,100,0,0,0,0,0,0,0,0,0,0,0,0,0,0,0,0,0,0,0,0,0,0,0,0,0,0,0,0,0,0,0,0,0,0,0,-1,-1,0,0,0,0,0,0,0,0,0,0,0,0,0,0,0,0,0,0,0,0,0,0,0,0,0,0,0,0,0,0,0,0,0,0,0,0,0,0,0,0,0,0,0,0,0,0,0,0,0,0,0,0,0,0,0,0,0,0,0,0,0,0,0,0,0,0,0,0,0,0,0,0,0,0,0,0,0,0,0,0,0,0,0,0,0,0,0,0,0,0,0,0,0,0,0,0,0,-1,0,0,0,0,0,0,-1,0,0,0,0,-1,0,0,0,0,1,-1,0,-1,-1,-1,1,0,0,0,0,0,0,0,[0|0|0|0],0,0,0,[0|0|0|0|0|0|0|0|0|0|0|0|0|0|0|0|0|0|0|0|0|0|0|0|0|0|0|0|0|0|0|0|0|0|0|0],1,1,0,0,0,0,0,-1,0,0,0,-1,0,0,[0|0|0|0|0|0],0,0,0,0,0,0,0,0,0,0,0,0,0,0,0,1,0,0,0,0,0,0,0,0,0,0,0,0,0,0,0,0,0,0,0,0,0,0,0,0,0,0,0,0,0,0,0,0,0,0,0,0,[0|0],360,0,0,0,[0|0],0,0,0,0,[0|0|0],1,1,0,0,0,0,0,50900000,0,0,0,[0|0|0|0|0|0|0|0|0|0|0|0|0|0|0|0]
59008100,,0,0,0,[0|0|0],0,0,0,0,0,0,0,0,1,0,0,0,-1,1,0,-1,-1,-1,-1,-1,-1,-1,-1,-1,-1,-1,-1,-1,-1,-1,-1,1,1,1,1,1,1,1,1,-1,0,0,0,0,0,100,100,0,0,100,100,100,100,0,0,0,100,100,100,100,0,-1,0,0,0,1,0,0,0,0,0,0,1,1,0,0,0,0,0,0,0,0,0,0,0,0,0,0,0,0,0,0,0,0,0,0,0,0,0,0,0,0,0,0,0,0,0,0,0,0,0,0,0,0,0,0,0,0,0,0,0,0,0,0,0,0,0,1,1,0,0,0,1,1,1,1,1,1,1,50,0,50,0,50,0,50,0,-1,1,0,1,100,0,0,0,0,0,0,0,0,0,0,0,0,0,0,0,0,0,0,0,0,0,0,0,0,0,0,0,0,0,0,0,0,0,0,0,-1,-1,0,0,0,0,0,0,0,0,0,0,0,0,0,0,0,0,0,0,0,0,0,0,0,0,0,0,0,0,0,0,0,0,0,0,0,0,0,0,0,0,0,0,0,0,0,0,0,0,0,0,0,0,0,0,0,0,0,0,0,0,0,0,0,0,0,0,0,0,0,0,0,0,0,0,0,0,0,0,0,0,0,0,0,0,0,0,0,0,0,0,0,0,0,0,0,0,0,-1,0,0,0,0,0,0,-1,0,0,0,0,-1,0,0,0,0,1,-1,0,-1,-1,-1,1,0,0,0,0,0,0,0,[0|0|0|0],0,0,0,[0|0|0|0|0|0|0|0|0|0|0|0|0|0|0|0|0|0|0|0|0|0|0|0|0|0|0|0|0|0|0|0|0|0|0|0],1,1,0,0,0,0,0,-1,0,0,0,-1,0,0,[0|0|0|0|0|0],0,0,0,0,0,0,0,0,0,0,0,0,0,0,0,1,0,0,0,0,0,0,0,0,0,0,0,0,0,0,0,0,0,0,0,0,0,0,0,0,0,0,0,0,0,0,0,0,0,0,0,0,[0|0],360,0,0,0,[0|0],0,0,0,0,[0|0|0],1,1,0,0,0,0,0,51900000,0,0,0,[0|0|0|0|0|0|0|0|0|0|0|0|0|0|0|0]
59008200,,0,0,0,[0|0|0],0,0,0,0,0,0,0,0,1,0,0,0,-1,1,0,-1,-1,-1,-1,-1,-1,-1,-1,-1,-1,-1,-1,-1,-1,-1,-1,1,1,1,1,1,1,1,1,-1,0,0,0,0,0,100,100,0,0,100,100,100,100,0,0,0,100,100,100,100,0,-1,0,0,0,1,0,0,0,0,0,0,1,1,0,0,0,0,0,0,0,0,0,0,0,0,0,0,0,0,0,0,0,0,0,0,0,0,0,0,0,0,0,0,0,0,0,0,0,0,0,0,0,0,0,0,0,0,0,0,0,0,0,0,0,0,0,1,1,0,0,0,1,1,1,1,1,1,1,50,0,50,0,50,0,50,0,-1,1,0,1,100,0,0,0,0,0,0,0,0,0,0,0,0,0,0,0,0,0,0,0,0,0,0,0,0,0,0,0,0,0,0,0,0,0,0,0,-1,-1,0,0,0,0,0,0,0,0,0,0,0,0,0,0,0,0,0,0,0,0,0,0,0,0,0,0,0,0,0,0,0,0,0,0,0,0,0,0,0,0,0,0,0,0,0,0,0,0,0,0,0,0,0,0,0,0,0,0,0,0,0,0,0,0,0,0,0,0,0,0,0,0,0,0,0,0,0,0,0,0,0,0,0,0,0,0,0,0,0,0,0,0,0,0,0,0,0,-1,0,0,0,0,0,0,-1,0,0,0,0,-1,0,0,0,0,1,-1,0,-1,-1,-1,1,0,0,0,0,0,0,0,[0|0|0|0],0,0,0,[0|0|0|0|0|0|0|0|0|0|0|0|0|0|0|0|0|0|0|0|0|0|0|0|0|0|0|0|0|0|0|0|0|0|0|0],1,1,0,0,0,0,0,-1,0,0,0,-1,0,0,[0|0|0|0|0|0],0,0,0,0,0,0,0,0,0,0,0,0,0,0,0,1,0,0,0,0,0,0,0,0,0,0,0,0,0,0,0,0,0,0,0,0,0,0,0,0,0,0,0,0,0,0,0,0,0,0,0,0,[0|0],360,0,0,0,[0|0],0,0,0,0,[0|0|0],1,1,0,0,0,0,0,52900000,0,0,0,[0|0|0|0|0|0|0|0|0|0|0|0|0|0|0|0]
59008300,,0,0,0,[0|0|0],0,0,0,0,0,0,0,0,1,0,0,0,-1,1,0,-1,-1,-1,-1,-1,-1,-1,-1,-1,-1,-1,-1,-1,-1,-1,-1,1,1,1,1,1,1,1,1,-1,0,0,0,0,0,100,100,0,0,100,100,100,100,0,0,0,100,100,100,100,0,-1,0,0,0,1,0,0,0,0,0,0,1,1,0,0,0,0,0,0,0,0,0,0,0,0,0,0,0,0,0,0,0,0,0,0,0,0,0,0,0,0,0,0,0,0,0,0,0,0,0,0,0,0,0,0,0,0,0,0,0,0,0,0,0,0,0,1,1,0,0,0,1,1,1,1,1,1,1,50,0,50,0,50,0,50,0,-1,1,0,1,100,0,0,0,0,0,0,0,0,0,0,0,0,0,0,0,0,0,0,0,0,0,0,0,0,0,0,0,0,0,0,0,0,0,0,0,-1,-1,0,0,0,0,0,0,0,0,0,0,0,0,0,0,0,0,0,0,0,0,0,0,0,0,0,0,0,0,0,0,0,0,0,0,0,0,0,0,0,0,0,0,0,0,0,0,0,0,0,0,0,0,0,0,0,0,0,0,0,0,0,0,0,0,0,0,0,0,0,0,0,0,0,0,0,0,0,0,0,0,0,0,0,0,0,0,0,0,0,0,0,0,0,0,0,0,0,-1,0,0,0,0,0,0,-1,0,0,0,0,-1,0,0,0,0,1,-1,0,-1,-1,-1,1,0,0,0,0,0,0,0,[0|0|0|0],0,0,0,[0|0|0|0|0|0|0|0|0|0|0|0|0|0|0|0|0|0|0|0|0|0|0|0|0|0|0|0|0|0|0|0|0|0|0|0],1,1,0,0,0,0,0,-1,0,0,0,-1,0,0,[0|0|0|0|0|0],0,0,0,0,0,0,0,0,0,0,0,0,0,0,0,1,0,0,0,0,0,0,0,0,0,0,0,0,0,0,0,0,0,0,0,0,0,0,0,0,0,0,0,0,0,0,0,0,0,0,0,0,[0|0],360,0,0,0,[0|0],0,0,0,0,[0|0|0],1,1,0,0,0,0,0,53900000,0,0,0,[0|0|0|0|0|0|0|0|0|0|0|0|0|0|0|0]
99900000,HEAD [NPC] - HC-2000 FINDER EYE (Damaged),0,0,0,[0|0|0],400000,950000,100700,100710,100720,36000,36000,36000,3000,-1,-1,-1,40,1.5,-0.33,99900000,99900000,99900000,99900000,99900000,99900000,99900000,99900000,99900000,99900000,99900000,-1,-1,-1,-1,-1,1,1,1,1,1,1,1,1,-1,9400,1093,1169,0,0,100,100,25,0,0,0,0,0,0,0,0,100,100,100,310,0,-1,-1,1,0,5,0,0,0,1,0,0,1,1,0,0,0,1,0,0,0,0,0,0,0,0,0,0,0,0,0,0,0,0,0,0,0,0,0,0,0,0,0,0,0,0,0,0,0,0,0,0,0,0,0,0,0,0,0,0,0,0,0,0,0,0,0,1,1,0,0,0,1,1,1,1,1,1,1,103,100,103,100,0,0,0,0,-1,1,0,1,0,0,0,0,0,0,0,0,0,0,0,0,0,0,0,0,0,0,0,0,0,0,0,0,0,0,0,0,0,0,0,0,0,0,0,0,-1,36000,100,0,0,0,0,0,0,0,0,0,0,0,0,0,0,0,0,0,0,0,0,0,0,0,0,0,0,0,0,0,0,0,0,0,0,0,0,0,0,0,0,0,0,0,0,0,0,0,0,0,0,0,0,0,0,0,0,0,0,0,0,0,0,0,0,0,0,0,0,0,0,0,0,0,0,0,0,0,0,0,0,0,0,0,0,0,0,0,0,0,0,0,0,0,0,0,0,-1,0,125,660,30100,250,150,-1,0,0,0,0,0,0,0,0,0,1,80000000,-1,-1,-1,-1,1,0,0,201,0,0,0,0,[0|0|0|0],6,12,0,[0|0|0|0|0|0|0|0|0|0|0|0|0|0|0|0|0|0|0|0|0|0|0|0|0|0|0|0|0|0|0|0|0|0|0|0],1,1,0,0,0,0,0,-1,0,0,0,-1,0,0,[0|0|0|0|0|0],-0.6,-1,-0.95,0,0,-2,-2,0,0,0,0,0,0,0,0,0,0,0,0,0,0,0,0,0,0,0,0,0,0,0,0,0,0,1,0,0,0,0,0,0,0,0,0,0,0,0,0,0,0,0,0,0,[0|0],65,450,20,1,[0|0],0,0,0,0,[0|0|0],1,1,0,0,0,0,0.22,-1,0,0,0,[0|0|0|0|0|0|0|0|0|0|0|0|0|0|0|0]
99900100,CORE [NPC] - CC-2000 ORBITER (Damaged),0,0,0,[0|0|0],400000,951000,100700,100710,100720,46800,46800,46800,12650,-1,-1,-1,40,1,-0.33,99900100,99900100,99900100,99900100,99900100,99900100,99900100,99900100,99900100,99900100,99900100,-1,-1,-1,-1,-1,1,1,1,1,1,1,1,1,-1,9400,1094,1170,0,0,100,100,25,0,0,0,0,0,0,0,0,100,100,100,0,0,-1,-1,1,0,2,0,1,0,2,0,0,1,0,1,0,0,0,0,0,0,0,0,0,0,0,0,0,0,0,0,0,0,0,0,0,0,0,0,0,0,0,0,0,0,0,0,0,0,0,0,0,0,0,0,0,0,0,0,0,0,0,0,0,0,0,0,1,1,0,0,0,1,1,1,1,1,1,1,103,100,103,100,0,0,0,0,-1,1,0,1,0,0,0,0,0,0,0,0,0,0,0,0,0,0,0,0,0,0,0,0,0,0,0,0,0,0,0,0,0,0,0,0,0,0,0,0,-1,46800,100,0,0,0,0,0,0,0,0,0,0,0,0,0,0,0,0,0,0,0,0,0,0,0,0,0,0,0,0,0,0,0,0,0,0,0,0,0,0,0,0,0,0,0,0,0,0,0,0,0,0,0,0,0,0,0,0,0,0,0,0,0,0,0,0,0,0,0,0,0,0,0,0,0,0,0,0,0,0,0,0,0,0,0,0,0,0,0,0,0,0,0,0,0,0,0,0,-1,0,267,2780,30101,1850,1600,1000,2,1,1,0,0,0,0,0,37100,1,75101000,0,-1,-1,-1,1,0,0,338,0,0,0,0,[0|0|0|0],6,13,0,[0|0|0|0|0|0|0|0|0|0|0|0|0|0|0|0|0|0|0|0|0|0|0|0|0|0|0|0|0|0|0|0|0|0|0|0],1,1,0,0,0,0,0,-1,0,0,0,-1,0,0,[0|0|0|0|0|0],-2.4,-3.35,-2.55,0,0,0,0,0,0,0,0,0,0,0,0,0,0,0,0,0,0,0,0,338,0,0,0,0,0,0,0,0,0,1,0,0,0,0,0,0,0,0,0,0,0,0,0,0,0,0,0,0,[0|0],360,0,0,0,[0|0],0,0,0,0,[0|0|0],1,1,0,0,0,0.8,0.65,-1,92,96,93,[0|0|0|0|0|0|0|0|0|0|0|0|0|0|0|0]
99900200,ARMS [NPC] - AC-2000 TOOL ARM (Damaged),0,0,0,[0|0|0],400000,952000,100700,100710,100720,25200,25200,25200,12040,-1,-1,-1,40,1.1,-0.33,99900200,99900200,99900200,99900200,99900200,99900200,99900200,99900200,99900200,99900200,99900200,-1,-1,-1,-1,-1,1,1,1,1,1,1,1,1,-1,9400,1095,1171,0,0,100,100,25,0,0,0,0,0,0,0,0,100,100,100,0,0,-1,-1,1,0,1,0,2,0,3,0,0,1,0,0,1,0,0,0,0,0,0,0,0,0,0,0,0,0,0,0,0,0,0,0,0,0,0,0,0,0,0,0,0,0,0,0,0,0,0,0,0,0,0,0,0,0,0,0,0,0,0,0,0,0,0,0,1,1,0,0,0,1,1,1,1,1,1,1,103,100,103,100,0,0,0,0,-1,1,0,1,0,0,0,0,0,0,0,0,0,0,0,0,0,0,0,0,0,0,0,0,0,0,0,0,0,0,0,0,0,0,0,0,0,0,0,0,-1,25200,100,0,0,0,0,0,0,0,0,0,0,0,0,0,0,0,0,0,0,0,0,0,0,0,0,0,0,0,0,0,0,0,0,0,0,0,0,0,0,0,0,0,0,0,0,0,0,0,0,0,0,0,0,0,0,0,0,0,0,0,0,0,0,0,0,0,0,0,0,0,0,0,0,0,0,0,0,0,0,0,0,0,0,0,0,0,0,0,0,0,0,0,0,0,0,0,0,-1,0,216,1990,30102,800,650,-1,0,0,0,0,0,0,0,0,37200,1,-1,0,-1,-1,-1,1,0,85,0,0,85,0,0,[0|0|0|0],6,14,0,[0|0|0|0|0|0|0|0|0|0|0|0|0|0|0|0|0|0|0|0|0|0|0|0|0|0|0|0|0|0|0|0|0|0|0|0],1,1,0,7960,100,98,0,-1,0,0,0,-1,0,0,[0|0|0|0|0|0],-2.3,-2.6,-2.1,0,0,0,0,0,0,0,0,0,0,0,0,0,0,0,0,0,0,0,0,0,0,0,0,8000,80,98,108,88,0,1,0,0,0,0,0,0,0,0,0,0,0,0,0,0,0,0,0,0,[0|0],360,0,0,0,[0|0],1,0,0,0,[0|0|0],1,1,0,0,0,0.2,0,-1,0,0,0,[0|0|0|0|0|0|0|0|0|0|0|0|0|0|0|0]
99900300,LEGS [NPC] - 2C-2000 CRAWLER (Damaged),0,0,0,[0|0|0],400000,953000,100700,100710,100720,32400,32400,32400,16300,-1,-1,-1,40,1.1,-0.33,99900300,99900300,99900300,99900300,99900300,99900300,99900300,99900300,99900300,99900300,99900300,-1,-1,-1,-1,-1,1,1,1,1,1,1,1,1,-1,9400,1096,1172,0,0,100,100,45,0,0,0,0,0,0,0,0,100,100,100,0,0,-1,-1,1,0,6,0,3,0,4,0,1,1,0,0,0,1,0,0,0,0,0,0,0,0,0,0,0,0,0,0,0,0,0,0,0,0,0,0,0,0,0,0,0,0,0,0,0,0,0,0,0,0,0,0,0,0,0,0,0,0,0,0,0,0,0,0,1,1,0,0,0,1,1,1,1,1,1,1,103,100,103,100,0,0,0,0,1,1,0,1,0,0,0,0,0,0,0,0,0,0,0,0,0,0,0,0,0,0,0,0,0,0,0,0,0,0,0,0,0,0,0,0,0,0,0,0,-1,32400,100,0,0,0,0,0,0,0,0,0,0,0,0,0,0,0,0,0,0,0,0,0,0,0,0,0,0,0,0,0,0,0,0,0,0,0,0,0,0,0,0,0,0,0,0,0,0,0,0,0,0,0,0,0,0,0,0,0,0,0,0,0,0,0,0,0,0,0,0,0,0,0,0,0,0,0,0,0,0,0,0,0,0,0,0,0,0,0,0,0,0,0,0,0,0,0,0,0,0,350,3650,30200,1550,1400,-1,0,0,0,0,5,0,0,0,37300,1,-1,0,-1,-1,-1,1,90,0,618,0,0,0,0,[0|0|0|0],6,18,0,[0|0|0|0|0|0|0|0|0|0|0|0|0|0|0|0|0|0|0|0|0|0|0|0|0|0|0|0|0|0|0|0|0|0|0|0],1,1,0,0,0,0,50300,-1,0,10000000,30,-1,0,80,[0|0|0|0|0|0],-2.35,-2.75,-1.3,0,0,0,0,0,0,0,0,0,0,0.5,25,1,400,10,15,45,0,0,0,618,0,0,0,0,0,0,0,0,50300,1,40,90,25,0,0,0,0,0,0,0,0,0,0,0,0,0,0,0,[0|0],360,0,0,0,[0|0],0,0,0,0,[0|0|0],1,1,0,0,0,0,2.25,-1,0,0,0,[0|0|0|0|0|0|0|0|0|0|0|0|0|0|0|0]
