ID,Name,disableParam_NT,disableParam_Product,disableParamReserve1,disableParamReserve2,sortId,wanderingEquipId,vagrantItemLotId,vagrantBonusEneDropItemLotId,vagrantItemEneDropItemLotId,fixPrice,basicPrice,sellValue,weight,residentSpEffectId,residentSpEffectId2,residentSpEffectId3,materialSetId,partsDamageRate,corectSARecover,originEquipPro,originEquipPro1,originEquipPro2,originEquipPro3,originEquipPro4,originEquipPro5,originEquipPro6,originEquipPro7,originEquipPro8,originEquipPro9,originEquipPro10,originEquipPro11,originEquipPro12,originEquipPro13,originEquipPro14,originEquipPro15,faceScaleM_ScaleX,faceScaleM_ScaleZ,faceScaleM_MaxX,faceScaleM_MaxZ,faceScaleF_ScaleX,faceScaleF_ScaleZ,faceScaleF_MaxX,faceScaleF_MaxZ,qwcId,equipModelId,iconIdM,iconIdF,knockBack,knockbackBounceRate,durability,durabilityMax,saDurability,defFlickPower,defensePhysics,defenseMagic,defenseFire,defenseThunder,defenseSlash,defenseBlow,defenseThrust,resistBurn,resistStun,resistHighPlasma,resistCurse,reinforceTypeId,trophySGradeId,shopLv,knockbackParamId,flickDamageCutRate,equipModelCategory,XXX_equipModelGender,protectorCategory,protectorSubType,assembleMenuCategory,partsDmgType,legTypeModelId,isDeposit,headEquip,bodyEquip,armEquip,legEquip,useFaceScale,invisibleFlag00,invisibleFlag01,invisibleFlag02,invisibleFlag03,invisibleFlag04,invisibleFlag05,invisibleFlag06,invisibleFlag07,invisibleFlag08,invisibleFlag09,invisibleFlag10,invisibleFlag11,invisibleFlag12,invisibleFlag13,invisibleFlag14,invisibleFlag15,invisibleFlag16,invisibleFlag17,invisibleFlag18,invisibleFlag19,invisibleFlag20,invisibleFlag21,invisibleFlag22,invisibleFlag23,invisibleFlag24,invisibleFlag25,invisibleFlag26,invisibleFlag27,invisibleFlag28,invisibleFlag29,invisibleFlag30,invisibleFlag31,invisibleFlag32,invisibleFlag33,invisibleFlag34,invisibleFlag35,invisibleFlag36,invisibleFlag37,invisibleFlag38,invisibleFlag39,invisibleFlag40,invisibleFlag41,invisibleFlag42,invisibleFlag43,invisibleFlag44,invisibleFlag45,invisibleFlag46,invisibleFlag47,pad12,isDiscard,isDrop,disableMultiDropShare,simpleModelForDlc,pad,neutralDamageCutRate,slashDamageCutRate,blowDamageCutRate,thrustDamageCutRate,magicDamageCutRate,fireDamageCutRate,thunderDamageCutRate,defenseMaterialSfx1,defenseMaterialSfx_Weak1,defenseMaterial1,defenseMaterial_Weak1,defenseMaterialSfx2,defenseMaterialSfx_Weak2,defenseMaterial2,defenseMaterial_Weak2,autoFootEffectDecalId,toughnessDamageCutRate,toughnessRecoverCorrection,darkDamageCutRate,defenseDark,invisibleFlag48,invisibleFlag49,invisibleFlag50,invisibleFlag51,invisibleFlag52,invisibleFlag53,invisibleFlag54,invisibleFlag55,invisibleFlag56,invisibleFlag57,invisibleFlag58,invisibleFlag59,invisibleFlag60,invisibleFlag61,invisibleFlag62,invisibleFlag63,invisibleFlag64,invisibleFlag65,invisibleFlag66,invisibleFlag67,invisibleFlag68,invisibleFlag69,invisibleFlag70,invisibleFlag71,invisibleFlag72,invisibleFlag73,invisibleFlag74,invisibleFlag75,invisibleFlag76,invisibleFlag77,invisibleFlag78,invisibleFlag79,invisibleFlag80,padbit,pad05,upperArmParamId,saleValue,resistDepletedUraniumToxic,invisibleFlag_SexVer00,invisibleFlag_SexVer01,invisibleFlag_SexVer02,invisibleFlag_SexVer03,invisibleFlag_SexVer04,invisibleFlag_SexVer05,invisibleFlag_SexVer06,invisibleFlag_SexVer07,invisibleFlag_SexVer08,invisibleFlag_SexVer09,invisibleFlag_SexVer10,invisibleFlag_SexVer11,invisibleFlag_SexVer12,invisibleFlag_SexVer13,invisibleFlag_SexVer14,invisibleFlag_SexVer15,invisibleFlag_SexVer16,invisibleFlag_SexVer17,invisibleFlag_SexVer18,invisibleFlag_SexVer19,invisibleFlag_SexVer20,invisibleFlag_SexVer21,invisibleFlag_SexVer22,invisibleFlag_SexVer23,invisibleFlag_SexVer24,invisibleFlag_SexVer25,invisibleFlag_SexVer26,invisibleFlag_SexVer27,invisibleFlag_SexVer28,invisibleFlag_SexVer29,invisibleFlag_SexVer30,invisibleFlag_SexVer31,invisibleFlag_SexVer32,invisibleFlag_SexVer33,invisibleFlag_SexVer34,invisibleFlag_SexVer35,invisibleFlag_SexVer36,invisibleFlag_SexVer37,invisibleFlag_SexVer38,invisibleFlag_SexVer39,invisibleFlag_SexVer40,invisibleFlag_SexVer41,invisibleFlag_SexVer42,invisibleFlag_SexVer43,invisibleFlag_SexVer44,invisibleFlag_SexVer45,invisibleFlag_SexVer46,invisibleFlag_SexVer47,invisibleFlag_SexVer48,invisibleFlag_SexVer49,invisibleFlag_SexVer50,invisibleFlag_SexVer51,invisibleFlag_SexVer52,invisibleFlag_SexVer53,invisibleFlag_SexVer54,invisibleFlag_SexVer55,invisibleFlag_SexVer56,invisibleFlag_SexVer57,invisibleFlag_SexVer58,invisibleFlag_SexVer59,invisibleFlag_SexVer60,invisibleFlag_SexVer61,invisibleFlag_SexVer62,invisibleFlag_SexVer63,invisibleFlag_SexVer64,invisibleFlag_SexVer65,invisibleFlag_SexVer66,invisibleFlag_SexVer67,invisibleFlag_SexVer68,invisibleFlag_SexVer69,invisibleFlag_SexVer70,invisibleFlag_SexVer71,invisibleFlag_SexVer72,invisibleFlag_SexVer73,invisibleFlag_SexVer74,invisibleFlag_SexVer75,invisibleFlag_SexVer76,invisibleFlag_SexVer77,invisibleFlag_SexVer78,invisibleFlag_SexVer79,invisibleFlag_SexVer80,invisibleFlag_SexVer81,invisibleFlag_SexVer82,invisibleFlag_SexVer83,invisibleFlag_SexVer84,invisibleFlag_SexVer85,invisibleFlag_SexVer86,invisibleFlag_SexVer87,invisibleFlag_SexVer88,invisibleFlag_SexVer89,invisibleFlag_SexVer90,invisibleFlag_SexVer91,invisibleFlag_SexVer92,invisibleFlag_SexVer93,invisibleFlag_SexVer94,invisibleFlag_SexVer95,retargetModelId,legTypeLockCamIdOffset,consumeEN,ap,categoryNameTextID,defensePhysicsForMenu,defenseMagicForMenu,lookAtParamId,lookAtDirType,leftWeaponHangerType,rightWeaponHangerType,legAnimCategoryOffset,SADurabilityRecoveryBase,energyMax,energyRecoveryPerSec,energyRecoveryDelayTimeSec,thrustersParamIDForPC,saDamageCutRate,wepParamId,headLookAtParamId,autoFootEffectSfxId,autoFootEffectGlideSfxId,wepParamId2,landBrakeScale,groundQbAddSpeedKMH,shootMotionPerf,stability,energyRecoveryDelayTimeForEmptySec,recoilCtrl,energyDrain_FourLegFlyMove,hoveringQbAddSpeedKMH,pad07,Maker,menuManageCategory,menu_HelpMovieID,pad09,legs_shootRecoilRate_Ground,legs_shootRecoilRate_Fly,DecalCamDistOffset,armMaxWeight,AppropriateType_Energy,AppropriateType_Melee,legs_payload,legs_boosterId,legs_MovementParamId,legs_TurnParamId,wallJump_MaxAlt,wallJump_DrainEn,wallJump_MiddleAngDegH,wallJump_MaxAngDegH,legs_reserved,ProCutRate_Phys,ProCutRate_Mag,ProCutRate_Fire,ProCutRate_Thunder,ProCutRate_Dark,ProCutRate_Burn,ProCutRate_Stun,ProCutRate_HighPlasma,ProCutRate_Curse,ProCutRate_Sa,ProCutRate_Stamina,ProCutRate_DepletedUraniumToxic,jumpSpecifyAlt_QbGoalAlt,jumpSpecifyAlt_PrevSpeedRateH,jumpSpecifyAlt_GoalAlt,jumpSpecifyAlt_GravityScale,jumpSpecifyAlt_HorizontalMaxSpeedKMPH,jumpSpecifyAlt_HorizontalMaxAccelMPSS,jumpSpecifyAlt_MiddleInputAngDeg,jumpSpecifyAlt_MaxInputAngDeg,computed_f00,computed_f01,computed_f02,computed_f03,computed_f04,computed_f05,computed_f06,computed_f07,computed_f08,computed_f09,computed_f10,computed_f11,computed_f12,computed_f13,computed_f14,computed_f15,computed_f16,computed_f17,computed_f18,computed_f19,computed_f20,computed_f21,computed_f22,computed_f23,computed_f24,computed_f25,computed_f26,computed_f27,computed_f28,computed_f29,computed_f30,computed_f_last,pad11,scanAngle,scanDist,scanTime,scanType,pad13,isHeavyWeightAddAnim,unk343_1,pad13_1,coreTypeWepAnimOffset,pad14,walkAnimSpeedRate,runAnimSpeedRate,legTypeSeId,hoverWalkBoostEndSpeedKMH,hoverRunBoostEndSpeedKMH,backunitAjustHeight,cutsceneCamOffset,refId,quickBoosterOutputCorrRate,generatorOutputCorrRate,generatorCoolPerf,pad_end,
50000000,HEAD - HD-011 MELANDER,0,0,0,[0|0|0],100000,950000,100700,100710,100720,45000,45000,45000,3160,999530013,-1,-1,40,1.5,-0.33,50000000,50000000,50000000,50000000,50000000,50000000,50000000,50000000,50000000,50000000,50000000,-1,-1,-1,-1,-1,1,1,1,1,1,1,1,1,-1,1010,1093,1169,0,0,100,100,25,0,0,0,0,0,0,0,0,100,100,100,310,0,-1,-1,1,0,5,0,0,0,1,0,0,1,1,0,0,0,1,0,0,0,0,0,0,0,0,0,0,0,0,0,0,0,0,0,0,0,0,0,0,0,0,0,0,0,0,0,0,0,0,0,0,0,0,0,0,0,0,0,0,0,0,0,0,0,0,0,1,1,0,0,0,1,1,1,1,1,1,1,103,100,103,100,0,0,0,0,-1,1,0,1,0,0,0,0,0,0,0,0,0,0,0,0,0,0,0,0,0,0,0,0,0,0,0,0,0,0,0,0,0,0,0,0,0,0,0,0,-1,45000,100,0,0,0,0,0,0,0,0,0,0,0,0,0,0,0,0,0,0,0,0,0,0,0,0,0,0,0,0,0,0,0,0,0,0,0,0,0,0,0,0,0,0,0,0,0,0,0,0,0,0,0,0,0,0,0,0,0,0,0,0,0,0,0,0,0,0,0,0,0,0,0,0,0,0,0,0,0,0,0,0,0,0,0,0,0,0,0,0,0,0,0,0,0,0,0,0,-1,0,135,1010,30100,250,150,-1,0,0,0,0,0,0,0,0,0,1,80000000,-1,-1,-1,-1,1,0,0,430,0,0,0,0,[0|0|0|0],11,12,0,[0|0|0|0|0|0|0|0|0|0|0|0|0|0|0|0|0|0|0|0|0|0|0|0|0|0|0|0|0|0|0|0|0|0|0|0],1,1,0,0,0,0,0,-1,0,0,0,-1,0,0,[0|0|0|0|0|0],2.3,1.8,2,0,0,24,24,0,0,0,0,0,0,0,0,0,0,0,0,0,100,0,0,0,0,0,0,0,0,0,0,0,0,1,0,0,0,0,0,0,0,0,0,0,0,0,0,0,0,0,0,0,[0|0],85,380,4.8,1,[0|0],0,0,0,0,[0|0|0],1,1,0,0,0,0,0.35,-1,0,0,0,[0|0|0|0|0|0|0|0|0|0|0|0|0|0|0|0]
50002500,HEAD - PCA Frame,0,0,0,[0|0|0],710010,950000,100700,100710,100720,45000,45000,45000,3040,999530014,-1,-1,40,1.5,-0.33,50000000,50000000,50000000,50000000,50000000,50000000,50000000,50000000,50000000,50000000,50000000,-1,-1,-1,-1,-1,1,1,1,1,1,1,1,1,-1,699,1093,1169,0,0,100,100,25,0,0,0,0,0,0,0,0,100,100,100,310,0,-1,-1,1,0,5,0,0,0,1,0,0,1,1,0,0,0,1,0,0,0,0,0,0,0,0,0,0,0,0,0,0,0,0,0,0,0,0,0,0,0,0,0,0,0,0,0,0,0,0,0,0,0,0,0,0,0,0,0,0,0,0,0,0,0,0,0,1,1,0,0,0,1,1,1,1,1,1,1,103,100,103,100,0,0,0,0,-1,1,0,1,0,0,0,0,0,0,0,0,0,0,0,0,0,0,0,0,0,0,0,0,0,0,0,0,0,0,0,0,0,0,0,0,0,0,0,0,-1,45000,100,0,0,0,0,0,0,0,0,0,0,0,0,0,0,0,0,0,0,0,0,0,0,0,0,0,0,0,0,0,0,0,0,0,0,0,0,0,0,0,0,0,0,0,0,0,0,0,0,0,0,0,0,0,0,0,0,0,0,0,0,0,0,0,0,0,0,0,0,0,0,0,0,0,0,0,0,0,0,0,0,0,0,0,0,0,0,0,0,0,0,0,0,0,0,0,0,-1,0,104,1045,30100,250,150,-1,0,0,0,0,0,0,0,0,0,1,80000000,-1,-1,-1,-1,1,0,0,474,0,0,0,0,[0|0|0|0],3,12,0,[0|0|0|0|0|0|0|0|0|0|0|0|0|0|0|0|0|0|0|0|0|0|0|0|0|0|0|0|0|0|0|0|0|0|0|0],1,1,0,0,0,0,0,-1,0,0,0,-1,0,0,[0|0|0|0|0|0],2.32,2.1,2.05,0,0,37,37,0,0,0,0,0,0,0,0,0,0,0,0,0,100,0,0,0,0,0,0,0,0,0,0,0,0,1,0,0,0,0,0,0,0,0,0,0,0,0,0,0,0,0,0,0,[0|0],85,420,5.4,1,[0|0],0,0,0,0,[0|0|0],1,1,0,0,0,0,0.35,-1,0,0,0,[0|0|0|0|0|0|0|0|0|0|0|0|0|0|0|0]
50000700,HEAD - (NOTHING),0,0,0,[0|0|0],0,950000,100700,100710,100720,45000,45000,45000,0,999530013,-1,-1,40,1.5,-0.33,50000000,50000000,50000000,50000000,50000000,50000000,50000000,50000000,50000000,50000000,50000000,-1,-1,-1,-1,-1,1,1,1,1,1,1,1,1,-1,0,1093,1169,0,0,100,100,25,0,0,0,0,0,0,0,0,0,0,0,310,0,-1,-1,1,0,5,0,0,0,1,0,0,1,1,0,0,0,1,0,0,0,0,0,0,0,0,0,0,0,0,0,0,0,0,0,0,0,0,0,0,0,0,0,0,0,0,0,0,0,0,0,0,0,0,0,0,0,0,0,0,0,0,0,0,0,0,0,1,1,0,0,0,0,1,1,1,0,0,0,103,100,103,100,0,0,0,0,-1,0,0,1,0,0,0,0,0,0,0,0,0,0,0,0,0,0,0,0,0,0,0,0,0,0,0,0,0,0,0,0,0,0,0,0,0,0,0,0,-1,10,100,0,0,0,0,0,0,0,0,0,0,0,0,0,0,0,0,0,0,0,0,0,0,0,0,0,0,0,0,0,0,0,0,0,0,0,0,0,0,0,0,0,0,0,0,0,0,0,0,0,0,0,0,0,0,0,0,0,0,0,0,0,0,0,0,0,0,0,0,0,0,0,0,0,0,0,0,0,0,0,0,0,0,0,0,0,0,0,0,0,0,0,0,0,0,0,0,-1,0,0,0,30100,0,0,-1,0,0,0,0,0,0,0,0,0,0,-1,-1,-1,-1,-1,1,0,0,0,0,0,0,0,[0|0|0|0],0,12,0,[0|0|0|0|0|0|0|0|0|0|0|0|0|0|0|0|0|0|0|0|0|0|0|0|0|0|0|0|0|0|0|0|0|0|0|0],1,1,0,0,0,0,0,-1,0,0,0,-1,0,0,[0|0|0|0|0|0],-15,-15,-15,0,0,-100,-100,0,0,0,0,0,0,0,0,0,0,0,0,0,100,0,0,0,0,0,0,0,0,0,0,0,0,0,0,0,0,0,0,0,0,0,0,0,0,0,0,0,0,0,0,0,[0|0],0,0,0,1,[0|0],0,0,0,0,[0|0|0],1,1,0,0,0,0,0.35,-1,0,0,0,[0|0|0|0|0|0|0|0|0|0|0|0|0|0|0|0]
50000100,HEAD - HS-5000 APPETIZER,0,0,0,[0|0|0],400900,950000,100700,100710,100720,36000,36000,36000,3000,999530022,-1,-1,40,1.5,-0.33,50000100,50000100,50000100,50000100,50000100,50000100,50000100,50000100,50000100,50000100,50000100,-1,-1,-1,-1,-1,1,1,1,1,1,1,1,1,-1,1080,1093,1169,0,0,100,100,25,0,0,0,0,0,0,0,0,100,100,100,310,0,-1,-1,1,0,5,0,0,0,1,0,0,1,1,0,0,0,1,0,0,0,0,0,0,0,0,0,0,0,0,0,0,0,0,0,0,0,0,0,0,0,0,0,0,0,0,0,0,0,0,0,0,0,0,0,0,0,0,0,0,0,0,0,0,0,0,0,1,1,0,0,0,1,1,1,1,1,1,1,103,100,103,100,0,0,0,0,-1,1,0,1,0,0,0,0,0,0,0,0,0,0,0,0,0,0,0,0,0,0,0,0,0,0,0,0,0,0,0,0,0,0,0,0,0,0,0,0,-1,36000,100,0,0,0,0,0,0,0,0,0,0,0,0,0,0,0,0,0,0,0,0,0,0,0,0,0,0,0,0,0,0,0,0,0,0,0,0,0,0,0,0,0,0,0,0,0,0,0,0,0,0,0,0,0,0,0,0,0,0,0,0,0,0,0,0,0,0,0,0,0,0,0,0,0,0,0,0,0,0,0,0,0,0,0,0,0,0,0,0,0,0,0,0,0,0,0,0,-1,0,103,950,30100,250,150,-1,0,0,0,0,0,0,0,0,0,1,80000100,-1,-1,-1,-1,1,0,0,418,0,0,0,0,[0|0|0|0],6,12,0,[0|0|0|0|0|0|0|0|0|0|0|0|0|0|0|0|0|0|0|0|0|0|0|0|0|0|0|0|0|0|0|0|0|0|0|0],1,1,0,0,0,0,0,-1,0,0,0,-1,0,0,[0|0|0|0|0|0],2.6,3,2.6,0,0,-2,-2,0,0,0,0,0,0,0,0,0,0,0,0,0,109,0,0,0,0,0,0,0,0,0,0,0,0,1,0,0,0,0,0,0,0,0,0,0,0,0,0,0,0,0,0,0,[0|0],80,610,6,1,[0|0],0,0,0,0,[0|0|0],1,1,0,0,0,0,0.2,-1,0,0,0,[0|0|0|0|0|0|0|0|0|0|0|0|0|0|0|0]
50000200,HEAD - HD-033M VERRILL,0,0,0,[0|0|0],100010,950000,100700,100710,100720,36000,36000,36000,3830,999530011,-1,-1,40,1.5,-0.33,50000200,50000200,50000200,50000200,50000200,50000200,50000200,50000200,50000200,50000200,50000200,-1,-1,-1,-1,-1,1,1,1,1,1,1,1,1,-1,1110,1093,1169,0,0,100,100,25,0,0,0,0,0,0,0,0,100,100,100,310,0,-1,-1,1,0,5,0,0,0,1,0,0,1,1,0,0,0,1,0,0,0,0,0,0,0,0,0,0,0,0,0,0,0,0,0,0,0,0,0,0,0,0,0,0,0,0,0,0,0,0,0,0,0,0,0,0,0,0,0,0,0,0,0,0,0,0,0,1,1,0,0,0,1,1,1,1,1,1,1,103,100,103,100,0,0,0,0,-1,1,0,1,0,0,0,0,0,0,0,0,0,0,0,0,0,0,0,0,0,0,0,0,0,0,0,0,0,0,0,0,0,0,0,0,0,0,0,0,-1,36000,100,0,0,0,0,0,0,0,0,0,0,0,0,0,0,0,0,0,0,0,0,0,0,0,0,0,0,0,0,0,0,0,0,0,0,0,0,0,0,0,0,0,0,0,0,0,0,0,0,0,0,0,0,0,0,0,0,0,0,0,0,0,0,0,0,0,0,0,0,0,0,0,0,0,0,0,0,0,0,0,0,0,0,0,0,0,0,0,0,0,0,0,0,0,0,0,0,-1,0,240,1080,30100,250,150,-1,0,0,0,0,0,0,0,0,0,1,80000200,-1,-1,-1,-1,1,0,0,469,0,0,0,0,[0|0|0|0],11,12,0,[0|0|0|0|0|0|0|0|0|0|0|0|0|0|0|0|0|0|0|0|0|0|0|0|0|0|0|0|0|0|0|0|0|0|0|0],1,1,0,0,0,0,0,-1,0,0,0,-1,0,0,[0|0|0|0|0|0],3.8,3.5,3.5,0,0,12,12,0,0,0,0,0,0,0,0,0,0,0,0,0,98,0,0,0,0,0,0,0,0,0,0,0,0,1,0,0,0,0,0,0,0,0,0,0,0,0,0,0,0,0,0,0,[0|0],180,510,7.8,1,[0|0],0,0,0,0,[0|0|0],1,1,0,0,0,0,0.35,-1,0,0,0,[0|0|0|0|0|0|0|0|0|0|0|0|0|0|0|0]
50000300,HEAD - HD-012 MELANDER C3,0,0,0,[0|0|0],100020,950000,100700,100710,100720,36000,36000,36000,3300,999530016,-1,-1,40,1.5,-0.33,50000300,50000300,50000300,50000300,50000300,50000300,50000300,50000300,50000300,50000300,50000300,-1,-1,-1,-1,-1,1,1,1,1,1,1,1,1,-1,1011,1093,1169,0,0,100,100,25,0,0,0,0,0,0,0,0,100,100,100,310,0,-1,-1,1,0,5,0,0,0,1,0,0,1,1,0,0,0,1,0,0,0,0,0,0,0,0,0,0,0,0,0,0,0,0,0,0,0,0,0,0,0,0,0,0,0,0,0,0,0,0,0,0,0,0,0,0,0,0,0,0,0,0,0,0,0,0,0,1,1,0,0,0,1,1,1,1,1,1,1,103,100,103,100,0,0,0,0,-1,1,0,1,0,0,0,0,0,0,0,0,0,0,0,0,0,0,0,0,0,0,0,0,0,0,0,0,0,0,0,0,0,0,0,0,0,0,0,0,-1,36000,100,0,0,0,0,0,0,0,0,0,0,0,0,0,0,0,0,0,0,0,0,0,0,0,0,0,0,0,0,0,0,0,0,0,0,0,0,0,0,0,0,0,0,0,0,0,0,0,0,0,0,0,0,0,0,0,0,0,0,0,0,0,0,0,0,0,0,0,0,0,0,0,0,0,0,0,0,0,0,0,0,0,0,0,0,0,0,0,0,0,0,0,0,0,0,0,0,-1,0,165,1070,30100,250,150,-1,0,0,0,0,0,0,0,0,0,1,80000300,-1,-1,-1,-1,1,0,0,436,0,0,0,0,[0|0|0|0],11,12,0,[0|0|0|0|0|0|0|0|0|0|0|0|0|0|0|0|0|0|0|0|0|0|0|0|0|0|0|0|0|0|0|0|0|0|0|0],1,1,0,0,0,0,0,-1,0,0,0,-1,0,0,[0|0|0|0|0|0],2.5,2.7,1.9,0,0,15,15,0,0,0,0,0,0,0,0,0,0,0,0,0,103,0,0,0,0,0,0,0,0,0,0,0,0,1,0,0,0,0,0,0,0,0,0,0,0,0,0,0,0,0,0,0,[0|0],90,580,12,1,[0|0],0,0,0,0,[0|0|0],1,1,0,0,0,0,0.35,-1,0,0,0,[0|0|0|0|0|0|0|0|0|0|0|0|0|0|0|0]
50000800,HEAD - Sarah's Frame!!,0,0,0,[0|0|0],100020,950000,100700,100710,100720,36000,36000,36000,4120,999530024,-1,-1,40,1.5,-0.33,50000300,50000300,50000300,50000300,50000300,50000300,50000300,50000300,50000300,50000300,50000300,-1,-1,-1,-1,-1,1,1,1,1,1,1,1,1,-1,6448,1093,1169,0,0,100,100,25,0,0,0,0,0,0,0,0,100,100,100,310,0,-1,-1,1,0,5,0,0,0,1,0,0,1,1,0,0,0,1,0,0,0,0,0,0,0,0,0,0,0,0,0,0,0,0,0,0,0,0,0,0,0,0,0,0,0,0,0,0,0,0,0,0,0,0,0,0,0,0,0,0,0,0,0,0,0,0,0,1,1,0,0,0,1,1,1,1,1,1,1,103,100,103,100,0,0,0,0,-1,1,0,1,0,0,0,0,0,0,0,0,0,0,0,0,0,0,0,0,0,0,0,0,0,0,0,0,0,0,0,0,0,0,0,0,0,0,0,0,-1,36000,100,0,0,0,0,0,0,0,0,0,0,0,0,0,0,0,0,0,0,0,0,0,0,0,0,0,0,0,0,0,0,0,0,0,0,0,0,0,0,0,0,0,0,0,0,0,0,0,0,0,0,0,0,0,0,0,0,0,0,0,0,0,0,0,0,0,0,0,0,0,0,0,0,0,0,0,0,0,0,0,0,0,0,0,0,0,0,0,0,0,0,0,0,0,0,0,0,-1,0,195,960,30100,250,150,-1,0,0,0,0,0,0,0,0,0,1,80000100,-1,-1,-1,-1,1,0,0,500,0,0,0,0,[0|0|0|0],16,12,0,[0|0|0|0|0|0|0|0|0|0|0|0|0|0|0|0|0|0|0|0|0|0|0|0|0|0|0|0|0|0|0|0|0|0|0|0],1,1,0,0,0,0,0,-1,0,0,0,-1,0,0,[0|0|0|0|0|0],1.8,1.85,3.2,0,0,26,26,0,0,0,0,0,0,0,0,0,0,0,0,0,111,0,0,0,0,0,0,0,0,0,0,0,0,1,0,0,0,0,0,0,0,0,0,0,0,0,0,0,0,0,0,0,[0|0],70,380,9,1,[0|0],0,0,0,0,[0|0|0],1,1,0,0,0,0,0.35,-1,0,0,0,[0|0|0|0|0|0|0|0|0|0|0|0|0|0|0|0]
50000400,HEAD - NEW KITBASH HEAD,0,0,0,[0|0|0],800000,950000,100700,100710,100720,36000,36000,36000,3580,999530033,-1,-1,40,1.5,-0.33,50000400,50000400,50000400,50000400,50000400,50000400,50000400,50000400,50000400,50000400,50000400,-1,-1,-1,-1,-1,1,1,1,1,1,1,1,1,-1,4840,1093,1169,0,0,100,100,25,0,0,0,0,0,0,0,0,100,100,100,310,0,-1,-1,1,0,5,0,0,0,1,0,0,1,1,0,0,0,1,0,0,0,0,0,0,0,0,0,0,0,0,0,0,0,0,0,0,0,0,0,0,0,0,0,0,0,0,0,0,0,0,0,0,0,0,0,0,0,0,0,0,0,0,0,0,0,0,0,1,1,0,0,0,1,1,1,1,1,1,1,103,100,103,100,0,0,0,0,-1,1,0,1,0,0,0,0,0,0,0,0,0,0,0,0,0,0,0,0,0,0,0,0,0,0,0,0,0,0,0,0,0,0,0,0,0,0,0,0,-1,36000,100,0,0,0,0,0,0,0,0,0,0,0,0,0,0,0,0,0,0,0,0,0,0,0,0,0,0,0,0,0,0,0,0,0,0,0,0,0,0,0,0,0,0,0,0,0,0,0,0,0,0,0,0,0,0,0,0,0,0,0,0,0,0,0,0,0,0,0,0,0,0,0,0,0,0,0,0,0,0,0,0,0,0,0,0,0,0,0,0,0,0,0,0,0,0,0,0,-1,0,255,880,30100,250,150,-1,0,0,0,0,0,0,0,0,0,1,80000200,-1,-1,-1,-1,1,0,0,488,0,0,0,0,[0|0|0|0],0,12,0,[0|0|0|0|0|0|0|0|0|0|0|0|0|0|0|0|0|0|0|0|0|0|0|0|0|0|0|0|0|0|0|0|0|0|0|0],1,1,0,0,0,0,0,-1,0,0,0,-1,0,0,[0|0|0|0|0|0],1.1,3.1,2,0,0,-2,-2,0,0,0,0,0,0,0,0,0,0,0,0,0,120,0,0,0,0,0,0,0,0,0,0,0,0,1,0,0,0,0,0,0,0,0,0,0,0,0,0,0,0,0,0,0,[0|0],65,622,5,1,[0|0],0,0,0,0,[0|0|0],1,1,0,0,0,0,0.35,-1,0,0,0,[0|0|0|0|0|0|0|0|0|0|0|0|0|0|0|0]
50000500,HEAD - Pirates! Yarr,0,0,0,[0|0|0],800010,950000,100700,100710,100720,36000,36000,36000,3980,999530007,-1,-1,40,1.5,-0.33,50000400,50000400,50000400,50000400,50000400,50000400,50000400,50000400,50000400,50000400,50000400,-1,-1,-1,-1,-1,1,1,1,1,1,1,1,1,-1,4019,1093,1169,0,0,100,100,25,0,0,0,0,0,0,0,0,100,100,100,310,0,-1,-1,1,0,5,0,0,0,1,0,0,1,1,0,0,0,1,0,0,0,0,0,0,0,0,0,0,0,0,0,0,0,0,0,0,0,0,0,0,0,0,0,0,0,0,0,0,0,0,0,0,0,0,0,0,0,0,0,0,0,0,0,0,0,0,0,1,1,0,0,0,1,1,1,1,1,1,1,103,100,103,100,0,0,0,0,-1,1,0,1,0,0,0,0,0,0,0,0,0,0,0,0,0,0,0,0,0,0,0,0,0,0,0,0,0,0,0,0,0,0,0,0,0,0,0,0,-1,36000,100,0,0,0,0,0,0,0,0,0,0,0,0,0,0,0,0,0,0,0,0,0,0,0,0,0,0,0,0,0,0,0,0,0,0,0,0,0,0,0,0,0,0,0,0,0,0,0,0,0,0,0,0,0,0,0,0,0,0,0,0,0,0,0,0,0,0,0,0,0,0,0,0,0,0,0,0,0,0,0,0,0,0,0,0,0,0,0,0,0,0,0,0,0,0,0,0,-1,0,155,980,30100,250,150,-1,0,0,0,0,0,0,0,0,0,1,80030000,-1,-1,-1,-1,1,0,0,505,0,0,0,0,[0|0|0|0],0,12,0,[0|0|0|0|0|0|0|0|0|0|0|0|0|0|0|0|0|0|0|0|0|0|0|0|0|0|0|0|0|0|0|0|0|0|0|0],1,1,0,0,0,0,0,-1,0,0,0,-1,0,0,[0|0|0|0|0|0],3,3.4,2.9,0,0,-7,-7,0,0,0,0,0,0,0,0,0,0,0,0,0,94,0,0,0,0,0,0,0,0,0,0,0,0,1,0,0,0,0,0,0,0,0,0,0,0,0,0,0,0,0,0,0,[0|0],65,500,7.2,1,[0|0],0,0,0,0,[0|0|0],1,1,0,0,0,0,0.35,-1,0,0,0,[0|0|0|0|0|0|0|0|0|0|0|0|0|0|0|0]
50000900,HEAD - June's Head,0,0,0,[0|0|0],800010,950000,100700,100710,100720,36000,36000,36000,3460,999530032,-1,-1,40,1.5,-0.33,50000400,50000400,50000400,50000400,50000400,50000400,50000400,50000400,50000400,50000400,50000400,-1,-1,-1,-1,-1,1,1,1,1,1,1,1,1,-1,9070,1093,1169,0,0,100,100,25,0,0,0,0,0,0,0,0,100,100,100,310,0,-1,-1,1,0,5,0,0,0,1,0,0,1,1,0,0,0,1,0,0,0,0,0,0,0,0,0,0,0,0,0,0,0,0,0,0,0,0,0,0,0,0,0,0,0,0,0,0,0,0,0,0,0,0,0,0,0,0,0,0,0,0,0,0,0,0,0,1,1,0,0,0,1,1,1,1,1,1,1,103,100,103,100,0,0,0,0,-1,1,0,1,0,0,0,0,0,0,0,0,0,0,0,0,0,0,0,0,0,0,0,0,0,0,0,0,0,0,0,0,0,0,0,0,0,0,0,0,-1,36000,100,0,0,0,0,0,0,0,0,0,0,0,0,0,0,0,0,0,0,0,0,0,0,0,0,0,0,0,0,0,0,0,0,0,0,0,0,0,0,0,0,0,0,0,0,0,0,0,0,0,0,0,0,0,0,0,0,0,0,0,0,0,0,0,0,0,0,0,0,0,0,0,0,0,0,0,0,0,0,0,0,0,0,0,0,0,0,0,0,0,0,0,0,0,0,0,0,-1,0,160,810,30100,250,150,-1,0,0,0,0,0,0,0,0,0,1,80050000,-1,-1,-1,-1,1,0,0,494,0,0,0,0,[0|0|0|0],0,12,0,[0|0|0|0|0|0|0|0|0|0|0|0|0|0|0|0|0|0|0|0|0|0|0|0|0|0|0|0|0|0|0|0|0|0|0|0],1,1,0,0,0,0,0,-1,0,0,0,-1,0,0,[0|0|0|0|0|0],3.75,4.1,3.2,0,0,2,2,0,0,0,0,0,0,0,0,0,0,0,0,0,119,0,0,0,0,0,0,0,0,0,0,0,0,1,0,0,0,0,0,0,0,0,0,0,0,0,0,0,0,0,0,0,[0|0],85,470,5.8,1,[0|0],0,0,0,0,[0|0|0],1,1,0,0,0,0,0.35,-1,0,0,0,[0|0|0|0|0|0|0|0|0|0|0|0|0|0|0|0]
50000600,HEAD - Epic Chinese Hat,0,0,0,[0|0|0],200020,950000,100700,100710,100720,36000,36000,36000,4000,999530012,-1,-1,40,1.5,-0.33,50000400,50000400,50000400,50000400,50000400,50000400,50000400,50000400,50000400,50000400,50000400,-1,-1,-1,-1,-1,1,1,1,1,1,1,1,1,-1,8889,1093,1169,0,0,100,100,25,0,0,0,0,0,0,0,0,100,100,100,310,0,-1,-1,1,0,5,0,0,0,1,0,0,1,1,0,0,0,1,0,0,0,0,0,0,0,0,0,0,0,0,0,0,0,0,0,0,0,0,0,0,0,0,0,0,0,0,0,0,0,0,0,0,0,0,0,0,0,0,0,0,0,0,0,0,0,0,0,1,1,0,0,0,1,1,1,1,1,1,1,103,100,103,100,0,0,0,0,-1,1,0,1,0,0,0,0,0,0,0,0,0,0,0,0,0,0,0,0,0,0,0,0,0,0,0,0,0,0,0,0,0,0,0,0,0,0,0,0,-1,36000,100,0,0,0,0,0,0,0,0,0,0,0,0,0,0,0,0,0,0,0,0,0,0,0,0,0,0,0,0,0,0,0,0,0,0,0,0,0,0,0,0,0,0,0,0,0,0,0,0,0,0,0,0,0,0,0,0,0,0,0,0,0,0,0,0,0,0,0,0,0,0,0,0,0,0,0,0,0,0,0,0,0,0,0,0,0,0,0,0,0,0,0,0,0,0,0,0,-1,0,202,885,30100,250,150,-1,0,0,0,0,0,0,0,0,0,1,80020100,-1,-1,-1,-1,1,0,0,480,0,0,0,0,[0|0|0|0],7,12,0,[0|0|0|0|0|0|0|0|0|0|0|0|0|0|0|0|0|0|0|0|0|0|0|0|0|0|0|0|0|0|0|0|0|0|0|0],1,1,0,0,0,0,0,-1,0,0,0,-1,0,0,[0|0|0|0|0|0],2.77,2.8,3.2,0,0,13,13,0,0,0,0,0,0,0,0,0,0,0,0,0,99,0,0,0,0,0,0,0,0,0,0,0,0,1,0,0,0,0,0,0,0,0,0,0,0,0,0,0,0,0,0,0,[0|0],180,440,9,1,[0|0],0,0,0,0,[0|0|0],1,1,0,0,0,0,0.45,-1,0,0,0,[0|0|0|0|0|0|0|0|0|0|0|0|0|0|0|0]
50010000,HEAD - DF-HD-08 TIAN-QIANG,0,0,0,[0|0|0],110000,950000,100700,100710,100720,80000,80000,80000,1230,999530027,-1,-1,40,1.5,-0.33,50010000,50010000,50010000,50010000,50010000,50010000,50010000,50010000,50010000,50010000,50010000,-1,-1,-1,-1,-1,1,1,1,1,1,1,1,1,-1,2010,1093,1169,0,0,100,100,25,0,0,0,0,0,0,0,0,100,100,100,310,0,-1,-1,1,0,5,0,0,0,1,0,0,1,1,0,0,0,1,0,0,0,0,0,0,0,0,0,0,0,0,0,0,0,0,0,0,0,0,0,0,0,0,0,0,0,0,0,0,0,0,0,0,0,0,0,0,0,0,0,0,0,0,0,0,0,0,0,1,1,0,0,0,1,1,1,1,1,1,1,103,100,103,100,0,0,0,0,-1,1,0,1,0,0,0,0,0,0,0,0,0,0,0,0,0,0,0,0,0,0,0,0,0,0,0,0,0,0,0,0,0,0,0,0,0,0,0,0,-1,80000,100,0,0,0,0,0,0,0,0,0,0,0,0,0,0,0,0,0,0,0,0,0,0,0,0,0,0,0,0,0,0,0,0,0,0,0,0,0,0,0,0,0,0,0,0,0,0,0,0,0,0,0,0,0,0,0,0,0,0,0,0,0,0,0,0,0,0,0,0,0,0,0,0,0,0,0,0,0,0,0,0,0,0,0,0,0,0,0,0,0,0,0,0,0,0,0,0,-1,0,88,420,30100,250,150,-1,0,0,0,0,0,0,0,0,0,1,80010000,-1,-1,-1,-1,1,0,0,333,0,0,0,0,[0|0|0|0],12,12,0,[0|0|0|0|0|0|0|0|0|0|0|0|0|0|0|0|0|0|0|0|0|0|0|0|0|0|0|0|0|0|0|0|0|0|0|0],1,1,0,0,0,0,0,-1,0,0,0,-1,0,0,[0|0|0|0|0|0],1,0.2,3.4,0,0,-21,-21,0,0,0,0,0,0,0,0,0,0,0,0,0,114,0,0,0,0,0,0,0,0,0,0,0,0,1,0,0,0,0,0,0,0,0,0,0,0,0,0,0,0,0,0,0,[0|0],65,300,7,1,[0|0],0,0,0,0,[0|0|0],1,1,0,0,0,0,0,-1,0,0,0,[0|0|0|0|0|0|0|0|0|0|0|0|0|0|0|0]
50020000,HEAD - NACHTREIHER/44E,0,0,0,[0|0|0],210000,950000,100700,100710,100720,61000,61000,61000,2120,999530015,-1,-1,40,1.5,-0.33,50020000,50020000,50020000,50020000,50020000,50020000,50020000,50020000,50020000,50020000,50020000,-1,-1,-1,-1,-1,1,1,1,1,1,1,1,1,-1,3010,1093,1169,0,0,100,100,25,0,0,0,0,0,0,0,0,100,100,100,310,0,-1,-1,1,0,5,0,0,0,1,0,0,1,1,0,0,0,1,0,0,0,0,0,0,0,0,0,0,0,0,0,0,0,0,0,0,0,0,0,0,0,0,0,0,0,0,0,0,0,0,0,0,0,0,0,0,0,0,0,0,0,0,0,0,0,0,0,1,1,0,0,0,1,1,1,1,1,1,1,103,100,103,100,0,0,0,0,-1,1,0,1,0,0,0,0,0,0,0,0,0,0,0,0,0,0,0,0,0,0,0,0,0,0,0,0,0,0,0,0,0,0,0,0,0,0,0,0,-1,61000,100,0,0,0,0,0,0,0,0,0,0,0,0,0,0,0,0,0,0,0,0,0,0,0,0,0,0,0,0,0,0,0,0,0,0,0,0,0,0,0,0,0,0,0,0,0,0,0,0,0,0,0,0,0,0,0,0,0,0,0,0,0,0,0,0,0,0,0,0,0,0,0,0,0,0,0,0,0,0,0,0,0,0,0,0,0,0,0,0,0,0,0,0,0,0,0,0,-1,0,210,590,30100,250,150,-1,0,0,0,0,0,0,0,0,0,1,80020000,-1,-1,-1,-1,1,0,0,463,0,0,0,0,[0|0|0|0],8,12,0,[0|0|0|0|0|0|0|0|0|0|0|0|0|0|0|0|0|0|0|0|0|0|0|0|0|0|0|0|0|0|0|0|0|0|0|0],1,1,0,0,0,0,0,-1,0,0,0,-1,0,0,[0|0|0|0|0|0],0.3,0.5,0.2,0,0,7,7,0,0,0,0,0,0,0,0,0,0,0,0,0,102,0,0,0,0,0,0,0,0,0,0,0,0,1,0,0,0,0,0,0,0,0,0,0,0,0,0,0,0,0,0,0,[0|0],75,420,13.2,1,[0|0],0,0,0,0,[0|0|0],1,1,0,0,0,0,0.15,-1,0,0,0,[0|0|0|0|0|0|0|0|0|0|0|0|0|0|0|0]
50020200,HEAD - EISVOGEL,0,0,0,[0|0|0],210000,950000,100700,100710,100720,61000,61000,61000,2040,999530021,-1,-1,40,1.5,-0.33,50020000,50020000,50020000,50020000,50020000,50020000,50020000,50020000,50020000,50020000,50020000,-1,-1,-1,-1,-1,1,1,1,1,1,1,1,1,-1,1999,1093,1169,0,0,100,100,25,0,0,0,0,0,0,0,0,100,100,100,310,0,-1,-1,1,0,5,0,0,0,1,0,0,1,1,0,0,0,1,0,0,0,0,0,0,0,0,0,0,0,0,0,0,0,0,0,0,0,0,0,0,0,0,0,0,0,0,0,0,0,0,0,0,0,0,0,0,0,0,0,0,0,0,0,0,0,0,0,1,1,0,0,0,1,1,1,1,1,1,1,103,100,103,100,0,0,0,0,-1,1,0,1,0,0,0,0,0,0,0,0,0,0,0,0,0,0,0,0,0,0,0,0,0,0,0,0,0,0,0,0,0,0,0,0,0,0,0,0,-1,61000,100,0,0,0,0,0,0,0,0,0,0,0,0,0,0,0,0,0,0,0,0,0,0,0,0,0,0,0,0,0,0,0,0,0,0,0,0,0,0,0,0,0,0,0,0,0,0,0,0,0,0,0,0,0,0,0,0,0,0,0,0,0,0,0,0,0,0,0,0,0,0,0,0,0,0,0,0,0,0,0,0,0,0,0,0,0,0,0,0,0,0,0,0,0,0,0,0,-1,0,299,530,30100,250,150,-1,0,0,0,0,0,0,0,0,0,1,80000000,-1,-1,-1,-1,1,0,0,378,0,0,0,0,[0|0|0|0],8,12,0,[0|0|0|0|0|0|0|0|0|0|0|0|0|0|0|0|0|0|0|0|0|0|0|0|0|0|0|0|0|0|0|0|0|0|0|0],1,1,0,0,0,0,0,-1,0,0,0,-1,0,0,[0|0|0|0|0|0],0.4,0.6,0.25,0,0,20,20,0,0,0,0,0,0,0,0,0,0,0,0,0,108,0,0,0,0,0,0,0,0,0,0,0,0,1,0,0,0,0,0,0,0,0,0,0,0,0,0,0,0,0,0,0,[0|0],90,330,6.8,1,[0|0],0,0,0,0,[0|0|0],1,1,0,0,0,0,0.15,-1,0,0,0,[0|0|0|0|0|0|0|0|0|0|0|0|0|0|0|0]
50020100,HEAD - KASUAR/44Z,0,0,0,[0|0|0],210010,950000,100700,100710,100720,36000,36000,36000,2590,999530009,-1,-1,40,1.5,-0.33,50020100,50020100,50020100,50020100,50020100,50020100,50020100,50020100,50020100,50020100,50020100,-1,-1,-1,-1,-1,1,1,1,1,1,1,1,1,-1,3110,1093,1169,0,0,100,100,25,0,0,0,0,0,0,0,0,100,100,100,310,0,-1,-1,1,0,5,0,0,0,1,0,0,1,1,0,0,0,1,0,0,0,0,0,0,0,0,0,0,0,0,0,0,0,0,0,0,0,0,0,0,0,0,0,0,0,0,0,0,0,0,0,0,0,0,0,0,0,0,0,0,0,0,0,0,0,0,0,1,1,0,0,0,1,1,1,1,1,1,1,103,100,103,100,0,0,0,0,-1,1,0,1,0,0,0,0,0,0,0,0,0,0,0,0,0,0,0,0,0,0,0,0,0,0,0,0,0,0,0,0,0,0,0,0,0,0,0,0,-1,36000,100,0,0,0,0,0,0,0,0,0,0,0,0,0,0,0,0,0,0,0,0,0,0,0,0,0,0,0,0,0,0,0,0,0,0,0,0,0,0,0,0,0,0,0,0,0,0,0,0,0,0,0,0,0,0,0,0,0,0,0,0,0,0,0,0,0,0,0,0,0,0,0,0,0,0,0,0,0,0,0,0,0,0,0,0,0,0,0,0,0,0,0,0,0,0,0,0,-1,0,254,490,30100,250,150,-1,0,0,0,0,0,0,0,0,0,1,80020100,-1,-1,-1,-1,1,0,0,498,0,0,0,0,[0|0|0|0],8,12,0,[0|0|0|0|0|0|0|0|0|0|0|0|0|0|0|0|0|0|0|0|0|0|0|0|0|0|0|0|0|0|0|0|0|0|0|0],1,1,0,0,0,0,0,-1,0,0,0,-1,0,0,[0|0|0|0|0|0],-0.1,0.7,0.1,0,0,28,28,0,0,0,0,0,0,0,0,0,0,0,0,0,96,0,0,0,0,0,0,0,0,0,0,0,0,1,0,0,0,0,0,0,0,0,0,0,0,0,0,0,0,0,0,0,[0|0],65,620,5.4,1,[0|0],0,0,0,0,[0|0|0],1,1,0,0,0,0,0.8,-1,0,0,0,[0|0|0|0|0|0|0|0|0|0|0|0|0|0|0|0]
50030000,HEAD - VP-44S,0,0,0,[0|0|0],200000,950000,100700,100710,100720,98000,98000,98000,3080,999530014,-1,-1,40,1.5,-0.33,50030000,50030000,50030000,50030000,50030000,50030000,50030000,50030000,50030000,50030000,50030000,-1,-1,-1,-1,-1,1,1,1,1,1,1,1,1,-1,4010,1093,1169,0,0,100,100,25,0,0,0,0,0,0,0,0,100,100,100,310,0,-1,-1,1,0,5,0,0,0,1,0,0,1,1,0,0,0,1,0,0,0,0,0,0,0,0,0,0,0,0,0,0,0,0,0,0,0,0,0,0,0,0,0,0,0,0,0,0,0,0,0,0,0,0,0,0,0,0,0,0,0,0,0,0,0,0,0,1,1,0,0,0,1,1,1,1,1,1,1,103,100,103,100,0,0,0,0,-1,1,0,1,0,0,0,0,0,0,0,0,0,0,0,0,0,0,0,0,0,0,0,0,0,0,0,0,0,0,0,0,0,0,0,0,0,0,0,0,-1,98000,100,0,0,0,0,0,0,0,0,0,0,0,0,0,0,0,0,0,0,0,0,0,0,0,0,0,0,0,0,0,0,0,0,0,0,0,0,0,0,0,0,0,0,0,0,0,0,0,0,0,0,0,0,0,0,0,0,0,0,0,0,0,0,0,0,0,0,0,0,0,0,0,0,0,0,0,0,0,0,0,0,0,0,0,0,0,0,0,0,0,0,0,0,0,0,0,0,-1,0,148,850,30100,250,150,-1,0,0,0,0,0,0,0,0,0,1,80030000,-1,-1,-1,-1,1,0,0,432,0,0,0,0,[0|0|0|0],7,12,0,[0|0|0|0|0|0|0|0|0|0|0|0|0|0|0|0|0|0|0|0|0|0|0|0|0|0|0|0|0|0|0|0|0|0|0|0],1,1,0,0,0,0,0,-1,0,0,0,-1,0,0,[0|0|0|0|0|0],2,2.2,1.8,0,0,36,36,0,0,0,0,0,0,0,0,0,0,0,0,0,101,0,0,0,0,0,0,0,0,0,0,0,0,1,0,0,0,0,0,0,0,0,0,0,0,0,0,0,0,0,0,0,[0|0],100,520,7.2,1,[0|0],0,0,0,0,[0|0|0],1,1,0,0,0,0,0.1,-1,0,0,0,[0|0|0|0|0|0|0|0|0|0|0|0|0|0|0|0]
50030100,HEAD - VP-44D,0,0,0,[0|0|0],200010,950000,100700,100710,100720,36000,36000,36000,3260,999530010,-1,-1,40,1.5,-0.33,50030100,50030100,50030100,50030100,50030100,50030100,50030100,50030100,50030100,50030100,50030100,-1,-1,-1,-1,-1,1,1,1,1,1,1,1,1,-1,4110,1093,1169,0,0,100,100,25,0,0,0,0,0,0,0,0,100,100,100,310,0,-1,-1,1,0,5,0,0,0,1,0,0,1,1,0,0,0,1,0,0,0,0,0,0,0,0,0,0,0,0,0,0,0,0,0,0,0,0,0,0,0,0,0,0,0,0,0,0,0,0,0,0,0,0,0,0,0,0,0,0,0,0,0,0,0,0,0,1,1,0,0,0,1,1,1,1,1,1,1,103,100,103,100,0,0,0,0,-1,1,0,1,0,0,0,0,0,0,0,0,0,0,0,0,0,0,0,0,0,0,0,0,0,0,0,0,0,0,0,0,0,0,0,0,0,0,0,0,-1,36000,100,0,0,0,0,0,0,0,0,0,0,0,0,0,0,0,0,0,0,0,0,0,0,0,0,0,0,0,0,0,0,0,0,0,0,0,0,0,0,0,0,0,0,0,0,0,0,0,0,0,0,0,0,0,0,0,0,0,0,0,0,0,0,0,0,0,0,0,0,0,0,0,0,0,0,0,0,0,0,0,0,0,0,0,0,0,0,0,0,0,0,0,0,0,0,0,0,-1,0,177,880,30100,250,150,-1,0,0,0,0,0,0,0,0,0,1,80030100,-1,-1,-1,-1,1,0,0,496,0,0,0,0,[0|0|0|0],7,12,0,[0|0|0|0|0|0|0|0|0|0|0|0|0|0|0|0|0|0|0|0|0|0|0|0|0|0|0|0|0|0|0|0|0|0|0|0],1,1,0,0,0,0,0,-1,0,0,0,-1,0,0,[0|0|0|0|0|0],0,3.3,2.2,0,0,0,0,0,0,0,0,0,0,0,0,0,0,0,0,0,97,0,0,0,0,0,0,0,0,0,0,0,0,1,0,0,0,0,0,0,0,0,0,0,0,0,0,0,0,0,0,0,[0|0],110,530,14.4,1,[0|0],0,0,0,0,[0|0|0],1,1,0,0,0,0,0.3,-1,0,0,0,[0|0|0|0|0|0|0|0|0|0|0|0|0|0|0|0]
50030200,HEAD - AAP07 BALTEUS,0,0,0,[0|0|0],710000,950000,100700,100710,100720,98000,98000,200000,4200,999530002,-1,-1,40,1.5,-0.33,50030000,50030000,50030000,50030000,50030000,50030000,50030000,50030000,50030000,50030000,50030000,-1,-1,-1,-1,-1,1,1,1,1,1,1,1,1,-1,4020,1093,1169,0,0,100,100,25,0,0,0,0,0,0,0,0,100,100,100,420,0,-1,-1,1,0,5,0,0,0,1,0,0,1,1,0,0,0,1,0,0,0,0,0,0,0,0,0,0,0,0,0,0,0,0,0,0,0,0,0,0,0,0,0,0,0,0,0,0,0,0,0,0,0,0,0,0,0,0,0,0,0,0,0,0,0,0,0,1,1,0,0,0,1,1,1,1,1,1,1,103,100,103,100,0,0,0,0,-1,1,0,1,0,0,0,0,0,0,0,0,0,0,0,0,0,0,0,0,0,0,0,0,0,0,0,0,0,0,0,0,0,0,0,0,0,0,0,0,-1,200000,100,0,0,0,0,0,0,0,0,0,0,0,0,0,0,0,0,0,0,0,0,0,0,0,0,0,0,0,0,0,0,0,0,0,0,0,0,0,0,0,0,0,0,0,0,0,0,0,0,0,0,0,0,0,0,0,0,0,0,0,0,0,0,0,0,0,0,0,0,0,0,0,0,0,0,0,0,0,0,0,0,0,0,0,0,0,0,0,0,0,0,0,0,0,0,0,0,-1,0,310,1220,30100,250,150,-1,0,0,0,0,0,0,0,0,0,1,80020100,-1,-1,-1,-1,1,0,0,486,0,0,0,0,[0|0|0|0],3,12,0,[0|0|0|0|0|0|0|0|0|0|0|0|0|0|0|0|0|0|0|0|0|0|0|0|0|0|0|0|0|0|0|0|0|0|0|0],1,1,0,0,0,0,0,-1,0,0,0,-1,0,0,[0|0|0|0|0|0],2.1,3,1.3,0,0,36,36,0,0,0,0,0,0,0,0,0,0,0,0,0,89,0,0,0,0,0,0,0,0,0,0,0,0,1,0,0,0,0,0,0,0,0,0,0,0,0,0,0,0,0,0,0,[0|0],160,633,10.2,1,[0|0],0,0,0,0,[0|0|0],1,1,0,0,0,0,0.1,-1,0,0,0,[0|0|0|0|0|0|0|0|0|0|0|0|0|0|0|0]
50040000,HEAD - VE-44A,0,0,0,[0|0|0],300000,950000,100700,100710,100720,36000,36000,36000,3640,999530018,-1,-1,40,1.5,-0.33,50040000,50040000,50040000,50040000,50040000,50040000,50040000,50040000,50040000,50040000,50040000,-1,-1,-1,-1,-1,1,1,1,1,1,1,1,1,-1,5010,1093,1169,0,0,100,100,25,0,0,0,0,0,0,0,0,100,100,100,310,0,-1,-1,1,0,5,0,0,0,1,0,0,1,1,0,0,0,1,0,0,0,0,0,0,0,0,0,0,0,0,0,0,0,0,0,0,0,0,0,0,0,0,0,0,0,0,0,0,0,0,0,0,0,0,0,0,0,0,0,0,0,0,0,0,0,0,0,1,1,0,0,0,1,1,1,1,1,1,1,103,100,103,100,0,0,0,0,-1,1,0,1,0,0,0,0,0,0,0,0,0,0,0,0,0,0,0,0,0,0,0,0,0,0,0,0,0,0,0,0,0,0,0,0,0,0,0,0,-1,36000,100,0,0,0,0,0,0,0,0,0,0,0,0,0,0,0,0,0,0,0,0,0,0,0,0,0,0,0,0,0,0,0,0,0,0,0,0,0,0,0,0,0,0,0,0,0,0,0,0,0,0,0,0,0,0,0,0,0,0,0,0,0,0,0,0,0,0,0,0,0,0,0,0,0,0,0,0,0,0,0,0,0,0,0,0,0,0,0,0,0,0,0,0,0,0,0,0,-1,0,182,1060,30100,250,150,-1,0,0,0,0,0,0,0,0,0,1,80040000,-1,-1,-1,-1,1,0,0,423,0,0,0,0,[0|0|0|0],20,12,0,[0|0|0|0|0|0|0|0|0|0|0|0|0|0|0|0|0|0|0|0|0|0|0|0|0|0|0|0|0|0|0|0|0|0|0|0],1,1,0,0,0,0,0,-1,0,0,0,-1,0,0,[0|0|0|0|0|0],2.9,3.8,2.8,0,0,38,38,0,0,0,0,0,0,0,0,0,0,0,0,0,105,0,0,0,0,0,0,0,0,0,0,0,0,1,0,0,0,0,0,0,0,0,0,0,0,0,0,0,0,0,0,0,[0|0],105,490,12.6,1,[0|0],0,0,0,0,[0|0|0],1,1,0,0,0,0,0.3,-1,0,0,0,[0|0|0|0|0|0|0|0|0|0|0|0|0|0|0|0]
50040100,HEAD - VE-44B,0,0,0,[0|0|0],300010,950000,100700,100710,100720,36000,36000,36000,4320,999530023,-1,-1,40,1.5,-0.33,50040100,50040100,50040100,50040100,50040100,50040100,50040100,50040100,50040100,50040100,50040100,-1,-1,-1,-1,-1,1,1,1,1,1,1,1,1,-1,5110,1093,1169,0,0,100,100,25,0,0,0,0,0,0,0,0,100,100,100,310,0,-1,-1,1,0,5,0,0,0,1,0,0,1,1,0,0,0,1,0,0,0,0,0,0,0,0,0,0,0,0,0,0,0,0,0,0,0,0,0,0,0,0,0,0,0,0,0,0,0,0,0,0,0,0,0,0,0,0,0,0,0,0,0,0,0,0,0,1,1,0,0,0,1,1,1,1,1,1,1,103,100,103,100,0,0,0,0,-1,1,0,1,0,0,0,0,0,0,0,0,0,0,0,0,0,0,0,0,0,0,0,0,0,0,0,0,0,0,0,0,0,0,0,0,0,0,0,0,-1,36000,100,0,0,0,0,0,0,0,0,0,0,0,0,0,0,0,0,0,0,0,0,0,0,0,0,0,0,0,0,0,0,0,0,0,0,0,0,0,0,0,0,0,0,0,0,0,0,0,0,0,0,0,0,0,0,0,0,0,0,0,0,0,0,0,0,0,0,0,0,0,0,0,0,0,0,0,0,0,0,0,0,0,0,0,0,0,0,0,0,0,0,0,0,0,0,0,0,-1,0,265,1040,30100,250,150,-1,0,0,0,0,0,0,0,0,0,1,80040100,-1,-1,-1,-1,1,0,0,450,0,0,0,0,[0|0|0|0],20,12,0,[0|0|0|0|0|0|0|0|0|0|0|0|0|0|0|0|0|0|0|0|0|0|0|0|0|0|0|0|0|0|0|0|0|0|0|0],1,1,0,0,0,0,0,-1,0,0,0,-1,0,0,[0|0|0|0|0|0],1.7,3.1,1.6,0,0,54,54,0,0,0,0,0,0,0,0,0,0,0,0,0,110,0,0,0,0,0,0,0,0,0,0,0,0,1,0,0,0,0,0,0,0,0,0,0,0,0,0,0,0,0,0,0,[0|0],200,700,18,1,[0|0],0,0,0,0,[0|0|0],1,1,0,0,0,0,0.8,-1,0,0,0,[0|0|0|0|0|0|0|0|0|0|0|0|0|0|0|0]
50050000,HEAD - 20-081 MIND ALPHA,0,0,0,[0|0|0],500000,950000,100700,100710,100720,125000,125000,125000,3350,999530025,-1,-1,40,1.5,-0.33,50050000,50050000,50050000,50050000,50050000,50050000,50050000,50050000,50050000,50050000,50050000,-1,-1,-1,-1,-1,1,1,1,1,1,1,1,1,-1,6010,1093,1169,0,0,100,100,25,0,0,0,0,0,0,0,0,100,100,100,310,0,-1,-1,1,0,5,0,0,0,1,0,0,1,1,0,0,0,1,0,0,0,0,0,0,0,0,0,0,0,0,0,0,0,0,0,0,0,0,0,0,0,0,0,0,0,0,0,0,0,0,0,0,0,0,0,0,0,0,0,0,0,0,0,0,0,0,0,1,1,0,0,0,1,1,1,1,1,1,1,103,100,103,100,0,0,0,0,-1,1,0,1,0,0,0,0,0,0,0,0,0,0,0,0,0,0,0,0,0,0,0,0,0,0,0,0,0,0,0,0,0,0,0,0,0,0,0,0,-1,125000,100,0,0,0,0,0,0,0,0,0,0,0,0,0,0,0,0,0,0,0,0,0,0,0,0,0,0,0,0,0,0,0,0,0,0,0,0,0,0,0,0,0,0,0,0,0,0,0,0,0,0,0,0,0,0,0,0,0,0,0,0,0,0,0,0,0,0,0,0,0,0,0,0,0,0,0,0,0,0,0,0,0,0,0,0,0,0,0,0,0,0,0,0,0,0,0,0,-1,0,142,820,30100,250,150,-1,0,0,0,0,0,0,0,0,0,1,80050000,-1,-1,-1,-1,1,0,0,462,0,0,0,0,[0|0|0|0],4,12,0,[0|0|0|0|0|0|0|0|0|0|0|0|0|0|0|0|0|0|0|0|0|0|0|0|0|0|0|0|0|0|0|0|0|0|0|0],1,1,0,0,0,0,0,-1,0,0,0,-1,0,0,[0|0|0|0|0|0],2.8,3.6,2.3,0,0,9,9,0,0,0,0,0,0,0,0,0,0,0,0,0,112,0,0,0,0,0,0,0,0,0,0,0,0,1,0,0,0,0,0,0,0,0,0,0,0,0,0,0,0,0,0,0,[0|0],80,430,6,1,[0|0],0,0,0,0,[0|0|0],1,1,0,0,0,0,0.45,-1,0,0,0,[0|0|0|0|0|0|0|0|0|0|0|0|0|0|0|0]
50050100,HEAD - 20-082 MIND BETA,0,0,0,[0|0|0],500010,950000,100700,100710,100720,36000,36000,36000,3460,999530016,-1,-1,40,1.5,-0.33,50050100,50050100,50050100,50050100,50050100,50050100,50050100,50050100,50050100,50050100,50050100,-1,-1,-1,-1,-1,1,1,1,1,1,1,1,1,-1,6110,1093,1169,0,0,100,100,25,0,0,0,0,0,0,0,0,100,100,100,310,0,-1,-1,1,0,5,0,0,0,1,0,0,1,1,0,0,0,1,0,0,0,0,0,0,0,0,0,0,0,0,0,0,0,0,0,0,0,0,0,0,0,0,0,0,0,0,0,0,0,0,0,0,0,0,0,0,0,0,0,0,0,0,0,0,0,0,0,1,1,0,0,0,1,1,1,1,1,1,1,103,100,103,100,0,0,0,0,-1,1,0,1,0,0,0,0,0,0,0,0,0,0,0,0,0,0,0,0,0,0,0,0,0,0,0,0,0,0,0,0,0,0,0,0,0,0,0,0,-1,36000,100,0,0,0,0,0,0,0,0,0,0,0,0,0,0,0,0,0,0,0,0,0,0,0,0,0,0,0,0,0,0,0,0,0,0,0,0,0,0,0,0,0,0,0,0,0,0,0,0,0,0,0,0,0,0,0,0,0,0,0,0,0,0,0,0,0,0,0,0,0,0,0,0,0,0,0,0,0,0,0,0,0,0,0,0,0,0,0,0,0,0,0,0,0,0,0,0,-1,0,128,520,30100,250,150,-1,0,0,0,0,0,0,0,0,0,1,80050100,-1,-1,-1,-1,1,0,0,536,0,0,0,0,[0|0|0|0],4,12,0,[0|0|0|0|0|0|0|0|0|0|0|0|0|0|0|0|0|0|0|0|0|0|0|0|0|0|0|0|0|0|0|0|0|0|0|0],1,1,0,0,0,0,0,-1,0,0,0,-1,0,0,[0|0|0|0|0|0],0.8,1.4,0,0,0,-4,-4,0,0,0,0,0,0,0,0,0,0,0,0,0,103,0,0,0,0,0,0,0,0,0,0,0,0,1,0,0,0,0,0,0,0,0,0,0,0,0,0,0,0,0,0,0,[0|0],90,540,12,1,[0|0],0,0,0,0,[0|0|0],1,1,0,0,0,0,0.3,-1,0,0,0,[0|0|0|0|0|0|0|0|0|0|0|0|0|0|0|0]
50060000,HEAD - EL-TH-10 FIRMEZA,0,0,0,[0|0|0],410000,950000,100700,100710,100720,36000,36000,36000,2370,999530009,-1,-1,40,1.5,-0.33,50060000,50060000,50060000,50060000,50060000,50060000,50060000,50060000,50060000,50060000,50060000,-1,-1,-1,-1,-1,1,1,1,1,1,1,1,1,-1,7010,1093,1169,0,0,100,100,25,0,0,0,0,0,0,0,0,100,100,100,310,0,-1,-1,1,0,5,0,0,0,1,0,0,1,1,0,0,0,1,0,0,0,0,0,0,0,0,0,0,0,0,0,0,0,0,0,0,0,0,0,0,0,0,0,0,0,0,0,0,0,0,0,0,0,0,0,0,0,0,0,0,0,0,0,0,0,0,0,1,1,0,0,0,1,1,1,1,1,1,1,103,100,103,100,0,0,0,0,-1,1,0,1,0,0,0,0,0,0,0,0,0,0,0,0,0,0,0,0,0,0,0,0,0,0,0,0,0,0,0,0,0,0,0,0,0,0,0,0,-1,36000,100,0,0,0,0,0,0,0,0,0,0,0,0,0,0,0,0,0,0,0,0,0,0,0,0,0,0,0,0,0,0,0,0,0,0,0,0,0,0,0,0,0,0,0,0,0,0,0,0,0,0,0,0,0,0,0,0,0,0,0,0,0,0,0,0,0,0,0,0,0,0,0,0,0,0,0,0,0,0,0,0,0,0,0,0,0,0,0,0,0,0,0,0,0,0,0,0,-1,0,134,750,30100,250,150,-1,0,0,0,0,0,0,0,0,0,1,80060000,-1,-1,-1,-1,1,0,0,431,0,0,0,0,[0|0|0|0],19,12,0,[0|0|0|0|0|0|0|0|0|0|0|0|0|0|0|0|0|0|0|0|0|0|0|0|0|0|0|0|0|0|0|0|0|0|0|0],1,1,0,0,0,0,0,-1,0,0,0,-1,0,0,[0|0|0|0|0|0],0.6,0.8,0.4,0,0,4,4,0,0,0,0,0,0,0,0,0,0,0,0,0,96,0,0,0,0,0,0,0,0,0,0,0,0,1,0,0,0,0,0,0,0,0,0,0,0,0,0,0,0,0,0,0,[0|0],60,440,15,1,[0|0],0,0,0,0,[0|0|0],1,1,0,0,0,0,0.55,-1,0,0,0,[0|0|0|0|0|0|0|0|0|0|0|0|0|0|0|0]
50060900,HEAD - EL-RC-16 GRANIZO,0,0,0,[0|0|0],410000,950000,100700,100710,100720,36000,36000,36000,2710,999529994,-1,-1,40,1.5,-0.33,50060900,50060900,50060900,50060900,50060900,50060900,50060900,50060900,50060900,50060900,50060900,-1,-1,-1,-1,-1,1,1,1,1,1,1,1,1,-1,4021,1093,1169,0,0,100,100,25,0,0,0,0,0,0,0,0,100,100,100,310,0,-1,-1,1,0,5,0,0,0,1,0,0,1,1,0,0,0,1,0,0,0,0,0,0,0,0,0,0,0,0,0,0,0,0,0,0,0,0,0,0,0,0,0,0,0,0,0,0,0,0,0,0,0,0,0,0,0,0,0,0,0,0,0,0,0,0,0,1,1,0,0,0,1,1,1,1,1,1,1,103,100,103,100,0,0,0,0,-1,1,0,1,0,0,0,0,0,0,0,0,0,0,0,0,0,0,0,0,0,0,0,0,0,0,0,0,0,0,0,0,0,0,0,0,0,0,0,0,-1,36000,100,0,0,0,0,0,0,0,0,0,0,0,0,0,0,0,0,0,0,0,0,0,0,0,0,0,0,0,0,0,0,0,0,0,0,0,0,0,0,0,0,0,0,0,0,0,0,0,0,0,0,0,0,0,0,0,0,0,0,0,0,0,0,0,0,0,0,0,0,0,0,0,0,0,0,0,0,0,0,0,0,0,0,0,0,0,0,0,0,0,0,0,0,0,0,0,0,-1,0,201,1110,30100,250,150,-1,0,0,0,0,0,0,0,0,0,1,80060100,-1,-1,-1,-1,1,0,0,471,0,0,0,0,[0|0|0|0],19,12,0,[0|0|0|0|0|0|0|0|0|0|0|0|0|0|0|0|0|0|0|0|0|0|0|0|0|0|0|0|0|0|0|0|0|0|0|0],1,1,0,0,0,0,0,-1,0,0,0,-1,0,0,[0|0|0|0|0|0],0,-0.49999997,0.2,0,0,-12,-12,0,0,0,0,0,0,0,0,0,0,0,0,0,81,0,0,0,0,0,0,0,0,0,0,0,0,1,0,0,0,0,0,0,0,0,0,0,0,0,0,0,0,0,0,0,[0|0],45,310,5,1,[0|0],0,0,0,0,[0|0|0],1,1,0,0,0,0,0.55,-1,0,0,0,[0|0|0|0|0|0|0|0|0|0|0|0|0|0|0|0]
50070200,HEAD - AH-J-124 BASHO,0,0,0,[0|0|0],1,950000,100700,100710,100720,47000,47000,47000,4600,999530004,-1,-1,40,1.5,-0.33,50070200,50070200,50070200,50070200,50070200,50070200,50070200,50070200,50070200,50070200,50070200,-1,-1,-1,-1,-1,1,1,1,1,1,1,1,1,-1,8030,1093,1169,0,0,100,100,25,0,0,0,0,0,0,0,0,100,100,100,310,0,-1,-1,1,0,5,0,0,0,1,0,0,1,1,0,0,0,1,0,0,0,0,0,0,0,0,0,0,0,0,0,0,0,0,0,0,0,0,0,0,0,0,0,0,0,0,0,0,0,0,0,0,0,0,0,0,0,0,0,0,0,0,0,0,0,0,0,1,1,0,0,0,1,1,1,1,1,1,1,103,100,103,100,0,0,0,0,-1,1,0,1,0,0,0,0,0,0,0,0,0,0,0,0,0,0,0,0,0,0,0,0,0,0,0,0,0,0,0,0,0,0,0,0,0,0,0,0,-1,47000,100,0,0,0,0,0,0,0,0,0,0,0,0,0,0,0,0,0,0,0,0,0,0,0,0,0,0,0,0,0,0,0,0,0,0,0,0,0,0,0,0,0,0,0,0,0,0,0,0,0,0,0,0,0,0,0,0,0,0,0,0,0,0,0,0,0,0,0,0,0,0,0,0,0,0,0,0,0,0,0,0,0,0,0,0,0,0,0,0,0,0,0,0,0,0,0,0,-1,0,95,1250,30100,250,150,-1,0,0,0,0,0,0,0,0,0,1,80070200,-1,-1,-1,-1,1,0,0,394,0,0,0,0,[0|0|0|0],15,12,0,[0|0|0|0|0|0|0|0|0|0|0|0|0|0|0|0|0|0|0|0|0|0|0|0|0|0|0|0|0|0|0|0|0|0|0|0],1,1,0,0,0,0,0,-1,0,0,0,-1,0,0,[0|0|0|0|0|0],4.1,1.9,4.2,0,0,-10,-10,0,0,0,0,0,0,0,0,0,0,0,0,0,91,0,0,0,0,0,0,0,0,0,0,0,0,1,0,0,0,0,0,0,0,0,0,0,0,0,0,0,0,0,0,0,[0|0],75,390,14.4,1,[0|0],0,0,0,0,[0|0|0],1,1,0,0,0,0,0.35,-1,0,0,0,[0|0|0|0|0|0|0|0|0|0|0|0|0|0|0|0]
50070300,HEAD - HC-3000 WRECKER,0,0,0,[0|0|0],400100,950000,100700,100710,100720,36000,36000,36000,3800,999530021,-1,-1,40,1.5,-0.33,50070300,50070300,50070300,50070300,50070300,50070300,50070300,50070300,50070300,50070300,50070300,-1,-1,-1,-1,-1,1,1,1,1,1,1,1,1,-1,8040,1093,1169,0,0,100,100,25,0,0,0,0,0,0,0,0,100,100,100,310,0,-1,-1,1,0,5,0,0,0,1,0,0,1,1,0,0,0,1,0,0,0,0,0,0,0,0,0,0,0,0,0,0,0,0,0,0,0,0,0,0,0,0,0,0,0,0,0,0,0,0,0,0,0,0,0,0,0,0,0,0,0,0,0,0,0,0,0,1,1,0,0,0,1,1,1,1,1,1,1,103,100,103,100,0,0,0,0,-1,1,0,1,0,0,0,0,0,0,0,0,0,0,0,0,0,0,0,0,0,0,0,0,0,0,0,0,0,0,0,0,0,0,0,0,0,0,0,0,-1,36000,100,0,0,0,0,0,0,0,0,0,0,0,0,0,0,0,0,0,0,0,0,0,0,0,0,0,0,0,0,0,0,0,0,0,0,0,0,0,0,0,0,0,0,0,0,0,0,0,0,0,0,0,0,0,0,0,0,0,0,0,0,0,0,0,0,0,0,0,0,0,0,0,0,0,0,0,0,0,0,0,0,0,0,0,0,0,0,0,0,0,0,0,0,0,0,0,0,-1,0,102,1195,30100,250,150,-1,0,0,0,0,0,0,0,0,0,1,80060000,-1,-1,-1,-1,1,0,0,378,0,0,0,0,[0|0|0|0],6,12,0,[0|0|0|0|0|0|0|0|0|0|0|0|0|0|0|0|0|0|0|0|0|0|0|0|0|0|0|0|0|0|0|0|0|0|0|0],1,1,0,0,0,0,0,-1,0,0,0,-1,0,0,[0|0|0|0|0|0],5,2,3.7,0,0,6,6,0,0,0,0,0,0,0,0,0,0,0,0,0,108,0,0,0,0,0,0,0,0,0,0,0,0,1,0,0,0,0,0,0,0,0,0,0,0,0,0,0,0,0,0,0,[0|0],60,370,3,1,[0|0],0,0,0,0,[0|0|0],1,1,0,0,0,0,0.55,-1,0,0,0,[0|0|0|0|0|0|0|0|0|0|0|0|0|0|0|0]
50074100,HEAD - Hysteric,0,0,0,[0|0|0],400920,950000,100700,100710,100720,36000,36000,36000,1710,999530003,900097,-1,40,1.5,-0.33,50070300,50070300,50070300,50070300,50070300,50070300,50070300,50070300,50070300,50070300,50070300,-1,-1,-1,-1,-1,1,1,1,1,1,1,1,1,-1,2012,1093,1169,0,0,100,100,25,0,0,0,0,0,0,0,0,100,100,100,310,0,-1,-1,1,0,5,0,0,0,1,0,0,1,1,0,0,0,1,0,0,0,0,0,0,0,0,0,0,0,0,0,0,0,0,0,0,0,0,0,0,0,0,0,0,0,0,0,0,0,0,0,0,0,0,0,0,0,0,0,0,0,0,0,0,0,0,0,1,1,0,0,0,1,1,1,1,1,1,1,103,100,103,100,0,0,0,0,-1,1,0,1,0,0,0,0,0,0,0,0,0,0,0,0,0,0,0,0,0,0,0,0,0,0,0,0,0,0,0,0,0,0,0,0,0,0,0,0,-1,36000,100,0,0,0,0,0,0,0,0,0,0,0,0,0,0,0,0,0,0,0,0,0,0,0,0,0,0,0,0,0,0,0,0,0,0,0,0,0,0,0,0,0,0,0,0,0,0,0,0,0,0,0,0,0,0,0,0,0,0,0,0,0,0,0,0,0,0,0,0,0,0,0,0,0,0,0,0,0,0,0,0,0,0,0,0,0,0,0,0,0,0,0,0,0,0,0,0,-1,0,124,344,30100,250,150,-1,0,0,0,0,0,0,0,0,0,1,80070300,-1,-1,-1,-1,1,0,0,267,0,0,0,0,[0|0|0|0],1,12,0,[0|0|0|0|0|0|0|0|0|0|0|0|0|0|0|0|0|0|0|0|0|0|0|0|0|0|0|0|0|0|0|0|0|0|0|0],1,1,0,0,0,0,0,-1,0,0,0,-1,0,0,[0|0|0|0|0|0],-0.9,-1.25,-1.2,0,0,-24,-24,0,0,0,0,0,0,0,0,0,0,0,0,0,90,0,0,0,0,0,0,0,0,0,0,0,0,1,0,0,0,0,0,0,0,0,0,0,0,0,0,0,0,0,0,0,[0|0],50,390,3.4,1,[0|0],0,0,0,0,[0|0|0],1,1,0,0,0,0,0.55,-1,0,0,0,[0|0|0|0|0|0|0|0|0|0|0|0|0|0|0|0]
50074200,HEAD - Ludicrous,0,0,0,[0|0|0],400921,950000,100700,100710,100720,36000,36000,36000,3170,999530001,-1,-1,40,1.5,-0.33,50070300,50070300,50070300,50070300,50070300,50070300,50070300,50070300,50070300,50070300,50070300,-1,-1,-1,-1,-1,1,1,1,1,1,1,1,1,-1,9991,1093,1169,0,0,100,100,25,0,0,0,0,0,0,0,0,100,100,100,310,0,-1,-1,1,0,5,0,0,0,1,0,0,1,1,0,0,0,1,0,0,0,0,0,0,0,0,0,0,0,0,0,0,0,0,0,0,0,0,0,0,0,0,0,0,0,0,0,0,0,0,0,0,0,0,0,0,0,0,0,0,0,0,0,0,0,0,0,1,1,0,0,0,1,1,1,1,1,1,1,103,100,103,100,0,0,0,0,-1,1,0,1,0,0,0,0,0,0,0,0,0,0,0,0,0,0,0,0,0,0,0,0,0,0,0,0,0,0,0,0,0,0,0,0,0,0,0,0,-1,36000,100,0,0,0,0,0,0,0,0,0,0,0,0,0,0,0,0,0,0,0,0,0,0,0,0,0,0,0,0,0,0,0,0,0,0,0,0,0,0,0,0,0,0,0,0,0,0,0,0,0,0,0,0,0,0,0,0,0,0,0,0,0,0,0,0,0,0,0,0,0,0,0,0,0,0,0,0,0,0,0,0,0,0,0,0,0,0,0,0,0,0,0,0,0,0,0,0,-1,0,298,577,30100,250,150,-1,0,0,0,0,0,0,0,0,0,1,80070900,-1,-1,-1,-1,1,0,0,367,0,0,0,0,[0|0|0|0],1,12,0,[0|0|0|0|0|0|0|0|0|0|0|0|0|0|0|0|0|0|0|0|0|0|0|0|0|0|0|0|0|0|0|0|0|0|0|0],1,1,0,0,0,0,0,-1,0,0,0,-1,0,0,[0|0|0|0|0|0],2,1,2.6,0,0,-6,-6,0,0,0,0,0,0,0,0,0,0,0,0,0,88,0,0,0,0,0,0,0,0,0,0,0,0,1,0,0,0,0,0,0,0,0,0,0,0,0,0,0,0,0,0,0,[0|0],30,300,1,1,[0|0],0,0,0,0,[0|0|0],1,1,0,0,0,0,0.55,-1,0,0,0,[0|0|0|0|0|0|0|0|0|0|0|0|0|0|0|0]
50070400,HEAD - HC-2000 FINDER EYE,0,0,0,[0|0|0],400000,950000,100700,100710,100720,36000,36000,36000,2670,999530021,-1,-1,40,1.5,-0.33,50070400,50070400,50070400,50070400,50070400,50070400,50070400,50070400,50070400,50070400,50070400,-1,-1,-1,-1,-1,1,1,1,1,1,1,1,1,-1,1400,1093,1169,0,0,100,100,25,0,0,0,0,0,0,0,0,100,100,100,310,0,-1,-1,1,0,5,0,0,0,1,0,0,1,1,0,0,0,1,0,0,0,0,0,0,0,0,0,0,0,0,0,0,0,0,0,0,0,0,0,0,0,0,0,0,0,0,0,0,0,0,0,0,0,0,0,0,0,0,0,0,0,0,0,0,0,0,0,1,1,0,0,0,1,1,1,1,1,1,1,103,100,103,100,0,0,0,0,-1,1,0,1,0,0,0,0,0,0,0,0,0,0,0,0,0,0,0,0,0,0,0,0,0,0,0,0,0,0,0,0,0,0,0,0,0,0,0,0,-1,36000,100,0,0,0,0,0,0,0,0,0,0,0,0,0,0,0,0,0,0,0,0,0,0,0,0,0,0,0,0,0,0,0,0,0,0,0,0,0,0,0,0,0,0,0,0,0,0,0,0,0,0,0,0,0,0,0,0,0,0,0,0,0,0,0,0,0,0,0,0,0,0,0,0,0,0,0,0,0,0,0,0,0,0,0,0,0,0,0,0,0,0,0,0,0,0,0,0,-1,0,84,660,30100,250,150,-1,0,0,0,0,0,0,0,0,0,1,80070400,-1,-1,-1,-1,1,0,0,396,0,0,0,0,[0|0|0|0],6,12,0,[0|0|0|0|0|0|0|0|0|0|0|0|0|0|0|0|0|0|0|0|0|0|0|0|0|0|0|0|0|0|0|0|0|0|0|0],1,1,0,0,0,0,0,-1,0,0,0,-1,0,0,[0|0|0|0|0|0],0.7,-0.8,0.3,0,0,2,2,0,0,0,0,0,0,0,0,0,0,0,0,0,108,0,0,0,0,0,0,0,0,0,0,0,0,1,0,0,0,0,0,0,0,0,0,0,0,0,0,0,0,0,0,0,[0|0],95,605,6,1,[0|0],0,0,0,0,[0|0|0],1,1,0,0,0,0,0.22,-1,0,0,0,[0|0|0|0|0|0|0|0|0|0|0|0|0|0|0|0]
50070500,HEAD - HR-1000 RAVAGER,0,0,0,[0|0|0],400910,950000,100700,100710,100720,36000,36000,36000,3690,999530023,-1,-1,40,1.5,-0.33,50070500,50070500,50070500,50070500,50070500,50070500,50070500,50070500,50070500,50070500,50070500,-1,-1,-1,-1,-1,1,1,1,1,1,1,1,1,-1,621,1093,1169,0,0,100,100,25,0,0,0,0,0,0,0,0,100,100,100,310,0,-1,-1,1,0,5,0,0,0,1,0,0,1,1,0,0,0,1,0,0,0,0,0,0,0,0,0,0,0,0,0,0,0,0,0,0,0,0,0,0,0,0,0,0,0,0,0,0,0,0,0,0,0,0,0,0,0,0,0,0,0,0,0,0,0,0,0,1,1,0,0,0,1,1,1,1,1,1,1,103,100,103,100,0,0,0,0,-1,1,0,1,0,0,0,0,0,0,0,0,0,0,0,0,0,0,0,0,0,0,0,0,0,0,0,0,0,0,0,0,0,0,0,0,0,0,0,0,-1,36000,100,0,0,0,0,0,0,0,0,0,0,0,0,0,0,0,0,0,0,0,0,0,0,0,0,0,0,0,0,0,0,0,0,0,0,0,0,0,0,0,0,0,0,0,0,0,0,0,0,0,0,0,0,0,0,0,0,0,0,0,0,0,0,0,0,0,0,0,0,0,0,0,0,0,0,0,0,0,0,0,0,0,0,0,0,0,0,0,0,0,0,0,0,0,0,0,0,-1,0,288,995,30100,250,150,-1,0,0,0,0,0,0,0,0,0,1,80040000,-1,-1,-1,-1,1,0,0,481,0,0,0,0,[0|0|0|0],6,12,0,[0|0|0|0|0|0|0|0|0|0|0|0|0|0|0|0|0|0|0|0|0|0|0|0|0|0|0|0|0|0|0|0|0|0|0|0],1,1,0,0,0,0,0,-1,0,0,0,-1,0,0,[0|0|0|0|0|0],1.2,1.2,1.2,0,0,50,50,0,0,0,0,0,0,0,0,0,0,0,0,0,110,0,0,0,0,0,0,0,0,0,0,0,0,1,0,0,0,0,0,0,0,0,0,0,0,0,0,0,0,0,0,0,[0|0],270,500,10.5,1,[0|0],0,0,0,0,[0|0|0],1,1,0,0,0,0,0.55,-1,0,0,0,[0|0|0|0|0|0|0|0|0|0|0|0|0|0|0|0]
50070700,HEAD - HR-1000 RAVAGER/RC,0,0,0,[0|0|0],400911,950000,100700,100710,100720,36000,36000,36000,3600,999530007,-1,-1,40,1.5,-0.33,50070700,50070700,50070700,50070700,50070700,50070700,50070700,50070700,50070700,50070700,50070700,-1,-1,-1,-1,-1,1,1,1,1,1,1,1,1,-1,6210,1093,1169,0,0,100,100,25,0,0,0,0,0,0,0,0,100,100,100,310,0,-1,-1,1,0,5,0,0,0,1,0,0,1,1,0,0,0,1,0,0,0,0,0,0,0,0,0,0,0,0,0,0,0,0,0,0,0,0,0,0,0,0,0,0,0,0,0,0,0,0,0,0,0,0,0,0,0,0,0,0,0,0,0,0,0,0,0,1,1,0,0,0,1,1,1,1,1,1,1,103,100,103,100,0,0,0,0,-1,1,0,1,0,0,0,0,0,0,0,0,0,0,0,0,0,0,0,0,0,0,0,0,0,0,0,0,0,0,0,0,0,0,0,0,0,0,0,0,-1,36000,100,0,0,0,0,0,0,0,0,0,0,0,0,0,0,0,0,0,0,0,0,0,0,0,0,0,0,0,0,0,0,0,0,0,0,0,0,0,0,0,0,0,0,0,0,0,0,0,0,0,0,0,0,0,0,0,0,0,0,0,0,0,0,0,0,0,0,0,0,0,0,0,0,0,0,0,0,0,0,0,0,0,0,0,0,0,0,0,0,0,0,0,0,0,0,0,0,-1,0,144,530,30100,250,150,-1,0,0,0,0,0,0,0,0,0,1,80080000,-1,-1,-1,-1,1,0,0,255,0,0,0,0,[0|0|0|0],6,12,0,[0|0|0|0|0|0|0|0|0|0|0|0|0|0|0|0|0|0|0|0|0|0|0|0|0|0|0|0|0|0|0|0|0|0|0|0],1,1,0,0,0,0,0,-1,0,0,0,-1,0,0,[0|0|0|0|0|0],-0.6,-0.6,-0.6,0,0,12,12,0,0,0,0,0,0,0,0,0,0,0,0,0,94,0,0,0,0,0,0,0,0,0,0,0,0,1,0,0,0,0,0,0,0,0,0,0,0,0,0,0,0,0,0,0,[0|0],60,250,5.5,1,[0|0],0,0,0,0,[0|0|0],1,1,0,0,0,0,0.55,-1,0,0,0,[0|0|0|0|0|0|0|0|0|0|0|0|0|0|0|0]
50070600,HEAD - HC-2000/BC SHADE EYE,0,0,0,[0|0|0],400010,950000,100700,100710,100720,36000,36000,36000,3090,999530018,-1,-1,40,1.5,-0.33,50070600,50070600,50070600,50070600,50070600,50070600,50070600,50070600,50070600,50070600,50070600,-1,-1,-1,-1,-1,1,1,1,1,1,1,1,1,-1,8150,1093,1169,0,0,100,100,25,0,0,0,0,0,0,0,0,100,100,100,310,0,-1,-1,1,0,5,0,0,0,1,0,0,1,1,0,0,0,1,0,0,0,0,0,0,0,0,0,0,0,0,0,0,0,0,0,0,0,0,0,0,0,0,0,0,0,0,0,0,0,0,0,0,0,0,0,0,0,0,0,0,0,0,0,0,0,0,0,1,1,0,0,0,1,1,1,1,1,1,1,103,100,103,100,0,0,0,0,-1,1,0,1,0,0,0,0,0,0,0,0,0,0,0,0,0,0,0,0,0,0,0,0,0,0,0,0,0,0,0,0,0,0,0,0,0,0,0,0,-1,36000,100,0,0,0,0,0,0,0,0,0,0,0,0,0,0,0,0,0,0,0,0,0,0,0,0,0,0,0,0,0,0,0,0,0,0,0,0,0,0,0,0,0,0,0,0,0,0,0,0,0,0,0,0,0,0,0,0,0,0,0,0,0,0,0,0,0,0,0,0,0,0,0,0,0,0,0,0,0,0,0,0,0,0,0,0,0,0,0,0,0,0,0,0,0,0,0,0,-1,0,163,770,30100,250,150,-1,0,0,0,0,0,0,0,0,0,1,80070600,-1,-1,-1,-1,1,0,0,472,0,0,0,0,[0|0|0|0],6,12,0,[0|0|0|0|0|0|0|0|0|0|0|0|0|0|0|0|0|0|0|0|0|0|0|0|0|0|0|0|0|0|0|0|0|0|0|0],1,1,0,0,0,0,0,-1,0,0,0,-1,0,0,[0|0|0|0|0|0],2.4,1.7,3.1,0,0,27,27,0,0,0,0,0,0,0,0,0,0,0,0,0,105,0,0,0,0,0,0,0,0,0,0,0,0,1,0,0,0,0,0,0,0,0,0,0,0,0,0,0,0,0,0,0,[0|0],100,450,10.8,1,[0|0],0,0,0,0,[0|0|0],1,1,0,0,0,0,0.45,-1,0,0,0,[0|0|0|0|0|0|0|0|0|0|0|0|0|0|0|0]
50070800,HEAD - L U C A S I N C L A I R E,0,0,0,[0|0|0],410001,950000,100700,100710,100720,36000,36000,36000,3060,999530018,-1,-1,40,1.5,-0.33,50070600,50070600,50070600,50070600,50070600,50070600,50070600,50070600,50070600,50070600,50070600,-1,-1,-1,-1,-1,1,1,1,1,1,1,1,1,-1,8823,1093,1169,0,0,100,100,25,0,0,0,0,0,0,0,0,100,100,100,310,0,-1,-1,1,0,5,0,0,0,1,0,0,1,1,0,0,0,1,0,0,0,0,0,0,0,0,0,0,0,0,0,0,0,0,0,0,0,0,0,0,0,0,0,0,0,0,0,0,0,0,0,0,0,0,0,0,0,0,0,0,0,0,0,0,0,0,0,1,1,0,0,0,1,1,1,1,1,1,1,103,100,103,100,0,0,0,0,-1,1,0,1,0,0,0,0,0,0,0,0,0,0,0,0,0,0,0,0,0,0,0,0,0,0,0,0,0,0,0,0,0,0,0,0,0,0,0,0,-1,36000,100,0,0,0,0,0,0,0,0,0,0,0,0,0,0,0,0,0,0,0,0,0,0,0,0,0,0,0,0,0,0,0,0,0,0,0,0,0,0,0,0,0,0,0,0,0,0,0,0,0,0,0,0,0,0,0,0,0,0,0,0,0,0,0,0,0,0,0,0,0,0,0,0,0,0,0,0,0,0,0,0,0,0,0,0,0,0,0,0,0,0,0,0,0,0,0,0,-1,0,164,870,30100,250,150,-1,0,0,0,0,0,0,0,0,0,1,80020100,-1,-1,-1,-1,1,0,0,479,0,0,0,0,[0|0|0|0],19,12,0,[0|0|0|0|0|0|0|0|0|0|0|0|0|0|0|0|0|0|0|0|0|0|0|0|0|0|0|0|0|0|0|0|0|0|0|0],1,1,0,0,0,0,0,-1,0,0,0,-1,0,0,[0|0|0|0|0|0],4.1,3.1,4,0,0,25,25,0,0,0,0,0,0,0,0,0,0,0,0,0,105,0,0,0,0,0,0,0,0,0,0,0,0,1,0,0,0,0,0,0,0,0,0,0,0,0,0,0,0,0,0,0,[0|0],100,650,4,1,[0|0],0,0,0,0,[0|0|0],1,1,0,0,0,0,0.45,-1,0,0,0,[0|0|0|0|0|0|0|0|0|0|0|0|0|0|0|0]
50080000,HEAD - IB-C03H: HAL 826,0,0,0,[0|0|0],700000,950000,100700,100710,100720,36000,36000,36000,3760,999530014,-1,-1,40,1.5,-0.33,50080000,50080000,50080000,50080000,50080000,50080000,50080000,50080000,50080000,50080000,50080000,-1,-1,-1,-1,-1,1,1,1,1,1,1,1,1,-1,8010,1093,1169,0,0,100,100,25,0,0,0,0,0,0,0,0,100,100,100,310,0,-1,-1,1,0,5,0,0,0,1,0,0,1,1,0,0,0,1,0,0,0,0,0,0,0,0,0,0,0,0,0,0,0,0,0,0,0,0,0,0,0,0,0,0,0,0,0,0,0,0,0,0,0,0,0,0,0,0,0,0,0,0,0,0,0,0,0,1,1,0,0,0,1,1,1,1,1,1,1,103,100,103,100,0,0,0,0,-1,1,0,1,0,0,0,0,0,0,0,0,0,0,0,0,0,0,0,0,0,0,0,0,0,0,0,0,0,0,0,0,0,0,0,0,0,0,0,0,-1,36000,100,0,0,0,0,0,0,0,0,0,0,0,0,0,0,0,0,0,0,0,0,0,0,0,0,0,0,0,0,0,0,0,0,0,0,0,0,0,0,0,0,0,0,0,0,0,0,0,0,0,0,0,0,0,0,0,0,0,0,0,0,0,0,0,0,0,0,0,0,0,0,0,0,0,0,0,0,0,0,0,0,0,0,0,0,0,0,0,0,0,0,0,0,0,0,0,0,-1,0,215,930,30100,250,150,-1,0,0,0,0,0,0,0,0,0,1,80080000,-1,-1,-1,-1,1,0,0,470,0,0,0,0,[0|0|0|0],2,12,0,[0|0|0|0|0|0|0|0|0|0|0|0|0|0|0|0|0|0|0|0|0|0|0|0|0|0|0|0|0|0|0|0|0|0|0|0],1,1,0,0,0,0,0,-1,0,0,0,-1,0,0,[0|0|0|0|0|0],1.9,3.2,3,0,0,25,25,0,0,0,0,0,0,0,0,0,0,0,0,0,101,0,0,0,0,0,0,0,0,0,0,0,0,1,0,0,0,0,0,0,0,0,0,0,0,0,0,0,0,0,0,0,[0|0],145,600,16.8,1,[0|0],0,0,0,0,[0|0|0],1,1,0,0,0,0,1.05,-1,0,0,0,[0|0|0|0|0|0|0|0|0|0|0|0|0|0|0|0]
50080100,HEAD - IA-C01H: EPHEMERA,0,0,0,[0|0|0],600000,950000,100700,100710,100720,36000,36000,36000,4330,999530031,-1,-1,40,1.5,-0.33,50080100,50080100,50080100,50080100,50080100,50080100,50080100,50080100,50080100,50080100,50080100,-1,-1,-1,-1,-1,1,1,1,1,1,1,1,1,-1,8020,1093,1169,0,0,100,100,25,0,0,0,0,0,0,0,0,100,100,100,310,0,-1,-1,1,0,5,0,0,0,1,0,0,1,1,0,0,0,1,0,0,0,0,0,0,0,0,0,0,0,0,0,0,0,0,0,0,0,0,0,0,0,0,0,0,0,0,0,0,0,0,0,0,0,0,0,0,0,0,0,0,0,0,0,0,0,0,0,1,1,0,0,0,1,1,1,1,1,1,1,103,100,103,100,0,0,0,0,-1,1,0,1,0,0,0,0,0,0,0,0,0,0,0,0,0,0,0,0,0,0,0,0,0,0,0,0,0,0,0,0,0,0,0,0,0,0,0,0,-1,36000,100,0,0,0,0,0,0,0,0,0,0,0,0,0,0,0,0,0,0,0,0,0,0,0,0,0,0,0,0,0,0,0,0,0,0,0,0,0,0,0,0,0,0,0,0,0,0,0,0,0,0,0,0,0,0,0,0,0,0,0,0,0,0,0,0,0,0,0,0,0,0,0,0,0,0,0,0,0,0,0,0,0,0,0,0,0,0,0,0,0,0,0,0,0,0,0,0,-1,0,233,990,30100,250,150,-1,0,0,0,0,0,0,0,0,0,1,80080100,-1,-1,-1,-1,1,0,0,480,0,0,0,0,[0|0|0|0],2,12,0,[0|0|0|0|0|0|0|0|0|0|0|0|0|0|0|0|0|0|0|0|0|0|0|0|0|0|0|0|0|0|0|0|0|0|0|0],1,1,0,0,0,0,0,-1,0,0,0,-1,0,0,[0|0|0|0|0|0],1,3.9,3.6,0,0,32,32,0,0,0,0,0,0,0,0,0,0,0,0,0,118,0,0,0,0,0,0,0,0,0,0,0,0,1,0,0,0,0,0,0,0,0,0,0,0,0,0,0,0,0,0,0,[0|0],115,550,4.8,1,[0|0],0,0,0,0,[0|0|0],1,1,0,0,0,0,1.55,-1,0,0,0,[0|0|0|0|0|0|0|0|0|0|0|0|0|0|0|0]
50080200,HEAD - EL-PH-00 ALBA,0,0,0,[0|0|0],410900,950000,100700,100710,100720,36000,36000,36000,2800,999530012,-1,-1,40,1.5,-0.33,50080200,50080200,50080200,50080200,50080200,50080200,50080200,50080200,50080200,50080200,50080200,-1,-1,-1,-1,-1,1,1,1,1,1,1,1,1,-1,8060,1093,1169,0,0,100,100,25,0,0,0,0,0,0,0,0,100,100,100,310,0,-1,-1,1,0,5,0,0,0,1,0,0,1,1,0,0,0,1,0,0,0,0,0,0,0,0,0,0,0,0,0,0,0,0,0,0,0,0,0,0,0,0,0,0,0,0,0,0,0,0,0,0,0,0,0,0,0,0,0,0,0,0,0,0,0,0,0,1,1,0,0,0,1,1,1,1,1,1,1,103,100,103,100,0,0,0,0,-1,1,0,1,0,0,0,0,0,0,0,0,0,0,0,0,0,0,0,0,0,0,0,0,0,0,0,0,0,0,0,0,0,0,0,0,0,0,0,0,-1,36000,100,0,0,0,0,0,0,0,0,0,0,0,0,0,0,0,0,0,0,0,0,0,0,0,0,0,0,0,0,0,0,0,0,0,0,0,0,0,0,0,0,0,0,0,0,0,0,0,0,0,0,0,0,0,0,0,0,0,0,0,0,0,0,0,0,0,0,0,0,0,0,0,0,0,0,0,0,0,0,0,0,0,0,0,0,0,0,0,0,0,0,0,0,0,0,0,0,-1,0,205,780,30100,250,150,-1,0,0,0,0,0,0,0,0,0,1,80080200,-1,-1,-1,-1,1,0,0,485,0,0,0,0,[0|0|0|0],19,12,0,[0|0|0|0|0|0|0|0|0|0|0|0|0|0|0|0|0|0|0|0|0|0|0|0|0|0|0|0|0|0|0|0|0|0|0|0],1,1,0,0,0,0,0,-1,0,0,0,-1,0,0,[0|0|0|0|0|0],2.3,2.3,2.3,0,0,29,29,0,0,0,0,0,0,0,0,0,0,0,0,0,99,0,0,0,0,0,0,0,0,0,0,0,0,1,0,0,0,0,0,0,0,0,0,0,0,0,0,0,0,0,0,0,[0|0],85,500,3.6,1,[0|0],0,0,0,0,[0|0|0],1,1,0,0,0,0,0.25,-1,0,0,0,[0|0|0|0|0|0|0|0|0|0|0|0|0|0|0|0]
50082700,HEAD - FRAGILE,0,0,0,[0|0|0],210020,950000,100700,100710,100720,36000,36000,36000,1160,999530005,-1,-1,40,1.5,-0.33,50080200,50080200,50080200,50080200,50080200,50080200,50080200,50080200,50080200,50080200,50080200,-1,-1,-1,-1,-1,1,1,1,1,1,1,1,1,-1,8890,1093,1169,0,0,100,100,25,0,0,0,0,0,0,0,0,100,100,100,310,0,-1,-1,1,0,5,0,0,0,1,0,0,1,1,0,0,0,1,0,0,0,0,0,0,0,0,0,0,0,0,0,0,0,0,0,0,0,0,0,0,0,0,0,0,0,0,0,0,0,0,0,0,0,0,0,0,0,0,0,0,0,0,0,0,0,0,0,1,1,0,0,0,1,1,1,1,1,1,1,103,100,103,100,0,0,0,0,-1,1,0,1,0,0,0,0,0,0,0,0,0,0,0,0,0,0,0,0,0,0,0,0,0,0,0,0,0,0,0,0,0,0,0,0,0,0,0,0,-1,36000,100,0,0,0,0,0,0,0,0,0,0,0,0,0,0,0,0,0,0,0,0,0,0,0,0,0,0,0,0,0,0,0,0,0,0,0,0,0,0,0,0,0,0,0,0,0,0,0,0,0,0,0,0,0,0,0,0,0,0,0,0,0,0,0,0,0,0,0,0,0,0,0,0,0,0,0,0,0,0,0,0,0,0,0,0,0,0,0,0,0,0,0,0,0,0,0,0,-1,0,194,290,30100,250,150,-1,0,0,0,0,0,0,0,0,0,1,80080200,-1,-1,-1,-1,1,0,0,310,0,0,0,0,[0|0|0|0],8,12,0,[0|0|0|0|0|0|0|0|0|0|0|0|0|0|0|0|0|0|0|0|0|0|0|0|0|0|0|0|0|0|0|0|0|0|0|0],1,1,0,0,0,0,0,-1,0,0,0,-1,0,0,[0|0|0|0|0|0],-1,-0.7,-1.5,0,0,-12,-12,0,0,0,0,0,0,0,0,0,0,0,0,0,99,0,0,0,0,0,0,0,0,0,0,0,0,1,0,0,0,0,0,0,0,0,0,0,0,0,0,0,0,0,0,0,[0|0],65,320,3.6,1,[0|0],0,0,0,0,[0|0|0],1,1,0,0,0,0,0.25,-1,0,0,0,[0|0|0|0|0|0|0|0|0|0|0|0|0|0|0|0]
50080300,HEAD - LAMMERGEIER/44F,0,0,0,[0|0|0],210020,950000,100700,100710,100720,45000,45000,45000,1050,999530022,-1,-1,40,1.5,-0.33,50080300,50080300,50080300,50080300,50080300,50080300,50080300,50080300,50080300,50080300,50080300,-1,-1,-1,-1,-1,1,1,1,1,1,1,1,1,-1,8070,1093,1169,0,0,100,100,25,0,0,0,0,0,0,0,0,100,100,100,310,0,-1,-1,1,0,5,0,0,0,1,0,0,1,1,0,0,0,1,0,0,0,0,0,0,0,0,0,0,0,0,0,0,0,0,0,0,0,0,0,0,0,0,0,0,0,0,0,0,0,0,0,0,0,0,0,0,0,0,0,0,0,0,0,0,0,0,0,1,1,0,0,0,1,1,1,1,1,1,1,103,100,103,100,0,0,0,0,-1,1,0,1,0,0,0,0,0,0,0,0,0,0,0,0,0,0,0,0,0,0,0,0,0,0,0,0,0,0,0,0,0,0,0,0,0,0,0,0,-1,45000,100,0,0,0,0,0,0,0,0,0,0,0,0,0,0,0,0,0,0,0,0,0,0,0,0,0,0,0,0,0,0,0,0,0,0,0,0,0,0,0,0,0,0,0,0,0,0,0,0,0,0,0,0,0,0,0,0,0,0,0,0,0,0,0,0,0,0,0,0,0,0,0,0,0,0,0,0,0,0,0,0,0,0,0,0,0,0,0,0,0,0,0,0,0,0,0,0,-1,0,220,300,30100,250,150,-1,0,0,0,0,0,0,0,0,0,1,80080300,-1,-1,-1,-1,1,0,0,305,0,0,0,0,[0|0|0|0],8,12,0,[0|0|0|0|0|0|0|0|0|0|0|0|0|0|0|0|0|0|0|0|0|0|0|0|0|0|0|0|0|0|0|0|0|0|0|0],1,1,0,0,0,0,0,-1,0,0,0,-1,0,0,[0|0|0|0|0|0],-2,0.3,-2,0,0,21,21,0,0,0,0,0,0,0,0,0,0,0,0,0,109,0,0,0,0,0,0,0,0,0,0,0,0,1,0,0,0,0,0,0,0,0,0,0,0,0,0,0,0,0,0,0,[0|0],100,550,8.9,1,[0|0],0,0,0,0,[0|0|0],1,1,0,0,0,0,0.35,-1,0,0,0,[0|0|0|0|0|0|0|0|0|0|0|0|0|0|0|0]
50080400,HEAD - NIGHTMARE,0,0,0,[0|0|0],400922,950000,100700,100710,100720,36000,36000,36000,3590,999530005,-1,-1,40,1.5,-0.33,50080400,50080400,50080400,50080400,50080400,50080400,50080400,50080400,50080400,50080400,50080400,-1,-1,-1,-1,-1,1,1,1,1,1,1,1,1,-1,1034,1093,1169,0,0,100,100,25,0,0,0,0,0,0,0,0,100,100,100,310,0,-1,-1,1,0,5,0,0,0,1,0,0,1,1,0,0,0,1,0,0,0,0,0,0,0,0,0,0,0,0,0,0,0,0,0,0,0,0,0,0,0,0,0,0,0,0,0,0,0,0,0,0,0,0,0,0,0,0,0,0,0,0,0,0,0,0,0,1,1,0,0,0,1,1,1,1,1,1,1,105,105,105,105,0,0,0,0,-1,1,0,1,0,0,0,0,0,0,0,0,0,0,0,0,0,0,0,0,0,0,0,0,0,0,0,0,0,0,0,0,0,0,0,0,0,0,0,0,-1,36000,100,0,0,0,0,0,0,0,0,0,0,0,0,0,0,0,0,0,0,0,0,0,0,0,0,0,0,0,0,0,0,0,0,0,0,0,0,0,0,0,0,0,0,0,0,0,0,0,0,0,0,0,0,0,0,0,0,0,0,0,0,0,0,0,0,0,0,0,0,0,0,0,0,0,0,0,0,0,0,0,0,0,0,0,0,0,0,0,0,0,0,0,0,0,0,0,0,-1,0,235,790,30100,250,150,-1,0,0,0,0,0,0,0,0,0,1,80050100,-1,-1,-1,-1,1,0,0,489,0,0,0,0,[0|0|0|0],1,12,0,[0|0|0|0|0|0|0|0|0|0|0|0|0|0|0|0|0|0|0|0|0|0|0|0|0|0|0|0|0|0|0|0|0|0|0|0],1,1,0,0,0,0,0,-1,0,0,0,-1,0,0,[0|0|0|0|0|0],0.1,1,0,8,0,22,22,0,0,0,0,0,0,0,0,0,0,0,0,0,92,0,0,0,0,0,0,0,0,0,0,0,0,1,0,0,0,0,0,0,0,0,0,0,0,0,0,0,0,0,0,0,[0|0],75,530,12,1,[0|0],0,0,0,0,[0|0|0],1,1,0,0,0,0,1.05,-1,0,0,0,[0|0|0|0|0|0|0|0|0|0|0|0|0|0|0|0]
50020300,HEAD - SERENITY,0,0,0,[0|0|0],400921,950000,100700,100710,100720,36000,36000,36000,3610,999530009,-1,-1,40,1.5,-0.33,50080400,50080400,50080400,50080400,50080400,50080400,50080400,50080400,50080400,50080400,50080400,-1,-1,-1,-1,-1,1,1,1,1,1,1,1,1,-1,8069,1093,1169,0,0,100,100,25,0,0,0,0,0,0,0,0,100,100,100,310,0,-1,-1,1,0,5,0,0,0,1,0,0,1,1,0,0,0,1,0,0,0,0,0,0,0,0,0,0,0,0,0,0,0,0,0,0,0,0,0,0,0,0,0,0,0,0,0,0,0,0,0,0,0,0,0,0,0,0,0,0,0,0,0,0,0,0,0,1,1,0,0,0,1,1,1,1,1,1,1,103,100,103,100,0,0,0,0,-1,1,0,1,0,0,0,0,0,0,0,0,0,0,0,0,0,0,0,0,0,0,0,0,0,0,0,0,0,0,0,0,0,0,0,0,0,0,0,0,-1,36000,100,0,0,0,0,0,0,0,0,0,0,0,0,0,0,0,0,0,0,0,0,0,0,0,0,0,0,0,0,0,0,0,0,0,0,0,0,0,0,0,0,0,0,0,0,0,0,0,0,0,0,0,0,0,0,0,0,0,0,0,0,0,0,0,0,0,0,0,0,0,0,0,0,0,0,0,0,0,0,0,0,0,0,0,0,0,0,0,0,0,0,0,0,0,0,0,0,-1,0,166,1145,30100,250,150,-1,0,0,0,0,0,0,0,0,0,1,80050200,-1,-1,-1,-1,1,0,0,478,0,0,0,0,[0|0|0|0],1,12,0,[0|0|0|0|0|0|0|0|0|0|0|0|0|0|0|0|0|0|0|0|0|0|0|0|0|0|0|0|0|0|0|0|0|0|0|0],1,1,0,0,0,0,0,-1,0,0,0,-1,0,0,[0|0|0|0|0|0],3.1,2.1,3.05,0,0,1,1,0,0,0,0,0,0,0,0,0,0,0,0,0,96,0,0,0,0,0,0,0,0,0,0,0,0,1,0,0,0,0,0,0,0,0,0,0,0,0,0,0,0,0,0,0,[0|0],90,500,8,1,[0|0],0,0,0,0,[0|0|0],1,1,0,0,0,0,1.05,-1,0,0,0,[0|0|0|0|0|0|0|0|0|0|0|0|0|0|0|0]
50080500,HEAD - DRAGON,0,0,0,[0|0|0],510000,950000,100700,100710,100720,36000,36000,36000,2970,999530019,-1,-1,40,1.5,-0.33,50080500,50080500,50080500,50080500,50080500,50080500,50080500,50080500,50080500,50080500,50080500,-1,-1,-1,-1,-1,1,1,1,1,1,1,1,1,-1,8152,1093,1169,0,0,100,100,25,0,0,0,0,0,0,0,0,100,100,100,310,0,-1,-1,1,0,5,0,0,0,1,0,0,1,1,0,0,0,1,0,0,0,0,0,0,0,0,0,0,0,0,0,0,0,0,0,0,0,0,0,0,0,0,0,0,0,0,0,0,0,0,0,0,0,0,0,0,0,0,0,0,0,0,0,0,0,0,0,1,1,0,0,0,1,1,1,1,1,1,1,103,100,103,100,0,0,0,0,-1,1,0,1,0,0,0,0,0,0,0,0,0,0,0,0,0,0,0,0,0,0,0,0,0,0,0,0,0,0,0,0,0,0,0,0,0,0,0,0,-1,36000,100,0,0,0,0,0,0,0,0,0,0,0,0,0,0,0,0,0,0,0,0,0,0,0,0,0,0,0,0,0,0,0,0,0,0,0,0,0,0,0,0,0,0,0,0,0,0,0,0,0,0,0,0,0,0,0,0,0,0,0,0,0,0,0,0,0,0,0,0,0,0,0,0,0,0,0,0,0,0,0,0,0,0,0,0,0,0,0,0,0,0,0,0,0,0,0,0,-1,0,200,900,30100,250,150,-1,0,0,0,0,0,0,0,0,0,1,80080200,-1,-1,-1,-1,1,0,0,388,0,0,0,0,[0|0|0|0],13,12,0,[0|0|0|0|0|0|0|0|0|0|0|0|0|0|0|0|0|0|0|0|0|0|0|0|0|0|0|0|0|0|0|0|0|0|0|0],1,1,0,0,0,0,0,-1,0,0,0,-1,0,0,[0|0|0|0|0|0],0.11,2,1,0,0,28,28,0,0,0,0,0,0,0,0,0,0,0,0,0,106,0,0,0,0,0,0,0,0,0,0,0,0,1,0,0,0,0,0,0,0,0,0,0,0,0,0,0,0,0,0,0,[0|0],90,490,17.3,1,[0|0],0,0,0,0,[0|0|0],1,1,0,0,0,0,1.05,-1,0,0,0,[0|0|0|0|0|0|0|0|0|0|0|0|0|0|0|0]
50080600,HEAD - TIAMAT,0,0,0,[0|0|0],310030,950000,100700,100710,100720,36000,36000,36000,6340,999530007,-1,-1,40,1.5,-0.33,50080600,50080600,50080600,50080600,50080600,50080600,50080600,50080600,50080600,50080600,50080600,-1,-1,-1,-1,-1,1,1,1,1,1,1,1,1,-1,1230,1093,1169,0,0,100,100,25,0,0,0,0,0,0,0,0,100,100,100,310,0,-1,-1,1,0,5,0,0,0,1,0,0,1,1,0,0,0,1,0,0,0,0,0,0,0,0,0,0,0,0,0,0,0,0,0,0,0,0,0,0,0,0,0,0,0,0,0,0,0,0,0,0,0,0,0,0,0,0,0,0,0,0,0,0,0,0,0,1,1,0,0,0,1,1,1,1,1,1,1,103,100,103,100,0,0,0,0,-1,1,0,1,0,0,0,0,0,0,0,0,0,0,0,0,0,0,0,0,0,0,0,0,0,0,0,0,0,0,0,0,0,0,0,0,0,0,0,0,-1,36000,100,0,0,0,0,0,0,0,0,0,0,0,0,0,0,0,0,0,0,0,0,0,0,0,0,0,0,0,0,0,0,0,0,0,0,0,0,0,0,0,0,0,0,0,0,0,0,0,0,0,0,0,0,0,0,0,0,0,0,0,0,0,0,0,0,0,0,0,0,0,0,0,0,0,0,0,0,0,0,0,0,0,0,0,0,0,0,0,0,0,0,0,0,0,0,0,0,-1,0,236,2100,30100,250,150,-1,0,0,0,0,0,0,0,0,0,1,80080300,-1,-1,-1,-1,1,0,10,470,0,0,0,0,[0|0|0|0],10,12,0,[0|0|0|0|0|0|0|0|0|0|0|0|0|0|0|0|0|0|0|0|0|0|0|0|0|0|0|0|0|0|0|0|0|0|0|0],1,1,0,0,0,0,0,-1,0,0,0,-1,0,0,[0|0|0|0|0|0],5.2,2.5,2.8,0,0,48,48,0,0,0,0,0,0,0,0,0,0,0,0,0,94,0,0,0,0,0,0,0,0,0,0,0,0,1,0,0,0,0,0,0,0,0,0,0,0,0,0,0,0,0,0,0,[0|0],240,730,15,1,[0|0],0,0,0,0,[0|0|0],1,1,0,0,0,0,1.05,-1,0,0,0,[0|0|0|0|0|0|0|0|0|0|0|0|0|0|0|0]
50080700,HEAD - LANISTA,0,0,0,[0|0|0],320000,950000,100700,100710,100720,36000,36000,36000,4330,999530010,-1,-1,40,1.5,-0.33,50080700,50080700,50080700,50080700,50080700,50080700,50080700,50080700,50080700,50080700,50080700,-1,-1,-1,-1,-1,1,1,1,1,1,1,1,1,-1,4848,1093,1169,0,0,100,100,25,0,0,0,0,0,0,0,0,100,100,100,310,0,-1,-1,1,0,5,0,0,0,1,0,0,1,1,0,0,0,1,0,0,0,0,0,0,0,0,0,0,0,0,0,0,0,0,0,0,0,0,0,0,0,0,0,0,0,0,0,0,0,0,0,0,0,0,0,0,0,0,0,0,0,0,0,0,0,0,0,1,1,0,0,0,1,1,1,1,1,1,1,103,100,103,100,0,0,0,0,-1,1,0,1,0,0,0,0,0,0,0,0,0,0,0,0,0,0,0,0,0,0,0,0,0,0,0,0,0,0,0,0,0,0,0,0,0,0,0,0,-1,36000,100,0,0,0,0,0,0,0,0,0,0,0,0,0,0,0,0,0,0,0,0,0,0,0,0,0,0,0,0,0,0,0,0,0,0,0,0,0,0,0,0,0,0,0,0,0,0,0,0,0,0,0,0,0,0,0,0,0,0,0,0,0,0,0,0,0,0,0,0,0,0,0,0,0,0,0,0,0,0,0,0,0,0,0,0,0,0,0,0,0,0,0,0,0,0,0,0,-1,0,170,1100,30100,250,150,-1,0,0,0,0,0,0,0,0,0,1,80030100,-1,-1,-1,-1,1,0,0,489,0,0,0,0,[0|0|0|0],5,12,0,[0|0|0|0|0|0|0|0|0|0|0|0|0|0|0|0|0|0|0|0|0|0|0|0|0|0|0|0|0|0|0|0|0|0|0|0],1,1,0,0,0,0,0,-1,0,0,0,-1,0,0,[0|0|0|0|0|0],4,4.1,3,0,0,33,33,0,0,0,0,0,0,0,0,0,0,0,0,0,97,0,0,0,0,0,0,0,0,0,0,0,0,1,0,0,0,0,0,0,0,0,0,0,0,0,0,0,0,0,0,0,[0|0],75,410,10,1,[0|0],0,0,0,0,[0|0|0],1,1,0,0,0,0,1.05,-1,0,0,0,[0|0|0|0|0|0|0|0|0|0|0|0|0|0|0|0]
50080800,HEAD - DOMINUS,0,0,0,[0|0|0],320000,950000,100700,100710,100720,36000,36000,36000,2030,999530027,-1,-1,40,1.5,-0.33,50080700,50080700,50080700,50080700,50080700,50080700,50080700,50080700,50080700,50080700,50080700,-1,-1,-1,-1,-1,1,1,1,1,1,1,1,1,-1,2244,1093,1169,0,0,100,100,25,0,0,0,0,0,0,0,0,100,100,100,310,0,-1,-1,1,0,5,0,0,0,1,0,0,1,1,0,0,0,1,0,0,0,0,0,0,0,0,0,0,0,0,0,0,0,0,0,0,0,0,0,0,0,0,0,0,0,0,0,0,0,0,0,0,0,0,0,0,0,0,0,0,0,0,0,0,0,0,0,1,1,0,0,0,1,1,1,1,1,1,1,103,100,103,100,0,0,0,0,-1,1,0,1,0,0,0,0,0,0,0,0,0,0,0,0,0,0,0,0,0,0,0,0,0,0,0,0,0,0,0,0,0,0,0,0,0,0,0,0,-1,36000,100,0,0,0,0,0,0,0,0,0,0,0,0,0,0,0,0,0,0,0,0,0,0,0,0,0,0,0,0,0,0,0,0,0,0,0,0,0,0,0,0,0,0,0,0,0,0,0,0,0,0,0,0,0,0,0,0,0,0,0,0,0,0,0,0,0,0,0,0,0,0,0,0,0,0,0,0,0,0,0,0,0,0,0,0,0,0,0,0,0,0,0,0,0,0,0,0,-1,0,177,355,30100,250,150,-1,0,0,0,0,0,0,0,0,0,1,80030100,-1,-1,-1,-1,1,0,0,522,0,0,0,0,[0|0|0|0],5,12,0,[0|0|0|0|0|0|0|0|0|0|0|0|0|0|0|0|0|0|0|0|0|0|0|0|0|0|0|0|0|0|0|0|0|0|0|0],1,1,0,0,0,0,0,-1,0,0,0,-1,0,0,[0|0|0|0|0|0],-1,-0.3,-1.1,0,0,49,49,0,0,0,0,0,0,0,0,0,0,0,0,0,97,0,0,0,0,0,0,0,0,0,0,0,0,1,0,0,0,0,0,0,0,0,0,0,0,0,0,0,0,0,0,0,[0|0],65,310,6,1,[0|0],0,0,0,0,[0|0|0],1,1,0,0,0,0,1.05,-1,0,0,0,[0|0|0|0|0|0|0|0|0|0|0|0|0|0|0|0]
50081400,HEAD - IANITOR,0,0,0,[0|0|0],321000,950000,100700,100710,100720,36000,36000,36000,1680,999530024,-1,-1,40,1.5,-0.33,50080700,50080700,50080700,50080700,50080700,50080700,50080700,50080700,50080700,50080700,50080700,-1,-1,-1,-1,-1,1,1,1,1,1,1,1,1,-1,5005,1093,1169,0,0,100,100,25,0,0,0,0,0,0,0,0,100,100,100,310,0,-1,-1,1,0,5,0,0,0,1,0,0,1,1,0,0,0,1,0,0,0,0,0,0,0,0,0,0,0,0,0,0,0,0,0,0,0,0,0,0,0,0,0,0,0,0,0,0,0,0,0,0,0,0,0,0,0,0,0,0,0,0,0,0,0,0,0,1,1,0,0,0,1,1,1,1,1,1,1,103,100,103,100,0,0,0,0,-1,1,0,1,0,0,0,0,0,0,0,0,0,0,0,0,0,0,0,0,0,0,0,0,0,0,0,0,0,0,0,0,0,0,0,0,0,0,0,0,-1,36000,100,0,0,0,0,0,0,0,0,0,0,0,0,0,0,0,0,0,0,0,0,0,0,0,0,0,0,0,0,0,0,0,0,0,0,0,0,0,0,0,0,0,0,0,0,0,0,0,0,0,0,0,0,0,0,0,0,0,0,0,0,0,0,0,0,0,0,0,0,0,0,0,0,0,0,0,0,0,0,0,0,0,0,0,0,0,0,0,0,0,0,0,0,0,0,0,0,-1,0,190,470,30100,250,150,-1,0,0,0,0,0,0,0,0,0,1,80000300,-1,-1,-1,-1,1,0,0,358,0,0,0,0,[0|0|0|0],14,12,0,[0|0|0|0|0|0|0|0|0|0|0|0|0|0|0|0|0|0|0|0|0|0|0|0|0|0|0|0|0|0|0|0|0|0|0|0],1,1,0,0,0,0,0,-1,0,0,0,-1,0,0,[0|0|0|0|0|0],0.3,-1,-1.9,0,0,12,12,0,0,0,0,0,0,0,0,0,0,0,0,0,111,0,0,0,0,0,0,0,0,0,0,0,0,1,0,0,0,0,0,0,0,0,0,0,0,0,0,0,0,0,0,0,[0|0],105,320,13.5,1,[0|0],0,0,0,0,[0|0|0],1,1,0,0,0,0,1.05,-1,0,0,0,[0|0|0|0|0|0|0|0|0|0|0|0|0|0|0|0]
50888800,HEAD - Poorly Disguised Scalie,0,0,0,[0|0|0],510100,950000,100700,100710,100720,36000,36000,36000,3370,999530025,-1,-1,40,1.5,-0.33,50888800,50888800,50888800,50888800,50888800,50888800,50888800,50888800,50888800,50888800,50888800,-1,-1,-1,-1,-1,1,1,1,1,1,1,1,1,-1,4444,1093,1169,0,0,100,100,25,0,0,0,0,0,0,0,0,100,100,100,310,0,-1,-1,1,0,5,0,0,0,1,0,0,1,1,0,0,0,1,0,0,0,0,0,0,0,0,0,0,0,0,0,0,0,0,0,0,0,0,0,0,0,0,0,0,0,0,0,0,0,0,0,0,0,0,0,0,0,0,0,0,0,0,0,0,0,0,0,1,1,0,0,0,1,1,1,1,1,1,1,103,100,103,100,0,0,0,0,-1,1,0,1,0,0,0,0,0,0,0,0,0,0,0,0,0,0,0,0,0,0,0,0,0,0,0,0,0,0,0,0,0,0,0,0,0,0,0,0,-1,36000,100,0,0,0,0,0,0,0,0,0,0,0,0,0,0,0,0,0,0,0,0,0,0,0,0,0,0,0,0,0,0,0,0,0,0,0,0,0,0,0,0,0,0,0,0,0,0,0,0,0,0,0,0,0,0,0,0,0,0,0,0,0,0,0,0,0,0,0,0,0,0,0,0,0,0,0,0,0,0,0,0,0,0,0,0,0,0,0,0,0,0,0,0,0,0,0,0,-1,0,211,880,30100,250,150,-1,0,0,0,0,0,0,0,0,0,1,80060000,-1,-1,-1,-1,1,0,0,475,0,0,0,0,[0|0|0|0],13,12,0,[0|0|0|0|0|0|0|0|0|0|0|0|0|0|0|0|0|0|0|0|0|0|0|0|0|0|0|0|0|0|0|0|0|0|0|0],1,1,0,0,0,0,0,-1,0,0,0,-1,0,0,[0|0|0|0|0|0],3.8,2.9,3.9,0,0,41,41,0,0,0,0,0,0,0,0,0,0,0,0,0,112,0,0,0,0,0,0,0,0,0,0,0,0,1,0,0,0,0,0,0,0,0,0,0,0,0,0,0,0,0,0,0,[0|0],95,530,6,1,[0|0],0,0,0,0,[0|0|0],1,1,0,0,0,0,1.05,-1,0,0,0,[0|0|0|0|0|0|0|0|0|0|0|0|0|0|0|0]
50888900,HEAD - Avispa,0,0,0,[0|0|0],410010,950000,100700,100710,100720,36000,36000,36000,2480,999530017,-1,-1,40,1.5,-0.33,50888900,50888900,50888900,50888900,50888900,50888900,50888900,50888900,50888900,50888900,50888900,-1,-1,-1,-1,-1,1,1,1,1,1,1,1,1,-1,7140,1093,1169,0,0,100,100,25,0,0,0,0,0,0,0,0,100,100,100,310,0,-1,-1,1,0,5,0,0,0,1,0,0,1,1,0,0,0,1,0,0,0,0,0,0,0,0,0,0,0,0,0,0,0,0,0,0,0,0,0,0,0,0,0,0,0,0,0,0,0,0,0,0,0,0,0,0,0,0,0,0,0,0,0,0,0,0,0,1,1,0,0,0,1,1,1,1,1,1,1,103,100,103,100,0,0,0,0,-1,1,0,1,0,0,0,0,0,0,0,0,0,0,0,0,0,0,0,0,0,0,0,0,0,0,0,0,0,0,0,0,0,0,0,0,0,0,0,0,-1,36000,100,0,0,0,0,0,0,0,0,0,0,0,0,0,0,0,0,0,0,0,0,0,0,0,0,0,0,0,0,0,0,0,0,0,0,0,0,0,0,0,0,0,0,0,0,0,0,0,0,0,0,0,0,0,0,0,0,0,0,0,0,0,0,0,0,0,0,0,0,0,0,0,0,0,0,0,0,0,0,0,0,0,0,0,0,0,0,0,0,0,0,0,0,0,0,0,0,-1,0,141,545,30100,250,150,-1,0,0,0,0,0,0,0,0,0,1,80080300,-1,-1,-1,-1,1,0,0,480,0,0,0,0,[0|0|0|0],19,12,0,[0|0|0|0|0|0|0|0|0|0|0|0|0|0|0|0|0|0|0|0|0|0|0|0|0|0|0|0|0|0|0|0|0|0|0|0],1,1,0,0,0,0,0,-1,0,0,0,-1,0,0,[0|0|0|0|0|0],0.4,-2,-1.3,0,0,-11,-11,0,0,0,0,0,0,0,0,0,0,0,0,0,104,0,0,0,0,0,0,0,0,0,0,0,0,1,0,0,0,0,0,0,0,0,0,0,0,0,0,0,0,0,0,0,[0|0],70,355,12.8,1,[0|0],0,0,0,0,[0|0|0],1,1,0,0,0,0,1.05,-1,0,0,0,[0|0|0|0|0|0|0|0|0|0|0|0|0|0|0|0]
50889000,HEAD - ISAIAH,0,0,0,[0|0|0],310010,950000,100700,100710,100720,36000,36000,36000,3440,999530014,-1,-1,40,1.5,-0.33,50889000,50889000,50889000,50889000,50889000,50889000,50889000,50889000,50889000,50889000,50889000,-1,-1,-1,-1,-1,1,1,1,1,1,1,1,1,-1,4737,1093,1169,0,0,100,100,25,0,0,0,0,0,0,0,0,100,100,100,310,0,-1,-1,1,0,5,0,0,0,1,0,0,1,1,0,0,0,1,0,0,0,0,0,0,0,0,0,0,0,0,0,0,0,0,0,0,0,0,0,0,0,0,0,0,0,0,0,0,0,0,0,0,0,0,0,0,0,0,0,0,0,0,0,0,0,0,0,1,1,0,0,0,1,1,1,1,1,1,1,103,100,103,100,0,0,0,0,-1,1,0,1,0,0,0,0,0,0,0,0,0,0,0,0,0,0,0,0,0,0,0,0,0,0,0,0,0,0,0,0,0,0,0,0,0,0,0,0,-1,36000,100,0,0,0,0,0,0,0,0,0,0,0,0,0,0,0,0,0,0,0,0,0,0,0,0,0,0,0,0,0,0,0,0,0,0,0,0,0,0,0,0,0,0,0,0,0,0,0,0,0,0,0,0,0,0,0,0,0,0,0,0,0,0,0,0,0,0,0,0,0,0,0,0,0,0,0,0,0,0,0,0,0,0,0,0,0,0,0,0,0,0,0,0,0,0,0,0,-1,0,172,1085,30100,250,150,-1,0,0,0,0,0,0,0,0,0,1,80050100,-1,-1,-1,-1,1,0,0,420,0,0,0,0,[0|0|0|0],10,12,0,[0|0|0|0|0|0|0|0|0|0|0|0|0|0|0|0|0|0|0|0|0|0|0|0|0|0|0|0|0|0|0|0|0|0|0|0],1,1,0,0,0,0,0,-1,0,0,0,-1,0,0,[0|0|0|0|0|0],3.8,2.9,1,0,0,9,9,0,0,0,0,0,0,0,0,0,0,0,0,0,101,0,0,0,0,0,0,0,0,0,0,0,0,1,0,0,0,0,0,0,0,0,0,0,0,0,0,0,0,0,0,0,[0|0],65,330,14,1,[0|0],0,0,0,0,[0|0|0],1,1,0,0,0,0,1.05,-1,0,0,0,[0|0|0|0|0|0|0|0|0|0|0|0|0|0|0|0]
50889100,HEAD - BARNABAS,0,0,0,[0|0|0],310000,950000,100700,100710,100720,36000,36000,36000,2466,999530012,-1,-1,40,1.5,-0.33,50889100,50889100,50889100,50889100,50889100,50889100,50889100,50889100,50889100,50889100,50889100,-1,-1,-1,-1,-1,1,1,1,1,1,1,1,1,-1,7770,1093,1169,0,0,100,100,25,0,0,0,0,0,0,0,0,100,100,100,310,0,-1,-1,1,0,5,0,0,0,1,0,0,1,1,0,0,0,1,0,0,0,0,0,0,0,0,0,0,0,0,0,0,0,0,0,0,0,0,0,0,0,0,0,0,0,0,0,0,0,0,0,0,0,0,0,0,0,0,0,0,0,0,0,0,0,0,0,1,1,0,0,0,1,1,1,1,1,1,1,103,100,103,100,0,0,0,0,-1,1,0,1,0,0,0,0,0,0,0,0,0,0,0,0,0,0,0,0,0,0,0,0,0,0,0,0,0,0,0,0,0,0,0,0,0,0,0,0,-1,36000,100,0,0,0,0,0,0,0,0,0,0,0,0,0,0,0,0,0,0,0,0,0,0,0,0,0,0,0,0,0,0,0,0,0,0,0,0,0,0,0,0,0,0,0,0,0,0,0,0,0,0,0,0,0,0,0,0,0,0,0,0,0,0,0,0,0,0,0,0,0,0,0,0,0,0,0,0,0,0,0,0,0,0,0,0,0,0,0,0,0,0,0,0,0,0,0,0,-1,0,207,833,30100,250,150,-1,0,0,0,0,0,0,0,0,0,1,80020100,-1,-1,-1,-1,1,0,0,417,0,0,0,0,[0|0|0|0],10,12,0,[0|0|0|0|0|0|0|0|0|0|0|0|0|0|0|0|0|0|0|0|0|0|0|0|0|0|0|0|0|0|0|0|0|0|0|0],1,1,0,0,0,0,0,-1,0,0,0,-1,0,0,[0|0|0|0|0|0],4.25,-1.2,-0.8,0,0,13,13,0,0,0,0,0,0,0,0,0,0,0,0,0,99,0,0,0,0,0,0,0,0,0,0,0,0,1,0,0,0,0,0,0,0,0,0,0,0,0,0,0,0,0,0,0,[0|0],70,400,7,1,[0|0],0,0,0,0,[0|0|0],1,1,0,0,0,0,1.05,-1,0,0,0,[0|0|0|0|0|0|0|0|0|0|0|0|0|0|0|0]
50889200,HEAD - Armoury Reference,0,0,0,[0|0|0],800000,950000,100700,100710,100720,36000,36000,36000,3731,999529995,-1,-1,40,1.5,-0.33,50889200,50889200,50889200,50889200,50889200,50889200,50889200,50889200,50889200,50889200,50889200,-1,-1,-1,-1,-1,1,1,1,1,1,1,1,1,-1,4414,1093,1169,0,0,100,100,25,0,0,0,0,0,0,0,0,100,100,100,310,0,-1,-1,1,0,5,0,0,0,1,0,0,1,1,0,0,0,1,0,0,0,0,0,0,0,0,0,0,0,0,0,0,0,0,0,0,0,0,0,0,0,0,0,0,0,0,0,0,0,0,0,0,0,0,0,0,0,0,0,0,0,0,0,0,0,0,0,1,1,0,0,0,1,1,1,1,1,1,1,103,100,103,100,0,0,0,0,-1,1,0,1,0,0,0,0,0,0,0,0,0,0,0,0,0,0,0,0,0,0,0,0,0,0,0,0,0,0,0,0,0,0,0,0,0,0,0,0,-1,36000,100,0,0,0,0,0,0,0,0,0,0,0,0,0,0,0,0,0,0,0,0,0,0,0,0,0,0,0,0,0,0,0,0,0,0,0,0,0,0,0,0,0,0,0,0,0,0,0,0,0,0,0,0,0,0,0,0,0,0,0,0,0,0,0,0,0,0,0,0,0,0,0,0,0,0,0,0,0,0,0,0,0,0,0,0,0,0,0,0,0,0,0,0,0,0,0,0,-1,0,98,1600,30100,250,150,-1,0,0,0,0,0,0,0,0,0,1,80080000,-1,-1,-1,-1,1,0,0,490,0,0,0,0,[0|0|0|0],0,12,0,[0|0|0|0|0|0|0|0|0|0|0|0|0|0|0|0|0|0|0|0|0|0|0|0|0|0|0|0|0|0|0|0|0|0|0|0],1,1,0,0,0,0,0,-1,0,0,0,-1,0,0,[0|0|0|0|0|0],-2.1,-1.85,-1.63,0,0,-9,-9,0,0,0,0,0,0,0,0,0,0,0,0,0,82,0,0,0,0,0,0,0,0,0,0,0,0,1,0,0,0,0,0,0,0,0,0,0,0,0,0,0,0,0,0,0,[0|0],50,280,4.6,1,[0|0],0,0,0,0,[0|0|0],1,1,0,0,0,0,1.05,-1,0,0,0,[0|0|0|0|0|0|0|0|0|0|0|0|0|0|0|0]
50889300,HEAD - Imperator,0,0,0,[0|0|0],320010,950000,100700,100710,100720,36000,36000,36000,4050,999530008,-1,-1,40,1.5,-0.33,50889200,50889200,50889200,50889200,50889200,50889200,50889200,50889200,50889200,50889200,50889200,-1,-1,-1,-1,-1,1,1,1,1,1,1,1,1,-1,4477,1093,1169,0,0,100,100,25,0,0,0,0,0,0,0,0,100,100,100,310,0,-1,-1,1,0,5,0,0,0,1,0,0,1,1,0,0,0,1,0,0,0,0,0,0,0,0,0,0,0,0,0,0,0,0,0,0,0,0,0,0,0,0,0,0,0,0,0,0,0,0,0,0,0,0,0,0,0,0,0,0,0,0,0,0,0,0,0,1,1,0,0,0,1,1,1,1,1,1,1,103,100,103,100,0,0,0,0,-1,1,0,1,0,0,0,0,0,0,0,0,0,0,0,0,0,0,0,0,0,0,0,0,0,0,0,0,0,0,0,0,0,0,0,0,0,0,0,0,-1,36000,100,0,0,0,0,0,0,0,0,0,0,0,0,0,0,0,0,0,0,0,0,0,0,0,0,0,0,0,0,0,0,0,0,0,0,0,0,0,0,0,0,0,0,0,0,0,0,0,0,0,0,0,0,0,0,0,0,0,0,0,0,0,0,0,0,0,0,0,0,0,0,0,0,0,0,0,0,0,0,0,0,0,0,0,0,0,0,0,0,0,0,0,0,0,0,0,0,-1,0,254,1450,30100,250,150,-1,0,0,0,0,0,0,0,0,0,1,80080100,-1,-1,-1,-1,1,0,0,475,0,0,0,0,[0|0|0|0],5,12,0,[0|0|0|0|0|0|0|0|0|0|0|0|0|0|0|0|0|0|0|0|0|0|0|0|0|0|0|0|0|0|0|0|0|0|0|0],1,1,0,0,0,0,0,-1,0,0,0,-1,0,0,[0|0|0|0|0|0],0.1,3.55,3.95,0,0,-10,-10,0,0,0,0,0,0,0,0,0,0,0,0,0,95,0,0,0,0,0,0,0,0,0,0,0,0,1,0,0,0,0,0,0,0,0,0,0,0,0,0,0,0,0,0,0,[0|0],85,444,10,1,[0|0],0,0,0,0,[0|0|0],1,1,0,0,0,0,1.05,-1,0,0,0,[0|0|0|0|0|0|0|0|0|0|0|0|0|0|0|0]
50889400,HEAD - Enforcer,0,0,0,[0|0|0],710010,950000,100700,100710,100720,36000,36000,36000,3400,999530020,-1,-1,40,1.5,-0.33,50889200,50889200,50889200,50889200,50889200,50889200,50889200,50889200,50889200,50889200,50889200,-1,-1,-1,-1,-1,1,1,1,1,1,1,1,1,-1,3311,1093,1169,0,0,100,100,25,0,0,0,0,0,0,0,0,100,100,100,310,0,-1,-1,1,0,5,0,0,0,1,0,0,1,1,0,0,0,1,0,0,0,0,0,0,0,0,0,0,0,0,0,0,0,0,0,0,0,0,0,0,0,0,0,0,0,0,0,0,0,0,0,0,0,0,0,0,0,0,0,0,0,0,0,0,0,0,0,1,1,0,0,0,1,1,1,1,1,1,1,103,100,103,100,0,0,0,0,-1,1,0,1,0,0,0,0,0,0,0,0,0,0,0,0,0,0,0,0,0,0,0,0,0,0,0,0,0,0,0,0,0,0,0,0,0,0,0,0,-1,36000,100,0,0,0,0,0,0,0,0,0,0,0,0,0,0,0,0,0,0,0,0,0,0,0,0,0,0,0,0,0,0,0,0,0,0,0,0,0,0,0,0,0,0,0,0,0,0,0,0,0,0,0,0,0,0,0,0,0,0,0,0,0,0,0,0,0,0,0,0,0,0,0,0,0,0,0,0,0,0,0,0,0,0,0,0,0,0,0,0,0,0,0,0,0,0,0,0,-1,0,226,970,30100,250,150,-1,0,0,0,0,0,0,0,0,0,1,80060000,-1,-1,-1,-1,1,0,0,503,0,0,0,0,[0|0|0|0],3,12,0,[0|0|0|0|0|0|0|0|0|0|0|0|0|0|0|0|0|0|0|0|0|0|0|0|0|0|0|0|0|0|0|0|0|0|0|0],1,1,0,0,0,0,0,-1,0,0,0,-1,0,0,[0|0|0|0|0|0],1.1,2,1,0,0,31,31,0,0,0,0,0,0,0,0,0,0,0,0,0,107,0,0,0,0,0,0,0,0,0,0,0,0,1,0,0,0,0,0,0,0,0,0,0,0,0,0,0,0,0,0,0,[0|0],100,500,14,1,[0|0],0,0,0,0,[0|0|0],1,1,0,0,0,0,1.05,-1,0,0,0,[0|0|0|0|0|0|0|0|0|0|0|0|0|0|0|0]
50889500,HEAD - Noah,0,0,0,[0|0|0],310020,950000,100700,100710,100720,36000,36000,36000,4100,999530005,-1,-1,40,1.5,-0.33,50889200,50889200,50889200,50889200,50889200,50889200,50889200,50889200,50889200,50889200,50889200,-1,-1,-1,-1,-1,1,1,1,1,1,1,1,1,-1,2005,1093,1169,0,0,100,100,25,0,0,0,0,0,0,0,0,100,100,100,310,0,-1,-1,1,0,5,0,0,0,1,0,0,1,1,0,0,0,1,0,0,0,0,0,0,0,0,0,0,0,0,0,0,0,0,0,0,0,0,0,0,0,0,0,0,0,0,0,0,0,0,0,0,0,0,0,0,0,0,0,0,0,0,0,0,0,0,0,1,1,0,0,0,1,1,1,1,1,1,1,103,100,103,100,0,0,0,0,-1,1,0,1,0,0,0,0,0,0,0,0,0,0,0,0,0,0,0,0,0,0,0,0,0,0,0,0,0,0,0,0,0,0,0,0,0,0,0,0,-1,36000,100,0,0,0,0,0,0,0,0,0,0,0,0,0,0,0,0,0,0,0,0,0,0,0,0,0,0,0,0,0,0,0,0,0,0,0,0,0,0,0,0,0,0,0,0,0,0,0,0,0,0,0,0,0,0,0,0,0,0,0,0,0,0,0,0,0,0,0,0,0,0,0,0,0,0,0,0,0,0,0,0,0,0,0,0,0,0,0,0,0,0,0,0,0,0,0,0,-1,0,115,1900,30100,250,150,-1,0,0,0,0,0,0,0,0,0,1,80070400,-1,-1,-1,-1,1,0,0,390,0,0,0,0,[0|0|0|0],10,12,0,[0|0|0|0|0|0|0|0|0|0|0|0|0|0|0|0|0|0|0|0|0|0|0|0|0|0|0|0|0|0|0|0|0|0|0|0],1,1,0,0,0,0,0,-1,0,0,0,-1,0,0,[0|0|0|0|0|0],5.1,1.2,3.3,0,0,6,6,0,0,0,0,0,0,0,0,0,0,0,0,0,92,0,0,0,0,0,0,0,0,0,0,0,0,1,0,0,0,0,0,0,0,0,0,0,0,0,0,0,0,0,0,0,[0|0],90,400,8,1,[0|0],0,0,0,0,[0|0|0],1,1,0,0,0,0,1.05,-1,0,0,0,[0|0|0|0|0|0|0|0|0|0|0|0|0|0|0|0]
50889600,HEAD - Praetor,0,0,0,[0|0|0],320020,950000,100700,100710,100720,36000,36000,36000,3050,999530006,-1,-1,40,1.5,-0.33,50889200,50889200,50889200,50889200,50889200,50889200,50889200,50889200,50889200,50889200,50889200,-1,-1,-1,-1,-1,1,1,1,1,1,1,1,1,-1,8420,1093,1169,0,0,100,100,25,0,0,0,0,0,0,0,0,100,100,100,310,0,-1,-1,1,0,5,0,0,0,1,0,0,1,1,0,0,0,1,0,0,0,0,0,0,0,0,0,0,0,0,0,0,0,0,0,0,0,0,0,0,0,0,0,0,0,0,0,0,0,0,0,0,0,0,0,0,0,0,0,0,0,0,0,0,0,0,0,1,1,0,0,0,1,1,1,1,1,1,1,103,100,103,100,0,0,0,0,-1,1,0,1,0,0,0,0,0,0,0,0,0,0,0,0,0,0,0,0,0,0,0,0,0,0,0,0,0,0,0,0,0,0,0,0,0,0,0,0,-1,36000,100,0,0,0,0,0,0,0,0,0,0,0,0,0,0,0,0,0,0,0,0,0,0,0,0,0,0,0,0,0,0,0,0,0,0,0,0,0,0,0,0,0,0,0,0,0,0,0,0,0,0,0,0,0,0,0,0,0,0,0,0,0,0,0,0,0,0,0,0,0,0,0,0,0,0,0,0,0,0,0,0,0,0,0,0,0,0,0,0,0,0,0,0,0,0,0,0,-1,0,225,800,30100,250,150,-1,0,0,0,0,0,0,0,0,0,1,80070600,-1,-1,-1,-1,1,0,0,485,0,0,0,0,[0|0|0|0],5,12,0,[0|0|0|0|0|0|0|0|0|0|0|0|0|0|0|0|0|0|0|0|0|0|0|0|0|0|0|0|0|0|0|0|0|0|0|0],1,1,0,0,0,0,0,-1,0,0,0,-1,0,0,[0|0|0|0|0|0],2.9,3.8,1.5,0,0,38,38,0,0,0,0,0,0,0,0,0,0,0,0,0,93,0,0,0,0,0,0,0,0,0,0,0,0,1,0,0,0,0,0,0,0,0,0,0,0,0,0,0,0,0,0,0,[0|0],100,340,11,1,[0|0],0,0,0,0,[0|0|0],1,1,0,0,0,0,1.05,-1,0,0,0,[0|0|0|0|0|0|0|0|0|0|0|0|0|0|0|0]
50054000,HEAD - CAESAR,0,0,0,[0|0|0],320030,950000,100700,100710,100720,36000,36000,36000,3250,999530016,-1,-1,40,1.5,-0.33,50889200,50889200,50889200,50889200,50889200,50889200,50889200,50889200,50889200,50889200,50889200,-1,-1,-1,-1,-1,1,1,1,1,1,1,1,1,-1,4205,1093,1169,0,0,100,100,25,0,0,0,0,0,0,0,0,100,100,100,310,0,-1,-1,1,0,5,0,0,0,1,0,0,1,1,0,0,0,1,0,0,0,0,0,0,0,0,0,0,0,0,0,0,0,0,0,0,0,0,0,0,0,0,0,0,0,0,0,0,0,0,0,0,0,0,0,0,0,0,0,0,0,0,0,0,0,0,0,1,1,0,0,0,1,1,1,1,1,1,1,103,100,103,100,0,0,0,0,-1,1,0,1,0,0,0,0,0,0,0,0,0,0,0,0,0,0,0,0,0,0,0,0,0,0,0,0,0,0,0,0,0,0,0,0,0,0,0,0,-1,36000,100,0,0,0,0,0,0,0,0,0,0,0,0,0,0,0,0,0,0,0,0,0,0,0,0,0,0,0,0,0,0,0,0,0,0,0,0,0,0,0,0,0,0,0,0,0,0,0,0,0,0,0,0,0,0,0,0,0,0,0,0,0,0,0,0,0,0,0,0,0,0,0,0,0,0,0,0,0,0,0,0,0,0,0,0,0,0,0,0,0,0,0,0,0,0,0,0,-1,0,237,810,30100,250,150,-1,0,0,0,0,0,0,0,0,0,1,80070500,-1,-1,-1,-1,1,0,0,472,0,0,0,0,[0|0|0|0],5,12,0,[0|0|0|0|0|0|0|0|0|0|0|0|0|0|0|0|0|0|0|0|0|0|0|0|0|0|0|0|0|0|0|0|0|0|0|0],1,1,0,0,0,0,0,-1,0,0,0,-1,0,0,[0|0|0|0|0|0],1.98,3,1.2,0,0,35,35,0,0,0,0,0,0,0,0,0,0,0,0,0,103,0,0,0,0,0,0,0,0,0,0,0,0,1,0,0,0,0,0,0,0,0,0,0,0,0,0,0,0,0,0,0,[0|0],180,400,10,1,[0|0],0,0,0,0,[0|0|0],1,1,0,0,0,0,1.05,-1,0,0,0,[0|0|0|0|0|0|0|0|0|0|0|0|0|0|0|0]
50900000,HEAD - AH-J-124/RC JAILBREAK,0,0,0,[0|0|0],2,950000,100700,100710,100720,47000,47000,47000,4850,999530000,-1,-1,40,1.5,-0.33,50900000,50900000,50900000,50900000,50900000,50900000,50900000,50900000,50900000,50900000,50900000,-1,-1,-1,-1,-1,1,1,1,1,1,1,1,1,-1,8031,1093,1169,0,0,100,100,25,0,0,0,0,0,0,0,0,100,100,100,310,0,-1,-1,1,0,5,0,0,0,1,0,0,1,1,0,0,0,1,0,0,0,0,0,0,0,0,0,0,0,0,0,0,0,0,0,0,0,0,0,0,0,0,0,0,0,0,0,0,0,0,0,0,0,0,0,0,0,0,0,0,0,0,0,0,0,0,0,1,1,0,0,0,1,1,1,1,1,1,1,103,100,103,100,0,0,0,0,-1,1,0,1,0,0,0,0,0,0,0,0,0,0,0,0,0,0,0,0,0,0,0,0,0,0,0,0,0,0,0,0,0,0,0,0,0,0,0,0,-1,47000,100,0,0,0,0,0,0,0,0,0,0,0,0,0,0,0,0,0,0,0,0,0,0,0,0,0,0,0,0,0,0,0,0,0,0,0,0,0,0,0,0,0,0,0,0,0,0,0,0,0,0,0,0,0,0,0,0,0,0,0,0,0,0,0,0,0,0,0,0,0,0,0,0,0,0,0,0,0,0,0,0,0,0,0,0,0,0,0,0,0,0,0,0,0,0,0,0,-1,0,162,1000,30100,250,150,-1,0,0,0,0,0,0,0,0,0,1,95012400,-1,-1,-1,-1,1,0,0,302,0,0,0,0,[0|0|0|0],15,12,0,[0|0|0|0|0|0|0|0|0|0|0|0|0|0|0|0|0|0|0|0|0|0|0|0|0|0|0|0|0|0|0|0|0|0|0|0],1,1,0,0,0,0,0,-1,0,0,0,-1,0,0,[0|0|0|0|0|0],1.8,-0.8,1.9,0,0,-40,-40,0,0,0,0,0,0,0,0,0,0,0,0,0,87,0,0,0,0,0,0,0,0,0,0,0,0,1,0,0,0,0,0,0,0,0,0,0,0,0,0,0,0,0,0,0,[0|0],74,220,3.8,1,[0|0],0,0,0,0,[0|0|0],1,1,0,0,0,0,0.35,-1,0,0,0,[0|0|0|0|0|0|0|0|0|0|0|0|0|0|0|0]
51000000,CORE - BD-011 MELANDER,0,0,0,[0|0|0],100000,951000,100700,100710,100720,58500,58500,58500,15200,-1,-1,-1,40,1,-0.33,51000000,51000000,51000000,51000000,51000000,51000000,51000000,51000000,51000000,51000000,51000000,-1,-1,-1,-1,-1,1,1,1,1,1,1,1,1,-1,1010,1094,1170,0,0,100,100,25,0,0,0,0,0,0,0,0,100,100,100,0,0,-1,-1,1,0,2,0,1,0,2,0,0,1,0,1,0,0,0,0,0,0,0,0,0,0,0,0,0,0,0,0,0,0,0,0,0,0,0,0,0,0,0,0,0,0,0,0,0,0,0,0,0,0,0,0,0,0,0,0,0,0,0,0,0,0,0,0,1,1,0,0,0,1,1,1,1,1,1,1,103,100,103,100,0,0,0,0,-1,1,0,1,0,0,0,0,0,0,0,0,0,0,0,0,0,0,0,0,0,0,0,0,0,0,0,0,0,0,0,0,0,0,0,0,0,0,0,0,-1,58500,100,0,0,0,0,0,0,0,0,0,0,0,0,0,0,0,0,0,0,0,0,0,0,0,0,0,0,0,0,0,0,0,0,0,0,0,0,0,0,0,0,0,0,0,0,0,0,0,0,0,0,0,0,0,0,0,0,0,0,0,0,0,0,0,0,0,0,0,0,0,0,0,0,0,0,0,0,0,0,0,0,0,0,0,0,0,0,0,0,0,0,0,0,0,0,0,0,-1,0,304,3680,30101,1850,1600,1000,2,1,1,0,0,0,0,0,37100,1,75100000,0,-1,-1,-1,1,0,0,474,0,0,0,0,[0|0|0|0],11,13,0,[0|0|0|0|0|0|0|0|0|0|0|0|0|0|0|0|0|0|0|0|0|0|0|0|0|0|0|0|0|0|0|0|0|0|0|0],1,1,0,0,0,0,0,-1,0,0,0,-1,0,0,[0|0|0|0|0|0],8.8,3,7.9,0,0,0,0,0,0,0,0,0,0,0,0,0,0,0,0,0,0,0,0,474,0,0,0,0,0,0,0,0,0,1,0,0,0,0,0,0,0,0,0,0,0,0,0,0,0,0,0,106,[0|0],360,0,0,0,[0|0],0,0,0,0,[0|0|0],1,1,0,0,0,0.2,0.2,-1,98,105,97,[66|122|58|190|0|0|0|0|0|0|0|0|0|0|0|0]
51002500,CORE - PCA Frame,0,0,0,[0|0|0],710010,951000,100700,100710,100720,58500,58500,58500,15940,-1,-1,-1,40,1,-0.33,51000000,51000000,51000000,51000000,51000000,51000000,51000000,51000000,51000000,51000000,51000000,-1,-1,-1,-1,-1,1,1,1,1,1,1,1,1,-1,699,1094,1170,0,0,100,100,25,0,0,0,0,0,0,0,0,100,100,100,0,0,-1,-1,1,0,2,0,1,0,2,0,0,1,0,1,0,0,0,0,0,0,0,0,0,0,0,0,0,0,0,0,0,0,0,0,0,0,0,0,0,0,0,0,0,0,0,0,0,0,0,0,0,0,0,0,0,0,0,0,0,0,0,0,0,0,0,0,1,1,0,0,0,1,1,1,1,1,1,1,103,100,103,100,0,0,0,0,-1,1,0,1,0,0,0,0,0,0,0,0,0,0,0,0,0,0,0,0,0,0,0,0,0,0,0,0,0,0,0,0,0,0,0,0,0,0,0,0,-1,58500,100,0,0,0,0,0,0,0,0,0,0,0,0,0,0,0,0,0,0,0,0,0,0,0,0,0,0,0,0,0,0,0,0,0,0,0,0,0,0,0,0,0,0,0,0,0,0,0,0,0,0,0,0,0,0,0,0,0,0,0,0,0,0,0,0,0,0,0,0,0,0,0,0,0,0,0,0,0,0,0,0,0,0,0,0,0,0,0,0,0,0,0,0,0,0,0,0,-1,0,322,3240,30101,1850,1600,1000,2,1,1,0,0,0,0,0,37100,1,75100000,0,-1,-1,-1,1,0,0,480,0,0,0,0,[0|0|0|0],3,13,0,[0|0|0|0|0|0|0|0|0|0|0|0|0|0|0|0|0|0|0|0|0|0|0|0|0|0|0|0|0|0|0|0|0|0|0|0],1,1,0,0,0,0,0,-1,0,0,0,-1,0,0,[0|0|0|0|0|0],8.1,7,6.8,0,0,0,0,0,0,0,0,0,0,0,0,0,0,0,0,0,0,0,0,480,0,0,0,0,0,0,0,0,0,1,0,0,0,0,0,0,0,0,0,0,0,0,0,0,0,0,0,123,[0|0],360,0,0,0,[0|0],0,0,0,0,[0|0|0],1,1,0,0,0,0.2,0.2,-1,93,113,106,[66|122|58|190|0|0|0|0|0|0|0|0|0|0|0|0]
51000300,CORE - BD-012 MELANDER C3,0,0,0,[0|0|0],100020,951000,100700,100710,100720,58500,58500,58500,13700,-1,-1,-1,40,1,-0.33,51000300,51000300,51000300,51000300,51000300,51000300,51000300,51000300,51000300,51000300,51000300,-1,-1,-1,-1,-1,1,1,1,1,1,1,1,1,-1,1011,1094,1170,0,0,100,100,25,0,0,0,0,0,0,0,0,100,100,100,0,0,-1,-1,1,0,2,0,1,0,2,0,0,1,0,1,0,0,0,0,0,0,0,0,0,0,0,0,0,0,0,0,0,0,0,0,0,0,0,0,0,0,0,0,0,0,0,0,0,0,0,0,0,0,0,0,0,0,0,0,0,0,0,0,0,0,0,0,1,1,0,0,0,1,1,1,1,1,1,1,103,100,103,100,0,0,0,0,-1,1,0,1,0,0,0,0,0,0,0,0,0,0,0,0,0,0,0,0,0,0,0,0,0,0,0,0,0,0,0,0,0,0,0,0,0,0,0,0,-1,58500,100,0,0,0,0,0,0,0,0,0,0,0,0,0,0,0,0,0,0,0,0,0,0,0,0,0,0,0,0,0,0,0,0,0,0,0,0,0,0,0,0,0,0,0,0,0,0,0,0,0,0,0,0,0,0,0,0,0,0,0,0,0,0,0,0,0,0,0,0,0,0,0,0,0,0,0,0,0,0,0,0,0,0,0,0,0,0,0,0,0,0,0,0,0,0,0,0,-1,0,322,3010,30101,1850,1600,1000,2,1,1,0,0,150,0,0,37100,1,75100000,0,-1,-1,-1,1,0,0,433,0,0,0,0,[0|0|0|0],11,13,0,[0|0|0|0|0|0|0|0|0|0|0|0|0|0|0|0|0|0|0|0|0|0|0|0|0|0|0|0|0|0|0|0|0|0|0|0],1,1,0,0,0,0,0,-1,0,0,0,-1,0,0,[0|0|0|0|0|0],7.5,2.7,7.8,0,0,0,0,0,0,0,0,0,0,0,0,0,0,0,0,0,0,0,0,433,0,0,0,0,0,0,0,0,0,1,0,0,0,0,0,0,0,0,0,0,0,0,0,0,0,0,0,101,[0|0],360,0,0,0,[0|0],0,0,0,0,[0|0|0],1,1,0,0,0,0.2,0.2,-1,107,102,106,[36|125|58|190|0|0|0|0|0|0|0|0|0|0|0|0]
51000800,CORE - Sarah's Frame!!,0,0,0,[0|0|0],100020,951000,100700,100710,100720,58500,58500,58500,15550,-1,-1,-1,40,1,-0.33,51000300,51000300,51000300,51000300,51000300,51000300,51000300,51000300,51000300,51000300,51000300,-1,-1,-1,-1,-1,1,1,1,1,1,1,1,1,-1,6448,1094,1170,0,0,100,100,25,0,0,0,0,0,0,0,0,100,100,100,0,0,-1,-1,1,0,2,0,1,0,2,0,0,1,0,1,0,0,0,0,0,0,0,0,0,0,0,0,0,0,0,0,0,0,0,0,0,0,0,0,0,0,0,0,0,0,0,0,0,0,0,0,0,0,0,0,0,0,0,0,0,0,0,0,0,0,0,0,1,1,0,0,0,1,1,1,1,1,1,1,103,100,103,100,0,0,0,0,-1,1,0,1,0,0,0,0,0,0,0,0,0,0,0,0,0,0,0,0,0,0,0,0,0,0,0,0,0,0,0,0,0,0,0,0,0,0,0,0,-1,58500,100,0,0,0,0,0,0,0,0,0,0,0,0,0,0,0,0,0,0,0,0,0,0,0,0,0,0,0,0,0,0,0,0,0,0,0,0,0,0,0,0,0,0,0,0,0,0,0,0,0,0,0,0,0,0,0,0,0,0,0,0,0,0,0,0,0,0,0,0,0,0,0,0,0,0,0,0,0,0,0,0,0,0,0,0,0,0,0,0,0,0,0,0,0,0,0,0,-1,0,220,3650,30101,1850,1600,1000,2,1,1,0,0,100,0,0,37100,1,75100000,0,-1,-1,-1,1,0,0,530,0,0,0,0,[0|0|0|0],16,13,0,[0|0|0|0|0|0|0|0|0|0|0|0|0|0|0|0|0|0|0|0|0|0|0|0|0|0|0|0|0|0|0|0|0|0|0|0],1,1,0,0,0,0,0,-1,0,0,0,-1,0,0,[0|0|0|0|0|0],6.1,2.65,9.1,0,0,0,0,0,0,0,0,0,0,0,0,0,0,0,0,0,0,0,0,530,0,0,0,0,0,0,0,0,0,1,0,0,0,0,0,0,0,0,0,0,0,0,0,0,0,0,0,114,[0|0],360,0,0,0,[0|0],0,0,0,0,[0|0|0],1,1,0,0,0,0.2,0.2,-1,125,103,88,[36|125|58|190|0|0|0|0|0|0|0|0|0|0|0|0]
51000100,CORE - CS-5000 MAIN DISH,0,0,0,[0|0|0],400900,951000,100700,100710,100720,46800,46800,46800,23600,-1,-1,-1,40,1,-0.33,51000100,51000100,51000100,51000100,51000100,51000100,51000100,51000100,51000100,51000100,51000100,-1,-1,-1,-1,-1,1,1,1,1,1,1,1,1,-1,1080,1094,1170,0,0,100,100,25,0,0,0,0,0,0,0,0,100,100,100,0,0,-1,-1,1,0,2,0,1,0,2,0,0,1,0,1,0,0,0,0,0,0,0,0,0,0,0,0,0,0,0,0,0,0,0,0,0,0,0,0,0,0,0,0,0,0,0,0,0,0,0,0,0,0,0,0,0,0,0,0,0,0,0,0,0,0,0,0,1,1,0,0,0,1,1,1,1,1,1,1,103,100,103,100,0,0,0,0,-1,1,0,1,0,0,0,0,0,0,0,0,0,0,0,0,0,0,0,0,0,0,0,0,0,0,0,0,0,0,0,0,0,0,0,0,0,0,0,0,-1,46800,100,0,0,0,0,0,0,0,0,0,0,0,0,0,0,0,0,0,0,0,0,0,0,0,0,0,0,0,0,0,0,0,0,0,0,0,0,0,0,0,0,0,0,0,0,0,0,0,0,0,0,0,0,0,0,0,0,0,0,0,0,0,0,0,0,0,0,0,0,0,0,0,0,0,0,0,0,0,0,0,0,0,0,0,0,0,0,0,0,0,0,0,0,0,0,0,0,-1,0,413,3890,30101,1850,1600,1000,2,1,1,0,0,400,0,0,37100,1,75100100,0,-1,-1,-1,1,0,0,641,0,0,0,0,[0|0|0|0],6,13,0,[0|0|0|0|0|0|0|0|0|0|0|0|0|0|0|0|0|0|0|0|0|0|0|0|0|0|0|0|0|0|0|0|0|0|0|0],1,1,0,0,0,0,0,-1,0,0,0,-1,0,0,[0|0|0|0|0|0],12.6,13.9,11.9,0,0,0,0,0,0,0,0,0,0,0,0,0,0,0,0,0,0,0,0,641,0,0,0,0,0,0,0,0,0,1,0,0,0,0,0,0,0,0,0,0,0,0,0,0,0,0,0,98,[0|0],360,0,0,0,[0|0],0,0,0,0,[0|0|0],1,1,0,0,0,0,1.4,-1,79,97,112,[110|248|93|62|0|0|0|0|0|0|0|0|0|0|0|0]
51010000,CORE - DF-BD-08 TIAN-QIANG,0,0,0,[0|0|0],110000,951000,100700,100710,100720,104000,104000,104000,20650,-1,-1,-1,40,1,-0.33,51010000,51010000,51010000,51010000,51010000,51010000,51010000,51010000,51010000,51010000,51010000,-1,-1,-1,-1,-1,1,1,1,1,1,1,1,1,-1,2010,1094,1170,0,0,100,100,25,0,0,0,0,0,0,0,0,100,100,100,0,0,-1,-1,1,0,2,0,1,0,2,0,0,1,0,1,0,0,0,0,0,0,0,0,0,0,0,0,0,0,0,0,0,0,0,0,0,0,0,0,0,0,0,0,0,0,0,0,0,0,0,0,0,0,0,0,0,0,0,0,0,0,0,0,0,0,0,0,1,1,0,0,0,1,1,1,1,1,1,1,103,100,103,100,0,0,0,0,-1,1,0,1,0,0,0,0,0,0,0,0,0,0,0,0,0,0,0,0,0,0,0,0,0,0,0,0,0,0,0,0,0,0,0,0,0,0,0,0,-1,104000,100,0,0,0,0,0,0,0,0,0,0,0,0,0,0,0,0,0,0,0,0,0,0,0,0,0,0,0,0,0,0,0,0,0,0,0,0,0,0,0,0,0,0,0,0,0,0,0,0,0,0,0,0,0,0,0,0,0,0,0,0,0,0,0,0,0,0,0,0,0,0,0,0,0,0,0,0,0,0,0,0,0,0,0,0,0,0,0,0,0,0,0,0,0,0,0,0,-1,0,388,4100,30101,1850,1600,1000,2,1,1,0,0,300,0,0,37100,1,75100200,0,-1,-1,-1,1,0,0,629,0,0,0,0,[0|0|0|0],12,13,0,[0|0|0|0|0|0|0|0|0|0|0|0|0|0|0|0|0|0|0|0|0|0|0|0|0|0|0|0|0|0|0|0|0|0|0|0],1,1,0,0,0,0,0,-1,0,0,0,-1,0,0,[0|0|0|0|0|0],12.3,8.8,12.8,0,0,0,0,0,0,0,0,0,0,0,0,0,0,0,0,0,0,0,0,629,0,0,0,0,0,0,0,0,0,1,0,0,0,0,0,0,0,0,0,0,0,0,0,0,0,0,0,120,[0|0],360,0,0,0,[0|0],0,0,0,0,[0|0|0],1,1,0,0,0,0,1.6,-1,76,114,70,[18|188|97|61|0|0|0|0|0|0|0|0|0|0|0|0]
51020000,CORE - NACHTREIHER/40E,0,0,0,[0|0|0],210000,951000,100700,100710,100720,79300,79300,79300,9820,-1,-1,-1,40,1,-0.33,51020000,51020000,51020000,51020000,51020000,51020000,51020000,51020000,51020000,51020000,51020000,-1,-1,-1,-1,-1,1,1,1,1,1,1,1,1,-1,3010,1094,1170,0,0,100,100,25,0,0,0,0,0,0,0,0,100,100,100,0,0,-1,-1,1,0,2,0,1,0,2,0,0,1,0,1,0,0,0,0,0,0,0,0,0,0,0,0,0,0,0,0,0,0,0,0,0,0,0,0,0,0,0,0,0,0,0,0,0,0,0,0,0,0,0,0,0,0,0,0,0,0,0,0,0,0,0,0,1,1,0,0,0,1,1,1,1,1,1,1,103,100,103,100,0,0,0,0,-1,1,0,1,0,0,0,0,0,0,0,0,0,0,0,0,0,0,0,0,0,0,0,0,0,0,0,0,0,0,0,0,0,0,0,0,0,0,0,0,-1,79300,100,0,0,0,0,0,0,0,0,0,0,0,0,0,0,0,0,0,0,0,0,0,0,0,0,0,0,0,0,0,0,0,0,0,0,0,0,0,0,0,0,0,0,0,0,0,0,0,0,0,0,0,0,0,0,0,0,0,0,0,0,0,0,0,0,0,0,0,0,0,0,0,0,0,0,0,0,0,0,0,0,0,0,0,0,0,0,0,0,0,0,0,0,0,0,0,0,-1,0,330,2630,30101,1850,1600,1000,2,1,1,0,0,0,0,0,37100,1,75100300,0,-1,-1,-1,1,0,0,366,0,0,0,0,[0|0|0|0],8,13,0,[0|0|0|0|0|0|0|0|0|0|0|0|0|0|0|0|0|0|0|0|0|0|0|0|0|0|0|0|0|0|0|0|0|0|0|0],1,1,0,0,0,0,0,-1,0,0,0,-1,0,0,[0|0|0|0|0|0],-0.1,0.9,-1.9,0,0,0,0,0,0,0,0,0,0,0,0,0,0,0,0,0,0,0,0,366,0,0,0,0,0,0,0,0,0,1,0,0,0,0,0,0,0,0,0,0,0,0,0,0,0,0,0,104,[0|0],360,0,0,0,[0|0],0,0,0,0,[0|0|0],1,1,0,0,0,0,0.15,-1,126,91,109,[197|1|164|190|0|0|0|0|0|0|0|0|0|0|0|0]
51020100,CORE - EISVOGEL,0,0,0,[0|0|0],210000,951000,100700,100710,100720,79300,79300,79300,12900,-1,-1,-1,40,1,-0.33,51020000,51020000,51020000,51020000,51020000,51020000,51020000,51020000,51020000,51020000,51020000,-1,-1,-1,-1,-1,1,1,1,1,1,1,1,1,-1,1999,1094,1170,0,0,100,100,25,0,0,0,0,0,0,0,0,100,100,100,0,0,-1,-1,1,0,2,0,1,0,2,0,0,1,0,1,0,0,0,0,0,0,0,0,0,0,0,0,0,0,0,0,0,0,0,0,0,0,0,0,0,0,0,0,0,0,0,0,0,0,0,0,0,0,0,0,0,0,0,0,0,0,0,0,0,0,0,0,1,1,0,0,0,1,1,1,1,1,1,1,103,100,103,100,0,0,0,0,-1,1,0,1,0,0,0,0,0,0,0,0,0,0,0,0,0,0,0,0,0,0,0,0,0,0,0,0,0,0,0,0,0,0,0,0,0,0,0,0,-1,79300,100,0,0,0,0,0,0,0,0,0,0,0,0,0,0,0,0,0,0,0,0,0,0,0,0,0,0,0,0,0,0,0,0,0,0,0,0,0,0,0,0,0,0,0,0,0,0,0,0,0,0,0,0,0,0,0,0,0,0,0,0,0,0,0,0,0,0,0,0,0,0,0,0,0,0,0,0,0,0,0,0,0,0,0,0,0,0,0,0,0,0,0,0,0,0,0,0,-1,0,350,2880,30101,1850,1600,1000,2,1,1,0,0,0,0,0,37100,1,75100300,0,-1,-1,-1,1,0,0,499,0,0,0,0,[0|0|0|0],8,13,0,[0|0|0|0|0|0|0|0|0|0|0|0|0|0|0|0|0|0|0|0|0|0|0|0|0|0|0|0|0|0|0|0|0|0|0|0],1,1,0,0,0,0,0,-1,0,0,0,-1,0,0,[0|0|0|0|0|0],0.1,1,-1,0,0,0,0,0,0,0,0,0,0,0,0,0,0,0,0,0,0,0,0,499,0,0,0,0,0,0,0,0,0,1,0,0,0,0,0,0,0,0,0,0,0,0,0,0,0,0,0,99,[0|0],360,0,0,0,[0|0],0,0,0,0,[0|0|0],1,1,0,0,0,0,0.15,-1,118,94,119,[197|1|164|190|0|0|0|0|0|0|0|0|0|0|0|0]
51030000,CORE - VP-40S,0,0,0,[0|0|0],200000,951000,100700,100710,100720,127400,127400,127400,15030,-1,-1,-1,40,1,-0.33,51030000,51030000,51030000,51030000,51030000,51030000,51030000,51030000,51030000,51030000,51030000,-1,-1,-1,-1,-1,1,1,1,1,1,1,1,1,-1,4010,1094,1170,0,0,100,100,25,0,0,0,0,0,0,0,0,100,100,100,0,0,-1,-1,1,0,2,0,1,0,2,0,0,1,0,1,0,0,0,0,0,0,0,0,0,0,0,0,0,0,0,0,0,0,0,0,0,0,0,0,0,0,0,0,0,0,0,0,0,0,0,0,0,0,0,0,0,0,0,0,0,0,0,0,0,0,0,0,1,1,0,0,0,1,1,1,1,1,1,1,103,100,103,100,0,0,0,0,-1,1,0,1,0,0,0,0,0,0,0,0,0,0,0,0,0,0,0,0,0,0,0,0,0,0,0,0,0,0,0,0,0,0,0,0,0,0,0,0,-1,127400,100,0,0,0,0,0,0,0,0,0,0,0,0,0,0,0,0,0,0,0,0,0,0,0,0,0,0,0,0,0,0,0,0,0,0,0,0,0,0,0,0,0,0,0,0,0,0,0,0,0,0,0,0,0,0,0,0,0,0,0,0,0,0,0,0,0,0,0,0,0,0,0,0,0,0,0,0,0,0,0,0,0,0,0,0,0,0,0,0,0,0,0,0,0,0,0,0,-1,0,337,3160,30101,1850,1600,1000,2,1,1,0,0,100,0,0,37100,1,75100400,0,-1,-1,-1,1,0,0,446,0,0,0,0,[0|0|0|0],7,13,0,[0|0|0|0|0|0|0|0|0|0|0|0|0|0|0|0|0|0|0|0|0|0|0|0|0|0|0|0|0|0|0|0|0|0|0|0],1,1,0,0,0,0,0,-1,0,0,0,-1,0,0,[0|0|0|0|0|0],7.7,8.6,3.9,0,0,0,0,0,0,0,0,0,0,0,0,0,0,0,0,0,0,0,0,446,0,0,0,0,0,0,0,0,0,1,0,0,0,0,0,0,0,0,0,0,0,0,0,0,0,0,0,100,[0|0],360,0,0,0,[0|0],0,0,0,0,[0|0|0],1,1,0,0,0,0,0,-1,102,111,102,[174|43|214|190|0|0|0|0|0|0|0|0|0|0|0|0]
51030200,CORE - AAP07 BALTEUS,0,0,0,[0|0|0],710000,951000,100700,100710,100720,127400,127400,127400,15000,-1,-1,-1,40,1,-0.33,51030000,51030000,51030000,51030000,51030000,51030000,51030000,51030000,51030000,51030000,51030000,-1,-1,-1,-1,-1,1,1,1,1,1,1,1,1,-1,4020,1094,1170,0,0,100,100,25,0,0,0,0,0,0,0,0,100,100,100,0,0,-1,-1,1,0,2,0,1,0,2,0,0,1,0,1,0,0,0,0,0,0,0,0,0,0,0,0,0,0,0,0,0,0,0,0,0,0,0,0,0,0,0,0,0,0,0,0,0,0,0,0,0,0,0,0,0,0,0,0,0,0,0,0,0,0,0,0,1,1,0,0,0,1,1,1,1,1,1,1,103,100,103,100,0,0,0,0,-1,1,0,1,0,0,0,0,0,0,0,0,0,0,0,0,0,0,0,0,0,0,0,0,0,0,0,0,0,0,0,0,0,0,0,0,0,0,0,0,-1,127400,100,0,0,0,0,0,0,0,0,0,0,0,0,0,0,0,0,0,0,0,0,0,0,0,0,0,0,0,0,0,0,0,0,0,0,0,0,0,0,0,0,0,0,0,0,0,0,0,0,0,0,0,0,0,0,0,0,0,0,0,0,0,0,0,0,0,0,0,0,0,0,0,0,0,0,0,0,0,0,0,0,0,0,0,0,0,0,0,0,0,0,0,0,0,0,0,0,-1,0,500,2870,30101,1850,1600,1000,2,1,1,0,0,150,0,0,37100,1,75100400,0,-1,-1,-1,1,0,0,431,0,0,0,0,[0|0|0|0],3,13,0,[0|0|0|0|0|0|0|0|0|0|0|0|0|0|0|0|0|0|0|0|0|0|0|0|0|0|0|0|0|0|0|0|0|0|0|0],1,1,0,0,0,0,0,-1,0,0,0,-1,0,0,[0|0|0|0|0|0],12,14,8,0,0,0,0,0,0,0,0,0,0,0,0,0,0,0,0,0,0,0,0,525,0,0,0,0,0,0,0,0,0,1,0,0,0,0,0,0,0,0,0,0,0,0,0,0,0,0,0,113,[0|0],360,0,0,0,[0|0],0,0,0,0,[0|0|0],1,1,0,0,0,0,0,-1,78,120,83,[0|0|0|0|0|0|0|0|0|0|0|0|0|0|0|0]
51040000,CORE - VE-40A,0,0,0,[0|0|0],300000,951000,100700,100710,100720,46800,46800,46800,21100,-1,-1,-1,40,1,-0.33,51040000,51040000,51040000,51040000,51040000,51040000,51040000,51040000,51040000,51040000,51040000,-1,-1,-1,-1,-1,1,1,1,1,1,1,1,1,-1,5010,1094,1170,0,0,100,100,25,0,0,0,0,0,0,0,0,100,100,100,0,0,-1,-1,1,0,2,0,1,0,2,0,0,1,0,1,0,0,0,0,0,0,0,0,0,0,0,0,0,0,0,0,0,0,0,0,0,0,0,0,0,0,0,0,0,0,0,0,0,0,0,0,0,0,0,0,0,0,0,0,0,0,0,0,0,0,0,0,1,1,0,0,0,1,1,1,1,1,1,1,103,100,103,100,0,0,0,0,-1,1,0,1,0,0,0,0,0,0,0,0,0,0,0,0,0,0,0,0,0,0,0,0,0,0,0,0,0,0,0,0,0,0,0,0,0,0,0,0,-1,46800,100,0,0,0,0,0,0,0,0,0,0,0,0,0,0,0,0,0,0,0,0,0,0,0,0,0,0,0,0,0,0,0,0,0,0,0,0,0,0,0,0,0,0,0,0,0,0,0,0,0,0,0,0,0,0,0,0,0,0,0,0,0,0,0,0,0,0,0,0,0,0,0,0,0,0,0,0,0,0,0,0,0,0,0,0,0,0,0,0,0,0,0,0,0,0,0,0,-1,0,432,4320,30101,1850,1600,1000,2,1,1,0,0,0,0,0,37100,1,75100500,0,-1,-1,-1,1,0,0,521,0,0,0,0,[0|0|0|0],20,13,0,[0|0|0|0|0|0|0|0|0|0|0|0|0|0|0|0|0|0|0|0|0|0|0|0|0|0|0|0|0|0|0|0|0|0|0|0],1,1,0,0,0,0,0,-1,0,0,0,-1,0,0,[0|0|0|0|0|0],9.7,14.5,10.8,0,0,0,0,0,0,0,0,0,0,0,0,0,0,0,0,0,0,0,0,521,0,0,0,0,0,0,0,0,0,1,0,0,0,0,0,0,0,0,0,0,0,0,0,0,0,0,0,94,[0|0],360,0,0,0,[0|0],0,0,0,0,[0|0|0],1,1,0,0,0,0.2,0.8,-1,81,122,95,[95|235|66|190|0|0|0|0|0|0|0|0|0|0|0|0]
51050000,CORE - 07-061 MIND ALPHA,0,0,0,[0|0|0],500000,951000,100700,100710,100720,162500,162500,162500,16510,-1,-1,-1,40,1,-0.33,51050000,51050000,51050000,51050000,51050000,51050000,51050000,51050000,51050000,51050000,51050000,-1,-1,-1,-1,-1,1,1,1,1,1,1,1,1,-1,6010,1094,1170,0,0,100,100,25,0,0,0,0,0,0,0,0,100,100,100,0,0,-1,-1,1,0,2,0,1,0,2,0,0,1,0,1,0,0,0,0,0,0,0,0,0,0,0,0,0,0,0,0,0,0,0,0,0,0,0,0,0,0,0,0,0,0,0,0,0,0,0,0,0,0,0,0,0,0,0,0,0,0,0,0,0,0,0,0,1,1,0,0,0,1,1,1,1,1,1,1,103,100,103,100,0,0,0,0,-1,1,0,1,0,0,0,0,0,0,0,0,0,0,0,0,0,0,0,0,0,0,0,0,0,0,0,0,0,0,0,0,0,0,0,0,0,0,0,0,-1,162500,100,0,0,0,0,0,0,0,0,0,0,0,0,0,0,0,0,0,0,0,0,0,0,0,0,0,0,0,0,0,0,0,0,0,0,0,0,0,0,0,0,0,0,0,0,0,0,0,0,0,0,0,0,0,0,0,0,0,0,0,0,0,0,0,0,0,0,0,0,0,0,0,0,0,0,0,0,0,0,0,0,0,0,0,0,0,0,0,0,0,0,0,0,0,0,0,0,-1,0,364,3520,30101,1850,1600,1000,2,1,1,0,0,0,0,0,60100,1,75100600,0,-1,-1,-1,1,0,0,455,0,0,0,0,[0|0|0|0],4,13,0,[0|0|0|0|0|0|0|0|0|0|0|0|0|0|0|0|0|0|0|0|0|0|0|0|0|0|0|0|0|0|0|0|0|0|0|0],1,1,0,0,0,0,0,-1,0,0,0,-1,0,0,[0|0|0|0|0|0],9,10.5,9.5,0,0,0,0,0,0,0,0,0,0,0,0,0,0,0,0,0,0,0,0,455,0,0,0,0,0,0,0,0,0,1,0,0,0,0,0,0,0,0,0,0,0,0,0,0,0,0,0,110,[0|0],360,0,0,0,[0|0],0,0,0,0,[0|0|0],1,1,0,0,0,0.1,0.35,-1,95,112,104,[235|252|187|190|0|0|0|0|0|0|0|0|0|0|0|0]
51050200,CORE - Crazy Core,0,0,0,[0|0|0],400200,951000,100700,100710,100720,162500,162500,162500,17900,-1,-1,-1,40,1,-0.33,51050200,51050200,51050200,51050200,51050200,51050200,51050200,51050200,51050200,51050200,51050200,-1,-1,-1,-1,-1,1,1,1,1,1,1,1,1,-1,1490,1094,1170,0,0,100,100,25,0,0,0,0,0,0,0,0,100,100,100,0,0,-1,-1,1,0,2,0,1,0,2,0,0,1,0,1,0,0,0,0,0,0,0,0,0,0,0,0,0,0,0,0,0,0,0,0,0,0,0,0,0,0,0,0,0,0,0,0,0,0,0,0,0,0,0,0,0,0,0,0,0,0,0,0,0,0,0,0,1,1,0,0,0,1,1,1,1,1,1,1,103,100,103,100,0,0,0,0,-1,1,0,1,0,0,0,0,0,0,0,0,0,0,0,0,0,0,0,0,0,0,0,0,0,0,0,0,0,0,0,0,0,0,0,0,0,0,0,0,-1,162500,100,0,0,0,0,0,0,0,0,0,0,0,0,0,0,0,0,0,0,0,0,0,0,0,0,0,0,0,0,0,0,0,0,0,0,0,0,0,0,0,0,0,0,0,0,0,0,0,0,0,0,0,0,0,0,0,0,0,0,0,0,0,0,0,0,0,0,0,0,0,0,0,0,0,0,0,0,0,0,0,0,0,0,0,0,0,0,0,0,0,0,0,0,0,0,0,0,-1,0,298,3795,30101,1850,1600,1000,2,1,1,0,0,600,0,0,60100,1,75100600,0,-1,-1,-1,1,0,0,433,0,0,0,0,[0|0|0|0],6,13,0,[0|0|0|0|0|0|0|0|0|0|0|0|0|0|0|0|0|0|0|0|0|0|0|0|0|0|0|0|0|0|0|0|0|0|0|0],1,1,0,0,0,10,0,-1,0,0,0,-1,0,0,[0|0|0|0|0|0],12,4.1,11,0,0,0,0,0,0,0,0,0,0,0,0,0,0,0,0,0,0,0,0,433,0,0,0,0,0,0,0,0,0,1,0,0,0,0,0,0,0,0,0,0,0,0,0,0,0,0,0,111,[0|0],360,0,0,0,[0|0],0,0,0,0,[0|0|0],1,1,0,0,0,0.1,0.35,-1,73,101,106,[0|0|0|0|0|0|0|0|0|0|0|0|0|0|0|0]
51050300,CORE - Boosters,0,0,0,[0|0|0],800000,951000,100700,100710,100720,162500,162500,162500,17880,-1,-1,-1,40,1,-0.33,51050200,51050200,51050200,51050200,51050200,51050200,51050200,51050200,51050200,51050200,51050200,-1,-1,-1,-1,-1,1,1,1,1,1,1,1,1,-1,6910,1094,1170,0,0,100,100,25,0,0,0,0,0,0,0,0,100,100,100,0,0,-1,-1,1,0,2,0,1,0,2,0,0,1,0,1,0,0,0,0,0,0,0,0,0,0,0,0,0,0,0,0,0,0,0,0,0,0,0,0,0,0,0,0,0,0,0,0,0,0,0,0,0,0,0,0,0,0,0,0,0,0,0,0,0,0,0,0,1,1,0,0,0,1,1,1,1,1,1,1,103,100,103,100,0,0,0,0,-1,1,0,1,0,0,0,0,0,0,0,0,0,0,0,0,0,0,0,0,0,0,0,0,0,0,0,0,0,0,0,0,0,0,0,0,0,0,0,0,-1,162500,100,0,0,0,0,0,0,0,0,0,0,0,0,0,0,0,0,0,0,0,0,0,0,0,0,0,0,0,0,0,0,0,0,0,0,0,0,0,0,0,0,0,0,0,0,0,0,0,0,0,0,0,0,0,0,0,0,0,0,0,0,0,0,0,0,0,0,0,0,0,0,0,0,0,0,0,0,0,0,0,0,0,0,0,0,0,0,0,0,0,0,0,0,0,0,0,0,-1,0,388,3210,30101,1850,1600,1000,2,1,1,0,0,0,0,0,37100,1,75100600,0,-1,-1,-1,1,0,0,360,0,0,0,0,[0|0|0|0],0,13,0,[0|0|0|0|0|0|0|0|0|0|0|0|0|0|0|0|0|0|0|0|0|0|0|0|0|0|0|0|0|0|0|0|0|0|0|0],1,1,0,0,0,0,0,-1,0,0,0,-1,0,0,[0|0|0|0|0|0],7,12,5,0,0,0,0,0,0,0,0,0,0,0,0,0,0,0,0,0,0,0,0,360,0,0,0,0,0,0,0,0,0,1,0,0,0,0,0,0,0,0,0,0,0,0,0,0,0,0,0,117,[0|0],360,0,0,0,[0|0],0,0,0,0,[0|0|0],1,1,0,0,0,0.1,0.35,-1,130,104,108,[0|0|0|0|0|0|0|0|0|0|0|0|0|0|0|0]
51050400,CORE - Nightmare,0,0,0,[0|0|0],400922,951000,100700,100710,100720,162500,162500,162500,18220,-1,-1,-1,40,1,-0.33,51050200,51050200,51050200,51050200,51050200,51050200,51050200,51050200,51050200,51050200,51050200,-1,-1,-1,-1,-1,1,1,1,1,1,1,1,1,-1,1034,1094,1170,0,0,100,100,25,0,0,0,0,0,0,0,0,100,100,100,0,0,-1,-1,1,0,2,0,1,0,2,0,0,1,0,1,0,0,0,0,0,0,0,0,0,0,0,0,0,0,0,0,0,0,0,0,0,0,0,0,0,0,0,0,0,0,0,0,0,0,0,0,0,0,0,0,0,0,0,0,0,0,0,0,0,0,0,0,1,1,0,0,0,1,1,1,1,1,1,1,105,105,105,105,0,0,0,0,-1,1,0,1,0,0,0,0,0,0,0,0,0,0,0,0,0,0,0,0,0,0,0,0,0,0,0,0,0,0,0,0,0,0,0,0,0,0,0,0,-1,162500,100,0,0,0,0,0,0,0,0,0,0,0,0,0,0,0,0,0,0,0,0,0,0,0,0,0,0,0,0,0,0,0,0,0,0,0,0,0,0,0,0,0,0,0,0,0,0,0,0,0,0,0,0,0,0,0,0,0,0,0,0,0,0,0,0,0,0,0,0,0,0,0,0,0,0,0,0,0,0,0,0,0,0,0,0,0,0,0,0,0,0,0,0,0,0,0,0,-1,0,410,4000,30101,1850,1600,1000,2,1,1,0,0,200,0,0,60100,1,75100600,0,-1,-1,-1,1,0,0,411,0,0,0,0,[0|0|0|0],1,13,0,[0|0|0|0|0|0|0|0|0|0|0|0|0|0|0|0|0|0|0|0|0|0|0|0|0|0|0|0|0|0|0|0|0|0|0|0],1,1,0,0,0,0,0,-1,0,0,0,-1,0,0,[0|0|0|0|0|0],7.3,9.5,5.1,8,0,0,0,0,0,0,0,0,0,0,0,0,0,0,0,0,0,0,0,411,0,0,0,0,0,0,0,0,0,1,0,0,0,0,0,0,0,0,0,0,0,0,0,0,0,0,0,92,[0|0],360,0,0,0,[0|0],0,0,0,0,[0|0|0],1,1,0,0,0,0.1,0.35,-1,93,86,127,[0|0|0|0|0|0|0|0|0|0|0|0|0|0|0|0]
51020300,CORE - SERENITY,0,0,0,[0|0|0],400921,951000,100700,100710,100720,162500,162500,162500,18340,-1,-1,-1,40,1,-0.33,51050200,51050200,51050200,51050200,51050200,51050200,51050200,51050200,51050200,51050200,51050200,-1,-1,-1,-1,-1,1,1,1,1,1,1,1,1,-1,8069,1094,1170,0,0,100,100,25,0,0,0,0,0,0,0,0,100,100,100,0,0,-1,-1,1,0,2,0,1,0,2,0,0,1,0,1,0,0,0,0,0,0,0,0,0,0,0,0,0,0,0,0,0,0,0,0,0,0,0,0,0,0,0,0,0,0,0,0,0,0,0,0,0,0,0,0,0,0,0,0,0,0,0,0,0,0,0,0,1,1,0,0,0,1,1,1,1,1,1,1,103,100,103,100,0,0,0,0,-1,1,0,1,0,0,0,0,0,0,0,0,0,0,0,0,0,0,0,0,0,0,0,0,0,0,0,0,0,0,0,0,0,0,0,0,0,0,0,0,-1,162500,100,0,0,0,0,0,0,0,0,0,0,0,0,0,0,0,0,0,0,0,0,0,0,0,0,0,0,0,0,0,0,0,0,0,0,0,0,0,0,0,0,0,0,0,0,0,0,0,0,0,0,0,0,0,0,0,0,0,0,0,0,0,0,0,0,0,0,0,0,0,0,0,0,0,0,0,0,0,0,0,0,0,0,0,0,0,0,0,0,0,0,0,0,0,0,0,0,-1,0,297,3980,30101,1850,1600,1000,2,1,1,0,0,0,0,0,60100,1,75100600,0,-1,-1,-1,1,0,0,600,0,0,0,0,[0|0|0|0],1,13,0,[0|0|0|0|0|0|0|0|0|0|0|0|0|0|0|0|0|0|0|0|0|0|0|0|0|0|0|0|0|0|0|0|0|0|0|0],1,1,0,0,0,0,0,-1,0,0,0,-1,0,0,[0|0|0|0|0|0],11.89,8.3,10.7,0,0,0,0,0,0,0,0,0,0,0,0,0,0,0,0,0,0,0,0,600,0,0,0,0,0,0,0,0,0,1,0,0,0,0,0,0,0,0,0,0,0,0,0,0,0,0,0,90,[0|0],360,0,0,0,[0|0],0,0,0,0,[0|0|0],1,1,0,0,0,0.1,0.35,-1,111,111,88,[0|0|0|0|0|0|0|0|0|0|0|0|0|0|0|0]
51050800,CORE - NIGHTMARE FIXED,0,0,0,[0|0|0],400922,951000,100700,100710,100720,162500,162500,162500,17520,-1,-1,-1,40,1,-0.33,51050200,51050200,51050200,51050200,51050200,51050200,51050200,51050200,51050200,51050200,51050200,-1,-1,-1,-1,-1,1,1,1,1,1,1,1,1,-1,1035,1094,1170,0,0,100,100,25,0,0,0,0,0,0,0,0,100,100,100,0,0,-1,-1,1,0,2,0,1,0,2,0,0,1,0,1,0,0,0,0,0,0,0,0,0,0,0,0,0,0,0,0,0,0,0,0,0,0,0,0,0,0,0,0,0,0,0,0,0,0,0,0,0,0,0,0,0,0,0,0,0,0,0,0,0,0,0,0,1,1,0,0,0,1,1,1,1,1,1,1,103,100,103,100,0,0,0,0,-1,1,0,1,0,0,0,0,0,0,0,0,0,0,0,0,0,0,0,0,0,0,0,0,0,0,0,0,0,0,0,0,0,0,0,0,0,0,0,0,-1,162500,100,0,0,0,0,0,0,0,0,0,0,0,0,0,0,0,0,0,0,0,0,0,0,0,0,0,0,0,0,0,0,0,0,0,0,0,0,0,0,0,0,0,0,0,0,0,0,0,0,0,0,0,0,0,0,0,0,0,0,0,0,0,0,0,0,0,0,0,0,0,0,0,0,0,0,0,0,0,0,0,0,0,0,0,0,0,0,0,0,0,0,0,0,0,0,0,0,-1,0,340,3830,30101,1850,1600,1000,2,1,1,0,0,100,0,0,60100,1,75100600,0,-1,-1,-1,1,0,0,428,0,0,0,0,[0|0|0|0],1,13,0,[0|0|0|0|0|0|0|0|0|0|0|0|0|0|0|0|0|0|0|0|0|0|0|0|0|0|0|0|0|0|0|0|0|0|0|0],1,1,0,0,0,0,0,-1,0,0,0,-1,0,0,[0|0|0|0|0|0],7.5,9.8,6,0,0,0,0,0,0,0,0,0,0,0,0,0,0,0,0,0,0,0,0,428,0,0,0,0,0,0,0,0,0,1,0,0,0,0,0,0,0,0,0,0,0,0,0,0,0,0,0,89,[0|0],360,0,0,0,[0|0],0,0,0,0,[0|0|0],1,1,0,0,0,0.1,0.35,-1,99,90,115,[0|0|0|0|0|0|0|0|0|0|0|0|0|0|0|0]
51050900,CORE - HOMESTEAD,0,0,0,[0|0|0],400922,951000,100700,100710,100720,162500,162500,162500,21510,-1,-1,-1,40,1,-0.33,51050200,51050200,51050200,51050200,51050200,51050200,51050200,51050200,51050200,51050200,51050200,-1,-1,-1,-1,-1,1,1,1,1,1,1,1,1,-1,5709,1094,1170,0,0,100,100,25,0,0,0,0,0,0,0,0,100,100,100,0,0,-1,-1,1,0,2,0,1,0,2,0,0,1,0,1,0,0,0,0,0,0,0,0,0,0,0,0,0,0,0,0,0,0,0,0,0,0,0,0,0,0,0,0,0,0,0,0,0,0,0,0,0,0,0,0,0,0,0,0,0,0,0,0,0,0,0,0,1,1,0,0,0,1,1,1,1,1,1,1,103,100,103,100,0,0,0,0,-1,1,0,1,0,0,0,0,0,0,0,0,0,0,0,0,0,0,0,0,0,0,0,0,0,0,0,0,0,0,0,0,0,0,0,0,0,0,0,0,-1,162500,100,0,0,0,0,0,0,0,0,0,0,0,0,0,0,0,0,0,0,0,0,0,0,0,0,0,0,0,0,0,0,0,0,0,0,0,0,0,0,0,0,0,0,0,0,0,0,0,0,0,0,0,0,0,0,0,0,0,0,0,0,0,0,0,0,0,0,0,0,0,0,0,0,0,0,0,0,0,0,0,0,0,0,0,0,0,0,0,0,0,0,0,0,0,0,0,0,-1,0,340,4250,30101,1850,1600,1000,2,1,1,0,0,350,0,0,60100,1,75100600,0,-1,-1,-1,1,0,0,504,0,0,0,0,[0|0|0|0],1,13,0,[0|0|0|0|0|0|0|0|0|0|0|0|0|0|0|0|0|0|0|0|0|0|0|0|0|0|0|0|0|0|0|0|0|0|0|0],1,1,0,0,0,0,0,-1,0,0,0,-1,0,0,[0|0|0|0|0|0],1.1,0.85,7.1,0,0,0,0,0,0,0,0,0,0,0,0,0,0,0,0,0,0,0,0,504,0,0,0,0,0,0,0,0,0,1,0,0,0,0,0,0,0,0,0,0,0,0,0,0,0,0,0,85,[0|0],360,0,0,0,[0|0],0,0,0,0,[0|0|0],1,1,0,0,0,0.1,0.35,-1,77,121,110,[0|0|0|0|0|0|0|0|0|0|0|0|0|0|0|0]
51051400,CORE - DRAGON,0,0,0,[0|0|0],510000,951000,100700,100710,100720,162500,162500,162500,9920,-1,-1,-1,40,1,-0.33,51051400,51051400,51051400,51051400,51051400,51051400,51051400,51051400,51051400,51051400,51051400,-1,-1,-1,-1,-1,1,1,1,1,1,1,1,1,-1,8152,1094,1170,0,0,100,100,25,0,0,0,0,0,0,0,0,100,100,100,0,0,-1,-1,1,0,2,0,1,0,2,0,0,1,0,1,0,0,0,0,0,0,0,0,0,0,0,0,0,0,0,0,0,0,0,0,0,0,0,0,0,0,0,0,0,0,0,0,0,0,0,0,0,0,0,0,0,0,0,0,0,0,0,0,0,0,0,0,1,1,0,0,0,1,1,1,1,1,1,1,103,100,103,100,0,0,0,0,-1,1,0,1,0,0,0,0,0,0,0,0,0,0,0,0,0,0,0,0,0,0,0,0,0,0,0,0,0,0,0,0,0,0,0,0,0,0,0,0,-1,162500,100,0,0,0,0,0,0,0,0,0,0,0,0,0,0,0,0,0,0,0,0,0,0,0,0,0,0,0,0,0,0,0,0,0,0,0,0,0,0,0,0,0,0,0,0,0,0,0,0,0,0,0,0,0,0,0,0,0,0,0,0,0,0,0,0,0,0,0,0,0,0,0,0,0,0,0,0,0,0,0,0,0,0,0,0,0,0,0,0,0,0,0,0,0,0,0,0,-1,0,298,2690,30101,1850,1600,1000,2,1,1,0,0,450,0,0,60100,1,75100600,0,-1,-1,-1,1,0,0,420,0,0,0,0,[0|0|0|0],13,13,0,[0|0|0|0|0|0|0|0|0|0|0|0|0|0|0|0|0|0|0|0|0|0|0|0|0|0|0|0|0|0|0|0|0|0|0|0],1,1,0,0,0,0,0,-1,0,0,0,-1,0,0,[0|0|0|0|0|0],2,8,6.5,0,0,0,0,0,0,0,0,0,0,0,0,0,0,0,0,0,0,0,0,420,0,0,0,0,0,0,0,0,0,1,0,0,0,0,0,0,0,0,0,0,0,0,0,0,0,0,0,125,[0|0],360,0,0,0,[0|0],0,0,0,0,[0|0|0],1,1,0,0,0,0.1,0.35,-1,113,106,79,[0|0|0|0|0|0|0|0|0|0|0|0|0|0|0|0]
51052400,CORE - BACKPACK,0,0,0,[0|0|0],400923,951000,100700,100710,100720,162500,162500,162500,15960,-1,-1,-1,40,1,-0.33,51052400,51052400,51052400,51052400,51052400,51052400,51052400,51052400,51052400,51052400,51052400,-1,-1,-1,-1,-1,1,1,1,1,1,1,1,1,-1,4444,1094,1170,0,0,100,100,25,0,0,0,0,0,0,0,0,100,100,100,0,0,-1,-1,1,0,2,0,1,0,2,0,0,1,0,1,0,0,0,0,0,0,0,0,0,0,0,0,0,0,0,0,0,0,0,0,0,0,0,0,0,0,0,0,0,0,0,0,0,0,0,0,0,0,0,0,0,0,0,0,0,0,0,0,0,0,0,0,1,1,0,0,0,1,1,1,1,1,1,1,103,100,103,100,0,0,0,0,-1,1,0,1,0,0,0,0,0,0,0,0,0,0,0,0,0,0,0,0,0,0,0,0,0,0,0,0,0,0,0,0,0,0,0,0,0,0,0,0,-1,162500,100,0,0,0,0,0,0,0,0,0,0,0,0,0,0,0,0,0,0,0,0,0,0,0,0,0,0,0,0,0,0,0,0,0,0,0,0,0,0,0,0,0,0,0,0,0,0,0,0,0,0,0,0,0,0,0,0,0,0,0,0,0,0,0,0,0,0,0,0,0,0,0,0,0,0,0,0,0,0,0,0,0,0,0,0,0,0,0,0,0,0,0,0,0,0,0,0,-1,0,385,3550,30101,1850,1600,1000,2,1,1,0,0,150,0,0,60100,1,75100600,0,-1,-1,-1,1,0,0,521,0,0,0,0,[0|0|0|0],1,13,0,[0|0|0|0|0|0|0|0|0|0|0|0|0|0|0|0|0|0|0|0|0|0|0|0|0|0|0|0|0|0|0|0|0|0|0|0],1,1,0,0,0,0,0,-1,0,0,0,-1,0,0,[0|0|0|0|0|0],8.5,7,7.6,0,0,0,0,0,0,0,0,0,0,0,0,0,0,0,0,0,0,0,0,521,0,0,0,0,0,0,0,0,0,1,0,0,0,0,0,0,0,0,0,0,0,0,0,0,0,0,0,96,[0|0],360,0,0,0,[0|0],0,0,0,0,[0|0|0],1,1,0,0,0,0.1,0.35,-1,68,118,104,[0|0|0|0|0|0|0|0|0|0|0|0|0|0|0|0]
51052500,CORE - LANISTA,0,0,0,[0|0|0],320000,951000,100700,100710,100720,162500,162500,162500,19550,-1,-1,-1,40,1,-0.33,51052500,51052500,51052500,51052500,51052500,51052500,51052500,51052500,51052500,51052500,51052500,-1,-1,-1,-1,-1,1,1,1,1,1,1,1,1,-1,4848,1094,1170,0,0,100,100,25,0,0,0,0,0,0,0,0,100,100,100,0,0,-1,-1,1,0,2,0,1,0,2,0,0,1,0,1,0,0,0,0,0,0,0,0,0,0,0,0,0,0,0,0,0,0,0,0,0,0,0,0,0,0,0,0,0,0,0,0,0,0,0,0,0,0,0,0,0,0,0,0,0,0,0,0,0,0,0,0,1,1,0,0,0,1,1,1,1,1,1,1,103,100,103,100,0,0,0,0,-1,1,0,1,0,0,0,0,0,0,0,0,0,0,0,0,0,0,0,0,0,0,0,0,0,0,0,0,0,0,0,0,0,0,0,0,0,0,0,0,-1,162500,100,0,0,0,0,0,0,0,0,0,0,0,0,0,0,0,0,0,0,0,0,0,0,0,0,0,0,0,0,0,0,0,0,0,0,0,0,0,0,0,0,0,0,0,0,0,0,0,0,0,0,0,0,0,0,0,0,0,0,0,0,0,0,0,0,0,0,0,0,0,0,0,0,0,0,0,0,0,0,0,0,0,0,0,0,0,0,0,0,0,0,0,0,0,0,0,0,-1,0,400,3900,30101,1850,1600,1000,2,1,1,0,0,200,0,0,60100,1,75100600,0,-1,-1,-1,1,0,0,603,0,0,0,0,[0|0|0|0],5,13,0,[0|0|0|0|0|0|0|0|0|0|0|0|0|0|0|0|0|0|0|0|0|0|0|0|0|0|0|0|0|0|0|0|0|0|0|0],1,1,0,0,0,0,0,-1,0,0,0,-1,0,0,[0|0|0|0|0|0],11.8,12.1,9.9,0,0,0,0,0,0,0,0,0,0,0,0,0,0,0,0,0,0,0,0,455,0,0,0,0,0,0,0,0,0,1,0,0,0,0,0,0,0,0,0,0,0,0,0,0,0,0,0,94,[0|0],360,0,0,0,[0|0],0,0,0,0,[0|0|0],1,1,0,0,0,0.1,0.35,-1,115,90,111,[0|0|0|0|0|0|0|0|0|0|0|0|0|0|0|0]
51052900,CORE - DOMINUS,0,0,0,[0|0|0],320000,951000,100700,100710,100720,162500,162500,162500,16080,-1,-1,-1,40,1,-0.33,51052500,51052500,51052500,51052500,51052500,51052500,51052500,51052500,51052500,51052500,51052500,-1,-1,-1,-1,-1,1,1,1,1,1,1,1,1,-1,2244,1094,1170,0,0,100,100,25,0,0,0,0,0,0,0,0,100,100,100,0,0,-1,-1,1,0,2,0,1,0,2,0,0,1,0,1,0,0,0,0,0,0,0,0,0,0,0,0,0,0,0,0,0,0,0,0,0,0,0,0,0,0,0,0,0,0,0,0,0,0,0,0,0,0,0,0,0,0,0,0,0,0,0,0,0,0,0,0,1,1,0,0,0,1,1,1,1,1,1,1,103,100,103,100,0,0,0,0,-1,1,0,1,0,0,0,0,0,0,0,0,0,0,0,0,0,0,0,0,0,0,0,0,0,0,0,0,0,0,0,0,0,0,0,0,0,0,0,0,-1,162500,100,0,0,0,0,0,0,0,0,0,0,0,0,0,0,0,0,0,0,0,0,0,0,0,0,0,0,0,0,0,0,0,0,0,0,0,0,0,0,0,0,0,0,0,0,0,0,0,0,0,0,0,0,0,0,0,0,0,0,0,0,0,0,0,0,0,0,0,0,0,0,0,0,0,0,0,0,0,0,0,0,0,0,0,0,0,0,0,0,0,0,0,0,0,0,0,0,-1,0,333,4130,30101,1850,1600,1000,2,1,1,0,0,0,0,0,60100,1,75100600,0,-1,-1,-1,1,0,0,356,0,0,0,0,[0|0|0|0],5,13,0,[0|0|0|0|0|0|0|0|0|0|0|0|0|0|0|0|0|0|0|0|0|0|0|0|0|0|0|0|0|0|0|0|0|0|0|0],1,1,0,0,0,0,0,-1,0,0,0,-1,0,0,[0|0|0|0|0|0],3,7.1,6.9,0,0,0,0,0,0,0,0,0,0,0,0,0,0,0,0,0,0,0,0,356,0,0,0,0,0,0,0,0,0,1,0,0,0,0,0,0,0,0,0,0,0,0,0,0,0,0,0,95,[0|0],360,0,0,0,[0|0],0,0,0,0,[0|0|0],1,1,0,0,0,0.1,0.35,-1,114,119,92,[0|0|0|0|0|0|0|0|0|0|0|0|0|0|0|0]
51052600,CORE - IANITOR,0,0,0,[0|0|0],321000,951000,100700,100710,100720,162500,162500,162500,13100,-1,-1,-1,40,1,-0.33,51052600,51052600,51052600,51052600,51052600,51052600,51052600,51052600,51052600,51052600,51052600,-1,-1,-1,-1,-1,1,1,1,1,1,1,1,1,-1,5005,1094,1170,0,0,100,100,25,0,0,0,0,0,0,0,0,100,100,100,0,0,-1,-1,1,0,2,0,1,0,2,0,0,1,0,1,0,0,0,0,0,0,0,0,0,0,0,0,0,0,0,0,0,0,0,0,0,0,0,0,0,0,0,0,0,0,0,0,0,0,0,0,0,0,0,0,0,0,0,0,0,0,0,0,0,0,0,0,1,1,0,0,0,1,1,1,1,1,1,1,103,100,103,100,0,0,0,0,-1,1,0,1,0,0,0,0,0,0,0,0,0,0,0,0,0,0,0,0,0,0,0,0,0,0,0,0,0,0,0,0,0,0,0,0,0,0,0,0,-1,162500,100,0,0,0,0,0,0,0,0,0,0,0,0,0,0,0,0,0,0,0,0,0,0,0,0,0,0,0,0,0,0,0,0,0,0,0,0,0,0,0,0,0,0,0,0,0,0,0,0,0,0,0,0,0,0,0,0,0,0,0,0,0,0,0,0,0,0,0,0,0,0,0,0,0,0,0,0,0,0,0,0,0,0,0,0,0,0,0,0,0,0,0,0,0,0,0,0,-1,0,320,2910,30101,1850,1600,1000,2,1,1,0,0,150,0,0,60100,1,75100600,0,-1,-1,-1,1,0,0,392,0,0,0,0,[0|0|0|0],14,13,0,[0|0|0|0|0|0|0|0|0|0|0|0|0|0|0|0|0|0|0|0|0|0|0|0|0|0|0|0|0|0|0|0|0|0|0|0],1,1,0,0,0,0,0,-1,0,0,0,-1,0,0,[0|0|0|0|0|0],4.6,6,4,0,0,0,0,0,0,0,0,0,0,0,0,0,0,0,0,0,0,0,0,392,0,0,0,0,0,0,0,0,0,1,0,0,0,0,0,0,0,0,0,0,0,0,0,0,0,0,0,97,[0|0],360,0,0,0,[0|0],0,0,0,0,[0|0|0],1,1,0,0,0,0.1,0.35,-1,117,105,95,[0|0|0|0|0|0|0|0|0|0|0|0|0|0|0|0]
51052700,CORE - Takigawa,0,0,0,[0|0|0],500400,951000,100700,100710,100720,162500,162500,162500,14600,999527110,-1,-1,40,1,-0.33,51052700,51052700,51052700,51052700,51052700,51052700,51052700,51052700,51052700,51052700,51052700,-1,-1,-1,-1,-1,1,1,1,1,1,1,1,1,-1,4041,1094,1170,0,0,100,100,25,0,0,0,0,0,0,0,0,100,100,100,0,0,-1,-1,1,0,2,0,1,0,2,0,0,1,0,1,0,0,0,0,0,0,0,0,0,0,0,0,0,0,0,0,0,0,0,0,0,0,0,0,0,0,0,0,0,0,0,0,0,0,0,0,0,0,0,0,0,0,0,0,0,0,0,0,0,0,0,0,1,1,0,0,0,1,1,1,1,1,1,1,103,100,103,100,0,0,0,0,-1,1,0,1,0,0,0,0,0,0,0,0,0,0,0,0,0,0,0,0,0,0,0,0,0,0,0,0,0,0,0,0,0,0,0,0,0,0,0,0,-1,162500,100,0,0,0,0,0,0,0,0,0,0,0,0,0,0,0,0,0,0,0,0,0,0,0,0,0,0,0,0,0,0,0,0,0,0,0,0,0,0,0,0,0,0,0,0,0,0,0,0,0,0,0,0,0,0,0,0,0,0,0,0,0,0,0,0,0,0,0,0,0,0,0,0,0,0,0,0,0,0,0,0,0,0,0,0,0,0,0,0,0,0,0,0,0,0,0,0,-1,0,377,2680,30101,1850,1600,1000,2,1,1,0,0,0,0,0,60100,1,75100600,0,-1,-1,-1,1,0,0,398,0,0,0,0,[0|0|0|0],17,13,0,[0|0|0|0|0|0|0|0|0|0|0|0|0|0|0|0|0|0|0|0|0|0|0|0|0|0|0|0|0|0|0|0|0|0|0|0],1,1,0,0,0,0,0,-1,0,0,0,-1,0,0,[0|0|0|0|0|0],1,8,1.7,0,0,0,0,0,0,0,0,0,0,0,0,0,0,0,0,0,0,0,0,398,0,0,0,0,0,0,0,0,0,1,0,0,0,0,0,0,0,0,0,0,0,0,0,0,0,0,0,103,[0|0],360,0,0,0,[0|0],0,0,0,0,[0|0|0],1,1,0,0,0,0.1,0.35,-1,99,101,104,[0|0|0|0|0|0|0|0|0|0|0|0|0|0|0|0]
51052800,CORE - Avispa,0,0,0,[0|0|0],410010,951000,100700,100710,100720,162500,162500,162500,9980,-1,-1,-1,40,1,-0.33,51052800,51052800,51052800,51052800,51052800,51052800,51052800,51052800,51052800,51052800,51052800,-1,-1,-1,-1,-1,1,1,1,1,1,1,1,1,-1,7130,1094,1170,0,0,100,100,25,0,0,0,0,0,0,0,0,100,100,100,0,0,-1,-1,1,0,2,0,1,0,2,0,0,1,0,1,0,0,0,0,0,0,0,0,0,0,0,0,0,0,0,0,0,0,0,0,0,0,0,0,0,0,0,0,0,0,0,0,0,0,0,0,0,0,0,0,0,0,0,0,0,0,0,0,0,0,0,0,1,1,0,0,0,1,1,1,1,1,1,1,103,100,103,100,0,0,0,0,-1,1,0,1,0,0,0,0,0,0,0,0,0,0,0,0,0,0,0,0,0,0,0,0,0,0,0,0,0,0,0,0,0,0,0,0,0,0,0,0,-1,162500,100,0,0,0,0,0,0,0,0,0,0,0,0,0,0,0,0,0,0,0,0,0,0,0,0,0,0,0,0,0,0,0,0,0,0,0,0,0,0,0,0,0,0,0,0,0,0,0,0,0,0,0,0,0,0,0,0,0,0,0,0,0,0,0,0,0,0,0,0,0,0,0,0,0,0,0,0,0,0,0,0,0,0,0,0,0,0,0,0,0,0,0,0,0,0,0,0,-1,0,327,2480,30101,1850,1600,1000,2,1,1,0,0,0,0,0,60100,1,75100600,0,-1,-1,-1,1,0,0,478,0,0,0,0,[0|0|0|0],19,13,0,[0|0|0|0|0|0|0|0|0|0|0|0|0|0|0|0|0|0|0|0|0|0|0|0|0|0|0|0|0|0|0|0|0|0|0|0],1,1,0,0,0,0,0,-1,0,0,0,-1,0,0,[0|0|0|0|0|0],0.1,-0.3,-1.7,0,0,0,0,0,0,0,0,0,0,0,0,0,0,0,0,0,0,0,0,478,0,0,0,0,0,0,0,0,0,1,0,0,0,0,0,0,0,0,0,0,0,0,0,0,0,0,0,107,[0|0],360,0,0,0,[0|0],0,0,0,0,[0|0|0],1,1,0,0,0,0.1,0.35,-1,120,105,98,[0|0|0|0|0|0|0|0|0|0|0|0|0|0|0|0]
51053300,CORE - ISAIAH,0,0,0,[0|0|0],310010,951000,100700,100710,100720,162500,162500,162500,16280,-1,-1,-1,40,1,-0.33,51053300,51053300,51053300,51053300,51053300,51053300,51053300,51053300,51053300,51053300,51053300,-1,-1,-1,-1,-1,1,1,1,1,1,1,1,1,-1,4737,1094,1170,0,0,100,100,25,0,0,0,0,0,0,0,0,100,100,100,0,0,-1,-1,1,0,2,0,1,0,2,0,0,1,0,1,0,0,0,0,0,0,0,0,0,0,0,0,0,0,0,0,0,0,0,0,0,0,0,0,0,0,0,0,0,0,0,0,0,0,0,0,0,0,0,0,0,0,0,0,0,0,0,0,0,0,0,0,1,1,0,0,0,1,1,1,1,1,1,1,103,100,103,100,0,0,0,0,-1,1,0,1,0,0,0,0,0,0,0,0,0,0,0,0,0,0,0,0,0,0,0,0,0,0,0,0,0,0,0,0,0,0,0,0,0,0,0,0,-1,162500,100,0,0,0,0,0,0,0,0,0,0,0,0,0,0,0,0,0,0,0,0,0,0,0,0,0,0,0,0,0,0,0,0,0,0,0,0,0,0,0,0,0,0,0,0,0,0,0,0,0,0,0,0,0,0,0,0,0,0,0,0,0,0,0,0,0,0,0,0,0,0,0,0,0,0,0,0,0,0,0,0,0,0,0,0,0,0,0,0,0,0,0,0,0,0,0,0,-1,0,211,3580,30101,1850,1600,1000,2,1,1,0,0,0,0,0,60100,1,75100600,0,-1,-1,-1,1,0,0,480,0,0,0,0,[0|0|0|0],10,13,0,[0|0|0|0|0|0|0|0|0|0|0|0|0|0|0|0|0|0|0|0|0|0|0|0|0|0|0|0|0|0|0|0|0|0|0|0],1,1,0,0,0,0,0,-1,0,0,0,-1,0,0,[0|0|0|0|0|0],10.05,5.9,4,0,0,0,0,0,0,0,0,0,0,0,0,0,0,0,0,0,0,0,0,480,0,0,0,0,0,0,0,0,0,1,0,0,0,0,0,0,0,0,0,0,0,0,0,0,0,0,0,101,[0|0],360,0,0,0,[0|0],0,0,0,0,[0|0|0],1,1,0,0,0,0.1,0.35,-1,84,100,106,[0|0|0|0|0|0|0|0|0|0|0|0|0|0|0|0]
51053400,CORE - BARNABAS,0,0,0,[0|0|0],310000,951000,100700,100710,100720,162500,162500,162500,10620,-1,-1,-1,40,1,-0.33,51053400,51053400,51053400,51053400,51053400,51053400,51053400,51053400,51053400,51053400,51053400,-1,-1,-1,-1,-1,1,1,1,1,1,1,1,1,-1,7770,1094,1170,0,0,100,100,25,0,0,0,0,0,0,0,0,100,100,100,0,0,-1,-1,1,0,2,0,1,0,2,0,0,1,0,1,0,0,0,0,0,0,0,0,0,0,0,0,0,0,0,0,0,0,0,0,0,0,0,0,0,0,0,0,0,0,0,0,0,0,0,0,0,0,0,0,0,0,0,0,0,0,0,0,0,0,0,0,1,1,0,0,0,1,1,1,1,1,1,1,103,100,103,100,0,0,0,0,-1,1,0,1,0,0,0,0,0,0,0,0,0,0,0,0,0,0,0,0,0,0,0,0,0,0,0,0,0,0,0,0,0,0,0,0,0,0,0,0,-1,162500,100,0,0,0,0,0,0,0,0,0,0,0,0,0,0,0,0,0,0,0,0,0,0,0,0,0,0,0,0,0,0,0,0,0,0,0,0,0,0,0,0,0,0,0,0,0,0,0,0,0,0,0,0,0,0,0,0,0,0,0,0,0,0,0,0,0,0,0,0,0,0,0,0,0,0,0,0,0,0,0,0,0,0,0,0,0,0,0,0,0,0,0,0,0,0,0,0,-1,0,277,2800,30101,1850,1600,1000,2,1,1,0,0,0,0,0,60100,1,75100600,0,-1,-1,-1,1,0,0,365,0,0,0,0,[0|0|0|0],10,13,0,[0|0|0|0|0|0|0|0|0|0|0|0|0|0|0|0|0|0|0|0|0|0|0|0|0|0|0|0|0|0|0|0|0|0|0|0],1,1,0,0,0,0,0,-1,0,0,0,-1,0,0,[0|0|0|0|0|0],12,0.2,-1,0,0,0,0,0,0,0,0,0,0,0,0,0,0,0,0,0,0,0,0,365,0,0,0,0,0,0,0,0,0,1,0,0,0,0,0,0,0,0,0,0,0,0,0,0,0,0,0,109,[0|0],360,0,0,0,[0|0],0,0,0,0,[0|0|0],1,1,0,0,0,0.1,0.35,-1,91,112,105,[0|0|0|0|0|0|0|0|0|0|0|0|0|0|0|0]
51053500,CORE - Imperator,0,0,0,[0|0|0],320010,951000,100700,100710,100720,162500,162500,162500,20100,-1,-1,-1,40,1,-0.33,51053500,51053500,51053500,51053500,51053500,51053500,51053500,51053500,51053500,51053500,51053500,-1,-1,-1,-1,-1,1,1,1,1,1,1,1,1,-1,4477,1094,1170,0,0,100,100,25,0,0,0,0,0,0,0,0,100,100,100,0,0,-1,-1,1,0,2,0,1,0,2,0,0,1,0,1,0,0,0,0,0,0,0,0,0,0,0,0,0,0,0,0,0,0,0,0,0,0,0,0,0,0,0,0,0,0,0,0,0,0,0,0,0,0,0,0,0,0,0,0,0,0,0,0,0,0,0,0,1,1,0,0,0,1,1,1,1,1,1,1,103,100,103,100,0,0,0,0,-1,1,0,1,0,0,0,0,0,0,0,0,0,0,0,0,0,0,0,0,0,0,0,0,0,0,0,0,0,0,0,0,0,0,0,0,0,0,0,0,-1,162500,100,0,0,0,0,0,0,0,0,0,0,0,0,0,0,0,0,0,0,0,0,0,0,0,0,0,0,0,0,0,0,0,0,0,0,0,0,0,0,0,0,0,0,0,0,0,0,0,0,0,0,0,0,0,0,0,0,0,0,0,0,0,0,0,0,0,0,0,0,0,0,0,0,0,0,0,0,0,0,0,0,0,0,0,0,0,0,0,0,0,0,0,0,0,0,0,0,-1,0,354,4050,30101,1850,1600,1000,2,1,1,0,0,0,0,0,37100,1,75100600,0,-1,-1,-1,1,0,0,615,0,0,0,0,[0|0|0|0],5,13,0,[0|0|0|0|0|0|0|0|0|0|0|0|0|0|0|0|0|0|0|0|0|0|0|0|0|0|0|0|0|0|0|0|0|0|0|0],1,1,0,0,0,0,0,-1,0,0,0,-1,0,0,[0|0|0|0|0|0],12.25,12.3,11,0,0,0,0,0,0,0,0,0,0,0,0,0,0,0,0,0,0,0,0,615,0,0,0,0,0,0,0,0,0,1,0,0,0,0,0,0,0,0,0,0,0,0,0,0,0,0,0,100,[0|0],360,0,0,0,[0|0],0,0,0,0,[0|0|0],1,1,0,0,0,0.1,0.35,-1,69,118,115,[0|0|0|0|0|0|0|0|0|0|0|0|0|0|0|0]
51053600,CORE - ENFORCER,0,0,0,[0|0|0],710010,951000,100700,100710,100720,162500,162500,162500,17270,-1,-1,-1,40,1,-0.33,51053500,51053500,51053500,51053500,51053500,51053500,51053500,51053500,51053500,51053500,51053500,-1,-1,-1,-1,-1,1,1,1,1,1,1,1,1,-1,3311,1094,1170,0,0,100,100,25,0,0,0,0,0,0,0,0,100,100,100,0,0,-1,-1,1,0,2,0,1,0,2,0,0,1,0,1,0,0,0,0,0,0,0,0,0,0,0,0,0,0,0,0,0,0,0,0,0,0,0,0,0,0,0,0,0,0,0,0,0,0,0,0,0,0,0,0,0,0,0,0,0,0,0,0,0,0,0,0,1,1,0,0,0,1,1,1,1,1,1,1,103,100,103,100,0,0,0,0,-1,1,0,1,0,0,0,0,0,0,0,0,0,0,0,0,0,0,0,0,0,0,0,0,0,0,0,0,0,0,0,0,0,0,0,0,0,0,0,0,-1,162500,100,0,0,0,0,0,0,0,0,0,0,0,0,0,0,0,0,0,0,0,0,0,0,0,0,0,0,0,0,0,0,0,0,0,0,0,0,0,0,0,0,0,0,0,0,0,0,0,0,0,0,0,0,0,0,0,0,0,0,0,0,0,0,0,0,0,0,0,0,0,0,0,0,0,0,0,0,0,0,0,0,0,0,0,0,0,0,0,0,0,0,0,0,0,0,0,0,-1,0,420,3590,30101,1850,1600,1000,2,1,1,0,0,0,0,0,37100,1,75100600,0,-1,-1,-1,1,0,0,438,0,0,0,0,[0|0|0|0],3,13,0,[0|0|0|0|0|0|0|0|0|0|0|0|0|0|0|0|0|0|0|0|0|0|0|0|0|0|0|0|0|0|0|0|0|0|0|0],1,1,0,0,0,0,0,-1,0,0,0,-1,0,0,[0|0|0|0|0|0],7.6,5.9,1.1,0,0,0,0,0,0,0,0,0,0,0,0,0,0,0,0,0,0,0,0,438,0,0,0,0,0,0,0,0,0,1,0,0,0,0,0,0,0,0,0,0,0,0,0,0,0,0,0,129,[0|0],360,0,0,0,[0|0],0,0,0,0,[0|0|0],1,1,0,0,0,0.1,0.35,-1,97,123,89,[0|0|0|0|0|0|0|0|0|0|0|0|0|0|0|0]
51053700,CORE - NOAH,0,0,0,[0|0|0],310020,951000,100700,100710,100720,162500,162500,162500,22600,9096,-1,-1,40,1,-0.33,51053500,51053500,51053500,51053500,51053500,51053500,51053500,51053500,51053500,51053500,51053500,-1,-1,-1,-1,-1,1,1,1,1,1,1,1,1,-1,2005,1094,1170,0,0,100,100,25,0,0,0,0,0,0,0,0,100,100,100,0,0,-1,-1,1,0,2,0,1,0,2,0,0,1,0,1,0,0,0,0,0,0,0,0,0,0,0,0,0,0,0,0,0,0,0,0,0,0,0,0,0,0,0,0,0,0,0,0,0,0,0,0,0,0,0,0,0,0,0,0,0,0,0,0,0,0,0,0,1,1,0,0,0,1,1,1,1,1,1,1,103,100,103,100,0,0,0,0,-1,1,0,1,0,0,0,0,0,0,0,0,0,0,0,0,0,0,0,0,0,0,0,0,0,0,0,0,0,0,0,0,0,0,0,0,0,0,0,0,-1,162500,100,0,0,0,0,0,0,0,0,0,0,0,0,0,0,0,0,0,0,0,0,0,0,0,0,0,0,0,0,0,0,0,0,0,0,0,0,0,0,0,0,0,0,0,0,0,0,0,0,0,0,0,0,0,0,0,0,0,0,0,0,0,0,0,0,0,0,0,0,0,0,0,0,0,0,0,0,0,0,0,0,0,0,0,0,0,0,0,0,0,0,0,0,0,0,0,0,-1,0,312,3810,30101,1850,1600,1000,2,1,1,0,0,0,0,0,37100,1,75100600,0,-1,-1,-1,1,0,0,626,0,0,0,0,[0|0|0|0],10,13,0,[0|0|0|0|0|0|0|0|0|0|0|0|0|0|0|0|0|0|0|0|0|0|0|0|0|0|0|0|0|0|0|0|0|0|0|0],1,1,0,0,0,0,0,-1,0,0,0,-1,0,0,[0|0|0|0|0|0],10.9,9.8,11.3,0,0,0,0,0,0,0,0,0,0,0,0,0,0,0,0,0,0,0,0,626,0,0,0,0,0,0,0,0,0,1,0,0,0,0,0,0,0,0,0,0,0,0,0,0,0,0,0,127,[0|0],360,0,0,0,[0|0],0,0,0,0,[0|0|0],1,1,0,0,0,0.1,0.35,-1,76,121,135,[0|0|0|0|0|0|0|0|0|0|0|0|0|0|0|0]
51053800,CORE - PRAETOR,0,0,0,[0|0|0],320020,951000,100700,100710,100720,162500,162500,162500,15100,-1,-1,-1,40,1,-0.33,51053500,51053500,51053500,51053500,51053500,51053500,51053500,51053500,51053500,51053500,51053500,-1,-1,-1,-1,-1,1,1,1,1,1,1,1,1,-1,8420,1094,1170,0,0,100,100,25,0,0,0,0,0,0,0,0,100,100,100,0,0,-1,-1,1,0,2,0,1,0,2,0,0,1,0,1,0,0,0,0,0,0,0,0,0,0,0,0,0,0,0,0,0,0,0,0,0,0,0,0,0,0,0,0,0,0,0,0,0,0,0,0,0,0,0,0,0,0,0,0,0,0,0,0,0,0,0,0,1,1,0,0,0,1,1,1,1,1,1,1,103,100,103,100,0,0,0,0,-1,1,0,1,0,0,0,0,0,0,0,0,0,0,0,0,0,0,0,0,0,0,0,0,0,0,0,0,0,0,0,0,0,0,0,0,0,0,0,0,-1,162500,100,0,0,0,0,0,0,0,0,0,0,0,0,0,0,0,0,0,0,0,0,0,0,0,0,0,0,0,0,0,0,0,0,0,0,0,0,0,0,0,0,0,0,0,0,0,0,0,0,0,0,0,0,0,0,0,0,0,0,0,0,0,0,0,0,0,0,0,0,0,0,0,0,0,0,0,0,0,0,0,0,0,0,0,0,0,0,0,0,0,0,0,0,0,0,0,0,-1,0,389,3220,30101,1850,1600,1000,2,1,1,0,0,0,0,0,37100,1,75100600,0,-1,-1,-1,1,0,0,516,0,0,0,0,[0|0|0|0],5,13,0,[0|0|0|0|0|0|0|0|0|0|0|0|0|0|0|0|0|0|0|0|0|0|0|0|0|0|0|0|0|0|0|0|0|0|0|0],1,1,0,0,0,0,0,-1,0,0,0,-1,0,0,[0|0|0|0|0|0],-0.3,1.2,-0.55,0,0,0,0,0,0,0,0,0,0,0,0,0,0,0,0,0,0,0,0,516,0,0,0,0,0,0,0,0,0,1,0,0,0,0,0,0,0,0,0,0,0,0,0,0,0,0,0,112,[0|0],360,0,0,0,[0|0],0,0,0,0,[0|0|0],1,1,0,0,0,0.1,0.35,-1,111,120,110,[0|0|0|0|0|0|0|0|0|0|0|0|0|0|0|0]
51054000,CORE - CAESAR,0,0,0,[0|0|0],320030,951000,100700,100710,100720,162500,162500,162500,18200,-1,-1,-1,40,1,-0.33,51053500,51053500,51053500,51053500,51053500,51053500,51053500,51053500,51053500,51053500,51053500,-1,-1,-1,-1,-1,1,1,1,1,1,1,1,1,-1,4205,1094,1170,0,0,100,100,25,0,0,0,0,0,0,0,0,100,100,100,0,0,-1,-1,1,0,2,0,1,0,2,0,0,1,0,1,0,0,0,0,0,0,0,0,0,0,0,0,0,0,0,0,0,0,0,0,0,0,0,0,0,0,0,0,0,0,0,0,0,0,0,0,0,0,0,0,0,0,0,0,0,0,0,0,0,0,0,0,1,1,0,0,0,1,1,1,1,1,1,1,103,100,103,100,0,0,0,0,-1,1,0,1,0,0,0,0,0,0,0,0,0,0,0,0,0,0,0,0,0,0,0,0,0,0,0,0,0,0,0,0,0,0,0,0,0,0,0,0,-1,162500,100,0,0,0,0,0,0,0,0,0,0,0,0,0,0,0,0,0,0,0,0,0,0,0,0,0,0,0,0,0,0,0,0,0,0,0,0,0,0,0,0,0,0,0,0,0,0,0,0,0,0,0,0,0,0,0,0,0,0,0,0,0,0,0,0,0,0,0,0,0,0,0,0,0,0,0,0,0,0,0,0,0,0,0,0,0,0,0,0,0,0,0,0,0,0,0,0,-1,0,399,3320,30101,1850,1600,1000,2,1,1,0,0,250,0,0,37100,1,75100600,0,-1,-1,-1,1,0,0,568,0,0,0,0,[0|0|0|0],5,13,0,[0|0|0|0|0|0|0|0|0|0|0|0|0|0|0|0|0|0|0|0|0|0|0|0|0|0|0|0|0|0|0|0|0|0|0|0],1,1,0,0,0,0,0,-1,0,0,0,-1,0,0,[0|0|0|0|0|0],2.1,3.9,1.3,0,0,0,0,0,0,0,0,0,0,0,0,0,0,0,0,0,0,0,0,568,0,0,0,0,0,0,0,0,0,1,0,0,0,0,0,0,0,0,0,0,0,0,0,0,0,0,0,99,[0|0],360,0,0,0,[0|0],0,0,0,0,[0|0|0],1,1,0,0,0,0.1,0.35,-1,119,120,107,[0|0|0|0|0|0|0|0|0|0|0|0|0|0|0|0]
51053900,CORE - ARMY GUN CORE,0,0,0,[0|0|0],310030,951000,100700,100710,100720,162500,162500,162500,17200,-1,-1,-1,40,1,-0.33,51053500,51053500,51053500,51053500,51053500,51053500,51053500,51053500,51053500,51053500,51053500,-1,-1,-1,-1,-1,1,1,1,1,1,1,1,1,-1,8870,1094,1170,0,0,100,100,25,0,0,0,0,0,0,0,0,100,100,100,0,0,-1,-1,1,0,2,0,1,0,2,0,0,1,0,1,0,0,0,0,0,0,0,0,0,0,0,0,0,0,0,0,0,0,0,0,0,0,0,0,0,0,0,0,0,0,0,0,0,0,0,0,0,0,0,0,0,0,0,0,0,0,0,0,0,0,0,0,1,1,0,0,0,1,1,1,1,1,1,1,103,100,103,100,0,0,0,0,-1,1,0,1,0,0,0,0,0,0,0,0,0,0,0,0,0,0,0,0,0,0,0,0,0,0,0,0,0,0,0,0,0,0,0,0,0,0,0,0,-1,162500,100,0,0,0,0,0,0,0,0,0,0,0,0,0,0,0,0,0,0,0,0,0,0,0,0,0,0,0,0,0,0,0,0,0,0,0,0,0,0,0,0,0,0,0,0,0,0,0,0,0,0,0,0,0,0,0,0,0,0,0,0,0,0,0,0,0,0,0,0,0,0,0,0,0,0,0,0,0,0,0,0,0,0,0,0,0,0,0,0,0,0,0,0,0,0,0,0,-1,0,412,2940,30101,1850,1600,1000,2,1,1,0,0,0,0,0,37100,1,75103901,0,-1,-1,75103900,1,0,0,428,0,0,0,0,[0|0|0|0],10,13,0,[0|0|0|0|0|0|0|0|0|0|0|0|0|0|0|0|0|0|0|0|0|0|0|0|0|0|0|0|0|0|0|0|0|0|0|0],1,1,0,0,0,0,0,-1,0,0,0,-1,0,0,[0|0|0|0|0|0],5.1,0.1,4.4,0,0,0,0,0,0,0,0,0,0,0,0,0,0,0,0,0,0,0,0,428,0,0,0,0,0,0,0,0,0,1,0,0,0,0,0,0,0,0,0,0,0,0,0,0,0,0,0,101,[0|0],360,0,0,0,[0|0],0,0,0,0,[0|0|0],1,1,0,0,0,0.1,0.35,-1,84,103,80,[0|0|0|0|0|0|0|0|0|0|0|0|0|0|0|0]
51060000,CORE - EL-TC-10 FIRMEZA,0,0,0,[0|0|0],410000,951000,100700,100710,100720,46800,46800,46800,10890,-1,-1,-1,40,1,-0.33,51060000,51060000,51060000,51060000,51060000,51060000,51060000,51060000,51060000,51060000,51060000,-1,-1,-1,-1,-1,1,1,1,1,1,1,1,1,-1,7010,1094,1170,0,0,100,100,25,0,0,0,0,0,0,0,0,100,100,100,0,0,-1,-1,1,0,2,0,1,0,2,0,0,1,0,1,0,0,0,0,0,0,0,0,0,0,0,0,0,0,0,0,0,0,0,0,0,0,0,0,0,0,0,0,0,0,0,0,0,0,0,0,0,0,0,0,0,0,0,0,0,0,0,0,0,0,0,0,1,1,0,0,0,1,1,1,1,1,1,1,103,100,103,100,0,0,0,0,-1,1,0,1,0,0,0,0,0,0,0,0,0,0,0,0,0,0,0,0,0,0,0,0,0,0,0,0,0,0,0,0,0,0,0,0,0,0,0,0,-1,46800,100,0,0,0,0,0,0,0,0,0,0,0,0,0,0,0,0,0,0,0,0,0,0,0,0,0,0,0,0,0,0,0,0,0,0,0,0,0,0,0,0,0,0,0,0,0,0,0,0,0,0,0,0,0,0,0,0,0,0,0,0,0,0,0,0,0,0,0,0,0,0,0,0,0,0,0,0,0,0,0,0,0,0,0,0,0,0,0,0,0,0,0,0,0,0,0,0,-1,0,351,2650,30101,1850,1600,1000,2,1,1,0,0,100,0,0,37100,1,75100700,0,-1,-1,-1,1,0,0,410,0,0,0,0,[0|0|0|0],19,13,0,[0|0|0|0|0|0|0|0|0|0|0|0|0|0|0|0|0|0|0|0|0|0|0|0|0|0|0|0|0|0|0|0|0|0|0|0],1,1,0,0,0,0,0,-1,0,0,0,-1,0,0,[0|0|0|0|0|0],3.4,1,2.5,0,0,0,0,0,0,0,0,0,0,0,0,0,0,0,0,0,0,0,0,410,0,0,0,0,0,0,0,0,0,1,0,0,0,0,0,0,0,0,0,0,0,0,0,0,0,0,0,97,[0|0],360,0,0,0,[0|0],0,0,0,0,[0|0|0],1,1,0,0,0,0.2,0.55,-1,111,109,89,[67|59|183|190|0|0|0|0|0|0|0|0|0|0|0|0]
51060900,CORE - EL-RC-16 GRANIZO,0,0,0,[0|0|0],410000,951000,100700,100710,100720,46800,46800,46800,12790,-1,-1,-1,40,1,-0.33,51060900,51060900,51060900,51060900,51060900,51060900,51060900,51060900,51060900,51060900,51060900,-1,-1,-1,-1,-1,1,1,1,1,1,1,1,1,-1,4021,1094,1170,0,0,100,100,25,0,0,0,0,0,0,0,0,100,100,100,0,0,-1,-1,1,0,2,0,1,0,2,0,0,1,0,1,0,0,0,0,0,0,0,0,0,0,0,0,0,0,0,0,0,0,0,0,0,0,0,0,0,0,0,0,0,0,0,0,0,0,0,0,0,0,0,0,0,0,0,0,0,0,0,0,0,0,0,0,1,1,0,0,0,1,1,1,1,1,1,1,103,100,103,100,0,0,0,0,-1,1,0,1,0,0,0,0,0,0,0,0,0,0,0,0,0,0,0,0,0,0,0,0,0,0,0,0,0,0,0,0,0,0,0,0,0,0,0,0,-1,46800,100,0,0,0,0,0,0,0,0,0,0,0,0,0,0,0,0,0,0,0,0,0,0,0,0,0,0,0,0,0,0,0,0,0,0,0,0,0,0,0,0,0,0,0,0,0,0,0,0,0,0,0,0,0,0,0,0,0,0,0,0,0,0,0,0,0,0,0,0,0,0,0,0,0,0,0,0,0,0,0,0,0,0,0,0,0,0,0,0,0,0,0,0,0,0,0,0,-1,0,412,3850,30101,1850,1600,1000,2,1,1,0,0,0,0,0,37100,1,75100700,0,-1,-1,-1,1,0,0,510,0,0,0,0,[0|0|0|0],19,13,0,[0|0|0|0|0|0|0|0|0|0|0|0|0|0|0|0|0|0|0|0|0|0|0|0|0|0|0|0|0|0|0|0|0|0|0|0],1,1,0,0,0,0,0,-1,0,0,0,-1,0,0,[0|0|0|0|0|0],0.3,-0.6,0.5,0,0,0,0,0,0,0,0,0,0,0,0,0,0,0,0,0,0,0,0,510,0,0,0,0,0,0,0,0,0,1,0,0,0,0,0,0,0,0,0,0,0,0,0,0,0,0,0,89,[0|0],360,0,0,0,[0|0],0,0,0,0,[0|0|0],1,1,0,0,0,0.2,0.55,-1,81,97,79,[67|59|183|190|0|0|0|0|0|0|0|0|0|0|0|0]
51070200,CORE - AC-J-120 BASHO,0,0,0,[0|0|0],1,951000,100700,100710,100720,61100,61100,61100,16100,-1,-1,-1,40,1,-0.33,51070200,51070200,51070200,51070200,51070200,51070200,51070200,51070200,51070200,51070200,51070200,-1,-1,-1,-1,-1,1,1,1,1,1,1,1,1,-1,8030,1094,1170,0,0,100,100,25,0,0,0,0,0,0,0,0,100,100,100,0,0,-1,-1,1,0,2,0,1,0,2,0,0,1,0,1,0,0,0,0,0,0,0,0,0,0,0,0,0,0,0,0,0,0,0,0,0,0,0,0,0,0,0,0,0,0,0,0,0,0,0,0,0,0,0,0,0,0,0,0,0,0,0,0,0,0,0,0,1,1,0,0,0,1,1,1,1,1,1,1,103,100,103,100,0,0,0,0,-1,1,0,1,0,0,0,0,0,0,0,0,0,0,0,0,0,0,0,0,0,0,0,0,0,0,0,0,0,0,0,0,0,0,0,0,0,0,0,0,-1,61100,100,0,0,0,0,0,0,0,0,0,0,0,0,0,0,0,0,0,0,0,0,0,0,0,0,0,0,0,0,0,0,0,0,0,0,0,0,0,0,0,0,0,0,0,0,0,0,0,0,0,0,0,0,0,0,0,0,0,0,0,0,0,0,0,0,0,0,0,0,0,0,0,0,0,0,0,0,0,0,0,0,0,0,0,0,0,0,0,0,0,0,0,0,0,0,0,0,-1,0,300,3840,30101,1850,1600,1000,2,1,1,0,0,0,0,0,60100,1,75100800,0,-1,-1,-1,1,0,0,502,0,0,0,0,[0|0|0|0],15,13,0,[0|0|0|0|0|0|0|0|0|0|0|0|0|0|0|0|0|0|0|0|0|0|0|0|0|0|0|0|0|0|0|0|0|0|0|0],1,1,0,0,0,0,0,-1,0,0,0,-1,0,0,[0|0|0|0|0|0],8.5,4.8,11,0,0,0,0,0,0,0,0,0,0,0,0,0,0,0,0,0,0,0,0,502,0,0,0,0,0,0,0,0,0,1,0,0,0,0,0,0,0,0,0,0,0,0,0,0,0,0,0,114,[0|0],360,0,0,0,[0|0],0,0,0,0,[0|0|0],1,1,0,0,0,0.2,0.3,-1,121,85,94,[85|190|175|62|0|0|0|0|0|0|0|0|0|0|0|0]
51070300,CORE - CC-3000 WRECKER,0,0,0,[0|0|0],400100,951000,100700,100710,100720,46800,46800,46800,19000,-1,-1,-1,40,1,-0.33,51070300,51070300,51070300,51070300,51070300,51070300,51070300,51070300,51070300,51070300,51070300,-1,-1,-1,-1,-1,1,1,1,1,1,1,1,1,-1,8040,1094,1170,0,0,100,100,25,0,0,0,0,0,0,0,0,100,100,100,0,0,-1,-1,1,0,2,0,1,0,2,0,0,1,0,1,0,0,0,0,0,0,0,0,0,0,0,0,0,0,0,0,0,0,0,0,0,0,0,0,0,0,0,0,0,0,0,0,0,0,0,0,0,0,0,0,0,0,0,0,0,0,0,0,0,0,0,0,1,1,0,0,0,1,1,1,1,1,1,1,103,100,103,100,0,0,0,0,-1,1,0,1,0,0,0,0,0,0,0,0,0,0,0,0,0,0,0,0,0,0,0,0,0,0,0,0,0,0,0,0,0,0,0,0,0,0,0,0,-1,46800,100,0,0,0,0,0,0,0,0,0,0,0,0,0,0,0,0,0,0,0,0,0,0,0,0,0,0,0,0,0,0,0,0,0,0,0,0,0,0,0,0,0,0,0,0,0,0,0,0,0,0,0,0,0,0,0,0,0,0,0,0,0,0,0,0,0,0,0,0,0,0,0,0,0,0,0,0,0,0,0,0,0,0,0,0,0,0,0,0,0,0,0,0,0,0,0,0,-1,0,310,3940,30101,1850,1600,1000,2,1,1,0,0,0,0,0,37100,1,75100900,0,-1,-1,-1,1,0,0,532,0,0,0,0,[0|0|0|0],6,13,0,[0|0|0|0|0|0|0|0|0|0|0|0|0|0|0|0|0|0|0|0|0|0|0|0|0|0|0|0|0|0|0|0|0|0|0|0],1,1,0,0,0,0,0,-1,0,0,0,-1,0,0,[0|0|0|0|0|0],11.8,8.4,11.1,0,0,0,0,0,0,0,0,0,0,0,0,0,0,0,0,0,0,0,0,532,0,0,0,0,0,0,0,0,0,1,0,0,0,0,0,0,0,0,0,0,0,0,0,0,0,0,0,113,[0|0],360,0,0,0,[0|0],0,0,0,0,[0|0|0],1,1,0,0,0,0,0.95,-1,80,96,107,[150|146|101|187|0|0|0|0|0|0|0|0|0|0|0|0]
51074100,CORE - Hysteric,0,0,0,[0|0|0],400920,951000,100700,100710,100720,46800,46800,46800,9911,900098,-1,-1,40,1,-0.33,51070300,51070300,51070300,51070300,51070300,51070300,51070300,51070300,51070300,51070300,51070300,-1,-1,-1,-1,-1,1,1,1,1,1,1,1,1,-1,2012,1094,1170,0,0,100,100,25,0,0,0,0,0,0,0,0,100,100,100,0,0,-1,-1,1,0,2,0,1,0,2,0,0,1,0,1,0,0,0,0,0,0,0,0,0,0,0,0,0,0,0,0,0,0,0,0,0,0,0,0,0,0,0,0,0,0,0,0,0,0,0,0,0,0,0,0,0,0,0,0,0,0,0,0,0,0,0,0,1,1,0,0,0,1,1,1,1,1,1,1,103,100,103,100,0,0,0,0,-1,1,0,1,0,0,0,0,0,0,0,0,0,0,0,0,0,0,0,0,0,0,0,0,0,0,0,0,0,0,0,0,0,0,0,0,0,0,0,0,-1,46800,100,0,0,0,0,0,0,0,0,0,0,0,0,0,0,0,0,0,0,0,0,0,0,0,0,0,0,0,0,0,0,0,0,0,0,0,0,0,0,0,0,0,0,0,0,0,0,0,0,0,0,0,0,0,0,0,0,0,0,0,0,0,0,0,0,0,0,0,0,0,0,0,0,0,0,0,0,0,0,0,0,0,0,0,0,0,0,0,0,0,0,0,0,0,0,0,0,-1,0,344,2300,30101,1850,1600,1000,2,1,1,0,0,0,0,0,37100,1,75100900,0,-1,-1,-1,1,0,0,377,0,0,0,0,[0|0|0|0],1,13,0,[0|0|0|0|0|0|0|0|0|0|0|0|0|0|0|0|0|0|0|0|0|0|0|0|0|0|0|0|0|0|0|0|0|0|0|0],1,1,0,0,0,0,0,-1,0,0,0,-1,0,0,[0|0|0|0|0|0],-0.4,-3.1,-2.4,0,0,0,0,0,0,0,0,0,0,0,0,0,0,0,0,0,0,0,0,532,0,0,0,0,0,0,0,0,0,1,0,0,0,0,0,0,0,0,0,0,0,0,0,0,0,0,0,79,[0|0],360,0,0,0,[0|0],0,0,0,0,[0|0|0],1,1,0,0,0,0,0.95,-1,73,97,81,[150|146|101|187|0|0|0|0|0|0|0|0|0|0|0|0]
51070400,CORE - CC-2000 ORBITER,0,0,0,[0|0|0],400000,951000,100700,100710,100720,46800,46800,46800,12650,-1,-1,-1,40,1,-0.33,51070400,51070400,51070400,51070400,51070400,51070400,51070400,51070400,51070400,51070400,51070400,-1,-1,-1,-1,-1,1,1,1,1,1,1,1,1,-1,1400,1094,1170,0,0,100,100,25,0,0,0,0,0,0,0,0,100,100,100,0,0,-1,-1,1,0,2,0,1,0,2,0,0,1,0,1,0,0,0,0,0,0,0,0,0,0,0,0,0,0,0,0,0,0,0,0,0,0,0,0,0,0,0,0,0,0,0,0,0,0,0,0,0,0,0,0,0,0,0,0,0,0,0,0,0,0,0,0,1,1,0,0,0,1,1,1,1,1,1,1,103,100,103,100,0,0,0,0,-1,1,0,1,0,0,0,0,0,0,0,0,0,0,0,0,0,0,0,0,0,0,0,0,0,0,0,0,0,0,0,0,0,0,0,0,0,0,0,0,-1,46800,100,0,0,0,0,0,0,0,0,0,0,0,0,0,0,0,0,0,0,0,0,0,0,0,0,0,0,0,0,0,0,0,0,0,0,0,0,0,0,0,0,0,0,0,0,0,0,0,0,0,0,0,0,0,0,0,0,0,0,0,0,0,0,0,0,0,0,0,0,0,0,0,0,0,0,0,0,0,0,0,0,0,0,0,0,0,0,0,0,0,0,0,0,0,0,0,0,-1,0,267,2900,30101,1850,1600,1000,2,1,1,0,0,200,0,0,37100,1,75101000,0,-1,-1,-1,1,0,0,407,0,0,0,0,[0|0|0|0],6,13,0,[0|0|0|0|0|0|0|0|0|0|0|0|0|0|0|0|0|0|0|0|0|0|0|0|0|0|0|0|0|0|0|0|0|0|0|0],1,1,0,0,0,0,0,-1,0,0,0,-1,0,0,[0|0|0|0|0|0],4.3,1.6,2.4,0,0,0,0,0,0,0,0,0,0,0,0,0,0,0,0,0,0,0,0,407,0,0,0,0,0,0,0,0,0,1,0,0,0,0,0,0,0,0,0,0,0,0,0,0,0,0,0,105,[0|0],360,0,0,0,[0|0],0,0,0,0,[0|0|0],1,1,0,0,0,0.8,0.65,-1,100,103,99,[0|0|0|0|0|0|0|0|0|0|0|0|0|0|0|0]
51070500,CORE - CR-1000 RAVAGER,0,0,0,[0|0|0],400910,951000,100700,100710,100720,46800,46800,46800,17110,-1,-1,-1,40,1,-0.33,51070500,51070500,51070500,51070500,51070500,51070500,51070500,51070500,51070500,51070500,51070500,-1,-1,-1,-1,-1,1,1,1,1,1,1,1,1,-1,621,1094,1170,0,0,100,100,25,0,0,0,0,0,0,0,0,100,100,100,0,0,-1,-1,1,0,2,0,1,0,2,0,0,1,0,1,0,0,0,0,0,0,0,0,0,0,0,0,0,0,0,0,0,0,0,0,0,0,0,0,0,0,0,0,0,0,0,0,0,0,0,0,0,0,0,0,0,0,0,0,0,0,0,0,0,0,0,0,1,1,0,0,0,1,1,1,1,1,1,1,103,100,103,100,0,0,0,0,-1,1,0,1,0,0,0,0,0,0,0,0,0,0,0,0,0,0,0,0,0,0,0,0,0,0,0,0,0,0,0,0,0,0,0,0,0,0,0,0,-1,46800,100,0,0,0,0,0,0,0,0,0,0,0,0,0,0,0,0,0,0,0,0,0,0,0,0,0,0,0,0,0,0,0,0,0,0,0,0,0,0,0,0,0,0,0,0,0,0,0,0,0,0,0,0,0,0,0,0,0,0,0,0,0,0,0,0,0,0,0,0,0,0,0,0,0,0,0,0,0,0,0,0,0,0,0,0,0,0,0,0,0,0,0,0,0,0,0,0,-1,0,318,3600,30101,1850,1600,1000,2,1,1,0,0,0,0,0,37100,1,75101000,0,-1,-1,-1,1,0,0,460,0,0,0,0,[0|0|0|0],6,13,0,[0|0|0|0|0|0|0|0|0|0|0|0|0|0|0|0|0|0|0|0|0|0|0|0|0|0|0|0|0|0|0|0|0|0|0|0],1,1,0,0,0,0,0,-1,0,0,0,-1,0,0,[0|0|0|0|0|0],11.2,11.2,11.2,0,0,0,0,0,0,0,0,0,0,0,0,0,0,0,0,0,0,0,0,460,0,0,0,0,0,0,0,0,0,1,0,0,0,0,0,0,0,0,0,0,0,0,0,0,0,0,0,117,[0|0],360,0,0,0,[0|0],0,0,0,0,[0|0|0],1,1,0,0,0,0.8,0.65,-1,94,112,91,[0|0|0|0|0|0|0|0|0|0|0|0|0|0|0|0]
51070700,CORE - CR-1000 RAVAGER/RC,0,0,0,[0|0|0],400911,951000,100700,100710,100720,46800,46800,46800,13210,-1,-1,-1,40,1,-0.33,51070700,51070700,51070700,51070700,51070700,51070700,51070700,51070700,51070700,51070700,51070700,-1,-1,-1,-1,-1,1,1,1,1,1,1,1,1,-1,6210,1094,1170,0,0,100,100,25,0,0,0,0,0,0,0,0,100,100,100,0,0,-1,-1,1,0,2,0,1,0,2,0,0,1,0,1,0,0,0,0,0,0,0,0,0,0,0,0,0,0,0,0,0,0,0,0,0,0,0,0,0,0,0,0,0,0,0,0,0,0,0,0,0,0,0,0,0,0,0,0,0,0,0,0,0,0,0,0,1,1,0,0,0,1,1,1,1,1,1,1,103,100,103,100,0,0,0,0,-1,1,0,1,0,0,0,0,0,0,0,0,0,0,0,0,0,0,0,0,0,0,0,0,0,0,0,0,0,0,0,0,0,0,0,0,0,0,0,0,-1,46800,100,0,0,0,0,0,0,0,0,0,0,0,0,0,0,0,0,0,0,0,0,0,0,0,0,0,0,0,0,0,0,0,0,0,0,0,0,0,0,0,0,0,0,0,0,0,0,0,0,0,0,0,0,0,0,0,0,0,0,0,0,0,0,0,0,0,0,0,0,0,0,0,0,0,0,0,0,0,0,0,0,0,0,0,0,0,0,0,0,0,0,0,0,0,0,0,0,-1,0,269,2370,30101,1850,1600,1000,2,1,1,0,0,0,0,0,37100,1,75101000,0,-1,-1,-1,1,0,0,350,0,0,0,0,[0|0|0|0],6,13,0,[0|0|0|0|0|0|0|0|0|0|0|0|0|0|0|0|0|0|0|0|0|0|0|0|0|0|0|0|0|0|0|0|0|0|0|0],1,1,0,0,0,0,0,-1,0,0,0,-1,0,0,[0|0|0|0|0|0],0.95,0.95,0.95,0,0,0,0,0,0,0,0,0,0,0,0,0,0,0,0,0,0,0,0,350,0,0,0,0,0,0,0,0,0,1,0,0,0,0,0,0,0,0,0,0,0,0,0,0,0,0,0,93,[0|0],360,0,0,0,[0|0],0,0,0,0,[0|0|0],1,1,0,0,0,0.8,0.65,-1,82,106,79,[0|0|0|0|0|0|0|0|0|0|0|0|0|0|0|0]
51080000,CORE - IB-C03C: HAL 826,0,0,0,[0|0|0],700000,951000,100700,100710,100720,46800,46800,46800,18520,-1,-1,-1,40,1,-0.33,51080000,51080000,51080000,51080000,51080000,51080000,51080000,51080000,51080000,51080000,51080000,-1,-1,-1,-1,-1,1,1,1,1,1,1,1,1,-1,8010,1094,1170,0,0,100,100,25,0,0,0,0,0,0,0,0,100,100,100,0,0,-1,-1,1,0,2,0,1,0,2,0,0,1,0,1,0,0,0,0,0,0,0,0,0,0,0,0,0,0,0,0,0,0,0,0,0,0,0,0,0,0,0,0,0,0,0,0,0,0,0,0,0,0,0,0,0,0,0,0,0,0,0,0,0,0,0,0,1,1,0,0,0,1,1,1,1,1,1,1,103,100,103,100,0,0,0,0,-1,1,0,1,0,0,0,0,0,0,0,0,0,0,0,0,0,0,0,0,0,0,0,0,0,0,0,0,0,0,0,0,0,0,0,0,0,0,0,0,-1,46800,100,0,0,0,0,0,0,0,0,0,0,0,0,0,0,0,0,0,0,0,0,0,0,0,0,0,0,0,0,0,0,0,0,0,0,0,0,0,0,0,0,0,0,0,0,0,0,0,0,0,0,0,0,0,0,0,0,0,0,0,0,0,0,0,0,0,0,0,0,0,0,0,0,0,0,0,0,0,0,0,0,0,0,0,0,0,0,0,0,0,0,0,0,0,0,0,0,-1,0,366,3670,30101,1850,1600,1000,2,1,1,0,0,200,0,0,80100,1,75101100,0,-1,-1,-1,1,0,0,385,0,0,0,0,[0|0|0|0],2,13,0,[0|0|0|0|0|0|0|0|0|0|0|0|0|0|0|0|0|0|0|0|0|0|0|0|0|0|0|0|0|0|0|0|0|0|0|0],1,1,1.5,0,0,0,0,-1,0,0,0,-1,0,0,[0|0|0|0|0|0],10.1,11.9,11.3,0,0,0,0,0,0,0,0,0,0,0,0,0,0,0,0,0,0,0,0,385,0,0,0,0,0,0,0,0,0,1,0,0,0,0,0,0,0,0,0,0,0,0,0,0,0,0,0,108,[0|0],360,0,0,0,[0|0],0,0,0,10,[0|0|0],1,1,0,0,0,0,1.45,-1,96,120,108,[182|45|210|190|0|0|0|0|0|0|0|0|0|0|0|0]
51080100,CORE - IA-C01C: EPHEMERA,0,0,0,[0|0|0],600000,951000,100700,100710,100720,46800,46800,46800,13200,-1,-1,-1,40,1,-0.33,51080100,51080100,51080100,51080100,51080100,51080100,51080100,51080100,51080100,51080100,51080100,-1,-1,-1,-1,-1,1,1,1,1,1,1,1,1,-1,8020,1094,1170,0,0,100,100,25,0,0,0,0,0,0,0,0,100,100,100,0,0,-1,-1,1,0,2,0,1,0,2,0,0,1,0,1,0,0,0,0,0,0,0,0,0,0,0,0,0,0,0,0,0,0,0,0,0,0,0,0,0,0,0,0,0,0,0,0,0,0,0,0,0,0,0,0,0,0,0,0,0,0,0,0,0,0,0,0,1,1,0,0,0,1,1,1,1,1,1,1,103,100,103,100,0,0,0,0,-1,1,0,1,0,0,0,0,0,0,0,0,0,0,0,0,0,0,0,0,0,0,0,0,0,0,0,0,0,0,0,0,0,0,0,0,0,0,0,0,-1,46800,100,0,0,0,0,0,0,0,0,0,0,0,0,0,0,0,0,0,0,0,0,0,0,0,0,0,0,0,0,0,0,0,0,0,0,0,0,0,0,0,0,0,0,0,0,0,0,0,0,0,0,0,0,0,0,0,0,0,0,0,0,0,0,0,0,0,0,0,0,0,0,0,0,0,0,0,0,0,0,0,0,0,0,0,0,0,0,0,0,0,0,0,0,0,0,0,0,-1,0,412,2710,30101,1850,1600,1000,2,1,1,0,0,150,0,0,37100,1,75101200,0,-1,-1,-1,1,0,0,353,0,0,0,0,[0|0|0|0],2,13,0,[0|0|0|0|0|0|0|0|0|0|0|0|0|0|0|0|0|0|0|0|0|0|0|0|0|0|0|0|0|0|0|0|0|0|0|0],1,1,0,0,0,0,0,-1,0,0,0,-1,0,0,[0|0|0|0|0|0],-1.5,3.2,0,0,0,0,0,0,0,0,0,0,0,0,0,0,0,0,0,0,0,0,0,353,0,0,0,0,0,0,0,0,0,1,0,0,0,0,0,0,0,0,0,0,0,0,0,0,0,0,0,96,[0|0],360,0,0,0,[0|0],0,0,0,0,[0|0|0],1,1,0,0,0,0.55,0.65,-1,101,126,96,[239|112|131|190|0|0|0|0|0|0|0|0|0|0|0|0]
51080200,CORE - EL-PC-00 ALBA,0,0,0,[0|0|0],410900,951000,100700,100710,100720,46800,46800,46800,12000,-1,-1,-1,40,1,-0.33,51080200,51080200,51080200,51080200,51080200,51080200,51080200,51080200,51080200,51080200,51080200,-1,-1,-1,-1,-1,1,1,1,1,1,1,1,1,-1,8060,1094,1170,0,0,100,100,25,0,0,0,0,0,0,0,0,100,100,100,0,0,-1,-1,1,0,2,0,1,0,2,0,0,1,0,1,0,0,0,0,0,0,0,0,0,0,0,0,0,0,0,0,0,0,0,0,0,0,0,0,0,0,0,0,0,0,0,0,0,0,0,0,0,0,0,0,0,0,0,0,0,0,0,0,0,0,0,0,1,1,0,0,0,1,1,1,1,1,1,1,103,100,103,100,0,0,0,0,-1,1,0,1,0,0,0,0,0,0,0,0,0,0,0,0,0,0,0,0,0,0,0,0,0,0,0,0,0,0,0,0,0,0,0,0,0,0,0,0,-1,46800,100,0,0,0,0,0,0,0,0,0,0,0,0,0,0,0,0,0,0,0,0,0,0,0,0,0,0,0,0,0,0,0,0,0,0,0,0,0,0,0,0,0,0,0,0,0,0,0,0,0,0,0,0,0,0,0,0,0,0,0,0,0,0,0,0,0,0,0,0,0,0,0,0,0,0,0,0,0,0,0,0,0,0,0,0,0,0,0,0,0,0,0,0,0,0,0,0,-1,0,315,2850,30101,1850,1600,1000,2,1,1,0,0,0,0,0,37100,1,75101300,0,-1,-1,-1,1,0,0,368,0,0,0,0,[0|0|0|0],19,13,0,[0|0|0|0|0|0|0|0|0|0|0|0|0|0|0|0|0|0|0|0|0|0|0|0|0|0|0|0|0|0|0|0|0|0|0|0],1,1,0,0,0,0,0,-1,0,0,0,-1,0,0,[0|0|0|0|0|0],2,2,2,0,0,0,0,0,0,0,0,0,0,0,0,0,0,0,0,0,0,0,0,368,0,0,0,0,0,0,0,0,0,1,0,0,0,0,0,0,0,0,0,0,0,0,0,0,0,0,0,105,[0|0],360,0,0,0,[0|0],0,0,0,0,[0|0|0],1,1,0,0,0,0.2,0.4,-1,115,101,105,[230|230|211|190|0|0|0|0|0|0|0|0|0|0|0|0]
51082700,CORE - FRAGILE,0,0,0,[0|0|0],210020,951000,100700,100710,100720,46800,46800,46800,9540,-1,-1,-1,40,1,-0.33,51080200,51080200,51080200,51080200,51080200,51080200,51080200,51080200,51080200,51080200,51080200,-1,-1,-1,-1,-1,1,1,1,1,1,1,1,1,-1,8890,1094,1170,0,0,100,100,25,0,0,0,0,0,0,0,0,100,100,100,0,0,-1,-1,1,0,2,0,1,0,2,0,0,1,0,1,0,0,0,0,0,0,0,0,0,0,0,0,0,0,0,0,0,0,0,0,0,0,0,0,0,0,0,0,0,0,0,0,0,0,0,0,0,0,0,0,0,0,0,0,0,0,0,0,0,0,0,0,1,1,0,0,0,1,1,1,1,1,1,1,103,100,103,100,0,0,0,0,-1,1,0,1,0,0,0,0,0,0,0,0,0,0,0,0,0,0,0,0,0,0,0,0,0,0,0,0,0,0,0,0,0,0,0,0,0,0,0,0,-1,46800,100,0,0,0,0,0,0,0,0,0,0,0,0,0,0,0,0,0,0,0,0,0,0,0,0,0,0,0,0,0,0,0,0,0,0,0,0,0,0,0,0,0,0,0,0,0,0,0,0,0,0,0,0,0,0,0,0,0,0,0,0,0,0,0,0,0,0,0,0,0,0,0,0,0,0,0,0,0,0,0,0,0,0,0,0,0,0,0,0,0,0,0,0,0,0,0,0,-1,0,289,2360,30101,1850,1600,1000,2,1,1,0,0,0,0,0,37100,1,75101300,0,-1,-1,-1,1,0,0,310,0,0,0,0,[0|0|0|0],8,13,0,[0|0|0|0|0|0|0|0|0|0|0|0|0|0|0|0|0|0|0|0|0|0|0|0|0|0|0|0|0|0|0|0|0|0|0|0],1,1,0,0,0,0,0,-1,0,0,0,-1,0,0,[0|0|0|0|0|0],-2.2,-1.8,-2,0,0,0,0,0,0,0,0,0,0,0,0,0,0,0,0,0,0,0,0,310,0,0,0,0,0,0,0,0,0,1,0,0,0,0,0,0,0,0,0,0,0,0,0,0,0,0,0,81,[0|0],360,0,0,0,[0|0],0,0,0,0,[0|0|0],1,1,0,0,0,0.2,0.4,-1,118,119,120,[230|230|211|190|0|0|0|0|0|0|0|0|0|0|0|0]
51080300,CORE - LAMMERGEIER/40F,0,0,0,[0|0|0],210010,951000,100700,100710,100720,58500,58500,58500,9700,-1,-1,-1,40,1,-0.33,51080300,51080300,51080300,51080300,51080300,51080300,51080300,51080300,51080300,51080300,51080300,-1,-1,-1,-1,-1,1,1,1,1,1,1,1,1,-1,8070,1094,1170,0,0,100,100,25,0,0,0,0,0,0,0,0,100,100,100,0,0,-1,-1,1,0,2,0,1,0,2,0,0,1,0,1,0,0,0,0,0,0,0,0,0,0,0,0,0,0,0,0,0,0,0,0,0,0,0,0,0,0,0,0,0,0,0,0,0,0,0,0,0,0,0,0,0,0,0,0,0,0,0,0,0,0,0,0,1,1,0,0,0,1,1,1,1,1,1,1,103,100,103,100,0,0,0,0,-1,1,0,1,0,0,0,0,0,0,0,0,0,0,0,0,0,0,0,0,0,0,0,0,0,0,0,0,0,0,0,0,0,0,0,0,0,0,0,0,-1,58500,100,0,0,0,0,0,0,0,0,0,0,0,0,0,0,0,0,0,0,0,0,0,0,0,0,0,0,0,0,0,0,0,0,0,0,0,0,0,0,0,0,0,0,0,0,0,0,0,0,0,0,0,0,0,0,0,0,0,0,0,0,0,0,0,0,0,0,0,0,0,0,0,0,0,0,0,0,0,0,0,0,0,0,0,0,0,0,0,0,0,0,0,0,0,0,0,0,-1,0,341,2470,30101,1850,1600,1000,2,1,1,0,0,0,0,0,37100,1,75101400,0,-1,-1,-1,1,0,0,354,0,0,0,0,[0|0|0|0],8,13,0,[0|0|0|0|0|0|0|0|0|0|0|0|0|0|0|0|0|0|0|0|0|0|0|0|0|0|0|0|0|0|0|0|0|0|0|0],1,1,0,0,0,0,0,-1,0,0,0,-1,0,0,[0|0|0|0|0|0],-2,4,-1.3,0,0,0,0,0,0,0,0,0,0,0,0,0,0,0,0,0,0,0,0,354,0,0,0,0,0,0,0,0,0,1,0,0,0,0,0,0,0,0,0,0,0,0,0,0,0,0,0,95,[0|0],360,0,0,0,[0|0],0,0,0,0,[0|0|0],1,1,0,0,0,0.2,0.2,-1,87,117,110,[139|84|200|190|0|0|0|0|0|0|0|0|0|0|0|0]
51800000,CORE [NPC] - NACHTREIHER/40E (Damaged),0,0,0,[0|0|0],210009,951000,100700,100710,100720,79300,79300,79300,9820,-1,-1,-1,40,1,-0.33,51800000,51800000,51800000,51800000,51800000,51800000,51800000,51800000,51800000,51800000,51800000,-1,-1,-1,-1,-1,1,1,1,1,1,1,1,1,-1,3011,1094,1170,0,0,100,100,25,0,0,0,0,0,0,0,0,100,100,100,0,0,-1,-1,1,0,2,0,1,0,2,0,0,1,0,1,0,0,0,0,0,0,0,0,0,0,0,0,0,0,0,0,0,0,0,0,0,0,0,0,0,0,0,0,0,0,0,0,0,0,0,0,0,0,0,0,0,0,0,0,0,0,0,0,0,0,0,0,1,1,0,0,0,1,1,1,1,1,1,1,103,100,103,100,0,0,0,0,-1,1,0,1,0,0,0,0,0,0,0,0,0,0,0,0,0,0,0,0,0,0,0,0,0,0,0,0,0,0,0,0,0,0,0,0,0,0,0,0,-1,79300,100,0,0,0,0,0,0,0,0,0,0,0,0,0,0,0,0,0,0,0,0,0,0,0,0,0,0,0,0,0,0,0,0,0,0,0,0,0,0,0,0,0,0,0,0,0,0,0,0,0,0,0,0,0,0,0,0,0,0,0,0,0,0,0,0,0,0,0,0,0,0,0,0,0,0,0,0,0,0,0,0,0,0,0,0,0,0,0,0,0,0,0,0,0,0,0,0,-1,0,330,2630,30101,1850,1600,1000,2,1,1,0,0,0,0,0,37100,1,75100300,0,-1,-1,-1,1,0,0,278,0,0,0,0,[0|0|0|0],8,13,0,[0|0|0|0|0|0|0|0|0|0|0|0|0|0|0|0|0|0|0|0|0|0|0|0|0|0|0|0|0|0|0|0|0|0|0|0],1,1,0,0,0,0,0,-1,0,0,0,-1,0,0,[0|0|0|0|0|0],-0.6,0.5,-2,0,0,0,0,0,0,0,0,0,0,0,0,0,0,0,0,0,0,0,0,278,0,0,0,0,0,0,0,0,0,1,0,0,0,0,0,0,0,0,0,0,0,0,0,0,0,0,0,0,[0|0],360,0,0,0,[0|0],0,0,0,0,[0|0|0],1,1,0,0,0,0,0.15,-1,126,91,109,[37|34|164|190|0|0|0|0|0|0|0|0|0|0|0|0]
51888800,CORE - Poorly Disguised Scalie,0,0,0,[0|0|0],510100,951000,100700,100710,100720,162500,162500,162500,18010,999527112,999527111,-1,40,1,-0.33,51051400,51051400,51051400,51051400,51051400,51051400,51051400,51051400,51051400,51051400,51051400,-1,-1,-1,-1,-1,1,1,1,1,1,1,1,1,-1,4445,1094,1170,0,0,100,100,25,0,0,0,0,0,0,0,0,100,100,100,0,0,-1,-1,1,0,2,0,1,0,2,0,0,1,0,1,0,0,0,0,0,0,0,0,0,0,0,0,0,0,0,0,0,0,0,0,0,0,0,0,0,0,0,0,0,0,0,0,0,0,0,0,0,0,0,0,0,0,0,0,0,0,0,0,0,0,0,0,1,1,0,0,0,1,1,1,1,1,1,1,103,100,103,100,0,0,0,0,-1,1,0,1,0,0,0,0,0,0,0,0,0,0,0,0,0,0,0,0,0,0,0,0,0,0,0,0,0,0,0,0,0,0,0,0,0,0,0,0,-1,162500,100,0,0,0,0,0,0,0,0,0,0,0,0,0,0,0,0,0,0,0,0,0,0,0,0,0,0,0,0,0,0,0,0,0,0,0,0,0,0,0,0,0,0,0,0,0,0,0,0,0,0,0,0,0,0,0,0,0,0,0,0,0,0,0,0,0,0,0,0,0,0,0,0,0,0,0,0,0,0,0,0,0,0,0,0,0,0,0,0,0,0,0,0,0,0,0,0,-1,0,370,3755,30103,1850,1600,1000,2,1,1,0,0,500,0,0,37100,1,75100600,0,-1,-1,-1,1,0,0,481,0,0,0,0,[0|0|0|0],13,25,0,[0|0|0|0|0|0|0|0|0|0|0|0|0|0|0|0|0|0|0|0|0|0|0|0|0|0|0|0|0|0|0|0|0|0|0|0],1,1,0,0,0,0,0,-1,0,0,0,-1,0,0,[0|0|0|0|0|0],11.5,9,11,0,0,0,0,0,0,0,0,0,0,1.3,0,0,0,0,0,0,0,0,0,481,0,0,0,0,0,0,0,0,0,1,0,0,0,0,0,0,0,0,0,0,0,0,0,0,0,0,0,121,[0|0],360,0,0,0,[0|0],0,0,0,0,[0|0|0],1,1,0,0,0,0.1,0.35,-1,105,108,92,[0|0|0|0|0|0|0|0|0|0|0|0|0|0|0|0]
51900000,CORE - AC-J-120/RC JAILBREAK,0,0,0,[0|0|0],2,951000,100700,100710,100720,61100,61100,61100,17850,-1,-1,-1,40,1,-0.33,51900000,51900000,51900000,51900000,51900000,51900000,51900000,51900000,51900000,51900000,51900000,-1,-1,-1,-1,-1,1,1,1,1,1,1,1,1,-1,8031,1094,1170,0,0,100,100,25,0,0,0,0,0,0,0,0,100,100,100,0,0,-1,-1,1,0,2,0,1,0,2,0,0,1,0,1,0,0,0,0,0,0,0,0,0,0,0,0,0,0,0,0,0,0,0,0,0,0,0,0,0,0,0,0,0,0,0,0,0,0,0,0,0,0,0,0,0,0,0,0,0,0,0,0,0,0,0,0,1,1,0,0,0,1,1,1,1,1,1,1,103,100,103,100,0,0,0,0,-1,1,0,1,0,0,0,0,0,0,0,0,0,0,0,0,0,0,0,0,0,0,0,0,0,0,0,0,0,0,0,0,0,0,0,0,0,0,0,0,-1,61100,100,0,0,0,0,0,0,0,0,0,0,0,0,0,0,0,0,0,0,0,0,0,0,0,0,0,0,0,0,0,0,0,0,0,0,0,0,0,0,0,0,0,0,0,0,0,0,0,0,0,0,0,0,0,0,0,0,0,0,0,0,0,0,0,0,0,0,0,0,0,0,0,0,0,0,0,0,0,0,0,0,0,0,0,0,0,0,0,0,0,0,0,0,0,0,0,0,-1,0,300,2600,30101,1850,1600,1000,2,1,1,0,0,100,0,0,60100,1,75109000,0,-1,-1,-1,1,0,0,403,0,0,0,0,[0|0|0|0],15,13,0,[0|0|0|0|0|0|0|0|0|0|0|0|0|0|0|0|0|0|0|0|0|0|0|0|0|0|0|0|0|0|0|0|0|0|0|0],1,1,0,0,0,0,0,-1,0,0,0,-1,0,0,[0|0|0|0|0|0],5.5,0.1,7,0,0,0,0,0,0,0,0,0,0,0,0,0,0,0,0,0,0,0,0,403,0,0,0,0,0,0,0,0,0,1,0,0,0,0,0,0,0,0,0,0,0,0,0,0,0,0,0,112,[0|0],360,0,0,0,[0|0],0,0,0,0,[0|0|0],1,1,0,0,0,0.2,0.3,-1,100,83,82,[107|154|175|62|0|0|0|0|0|0|0|0|0|0|0|0]
52000000,ARMS - AR-011 MELANDER,0,0,0,[0|0|0],100000,952000,100700,100710,100720,31500,31500,31500,13650,-1,-1,-1,40,1.1,-0.33,52000000,52000000,52000000,52000000,52000000,52000000,52000000,52000000,52000000,52000000,52000000,-1,-1,-1,-1,-1,1,1,1,1,1,1,1,1,-1,1010,1095,1171,0,0,100,100,25,0,0,0,0,0,0,0,0,100,100,100,0,0,-1,-1,1,0,1,0,2,0,3,0,0,1,0,0,1,0,0,0,0,0,0,0,0,0,0,0,0,0,0,0,0,0,0,0,0,0,0,0,0,0,0,0,0,0,0,0,0,0,0,0,0,0,0,0,0,0,0,0,0,0,0,0,0,0,0,0,1,1,0,0,0,1,1,1,1,1,1,1,103,100,103,100,0,0,0,0,-1,1,0,1,0,0,0,0,0,0,0,0,0,0,0,0,0,0,0,0,0,0,0,0,0,0,0,0,0,0,0,0,0,0,0,0,0,0,0,0,-1,31500,100,0,0,0,0,0,0,0,0,0,0,0,0,0,0,0,0,0,0,0,0,0,0,0,0,0,0,0,0,0,0,0,0,0,0,0,0,0,0,0,0,0,0,0,0,0,0,0,0,0,0,0,0,0,0,0,0,0,0,0,0,0,0,0,0,0,0,0,0,0,0,0,0,0,0,0,0,0,0,0,0,0,0,0,0,0,0,0,0,0,0,0,0,0,0,0,0,-1,0,265,2260,30102,800,650,-1,0,0,0,0,0,0,0,0,37200,1,-1,0,-1,-1,-1,1,0,100,243,0,128,0,0,[0|0|0|0],11,14,0,[0|0|0|0|0|0|0|0|0|0|0|0|0|0|0|0|0|0|0|0|0|0|0|0|0|0|0|0|0|0|0|0|0|0|0|0],1,1,0,15100,100,124,0,-1,0,0,0,-1,0,0,[0|0|0|0|0|0],4.7,1.7,3.4,0,0,0,0,0,0,0,0,0,0,0,0,0,0,0,0,0,0,0,0,0,0,0,0,0,108,102,102,100,0,1,0,0,0,0,0,0,0,0,0,0,0,0,0,0,0,0,0,0,[0|0],360,0,0,0,[0|0],1,0,0,0,[0|0|0],1,1,0,0,0,0,0,-1,0,0,0,[0|0|0|0|0|0|0|0|0|0|0|0|0|0|0|0]
52002500,ARMS - PCA Frame,0,0,0,[0|0|0],710010,952000,100700,100710,100720,31500,31500,31500,12520,-1,-1,-1,40,1.1,-0.33,52000000,52000000,52000000,52000000,52000000,52000000,52000000,52000000,52000000,52000000,52000000,-1,-1,-1,-1,-1,1,1,1,1,1,1,1,1,-1,699,1095,1171,0,0,100,100,25,0,0,0,0,0,0,0,0,100,100,100,0,0,-1,-1,1,0,1,0,2,0,3,0,0,1,0,0,1,0,0,0,0,0,0,0,0,0,0,0,0,0,0,0,0,0,0,0,0,0,0,0,0,0,0,0,0,0,0,0,0,0,0,0,0,0,0,0,0,0,0,0,0,0,0,0,0,0,0,0,1,1,0,0,0,1,1,1,1,1,1,1,103,100,103,100,0,0,0,0,-1,1,0,1,0,0,0,0,0,0,0,0,0,0,0,0,0,0,0,0,0,0,0,0,0,0,0,0,0,0,0,0,0,0,0,0,0,0,0,0,-1,31500,100,0,0,0,0,0,0,0,0,0,0,0,0,0,0,0,0,0,0,0,0,0,0,0,0,0,0,0,0,0,0,0,0,0,0,0,0,0,0,0,0,0,0,0,0,0,0,0,0,0,0,0,0,0,0,0,0,0,0,0,0,0,0,0,0,0,0,0,0,0,0,0,0,0,0,0,0,0,0,0,0,0,0,0,0,0,0,0,0,0,0,0,0,0,0,0,0,-1,0,220,2015,30102,800,650,-1,0,0,0,0,0,0,0,0,37200,1,-1,0,-1,-1,-1,1,0,100,300,0,109,0,0,[0|0|0|0],3,14,0,[0|0|0|0|0|0|0|0|0|0|0|0|0|0|0|0|0|0|0|0|0|0|0|0|0|0|0|0|0|0|0|0|0|0|0|0],1,1,0,16600,130,132,0,-1,0,0,0,-1,0,0,[0|0|0|0|0|0],4.1,3.5,3.35,0,0,0,0,0,0,0,0,0,0,0,0,0,0,0,0,0,0,0,0,0,0,0,0,0,108,102,102,100,0,1,0,0,0,0,0,0,0,0,0,0,0,0,0,0,0,0,0,0,[0|0],360,0,0,0,[0|0],1,0,0,0,[0|0|0],1,1,0,0,0,0,0,-1,0,0,0,[0|0|0|0|0|0|0|0|0|0|0|0|0|0|0|0]
52000300,ARMS - AR-012 MELANDER C3,0,0,0,[0|0|0],100020,952000,100700,100710,100720,31500,31500,31500,12000,-1,-1,-1,40,1.1,-0.33,52000300,52000300,52000300,52000300,52000300,52000300,52000300,52000300,52000300,52000300,52000300,-1,-1,-1,-1,-1,1,1,1,1,1,1,1,1,-1,1011,1095,1171,0,0,100,100,25,0,0,0,0,0,0,0,0,100,100,100,0,0,-1,-1,1,0,1,0,2,0,3,0,0,1,0,0,1,0,0,0,0,0,0,0,0,0,0,0,0,0,0,0,0,0,0,0,0,0,0,0,0,0,0,0,0,0,0,0,0,0,0,0,0,0,0,0,0,0,0,0,0,0,0,0,0,0,0,0,1,1,0,0,0,1,1,1,1,1,1,1,103,100,103,100,0,0,0,0,-1,1,0,1,0,0,0,0,0,0,0,0,0,0,0,0,0,0,0,0,0,0,0,0,0,0,0,0,0,0,0,0,0,0,0,0,0,0,0,0,-1,31500,100,0,0,0,0,0,0,0,0,0,0,0,0,0,0,0,0,0,0,0,0,0,0,0,0,0,0,0,0,0,0,0,0,0,0,0,0,0,0,0,0,0,0,0,0,0,0,0,0,0,0,0,0,0,0,0,0,0,0,0,0,0,0,0,0,0,0,0,0,0,0,0,0,0,0,0,0,0,0,0,0,0,0,0,0,0,0,0,0,0,0,0,0,0,0,0,0,-1,0,232,2010,30102,800,650,-1,0,0,0,0,0,0,0,0,37200,1,-1,0,-1,-1,-1,1,0,135,250,0,102,0,0,[0|0|0|0],11,14,0,[0|0|0|0|0|0|0|0|0|0|0|0|0|0|0|0|0|0|0|0|0|0|0|0|0|0|0|0|0|0|0|0|0|0|0|0],1,1,0,12000,100,110,0,-1,0,0,0,-1,0,0,[0|0|0|0|0|0],3.9,1.2,3.3,0,0,0,0,0,0,0,0,0,0,0,0,0,0,0,0,0,0,0,0,0,0,0,0,12000,108,102,102,100,0,1,0,0,0,0,0,0,0,0,0,0,0,0,0,0,0,0,0,0,[0|0],360,0,0,0,[0|0],1,0,0,0,[0|0|0],1,1,0,0,0,1,0,-1,0,0,0,[0|0|0|0|0|0|0|0|0|0|0|0|0|0|0|0]
52000800,ARMS - Sarah's Frame!!,0,0,0,[0|0|0],100020,952000,100700,100710,100720,31500,31500,31500,13050,-1,-1,-1,40,1.1,-0.33,52000300,52000300,52000300,52000300,52000300,52000300,52000300,52000300,52000300,52000300,52000300,-1,-1,-1,-1,-1,1,1,1,1,1,1,1,1,-1,6448,1095,1171,0,0,100,100,25,0,0,0,0,0,0,0,0,100,100,100,0,0,-1,-1,1,0,1,0,2,0,3,0,0,1,0,0,1,0,0,0,0,0,0,0,0,0,0,0,0,0,0,0,0,0,0,0,0,0,0,0,0,0,0,0,0,0,0,0,0,0,0,0,0,0,0,0,0,0,0,0,0,0,0,0,0,0,0,0,1,1,0,0,0,1,1,1,1,1,1,1,103,100,103,100,0,0,0,0,-1,1,0,1,0,0,0,0,0,0,0,0,0,0,0,0,0,0,0,0,0,0,0,0,0,0,0,0,0,0,0,0,0,0,0,0,0,0,0,0,-1,31500,100,0,0,0,0,0,0,0,0,0,0,0,0,0,0,0,0,0,0,0,0,0,0,0,0,0,0,0,0,0,0,0,0,0,0,0,0,0,0,0,0,0,0,0,0,0,0,0,0,0,0,0,0,0,0,0,0,0,0,0,0,0,0,0,0,0,0,0,0,0,0,0,0,0,0,0,0,0,0,0,0,0,0,0,0,0,0,0,0,0,0,0,0,0,0,0,0,-1,0,332,2150,30102,800,650,-1,0,0,0,0,0,0,0,0,37200,1,-1,0,-1,-1,-1,1,0,96,266,0,150,0,0,[0|0|0|0],16,14,0,[0|0|0|0|0|0|0|0|0|0|0|0|0|0|0|0|0|0|0|0|0|0|0|0|0|0|0|0|0|0|0|0|0|0|0|0],1,1,0,11300,100,145,0,-1,0,0,0,-1,0,0,[0|0|0|0|0|0],3.25,2.2,4.8,0,0,0,0,0,0,0,0,0,0,0,0,0,0,0,0,0,0,0,0,0,0,0,0,12000,108,102,102,100,0,1,0,0,0,0,0,0,0,0,0,0,0,0,0,0,0,0,0,0,[0|0],360,0,0,0,[0|0],1,0,0,0,[0|0|0],1,1,0,0,0,0,0,-1,0,0,0,[0|0|0|0|0|0|0|0|0|0|0|0|0|0|0|0]
52000100,ARMS - AS-5000 SALAD,0,0,0,[0|0|0],400900,952000,100700,100710,100720,25200,25200,25200,20940,-1,-1,-1,40,1.1,-0.33,52000100,52000100,52000100,52000100,52000100,52000100,52000100,52000100,52000100,52000100,52000100,-1,-1,-1,-1,-1,1,1,1,1,1,1,1,1,-1,1080,1095,1171,0,0,100,100,25,0,0,0,0,0,0,0,0,100,100,100,0,0,-1,-1,1,0,1,0,2,0,3,0,0,1,0,0,1,0,0,0,0,0,0,0,0,0,0,0,0,0,0,0,0,0,0,0,0,0,0,0,0,0,0,0,0,0,0,0,0,0,0,0,0,0,0,0,0,0,0,0,0,0,0,0,0,0,0,0,1,1,0,0,0,1,1,1,1,1,1,1,103,100,103,100,0,0,0,0,-1,1,0,1,0,0,0,0,0,0,0,0,0,0,0,0,0,0,0,0,0,0,0,0,0,0,0,0,0,0,0,0,0,0,0,0,0,0,0,0,-1,25200,100,0,0,0,0,0,0,0,0,0,0,0,0,0,0,0,0,0,0,0,0,0,0,0,0,0,0,0,0,0,0,0,0,0,0,0,0,0,0,0,0,0,0,0,0,0,0,0,0,0,0,0,0,0,0,0,0,0,0,0,0,0,0,0,0,0,0,0,0,0,0,0,0,0,0,0,0,0,0,0,0,0,0,0,0,0,0,0,0,0,0,0,0,0,0,0,0,-1,0,218,2600,30102,800,650,-1,0,0,0,0,0,0,0,0,37200,1,-1,0,-1,-1,-1,1,0,88,287,0,140,0,0,[0|0|0|0],6,14,0,[0|0|0|0|0|0|0|0|0|0|0|0|0|0|0|0|0|0|0|0|0|0|0|0|0|0|0|0|0|0|0|0|0|0|0|0],1,1,0,18700,100,131,0,-1,0,0,0,-1,0,0,[0|0|0|0|0|0],5.8,7.1,5.5,0,0,0,0,0,0,0,0,0,0,0,0,0,0,0,0,0,0,0,0,0,0,0,0,8000,80,98,108,88,0,1,0,0,0,0,0,0,0,0,0,0,0,0,0,0,0,0,0,0,[0|0],360,0,0,0,[0|0],1,0,0,0,[0|0|0],1,1,0,0,0,0.5,0,-1,0,0,0,[0|0|0|0|0|0|0|0|0|0|0|0|0|0|0|0]
52010000,ARMS - DF-AR-08 TIAN-QIANG,0,0,0,[0|0|0],110000,952000,100700,100710,100720,56000,56000,56000,20020,-1,-1,-1,40,1.1,-0.33,52010000,52010000,52010000,52010000,52010000,52010000,52010000,52010000,52010000,52010000,52010000,-1,-1,-1,-1,-1,1,1,1,1,1,1,1,1,-1,2010,1095,1171,0,0,100,100,25,0,0,0,0,0,0,0,0,100,100,100,0,0,-1,-1,1,0,1,0,2,0,3,0,0,1,0,0,1,0,0,0,0,0,0,0,0,0,0,0,0,0,0,0,0,0,0,0,0,0,0,0,0,0,0,0,0,0,0,0,0,0,0,0,0,0,0,0,0,0,0,0,0,0,0,0,0,0,0,0,1,1,0,0,0,1,1,1,1,1,1,1,103,100,103,100,0,0,0,0,-1,1,0,1,0,0,0,0,0,0,0,0,0,0,0,0,0,0,0,0,0,0,0,0,0,0,0,0,0,0,0,0,0,0,0,0,0,0,0,0,-1,56000,100,0,0,0,0,0,0,0,0,0,0,0,0,0,0,0,0,0,0,0,0,0,0,0,0,0,0,0,0,0,0,0,0,0,0,0,0,0,0,0,0,0,0,0,0,0,0,0,0,0,0,0,0,0,0,0,0,0,0,0,0,0,0,0,0,0,0,0,0,0,0,0,0,0,0,0,0,0,0,0,0,0,0,0,0,0,0,0,0,0,0,0,0,0,0,0,0,-1,0,295,2480,30102,800,650,-1,0,0,0,0,0,0,0,0,37200,1,-1,0,-1,-1,-1,1,0,92,336,0,155,0,0,[0|0|0|0],12,14,0,[0|0|0|0|0|0|0|0|0|0|0|0|0|0|0|0|0|0|0|0|0|0|0|0|0|0|0|0|0|0|0|0|0|0|0|0],1,1,0,19500,100,94,0,-1,0,0,0,-1,0,0,[0|0|0|0|0|0],6,5,5.1,0,0,0,0,0,0,0,0,0,0,0,0,0,0,0,0,0,0,0,0,0,0,0,0,18000,145,132,89,108,0,1,0,0,0,0,0,0,0,0,0,0,0,0,0,0,0,0,0,0,[0|0],360,0,0,0,[0|0],1,0,0,0,[0|0|0],1,1,0,0,0,0,0,-1,0,0,0,[0|0|0|0|0|0|0|0|0|0|0|0|0|0|0|0]
52010100,ARMS - DF-AR-09 TIAN-LAO,0,0,0,[0|0|0],110010,952000,100700,100710,100720,25200,25200,25200,26740,-1,-1,-1,40,1.1,-0.33,52010100,52010100,52010100,52010100,52010100,52010100,52010100,52010100,52010100,52010100,52010100,-1,-1,-1,-1,-1,1,1,1,1,1,1,1,1,-1,2210,1095,1171,0,0,100,100,25,0,0,0,0,0,0,0,0,100,100,100,0,0,-1,-1,1,0,1,0,2,0,3,0,0,1,0,0,1,0,0,0,0,0,0,0,0,0,0,0,0,0,0,0,0,0,0,0,0,0,0,0,0,0,0,0,0,0,0,0,0,0,0,0,0,0,0,0,0,0,0,0,0,0,0,0,0,0,0,0,1,1,0,0,0,1,1,1,1,1,1,1,103,100,103,100,0,0,0,0,-1,1,0,1,0,0,0,0,0,0,0,0,0,0,0,0,0,0,0,0,0,0,0,0,0,0,0,0,0,0,0,0,0,0,0,0,0,0,0,0,-1,25200,100,0,0,0,0,0,0,0,0,0,0,0,0,0,0,0,0,0,0,0,0,0,0,0,0,0,0,0,0,0,0,0,0,0,0,0,0,0,0,0,0,0,0,0,0,0,0,0,0,0,0,0,0,0,0,0,0,0,0,0,0,0,0,0,0,0,0,0,0,0,0,0,0,0,0,0,0,0,0,0,0,0,0,0,0,0,0,0,0,0,0,0,0,0,0,0,0,-1,0,266,2970,30102,800,650,-1,0,0,0,0,0,0,0,0,37200,1,-1,0,-1,-1,-1,1,0,76,378,0,145,0,0,[0|0|0|0],12,14,0,[0|0|0|0|0|0|0|0|0|0|0|0|0|0|0|0|0|0|0|0|0|0|0|0|0|0|0|0|0|0|0|0|0|0|0|0],1,1,0,17200,100,81,0,-1,0,0,0,-1,0,0,[0|0|0|0|0|0],10.5,5.1,7.7,0,0,0,0,0,0,0,0,0,0,0,0,0,0,0,0,0,0,0,0,0,0,0,0,8000,80,98,108,88,0,1,0,0,0,0,0,0,0,0,0,0,0,0,0,0,0,0,0,0,[0|0],360,0,0,0,[0|0],1,0,0,0,[0|0|0],1,1,0,0,0,0.5,0,-1,0,0,0,[0|0|0|0|0|0|0|0|0|0|0|0|0|0|0|0]
52020000,ARMS - NACHTREIHER/46E,0,0,0,[0|0|0],210000,952000,100700,100710,100720,42700,42700,42700,11420,-1,-1,-1,40,1.1,-0.33,52020000,52020000,52020000,52020000,52020000,52020000,52020000,52020000,52020000,52020000,52020000,-1,-1,-1,-1,-1,1,1,1,1,1,1,1,1,-1,3010,1095,1171,0,0,100,100,25,0,0,0,0,0,0,0,0,100,100,100,0,0,-1,-1,1,0,1,0,2,0,3,0,0,1,0,0,1,0,0,0,0,0,0,0,0,0,0,0,0,0,0,0,0,0,0,0,0,0,0,0,0,0,0,0,0,0,0,0,0,0,0,0,0,0,0,0,0,0,0,0,0,0,0,0,0,0,0,0,1,1,0,0,0,1,1,1,1,1,1,1,103,100,103,100,0,0,0,0,-1,1,0,1,0,0,0,0,0,0,0,0,0,0,0,0,0,0,0,0,0,0,0,0,0,0,0,0,0,0,0,0,0,0,0,0,0,0,0,0,-1,42700,100,0,0,0,0,0,0,0,0,0,0,0,0,0,0,0,0,0,0,0,0,0,0,0,0,0,0,0,0,0,0,0,0,0,0,0,0,0,0,0,0,0,0,0,0,0,0,0,0,0,0,0,0,0,0,0,0,0,0,0,0,0,0,0,0,0,0,0,0,0,0,0,0,0,0,0,0,0,0,0,0,0,0,0,0,0,0,0,0,0,0,0,0,0,0,0,0,-1,0,290,1860,30102,800,650,-1,0,0,0,0,0,0,0,0,37200,1,-1,0,-1,-1,-1,1,0,160,199,0,119,0,0,[0|0|0|0],8,14,0,[0|0|0|0|0|0|0|0|0|0|0|0|0|0|0|0|0|0|0|0|0|0|0|0|0|0|0|0|0|0|0|0|0|0|0|0],1,1,0,13870,100,95,0,-1,0,0,0,-1,0,0,[0|0|0|0|0|0],0.4,1.3,-0.5,0,0,0,0,0,0,0,0,0,0,0,0,0,0,0,0,0,0,0,0,0,0,0,0,6300,86,92,122,104,0,1,0,0,0,0,0,0,0,0,0,0,0,0,0,0,0,0,0,0,[0|0],360,0,0,0,[0|0],1,0,0,0,[0|0|0],1,1,0,0,0,0,0,-1,0,0,0,[0|0|0|0|0|0|0|0|0|0|0|0|0|0|0|0]
52020100,ARMS - EISVOGEL,0,0,0,[0|0|0],210000,952000,100700,100710,100720,42700,42700,42700,11330,-1,-1,-1,40,1.1,-0.33,52020000,52020000,52020000,52020000,52020000,52020000,52020000,52020000,52020000,52020000,52020000,-1,-1,-1,-1,-1,1,1,1,1,1,1,1,1,-1,1999,1095,1171,0,0,100,100,25,0,0,0,0,0,0,0,0,100,100,100,0,0,-1,-1,1,0,1,0,2,0,3,0,0,1,0,0,1,0,0,0,0,0,0,0,0,0,0,0,0,0,0,0,0,0,0,0,0,0,0,0,0,0,0,0,0,0,0,0,0,0,0,0,0,0,0,0,0,0,0,0,0,0,0,0,0,0,0,0,1,1,0,0,0,1,1,1,1,1,1,1,103,100,103,100,0,0,0,0,-1,1,0,1,0,0,0,0,0,0,0,0,0,0,0,0,0,0,0,0,0,0,0,0,0,0,0,0,0,0,0,0,0,0,0,0,0,0,0,0,-1,42700,100,0,0,0,0,0,0,0,0,0,0,0,0,0,0,0,0,0,0,0,0,0,0,0,0,0,0,0,0,0,0,0,0,0,0,0,0,0,0,0,0,0,0,0,0,0,0,0,0,0,0,0,0,0,0,0,0,0,0,0,0,0,0,0,0,0,0,0,0,0,0,0,0,0,0,0,0,0,0,0,0,0,0,0,0,0,0,0,0,0,0,0,0,0,0,0,0,-1,0,300,1540,30102,800,650,-1,0,0,0,0,0,0,0,0,37200,1.2,-1,0,-1,-1,-1,1,0,129,217,0,131,0,0,[0|0|0|0],8,14,0,[0|0|0|0|0|0|0|0|0|0|0|0|0|0|0|0|0|0|0|0|0|0|0|0|0|0|0|0|0|0|0|0|0|0|0|0],1,1,0,13900,100,131,0,-1,0,0,0,-1,0,0,[0|0|0|0|0|0],0.6,1.3,-0.2,0,0,0,0,0,0,0,0,0,0,0,0,0,0,0,0,0,0,0,0,0,0,0,0,6300,86,92,122,104,0,1,0,0,0,0,0,0,0,0,0,0,0,0,0,0,0,0,0,0,[0|0],360,0,0,0,[0|0],1,0,0,0,[0|0|0],1,1,0,0,0,1.7,0,-1,0,0,0,[0|0|0|0|0|0|0|0|0|0|0|0|0|0|0|0]
52030000,ARMS - VP-46S,0,0,0,[0|0|0],200000,952000,100700,100710,100720,68600,68600,68600,14020,-1,-1,-1,40,1.1,-0.33,52030000,52030000,52030000,52030000,52030000,52030000,52030000,52030000,52030000,52030000,52030000,-1,-1,-1,-1,-1,1,1,1,1,1,1,1,1,-1,4010,1095,1171,0,0,100,100,25,0,0,0,0,0,0,0,0,100,100,100,0,0,-1,-1,1,0,1,0,2,0,3,0,0,1,0,0,1,0,0,0,0,0,0,0,0,0,0,0,0,0,0,0,0,0,0,0,0,0,0,0,0,0,0,0,0,0,0,0,0,0,0,0,0,0,0,0,0,0,0,0,0,0,0,0,0,0,0,0,1,1,0,0,0,1,1,1,1,1,1,1,103,100,103,100,0,0,0,0,-1,1,0,1,0,0,0,0,0,0,0,0,0,0,0,0,0,0,0,0,0,0,0,0,0,0,0,0,0,0,0,0,0,0,0,0,0,0,0,0,-1,68600,100,0,0,0,0,0,0,0,0,0,0,0,0,0,0,0,0,0,0,0,0,0,0,0,0,0,0,0,0,0,0,0,0,0,0,0,0,0,0,0,0,0,0,0,0,0,0,0,0,0,0,0,0,0,0,0,0,0,0,0,0,0,0,0,0,0,0,0,0,0,0,0,0,0,0,0,0,0,0,0,0,0,0,0,0,0,0,0,0,0,0,0,0,0,0,0,0,-1,0,278,2240,30102,800,650,-1,0,0,0,0,0,0,0,0,37200,1,-1,0,-1,-1,-1,1,0,102,244,0,116,0,0,[0|0|0|0],7,14,0,[0|0|0|0|0|0|0|0|0|0|0|0|0|0|0|0|0|0|0|0|0|0|0|0|0|0|0|0|0|0|0|0|0|0|0|0],1,1,0,14520,100,138,0,-1,0,0,0,-1,0,0,[0|0|0|0|0|0],3.1,5.2,1.8,0,0,0,0,0,0,0,0,0,0,0,0,0,0,0,0,0,0,0,0,0,0,0,0,9600,92,108,98,112,0,1,0,0,0,0,0,0,0,0,0,0,0,0,0,0,0,0,0,0,[0|0],360,0,0,0,[0|0],1,0,0,0,[0|0|0],1,1,0,0,0,0,0,-1,0,0,0,[0|0|0|0|0|0|0|0|0|0|0|0|0|0|0|0]
52030100,ARMS - VP-46D,0,0,0,[0|0|0],200010,952000,100700,100710,100720,25200,25200,25200,10990,-1,-1,-1,40,1.1,-0.33,52030100,52030100,52030100,52030100,52030100,52030100,52030100,52030100,52030100,52030100,52030100,-1,-1,-1,-1,-1,1,1,1,1,1,1,1,1,-1,4210,1095,1171,0,0,100,100,25,0,0,0,0,0,0,0,0,100,100,100,0,0,-1,-1,1,0,1,0,2,0,3,0,0,1,0,0,1,0,0,0,0,0,0,0,0,0,0,0,0,0,0,0,0,0,0,0,0,0,0,0,0,0,0,0,0,0,0,0,0,0,0,0,0,0,0,0,0,0,0,0,0,0,0,0,0,0,0,0,1,1,0,0,0,1,1,1,1,1,1,1,103,100,103,100,0,0,0,0,-1,1,0,1,0,0,0,0,0,0,0,0,0,0,0,0,0,0,0,0,0,0,0,0,0,0,0,0,0,0,0,0,0,0,0,0,0,0,0,0,-1,25200,100,0,0,0,0,0,0,0,0,0,0,0,0,0,0,0,0,0,0,0,0,0,0,0,0,0,0,0,0,0,0,0,0,0,0,0,0,0,0,0,0,0,0,0,0,0,0,0,0,0,0,0,0,0,0,0,0,0,0,0,0,0,0,0,0,0,0,0,0,0,0,0,0,0,0,0,0,0,0,0,0,0,0,0,0,0,0,0,0,0,0,0,0,0,0,0,0,-1,0,248,1620,30102,800,650,-1,0,0,0,0,0,0,0,0,37200,1,-1,0,-1,-1,-1,1,0,133,281,0,105,0,0,[0|0|0|0],7,14,0,[0|0|0|0|0|0|0|0|0|0|0|0|0|0|0|0|0|0|0|0|0|0|0|0|0|0|0|0|0|0|0|0|0|0|0|0],1,1,0,11800,100,139,0,-1,0,0,0,-1,0,0,[0|0|0|0|0|0],-0.4,3,-1,0,0,0,0,0,0,0,0,0,0,0,0,0,0,0,0,0,0,0,0,0,0,0,0,8000,80,98,108,88,0,1,0,0,0,0,0,0,0,0,0,0,0,0,0,0,0,0,0,0,[0|0],360,0,0,0,[0|0],1,0,0,0,[0|0|0],1,1,0,0,0,1.2,0,-1,0,0,0,[0|0|0|0|0|0|0|0|0|0|0|0|0|0|0|0]
52030200,ARMS - AAP07 BALTEUS,0,0,0,[0|0|0],710000,952000,100700,100710,100720,68600,68600,68600,14960,-1,-1,-1,40,1.1,-0.33,52030000,52030000,52030000,52030000,52030000,52030000,52030000,52030000,52030000,52030000,52030000,-1,-1,-1,-1,-1,1,1,1,1,1,1,1,1,-1,4020,1095,1171,0,0,100,100,25,0,0,0,0,0,0,0,0,100,100,100,0,0,-1,-1,1,0,1,0,2,0,3,0,0,1,0,0,1,0,0,0,0,0,0,0,0,0,0,0,0,0,0,0,0,0,0,0,0,0,0,0,0,0,0,0,0,0,0,0,0,0,0,0,0,0,0,0,0,0,0,0,0,0,0,0,0,0,0,0,1,1,0,0,0,1,1,1,1,1,1,1,103,100,103,100,0,0,0,0,-1,1,0,1,0,0,0,0,0,0,0,0,0,0,0,0,0,0,0,0,0,0,0,0,0,0,0,0,0,0,0,0,0,0,0,0,0,0,0,0,-1,68600,100,0,0,0,0,0,0,0,0,0,0,0,0,0,0,0,0,0,0,0,0,0,0,0,0,0,0,0,0,0,0,0,0,0,0,0,0,0,0,0,0,0,0,0,0,0,0,0,0,0,0,0,0,0,0,0,0,0,0,0,0,0,0,0,0,0,0,0,0,0,0,0,0,0,0,0,0,0,0,0,0,0,0,0,0,0,0,0,0,0,0,0,0,0,0,0,0,-1,0,430,2090,30102,800,650,-1,0,0,0,0,0,0,0,0,37200,1,-1,0,-1,-1,-1,1,0,120,303,0,198,0,0,[0|0|0|0],3,14,0,[0|0|0|0|0|0|0|0|0|0|0|0|0|0|0|0|0|0|0|0|0|0|0|0|0|0|0|0|0|0|0|0|0|0|0|0],1,1,0,16800,100,78,0,-1,0,0,0,-1,0,0,[0|0|0|0|0|0],6.9,6.7,4,0,0,0,0,0,0,0,0,0,0,0,0,0,0,0,0,0,0,0,0,0,0,0,0,9600,92,108,98,112,0,1,0,0,0,0,0,0,0,0,0,0,0,0,0,0,0,0,0,0,[0|0],360,0,0,0,[0|0],1,0,0,0,[0|0|0],1,1,0,0,0,0,0,-1,0,0,0,[0|0|0|0|0|0|0|0|0|0|0|0|0|0|0|0]
52040000,ARMS - VE-46A,0,0,0,[0|0|0],300000,952000,100700,100710,100720,25200,25200,25200,22210,-1,-1,-1,40,1.1,-0.33,52040000,52040000,52040000,52040000,52040000,52040000,52040000,52040000,52040000,52040000,52040000,-1,-1,-1,-1,-1,1,1,1,1,1,1,1,1,-1,5010,1095,1171,0,0,100,100,25,0,0,0,0,0,0,0,0,100,100,100,0,0,-1,-1,1,0,1,0,2,0,3,0,0,1,0,0,1,0,0,0,0,0,0,0,0,0,0,0,0,0,0,0,0,0,0,0,0,0,0,0,0,0,0,0,0,0,0,0,0,0,0,0,0,0,0,0,0,0,0,0,0,0,0,0,0,0,0,0,1,1,0,0,0,1,1,1,1,1,1,1,103,100,103,100,0,0,0,0,-1,1,0,1,0,0,0,0,0,0,0,0,0,0,0,0,0,0,0,0,0,0,0,0,0,0,0,0,0,0,0,0,0,0,0,0,0,0,0,0,-1,25200,100,0,0,0,0,0,0,0,0,0,0,0,0,0,0,0,0,0,0,0,0,0,0,0,0,0,0,0,0,0,0,0,0,0,0,0,0,0,0,0,0,0,0,0,0,0,0,0,0,0,0,0,0,0,0,0,0,0,0,0,0,0,0,0,0,0,0,0,0,0,0,0,0,0,0,0,0,0,0,0,0,0,0,0,0,0,0,0,0,0,0,0,0,0,0,0,0,-1,0,380,2660,30102,800,650,-1,0,0,0,0,0,0,0,0,37200,1,-1,0,-1,-1,-1,1,0,80,391,0,170,0,0,[0|0|0|0],20,14,0,[0|0|0|0|0|0|0|0|0|0|0|0|0|0|0|0|0|0|0|0|0|0|0|0|0|0|0|0|0|0|0|0|0|0|0|0],1,1,0,21300,100,98,0,-1,0,0,0,-1,0,0,[0|0|0|0|0|0],6.2,7,5.7,0,0,0,0,0,0,0,0,0,0,0,0,0,0,0,0,0,0,0,0,0,0,0,0,8000,80,98,108,88,0,1,0,0,0,0,0,0,0,0,0,0,0,0,0,0,0,0,0,0,[0|0],360,0,0,0,[0|0],1,0,0,0,[0|0|0],1,1,0,0,0,1.4,0,-1,0,0,0,[0|0|0|0|0|0|0|0|0|0|0|0|0|0|0|0]
52050000,ARMS - 04-101 MIND ALPHA,0,0,0,[0|0|0],500000,952000,100700,100710,100720,87500,87500,87500,16960,-1,-1,-1,40,1.1,-0.33,52050000,52050000,52050000,52050000,52050000,52050000,52050000,52050000,52050000,52050000,52050000,-1,-1,-1,-1,-1,1,1,1,1,1,1,1,1,-1,6010,1095,1171,0,0,100,100,25,0,0,0,0,0,0,0,0,100,100,100,0,0,-1,-1,1,0,1,0,2,0,3,0,0,1,0,0,1,0,0,0,0,0,0,0,0,0,0,0,0,0,0,0,0,0,0,0,0,0,0,0,0,0,0,0,0,0,0,0,0,0,0,0,0,0,0,0,0,0,0,0,0,0,0,0,0,0,0,0,1,1,0,0,0,1,1,1,1,1,1,1,103,100,103,100,0,0,0,0,-1,1,0,1,0,0,0,0,0,0,0,0,0,0,0,0,0,0,0,0,0,0,0,0,0,0,0,0,0,0,0,0,0,0,0,0,0,0,0,0,-1,87500,100,0,0,0,0,0,0,0,0,0,0,0,0,0,0,0,0,0,0,0,0,0,0,0,0,0,0,0,0,0,0,0,0,0,0,0,0,0,0,0,0,0,0,0,0,0,0,0,0,0,0,0,0,0,0,0,0,0,0,0,0,0,0,0,0,0,0,0,0,0,0,0,0,0,0,0,0,0,0,0,0,0,0,0,0,0,0,0,0,0,0,0,0,0,0,0,0,-1,0,358,2300,30102,800,650,-1,0,0,0,0,0,0,0,0,37200,1,-1,0,-1,-1,-1,1,0,103,262,0,142,0,0,[0|0|0|0],4,14,0,[0|0|0|0|0|0|0|0|0|0|0|0|0|0|0|0|0|0|0|0|0|0|0|0|0|0|0|0|0|0|0|0|0|0|0|0],1,1,0,15550,100,88,0,-1,0,0,0,-1,0,0,[0|0|0|0|0|0],4.5,6,4.6,0,0,0,0,0,0,0,0,0,0,0,0,0,0,0,0,0,0,0,0,0,0,0,0,16000,132,121,92,102,0,1,0,0,0,0,0,0,0,0,0,0,0,0,0,0,0,0,0,0,[0|0],360,0,0,0,[0|0],1,0,0,0,[0|0|0],1,1,0,0,0,0,0,-1,0,0,0,[0|0|0|0|0|0|0|0|0|0|0|0|0|0|0|0]
52060000,ARMS - EL-TA-10 FIRMEZA,0,0,0,[0|0|0],410000,952000,100700,100710,100720,25200,25200,25200,11220,-1,-1,-1,40,1.1,-0.33,52060000,52060000,52060000,52060000,52060000,52060000,52060000,52060000,52060000,52060000,52060000,-1,-1,-1,-1,-1,1,1,1,1,1,1,1,1,-1,7010,1095,1171,0,0,100,100,25,0,0,0,0,0,0,0,0,100,100,100,0,0,-1,-1,1,0,1,0,2,0,3,0,0,1,0,0,1,0,0,0,0,0,0,0,0,0,0,0,0,0,0,0,0,0,0,0,0,0,0,0,0,0,0,0,0,0,0,0,0,0,0,0,0,0,0,0,0,0,0,0,0,0,0,0,0,0,0,0,1,1,0,0,0,1,1,1,1,1,1,1,103,100,103,100,0,0,0,0,-1,1,0,1,0,0,0,0,0,0,0,0,0,0,0,0,0,0,0,0,0,0,0,0,0,0,0,0,0,0,0,0,0,0,0,0,0,0,0,0,-1,25200,100,0,0,0,0,0,0,0,0,0,0,0,0,0,0,0,0,0,0,0,0,0,0,0,0,0,0,0,0,0,0,0,0,0,0,0,0,0,0,0,0,0,0,0,0,0,0,0,0,0,0,0,0,0,0,0,0,0,0,0,0,0,0,0,0,0,0,0,0,0,0,0,0,0,0,0,0,0,0,0,0,0,0,0,0,0,0,0,0,0,0,0,0,0,0,0,0,-1,0,270,1900,30102,800,650,-1,0,0,0,0,0,0,0,0,37200,1,-1,0,-1,-1,-1,1,0,122,280,0,111,0,0,[0|0|0|0],19,14,0,[0|0|0|0|0|0|0|0|0|0|0|0|0|0|0|0|0|0|0|0|0|0|0|0|0|0|0|0|0|0|0|0|0|0|0|0],1,1,0,13540,100,120,0,-1,0,0,0,-1,0,0,[0|0|0|0|0|0],1,1.4,-1.3,0,0,0,0,0,0,0,0,0,0,0,0,0,0,0,0,0,0,0,0,0,0,0,0,8000,80,98,108,88,0,1,0,0,0,0,0,0,0,0,0,0,0,0,0,0,0,0,0,0,[0|0],360,0,0,0,[0|0],1,0,0,0,[0|0|0],1,1,0,0,0,0.5,0,-1,0,0,0,[0|0|0|0|0|0|0|0|0|0|0|0|0|0|0|0]
52060900,ARMS - EL-RC-16 GRANIZO,0,0,0,[0|0|0],410000,952000,100700,100710,100720,25200,25200,25200,11910,-1,-1,-1,40,1.1,-0.33,52060900,52060900,52060900,52060900,52060900,52060900,52060900,52060900,52060900,52060900,52060900,-1,-1,-1,-1,-1,1,1,1,1,1,1,1,1,-1,4021,1095,1171,0,0,100,100,25,0,0,0,0,0,0,0,0,100,100,100,0,0,-1,-1,1,0,1,0,2,0,3,0,0,1,0,0,1,0,0,0,0,0,0,0,0,0,0,0,0,0,0,0,0,0,0,0,0,0,0,0,0,0,0,0,0,0,0,0,0,0,0,0,0,0,0,0,0,0,0,0,0,0,0,0,0,0,0,0,1,1,0,0,0,1,1,1,1,1,1,1,103,100,103,100,0,0,0,0,-1,1,0,1,0,0,0,0,0,0,0,0,0,0,0,0,0,0,0,0,0,0,0,0,0,0,0,0,0,0,0,0,0,0,0,0,0,0,0,0,-1,25200,100,0,0,0,0,0,0,0,0,0,0,0,0,0,0,0,0,0,0,0,0,0,0,0,0,0,0,0,0,0,0,0,0,0,0,0,0,0,0,0,0,0,0,0,0,0,0,0,0,0,0,0,0,0,0,0,0,0,0,0,0,0,0,0,0,0,0,0,0,0,0,0,0,0,0,0,0,0,0,0,0,0,0,0,0,0,0,0,0,0,0,0,0,0,0,0,0,-1,0,306,2460,30102,800,650,-1,0,0,0,0,0,0,0,0,37200,1,-1,0,-1,-1,-1,1,0,68,296,0,93,0,0,[0|0|0|0],19,14,0,[0|0|0|0|0|0|0|0|0|0|0|0|0|0|0|0|0|0|0|0|0|0|0|0|0|0|0|0|0|0|0|0|0|0|0|0],1,1,0,11380,100,77,0,-1,0,0,0,-1,0,0,[0|0|0|0|0|0],-0.1,-1.1999999,0.4,0,0,0,0,0,0,0,0,0,0,0,0,0,0,0,0,0,0,0,0,0,0,0,0,8000,80,98,108,88,0,1,0,0,0,0,0,0,0,0,0,0,0,0,0,0,0,0,0,0,[0|0],360,0,0,0,[0|0],1,0,0,0,[0|0|0],1,1,0,0,0,0.5,0,-1,0,0,0,[0|0|0|0|0|0|0|0|0|0|0|0|0|0|0|0]
52070200,ARMS - AA-J-123 BASHO,0,0,0,[0|0|0],1,952000,100700,100710,100720,32900,32900,32900,10480,-1,-1,-1,40,1.1,-0.33,52070200,52070200,52070200,52070200,52070200,52070200,52070200,52070200,52070200,52070200,52070200,-1,-1,-1,-1,-1,1,1,1,1,1,1,1,1,-1,8030,1095,1171,0,0,100,100,25,0,0,0,0,0,0,0,0,100,100,100,0,0,-1,-1,1,0,1,0,2,0,3,0,0,1,0,0,1,0,0,0,0,0,0,0,0,0,0,0,0,0,0,0,0,0,0,0,0,0,0,0,0,0,0,0,0,0,0,0,0,0,0,0,0,0,0,0,0,0,0,0,0,0,0,0,0,0,0,0,1,1,0,0,0,1,1,1,1,1,1,1,103,100,103,100,0,0,0,0,-1,1,0,1,0,0,0,0,0,0,0,0,0,0,0,0,0,0,0,0,0,0,0,0,0,0,0,0,0,0,0,0,0,0,0,0,0,0,0,0,-1,32900,100,0,0,0,0,0,0,0,0,0,0,0,0,0,0,0,0,0,0,0,0,0,0,0,0,0,0,0,0,0,0,0,0,0,0,0,0,0,0,0,0,0,0,0,0,0,0,0,0,0,0,0,0,0,0,0,0,0,0,0,0,0,0,0,0,0,0,0,0,0,0,0,0,0,0,0,0,0,0,0,0,0,0,0,0,0,0,0,0,0,0,0,0,0,0,0,0,-1,0,210,2430,30102,800,650,-1,0,0,0,0,0,0,0,0,37200,1,-1,0,-1,-1,-1,1,0,53,202,0,66,0,0,[0|0|0|0],15,14,0,[0|0|0|0|0|0|0|0|0|0|0|0|0|0|0|0|0|0|0|0|0|0|0|0|0|0|0|0|0|0|0|0|0|0|0|0],1,1,0,10520,100,158,0,-1,0,0,0,-1,0,0,[0|0|0|0|0|0],0.8,-0.9,2.5,0,0,0,0,0,0,0,0,0,0,0,0,0,0,0,0,0,0,0,0,0,0,0,0,7200,70,76,132,87,0,1,0,0,0,0,0,0,0,0,0,0,0,0,0,0,0,0,0,0,[0|0],360,0,0,0,[0|0],1,0,0,0,[0|0|0],1,1,0,0,0,0,0,-1,0,0,0,[0|0|0|0|0|0|0|0|0|0|0|0|0|0|0|0]
52070300,ARMS - AC-3000 WRECKER,0,0,0,[0|0|0],400100,952000,100700,100710,100720,25200,25200,25200,14150,-1,-1,-1,40,1.1,-0.33,52070300,52070300,52070300,52070300,52070300,52070300,52070300,52070300,52070300,52070300,52070300,-1,-1,-1,-1,-1,1,1,1,1,1,1,1,1,-1,8040,1095,1171,0,0,100,100,25,0,0,0,0,0,0,0,0,100,100,100,0,0,-1,-1,1,0,1,0,2,0,3,0,0,1,0,0,1,0,0,0,0,0,0,0,0,0,0,0,0,0,0,0,0,0,0,0,0,0,0,0,0,0,0,0,0,0,0,0,0,0,0,0,0,0,0,0,0,0,0,0,0,0,0,0,0,0,0,0,1,1,0,0,0,1,1,1,1,1,1,1,103,100,103,100,0,0,0,0,-1,1,0,1,0,0,0,0,0,0,0,0,0,0,0,0,0,0,0,0,0,0,0,0,0,0,0,0,0,0,0,0,0,0,0,0,0,0,0,0,-1,25200,100,0,0,0,0,0,0,0,0,0,0,0,0,0,0,0,0,0,0,0,0,0,0,0,0,0,0,0,0,0,0,0,0,0,0,0,0,0,0,0,0,0,0,0,0,0,0,0,0,0,0,0,0,0,0,0,0,0,0,0,0,0,0,0,0,0,0,0,0,0,0,0,0,0,0,0,0,0,0,0,0,0,0,0,0,0,0,0,0,0,0,0,0,0,0,0,0,-1,0,220,2030,30102,800,650,-1,0,0,0,0,0,0,0,0,37200,1,-1,0,-1,-1,-1,1,0,26,332,0,345,0,0,[0|0|0|0],6,14,0,[0|0|0|0|0|0|0|0|0|0|0|0|0|0|0|0|0|0|0|0|0|0|0|0|0|0|0|0|0|0|0|0|0|0|0|0],1,1,0,17100,100,72,0,-1,0,0,0,-1,0,0,[0|0|0|0|0|0],3.2,-2,3.7,0,0,0,0,0,0,0,0,0,0,0,0,0,0,0,0,0,0,0,0,0,0,0,0,8000,80,98,108,88,0,1,0,0,0,0,0,0,0,0,0,0,0,0,0,0,0,0,0,0,[0|0],360,0,0,0,[0|0],1,0,0,0,[0|0|0],1,1,0,0,0,0,0,-1,0,0,0,[0|0|0|0|0|0|0|0|0|0|0|0|0|0|0|0]
52074100,ARMS - Hysteric,0,0,0,[0|0|0],400920,952000,100700,100710,100720,25200,25200,25200,10180,900099,-1,-1,40,1.1,-0.33,52070300,52070300,52070300,52070300,52070300,52070300,52070300,52070300,52070300,52070300,52070300,-1,-1,-1,-1,-1,1,1,1,1,1,1,1,1,-1,2012,1095,1171,0,0,100,100,25,0,0,0,0,0,0,0,0,100,100,100,0,0,-1,-1,1,0,1,0,2,0,3,0,0,1,0,0,1,0,0,0,0,0,0,0,0,0,0,0,0,0,0,0,0,0,0,0,0,0,0,0,0,0,0,0,0,0,0,0,0,0,0,0,0,0,0,0,0,0,0,0,0,0,0,0,0,0,0,0,1,1,0,0,0,1,1,1,1,1,1,1,103,100,103,100,0,0,0,0,-1,1,0,1,0,0,0,0,0,0,0,0,0,0,0,0,0,0,0,0,0,0,0,0,0,0,0,0,0,0,0,0,0,0,0,0,0,0,0,0,-1,25200,100,0,0,0,0,0,0,0,0,0,0,0,0,0,0,0,0,0,0,0,0,0,0,0,0,0,0,0,0,0,0,0,0,0,0,0,0,0,0,0,0,0,0,0,0,0,0,0,0,0,0,0,0,0,0,0,0,0,0,0,0,0,0,0,0,0,0,0,0,0,0,0,0,0,0,0,0,0,0,0,0,0,0,0,0,0,0,0,0,0,0,0,0,0,0,0,0,-1,0,278,930,30102,800,650,-1,0,0,0,0,0,0,0,0,37200,1,-1,0,-1,-1,-1,1,0,31,172,0,87,0,0,[0|0|0|0],1,14,0,[0|0|0|0|0|0|0|0|0|0|0|0|0|0|0|0|0|0|0|0|0|0|0|0|0|0|0|0|0|0|0|0|0|0|0|0],1,1,0,11700,100,110,0,-1,0,0,0,-1,0,0,[0|0|0|0|0|0],-1,-2.8,-2.3,0,0,0,0,0,0,0,0,0,0,0,0,0,0,0,0,0,0,0,0,0,0,0,0,8000,80,98,108,88,0,1,0,0,0,0,0,0,0,0,0,0,0,0,0,0,0,0,0,0,[0|0],360,0,0,0,[0|0],1,0,0,0,[0|0|0],1,1,0,0,0,0,0,-1,0,0,0,[0|0|0|0|0|0|0|0|0|0|0|0|0|0|0|0]
52070400,ARMS - AC-2000 TOOL ARM,0,0,0,[0|0|0],400000,952000,100700,100710,100720,25200,25200,25200,11300,-1,-1,-1,40,1.1,-0.33,52070400,52070400,52070400,52070400,52070400,52070400,52070400,52070400,52070400,52070400,52070400,-1,-1,-1,-1,-1,1,1,1,1,1,1,1,1,-1,1400,1095,1171,0,0,100,100,25,0,0,0,0,0,0,0,0,100,100,100,0,0,-1,-1,1,0,1,0,2,0,3,0,0,1,0,0,1,0,0,0,0,0,0,0,0,0,0,0,0,0,0,0,0,0,0,0,0,0,0,0,0,0,0,0,0,0,0,0,0,0,0,0,0,0,0,0,0,0,0,0,0,0,0,0,0,0,0,0,1,1,0,0,0,1,1,1,1,1,1,1,103,100,103,100,0,0,0,0,-1,1,0,1,0,0,0,0,0,0,0,0,0,0,0,0,0,0,0,0,0,0,0,0,0,0,0,0,0,0,0,0,0,0,0,0,0,0,0,0,-1,25200,100,0,0,0,0,0,0,0,0,0,0,0,0,0,0,0,0,0,0,0,0,0,0,0,0,0,0,0,0,0,0,0,0,0,0,0,0,0,0,0,0,0,0,0,0,0,0,0,0,0,0,0,0,0,0,0,0,0,0,0,0,0,0,0,0,0,0,0,0,0,0,0,0,0,0,0,0,0,0,0,0,0,0,0,0,0,0,0,0,0,0,0,0,0,0,0,0,-1,0,216,1990,30102,800,650,-1,0,0,0,0,0,0,0,0,37200,1,-1,0,-1,-1,-1,1,0,96,212,0,110,0,0,[0|0|0|0],6,14,0,[0|0|0|0|0|0|0|0|0|0|0|0|0|0|0|0|0|0|0|0|0|0|0|0|0|0|0|0|0|0|0|0|0|0|0|0],1,1,0,13300,100,100,0,-1,0,0,0,-1,0,0,[0|0|0|0|0|0],0.7,0.4,0.9,0,0,0,0,0,0,0,0,0,0,0,0,0,0,0,0,0,0,0,0,0,0,0,0,8000,80,98,108,88,0,1,0,0,0,0,0,0,0,0,0,0,0,0,0,0,0,0,0,0,[0|0],360,0,0,0,[0|0],1,0,0,0,[0|0|0],1,1,0,0,0,0.2,0,-1,0,0,0,[0|0|0|0|0|0|0|0|0|0|0|0|0|0|0|0]
52070500,ARMS - AR-1000 RAVAGER,0,0,0,[0|0|0],400910,952000,100700,100710,100720,25200,25200,25200,14680,-1,-1,-1,40,1.1,-0.33,52070500,52070500,52070500,52070500,52070500,52070500,52070500,52070500,52070500,52070500,52070500,-1,-1,-1,-1,-1,1,1,1,1,1,1,1,1,-1,621,1095,1171,0,0,100,100,25,0,0,0,0,0,0,0,0,100,100,100,0,0,-1,-1,1,0,1,0,2,0,3,0,0,1,0,0,1,0,0,0,0,0,0,0,0,0,0,0,0,0,0,0,0,0,0,0,0,0,0,0,0,0,0,0,0,0,0,0,0,0,0,0,0,0,0,0,0,0,0,0,0,0,0,0,0,0,0,0,1,1,0,0,0,1,1,1,1,1,1,1,103,100,103,100,0,0,0,0,-1,1,0,1,0,0,0,0,0,0,0,0,0,0,0,0,0,0,0,0,0,0,0,0,0,0,0,0,0,0,0,0,0,0,0,0,0,0,0,0,-1,25200,100,0,0,0,0,0,0,0,0,0,0,0,0,0,0,0,0,0,0,0,0,0,0,0,0,0,0,0,0,0,0,0,0,0,0,0,0,0,0,0,0,0,0,0,0,0,0,0,0,0,0,0,0,0,0,0,0,0,0,0,0,0,0,0,0,0,0,0,0,0,0,0,0,0,0,0,0,0,0,0,0,0,0,0,0,0,0,0,0,0,0,0,0,0,0,0,0,-1,0,370,2450,30102,800,650,-1,0,0,0,0,0,0,0,0,37200,1,-1,0,-1,-1,-1,1,0,115,255,0,122,0,0,[0|0|0|0],6,14,0,[0|0|0|0|0|0|0|0|0|0|0|0|0|0|0|0|0|0|0|0|0|0|0|0|0|0|0|0|0|0|0|0|0|0|0|0],1,1,0,13450,100,118,0,-1,0,0,0,-1,0,0,[0|0|0|0|0|0],4.7,4.7,4.7,0,0,0,0,0,0,0,0,0,0,0,0,0,0,0,0,0,0,0,0,0,0,0,0,8000,80,98,108,88,0,1,0,0,0,0,0,0,0,0,0,0,0,0,0,0,0,0,0,0,[0|0],360,0,0,0,[0|0],1,0,0,0,[0|0|0],1,1,0,0,0,0.2,0,-1,0,0,0,[0|0|0|0|0|0|0|0|0|0|0|0|0|0|0|0]
52070700,ARMS - AR-1000 RAVAGER/RC (Missing arm),0,0,0,[0|0|0],400911,952000,100700,100710,100720,25200,25200,25200,9180,-1,-1,-1,40,1.1,-0.33,52070700,52070700,52070700,52070700,52070700,52070700,52070700,52070700,52070700,52070700,52070700,-1,-1,-1,-1,-1,1,1,1,1,1,1,1,1,-1,6211,1095,1171,0,0,100,100,25,0,0,0,0,0,0,0,0,100,100,100,0,0,-1,-1,1,0,1,0,2,0,3,0,0,1,0,0,1,0,0,0,0,0,0,0,0,0,0,0,0,0,0,0,0,0,0,0,0,0,0,0,0,0,0,0,0,0,0,0,0,0,0,0,0,0,0,0,0,0,0,0,0,0,0,0,0,0,0,0,1,1,0,0,0,1,1,1,1,1,1,1,103,100,103,100,0,0,0,0,-1,1,0,1,0,0,0,0,0,0,0,0,0,0,0,0,0,0,0,0,0,0,0,0,0,0,0,0,0,0,0,0,0,0,0,0,0,0,0,0,-1,25200,100,0,0,0,0,0,0,0,0,0,0,0,0,0,0,0,0,0,0,0,0,0,0,0,0,0,0,0,0,0,0,0,0,0,0,0,0,0,0,0,0,0,0,0,0,0,0,0,0,0,0,0,0,0,0,0,0,0,0,0,0,0,0,0,0,0,0,0,0,0,0,0,0,0,0,0,0,0,0,0,0,0,0,0,0,0,0,0,0,0,0,0,0,0,0,0,0,-1,0,195,1380,30102,800,650,-1,0,0,0,0,0,0,0,0,37200,1,-1,0,-1,-1,-1,1,0,87,100,0,91,0,0,[0|0|0|0],6,14,0,[0|0|0|0|0|0|0|0|0|0|0|0|0|0|0|0|0|0|0|0|0|0|0|0|0|0|0|0|0|0|0|0|0|0|0|0],1,1,0,11250,100,0,0,-1,0,0,0,-1,0,0,[0|0|0|0|0|0],-0.7,-0.7,-0.7,0,0,0,0,0,0,0,0,0,0,0,0,0,0,0,0,0,0,0,0,0,0,0,0,8000,80,98,108,88,0,1,0,0,0,0,0,0,0,0,0,0,0,0,0,0,0,0,0,0,[0|0],360,0,0,0,[0|0],1,0,0,0,[0|0|0],1,1,0,0,0,0.2,0,-1,0,0,0,[0|0|0|0|0|0|0|0|0|0|0|0|0|0|0|0]
52070800,ARMS - AR-1000 RAVAGER/RC (Repaired),0,0,0,[0|0|0],400911,952000,100700,100710,100720,25200,25200,25200,9450,-1,-1,-1,40,1.1,-0.33,52070700,52070700,52070700,52070700,52070700,52070700,52070700,52070700,52070700,52070700,52070700,-1,-1,-1,-1,-1,1,1,1,1,1,1,1,1,-1,6210,1095,1171,0,0,100,100,25,0,0,0,0,0,0,0,0,100,100,100,0,0,-1,-1,1,0,1,0,2,0,3,0,0,1,0,0,1,0,0,0,0,0,0,0,0,0,0,0,0,0,0,0,0,0,0,0,0,0,0,0,0,0,0,0,0,0,0,0,0,0,0,0,0,0,0,0,0,0,0,0,0,0,0,0,0,0,0,0,1,1,0,0,0,1,1,1,1,1,1,1,103,100,103,100,0,0,0,0,-1,1,0,1,0,0,0,0,0,0,0,0,0,0,0,0,0,0,0,0,0,0,0,0,0,0,0,0,0,0,0,0,0,0,0,0,0,0,0,0,-1,25200,100,0,0,0,0,0,0,0,0,0,0,0,0,0,0,0,0,0,0,0,0,0,0,0,0,0,0,0,0,0,0,0,0,0,0,0,0,0,0,0,0,0,0,0,0,0,0,0,0,0,0,0,0,0,0,0,0,0,0,0,0,0,0,0,0,0,0,0,0,0,0,0,0,0,0,0,0,0,0,0,0,0,0,0,0,0,0,0,0,0,0,0,0,0,0,0,0,-1,0,198,1420,30102,800,650,-1,0,0,0,0,0,0,0,0,37200,1,-1,0,-1,-1,-1,1,0,87,131,0,91,0,0,[0|0|0|0],6,14,0,[0|0|0|0|0|0|0|0|0|0|0|0|0|0|0|0|0|0|0|0|0|0|0|0|0|0|0|0|0|0|0|0|0|0|0|0],1,1,0,12630,100,41,0,-1,0,0,0,-1,0,0,[0|0|0|0|0|0],-0.7,-0.7,-0.7,0,0,0,0,0,0,0,0,0,0,0,0,0,0,0,0,0,0,0,0,0,0,0,0,8000,80,98,108,88,0,1,0,0,0,0,0,0,0,0,0,0,0,0,0,0,0,0,0,0,[0|0],360,0,0,0,[0|0],1,0,0,0,[0|0|0],1,1,0,0,0,0.2,0,-1,0,0,0,[0|0|0|0|0|0|0|0|0|0|0|0|0|0|0|0]
52080000,ARMS - IB-C03A: HAL 826,0,0,0,[0|0|0],700000,952000,100700,100710,100720,25200,25200,25200,14160,-1,-1,-1,40,1.1,-0.33,52080000,52080000,52080000,52080000,52080000,52080000,52080000,52080000,52080000,52080000,52080000,-1,-1,-1,-1,-1,1,1,1,1,1,1,1,1,-1,8010,1095,1171,0,0,100,100,25,0,0,0,0,0,0,0,0,100,100,100,0,0,-1,-1,1,0,1,0,2,0,3,0,0,1,0,0,1,0,0,0,0,0,0,0,0,0,0,0,0,0,0,0,0,0,0,0,0,0,0,0,0,0,0,0,0,0,0,0,0,0,0,0,0,0,0,0,0,0,0,0,0,0,0,0,0,0,0,0,1,1,0,0,0,1,1,1,1,1,1,1,103,100,103,100,0,0,0,0,-1,1,0,1,0,0,0,0,0,0,0,0,0,0,0,0,0,0,0,0,0,0,0,0,0,0,0,0,0,0,0,0,0,0,0,0,0,0,0,0,-1,25200,100,0,0,0,0,0,0,0,0,0,0,0,0,0,0,0,0,0,0,0,0,0,0,0,0,0,0,0,0,0,0,0,0,0,0,0,0,0,0,0,0,0,0,0,0,0,0,0,0,0,0,0,0,0,0,0,0,0,0,0,0,0,0,0,0,0,0,0,0,0,0,0,0,0,0,0,0,0,0,0,0,0,0,0,0,0,0,0,0,0,0,0,0,0,0,0,0,-1,0,300,2210,30102,800,650,-1,0,0,0,0,0,0,0,0,37200,1,-1,0,-1,-1,-1,1,0,123,270,0,125,0,0,[0|0|0|0],2,14,0,[0|0|0|0|0|0|0|0|0|0|0|0|0|0|0|0|0|0|0|0|0|0|0|0|0|0|0|0|0|0|0|0|0|0|0|0],1,1,0,14000,100,114,0,-1,0,0,0,-1,0,0,[0|0|0|0|0|0],2.5,4.8,3.6,0,0,0,0,0,0,0,0,0,0,0,0,0,0,0,0,0,0,0,0,0,0,0,0,8000,80,98,108,88,0,1,0,0,0,0,0,0,0,0,0,0,0,0,0,0,0,0,0,0,[0|0],360,0,0,0,[0|0],1,0,0,0,[0|0|0],1,1,0,0,0,0,0,-1,0,0,0,[0|0|0|0|0|0|0|0|0|0|0|0|0|0|0|0]
52080100,ARMS - IA-C01A: EPHEMERA,0,0,0,[0|0|0],600000,952000,100700,100710,100720,25200,25200,25200,12700,-1,-1,-1,40,1.1,-0.33,52080100,52080100,52080100,52080100,52080100,52080100,52080100,52080100,52080100,52080100,52080100,-1,-1,-1,-1,-1,1,1,1,1,1,1,1,1,-1,8020,1095,1171,0,0,100,100,25,0,0,0,0,0,0,0,0,100,100,100,0,0,-1,-1,1,0,1,0,2,0,3,0,0,1,0,0,1,0,0,0,0,0,0,0,0,0,0,0,0,0,0,0,0,0,0,0,0,0,0,0,0,0,0,0,0,0,0,0,0,0,0,0,0,0,0,0,0,0,0,0,0,0,0,0,0,0,0,0,1,1,0,0,0,1,1,1,1,1,1,1,103,100,103,100,0,0,0,0,-1,1,0,1,0,0,0,0,0,0,0,0,0,0,0,0,0,0,0,0,0,0,0,0,0,0,0,0,0,0,0,0,0,0,0,0,0,0,0,0,-1,25200,100,0,0,0,0,0,0,0,0,0,0,0,0,0,0,0,0,0,0,0,0,0,0,0,0,0,0,0,0,0,0,0,0,0,0,0,0,0,0,0,0,0,0,0,0,0,0,0,0,0,0,0,0,0,0,0,0,0,0,0,0,0,0,0,0,0,0,0,0,0,0,0,0,0,0,0,0,0,0,0,0,0,0,0,0,0,0,0,0,0,0,0,0,0,0,0,0,-1,0,312,2380,30102,800,650,-1,0,0,0,0,0,0,0,0,37200,1,-1,0,-1,-1,-1,1,0,104,282,0,108,0,0,[0|0|0|0],2,14,0,[0|0|0|0|0|0|0|0|0|0|0|0|0|0|0|0|0|0|0|0|0|0|0|0|0|0|0|0|0|0|0|0|0|0|0|0],1,1,0,12680,100,106,0,-1,0,0,0,-1,0,0,[0|0|0|0|0|0],1.9,6.3,5.6,0,0,0,0,0,0,0,0,0,0,0,0,0,0,0,0,0,0,0,0,0,0,0,0,8000,80,98,108,88,0,1,0,0,0,0,0,0,0,0,0,0,0,0,0,0,0,0,0,0,[0|0],360,0,0,0,[0|0],1,0,0,0,[0|0|0],1,1,0,0,0,0,0,-1,0,0,0,[0|0|0|0|0|0|0|0|0|0|0|0|0|0|0|0]
52080200,ARMS - EL-PA-00 ALBA,0,0,0,[0|0|0],410900,952000,100700,100710,100720,25200,25200,25200,9810,-1,-1,-1,40,1.1,-0.33,52080200,52080200,52080200,52080200,52080200,52080200,52080200,52080200,52080200,52080200,52080200,-1,-1,-1,-1,-1,1,1,1,1,1,1,1,1,-1,8060,1095,1171,0,0,100,100,25,0,0,0,0,0,0,0,0,100,100,100,0,0,-1,-1,1,0,1,0,2,0,3,0,0,1,0,0,1,0,0,0,0,0,0,0,0,0,0,0,0,0,0,0,0,0,0,0,0,0,0,0,0,0,0,0,0,0,0,0,0,0,0,0,0,0,0,0,0,0,0,0,0,0,0,0,0,0,0,0,1,1,0,0,0,1,1,1,1,1,1,1,103,100,103,100,0,0,0,0,-1,1,0,1,0,0,0,0,0,0,0,0,0,0,0,0,0,0,0,0,0,0,0,0,0,0,0,0,0,0,0,0,0,0,0,0,0,0,0,0,-1,25200,100,0,0,0,0,0,0,0,0,0,0,0,0,0,0,0,0,0,0,0,0,0,0,0,0,0,0,0,0,0,0,0,0,0,0,0,0,0,0,0,0,0,0,0,0,0,0,0,0,0,0,0,0,0,0,0,0,0,0,0,0,0,0,0,0,0,0,0,0,0,0,0,0,0,0,0,0,0,0,0,0,0,0,0,0,0,0,0,0,0,0,0,0,0,0,0,0,-1,0,315,1750,30102,800,650,-1,0,0,0,0,0,0,0,0,37200,1,-1,0,-1,-1,-1,1,0,140,221,0,101,0,0,[0|0|0|0],19,14,0,[0|0|0|0|0|0|0|0|0|0|0|0|0|0|0|0|0|0|0|0|0|0|0|0|0|0|0|0|0|0|0|0|0|0|0|0],1,1,0,11350,100,91,0,-1,0,0,0,-1,0,0,[0|0|0|0|0|0],0.5,0.5,0.5,0,0,0,0,0,0,0,0,0,0,0,0,0,0,0,0,0,0,0,0,0,0,0,0,8000,80,98,108,88,0,1,0,0,0,0,0,0,0,0,0,0,0,0,0,0,0,0,0,0,[0|0],360,0,0,0,[0|0],1,0,0,0,[0|0|0],1,1,0,0,0,0,0,-1,0,0,0,[0|0|0|0|0|0|0|0|0|0|0|0|0|0|0|0]
52082700,ARMS - FRAGILE,0,0,0,[0|0|0],210020,952000,100700,100710,100720,25200,25200,25200,9510,-1,-1,-1,40,1.1,-0.33,52080200,52080200,52080200,52080200,52080200,52080200,52080200,52080200,52080200,52080200,52080200,-1,-1,-1,-1,-1,1,1,1,1,1,1,1,1,-1,8890,1095,1171,0,0,100,100,25,0,0,0,0,0,0,0,0,100,100,100,0,0,-1,-1,1,0,1,0,2,0,3,0,0,1,0,0,1,0,0,0,0,0,0,0,0,0,0,0,0,0,0,0,0,0,0,0,0,0,0,0,0,0,0,0,0,0,0,0,0,0,0,0,0,0,0,0,0,0,0,0,0,0,0,0,0,0,0,0,1,1,0,0,0,1,1,1,1,1,1,1,103,100,103,100,0,0,0,0,-1,1,0,1,0,0,0,0,0,0,0,0,0,0,0,0,0,0,0,0,0,0,0,0,0,0,0,0,0,0,0,0,0,0,0,0,0,0,0,0,-1,25200,100,0,0,0,0,0,0,0,0,0,0,0,0,0,0,0,0,0,0,0,0,0,0,0,0,0,0,0,0,0,0,0,0,0,0,0,0,0,0,0,0,0,0,0,0,0,0,0,0,0,0,0,0,0,0,0,0,0,0,0,0,0,0,0,0,0,0,0,0,0,0,0,0,0,0,0,0,0,0,0,0,0,0,0,0,0,0,0,0,0,0,0,0,0,0,0,0,-1,0,210,1350,30102,800,650,-1,0,0,0,0,0,0,0,0,37200,1,-1,0,-1,-1,-1,1,0,101,189,0,200,0,0,[0|0|0|0],8,14,0,[0|0|0|0|0|0|0|0|0|0|0|0|0|0|0|0|0|0|0|0|0|0|0|0|0|0|0|0|0|0|0|0|0|0|0|0],1,1,0,9510,100,58,0,-1,0,0,0,-1,0,0,[0|0|0|0|0|0],-1.25,-1,-1.78,0,0,0,0,0,0,0,0,0,0,0,0,0,0,0,0,0,0,0,0,0,0,0,0,8000,80,98,108,88,0,1,0,0,0,0,0,0,0,0,0,0,0,0,0,0,0,0,0,0,[0|0],360,0,0,0,[0|0],1,0,0,0,[0|0|0],1,1,0,0,0,1.8,0,-1,0,0,0,[0|0|0|0|0|0|0|0|0|0|0|0|0|0|0|0]
52080300,ARMS - LAMMERGEIER/46F,0,0,0,[0|0|0],210010,952000,100700,100710,100720,31500,31500,31500,9700,-1,-1,-1,40,1.1,-0.33,52080300,52080300,52080300,52080300,52080300,52080300,52080300,52080300,52080300,52080300,52080300,-1,-1,-1,-1,-1,1,1,1,1,1,1,1,1,-1,8070,1095,1171,0,0,100,100,25,0,0,0,0,0,0,0,0,100,100,100,0,0,-1,-1,1,0,1,0,2,0,3,0,0,1,0,0,1,0,0,0,0,0,0,0,0,0,0,0,0,0,0,0,0,0,0,0,0,0,0,0,0,0,0,0,0,0,0,0,0,0,0,0,0,0,0,0,0,0,0,0,0,0,0,0,0,0,0,0,1,1,0,0,0,1,1,1,1,1,1,1,103,100,103,100,0,0,0,0,-1,1,0,1,0,0,0,0,0,0,0,0,0,0,0,0,0,0,0,0,0,0,0,0,0,0,0,0,0,0,0,0,0,0,0,0,0,0,0,0,-1,31500,100,0,0,0,0,0,0,0,0,0,0,0,0,0,0,0,0,0,0,0,0,0,0,0,0,0,0,0,0,0,0,0,0,0,0,0,0,0,0,0,0,0,0,0,0,0,0,0,0,0,0,0,0,0,0,0,0,0,0,0,0,0,0,0,0,0,0,0,0,0,0,0,0,0,0,0,0,0,0,0,0,0,0,0,0,0,0,0,0,0,0,0,0,0,0,0,0,-1,0,328,1590,30102,800,650,-1,0,0,0,0,0,0,0,0,37200,1,-1,0,-1,-1,-1,1,0,87,229,0,134,0,0,[0|0|0|0],8,14,0,[0|0|0|0|0|0|0|0|0|0|0|0|0|0|0|0|0|0|0|0|0|0|0|0|0|0|0|0|0|0|0|0|0|0|0|0],1,1,0,11970,100,115,0,-1,0,0,0,-1,0,0,[0|0|0|0|0|0],-1.1,4.6,-2,0,0,0,0,0,0,0,0,0,0,0,0,0,0,0,0,0,0,0,0,0,0,0,0,0,108,102,102,100,0,1,0,0,0,0,0,0,0,0,0,0,0,0,0,0,0,0,0,0,[0|0],360,0,0,0,[0|0],1,0,0,0,[0|0|0],1,1,0,0,0,0,0,-1,0,0,0,[0|0|0|0|0|0|0|0|0|0|0|0|0|0|0|0]
52080500,ARMS - DRAGON,0,0,0,[0|0|0],510000,952000,100700,100710,100720,25200,25200,25200,10980,-1,-1,-1,40,1.1,-0.33,52080500,52080500,52080500,52080500,52080500,52080500,52080500,52080500,52080500,52080500,52080500,-1,-1,-1,-1,-1,1,1,1,1,1,1,1,1,-1,8152,1095,1171,0,0,100,100,25,0,0,0,0,0,0,0,0,100,100,100,0,0,-1,-1,1,0,1,0,2,0,3,0,0,1,0,0,1,0,0,0,0,0,0,0,0,0,0,0,0,0,0,0,0,0,0,0,0,0,0,0,0,0,0,0,0,0,0,0,0,0,0,0,0,0,0,0,0,0,0,0,0,0,0,0,0,0,0,0,1,1,0,0,0,1,1,1,1,1,1,1,103,100,103,100,0,0,0,0,-1,1,0,1,0,0,0,0,0,0,0,0,0,0,0,0,0,0,0,0,0,0,0,0,0,0,0,0,0,0,0,0,0,0,0,0,0,0,0,0,-1,25200,100,0,0,0,0,0,0,0,0,0,0,0,0,0,0,0,0,0,0,0,0,0,0,0,0,0,0,0,0,0,0,0,0,0,0,0,0,0,0,0,0,0,0,0,0,0,0,0,0,0,0,0,0,0,0,0,0,0,0,0,0,0,0,0,0,0,0,0,0,0,0,0,0,0,0,0,0,0,0,0,0,0,0,0,0,0,0,0,0,0,0,0,0,0,0,0,0,-1,0,325,1980,30102,800,650,-1,0,0,0,0,0,0,0,0,37200,1,-1,0,-1,-1,-1,1,0,129,200,0,89,0,0,[0|0|0|0],13,14,0,[0|0|0|0|0|0|0|0|0|0|0|0|0|0|0|0|0|0|0|0|0|0|0|0|0|0|0|0|0|0|0|0|0|0|0|0],1,1,0,13200,100,91,0,-1,0,0,0,-1,0,0,[0|0|0|0|0|0],1.1,3.7,1.3,0,0,0,0,0,0,0,0,0,0,0,0,0,0,0,0,0,0,0,0,0,0,0,0,8000,80,98,108,88,0,1,0,0,0,0,0,0,0,0,0,0,0,0,0,0,0,0,0,0,[0|0],360,0,0,0,[0|0],1,0,0,0,[0|0|0],1,1,0,0,0,0,0,-1,0,0,0,[0|0|0|0|0|0|0|0|0|0|0|0|0|0|0|0]
52080600,ARMS - NIGHTMARE,0,0,0,[0|0|0],400922,952000,100700,100710,100720,25200,25200,25200,13600,-1,-1,-1,40,1.1,-0.33,52080600,52080600,52080600,52080600,52080600,52080600,52080600,52080600,52080600,52080600,52080600,-1,-1,-1,-1,-1,1,1,1,1,1,1,1,1,-1,1034,1095,1171,0,0,100,100,25,0,0,0,0,0,0,0,0,100,100,100,0,0,-1,-1,1,0,1,0,2,0,3,0,0,1,0,0,1,0,0,0,0,0,0,0,0,0,0,0,0,0,0,0,0,0,0,0,0,0,0,0,0,0,0,0,0,0,0,0,0,0,0,0,0,0,0,0,0,0,0,0,0,0,0,0,0,0,0,0,1,1,0,0,0,1,1,1,1,1,1,1,105,105,105,105,0,0,0,0,-1,1,0,1,0,0,0,0,0,0,0,0,0,0,0,0,0,0,0,0,0,0,0,0,0,0,0,0,0,0,0,0,0,0,0,0,0,0,0,0,-1,25200,100,0,0,0,0,0,0,0,0,0,0,0,0,0,0,0,0,0,0,0,0,0,0,0,0,0,0,0,0,0,0,0,0,0,0,0,0,0,0,0,0,0,0,0,0,0,0,0,0,0,0,0,0,0,0,0,0,0,0,0,0,0,0,0,0,0,0,0,0,0,0,0,0,0,0,0,0,0,0,0,0,0,0,0,0,0,0,0,0,0,0,0,0,0,0,0,0,-1,0,420,2380,30102,800,650,-1,0,0,0,0,0,0,0,0,37200,1,-1,0,-1,-1,-1,1,0,78,222,0,110,0,0,[0|0|0|0],1,14,0,[0|0|0|0|0|0|0|0|0|0|0|0|0|0|0|0|0|0|0|0|0|0|0|0|0|0|0|0|0|0|0|0|0|0|0|0],1,1,0,14000,100,160,0,-1,0,0,0,-1,0,0,[0|0|0|0|0|0],-0.45,1.4,0.1,8,0,0,0,0,0,0,0,0,0,0,0,0,0,0,0,0,0,0,0,0,0,0,0,8000,80,98,108,88,0,1,0,0,0,0,0,0,0,0,0,0,0,0,0,0,0,0,0,0,[0|0],360,0,0,0,[0|0],1,0,0,0,[0|0|0],1,1,0,0,0,2,0,-1,0,0,0,[0|0|0|0|0|0|0|0|0|0|0|0|0|0|0|0]
52020300,ARMS - SERENITY,0,0,0,[0|0|0],400921,952000,100700,100710,100720,25200,25200,25200,14310,-1,-1,-1,40,1.1,-0.33,52080600,52080600,52080600,52080600,52080600,52080600,52080600,52080600,52080600,52080600,52080600,-1,-1,-1,-1,-1,1,1,1,1,1,1,1,1,-1,8069,1095,1171,0,0,100,100,25,0,0,0,0,0,0,0,0,100,100,100,0,0,-1,-1,1,0,1,0,2,0,3,0,0,1,0,0,1,0,0,0,0,0,0,0,0,0,0,0,0,0,0,0,0,0,0,0,0,0,0,0,0,0,0,0,0,0,0,0,0,0,0,0,0,0,0,0,0,0,0,0,0,0,0,0,0,0,0,0,1,1,0,0,0,1,1,1,1,1,1,1,103,100,103,100,0,0,0,0,-1,1,0,1,0,0,0,0,0,0,0,0,0,0,0,0,0,0,0,0,0,0,0,0,0,0,0,0,0,0,0,0,0,0,0,0,0,0,0,0,-1,25200,100,0,0,0,0,0,0,0,0,0,0,0,0,0,0,0,0,0,0,0,0,0,0,0,0,0,0,0,0,0,0,0,0,0,0,0,0,0,0,0,0,0,0,0,0,0,0,0,0,0,0,0,0,0,0,0,0,0,0,0,0,0,0,0,0,0,0,0,0,0,0,0,0,0,0,0,0,0,0,0,0,0,0,0,0,0,0,0,0,0,0,0,0,0,0,0,0,-1,0,287,1965,30102,800,650,-1,0,0,0,0,0,0,0,0,37200,1,-1,0,-1,-1,-1,1,0,111,310,0,122,0,0,[0|0|0|0],1,14,0,[0|0|0|0|0|0|0|0|0|0|0|0|0|0|0|0|0|0|0|0|0|0|0|0|0|0|0|0|0|0|0|0|0|0|0|0],1,1,0,19130,100,144,0,-1,0,0,0,-1,0,0,[0|0|0|0|0|0],5.8,4.2,4.98,0,0,0,0,0,0,0,0,0,0,0,0,0,0,0,0,0,0,0,0,0,0,0,0,8000,80,98,108,88,0,1,0,0,0,0,0,0,0,0,0,0,0,0,0,0,0,0,0,0,[0|0],360,0,0,0,[0|0],1,0,0,0,[0|0|0],1,1,0,0,0,2,0,-1,0,0,0,[0|0|0|0|0|0|0|0|0|0|0|0|0|0|0|0]
52081300,ARMS - NIGHTMARE FIXED,0,0,0,[0|0|0],400922,952000,100700,100710,100720,25200,25200,25200,14100,-1,-1,-1,40,1.1,-0.33,52080600,52080600,52080600,52080600,52080600,52080600,52080600,52080600,52080600,52080600,52080600,-1,-1,-1,-1,-1,1,1,1,1,1,1,1,1,-1,1035,1095,1171,0,0,100,100,25,0,0,0,0,0,0,0,0,100,100,100,0,0,-1,-1,1,0,1,0,2,0,3,0,0,1,0,0,1,0,0,0,0,0,0,0,0,0,0,0,0,0,0,0,0,0,0,0,0,0,0,0,0,0,0,0,0,0,0,0,0,0,0,0,0,0,0,0,0,0,0,0,0,0,0,0,0,0,0,0,1,1,0,0,0,1,1,1,1,1,1,1,103,100,103,100,0,0,0,0,-1,1,0,1,0,0,0,0,0,0,0,0,0,0,0,0,0,0,0,0,0,0,0,0,0,0,0,0,0,0,0,0,0,0,0,0,0,0,0,0,-1,25200,100,0,0,0,0,0,0,0,0,0,0,0,0,0,0,0,0,0,0,0,0,0,0,0,0,0,0,0,0,0,0,0,0,0,0,0,0,0,0,0,0,0,0,0,0,0,0,0,0,0,0,0,0,0,0,0,0,0,0,0,0,0,0,0,0,0,0,0,0,0,0,0,0,0,0,0,0,0,0,0,0,0,0,0,0,0,0,0,0,0,0,0,0,0,0,0,0,-1,0,320,2410,30102,800,650,-1,0,0,0,0,0,0,0,0,37200,1,-1,0,-1,-1,-1,1,0,91,233,0,120,0,0,[0|0|0|0],1,14,0,[0|0|0|0|0|0|0|0|0|0|0|0|0|0|0|0|0|0|0|0|0|0|0|0|0|0|0|0|0|0|0|0|0|0|0|0],1,1,0,15600,100,140,0,-1,0,0,0,-1,0,0,[0|0|0|0|0|0],1,2.1,0.9,0,0,0,0,0,0,0,0,0,0,0,0,0,0,0,0,0,0,0,0,0,0,0,0,8000,80,98,108,88,0,1,0,0,0,0,0,0,0,0,0,0,0,0,0,0,0,0,0,0,[0|0],360,0,0,0,[0|0],1,0,0,0,[0|0|0],1,1,0,0,0,2,0,-1,0,0,0,[0|0|0|0|0|0|0|0|0|0|0|0|0|0|0|0]
52080700,ARMS - LANISTA,0,0,0,[0|0|0],320000,952000,100700,100710,100720,25200,25200,25200,18600,-1,-1,-1,40,1.1,-0.33,52080700,52080700,52080700,52080700,52080700,52080700,52080700,52080700,52080700,52080700,52080700,-1,-1,-1,-1,-1,1,1,1,1,1,1,1,1,-1,4848,1095,1171,0,0,100,100,25,0,0,0,0,0,0,0,0,100,100,100,0,0,-1,-1,1,0,1,0,2,0,3,0,0,1,0,0,1,0,0,0,0,0,0,0,0,0,0,0,0,0,0,0,0,0,0,0,0,0,0,0,0,0,0,0,0,0,0,0,0,0,0,0,0,0,0,0,0,0,0,0,0,0,0,0,0,0,0,0,1,1,0,0,0,1,1,1,1,1,1,1,103,100,103,100,0,0,0,0,-1,1,0,1,0,0,0,0,0,0,0,0,0,0,0,0,0,0,0,0,0,0,0,0,0,0,0,0,0,0,0,0,0,0,0,0,0,0,0,0,-1,25200,100,0,0,0,0,0,0,0,0,0,0,0,0,0,0,0,0,0,0,0,0,0,0,0,0,0,0,0,0,0,0,0,0,0,0,0,0,0,0,0,0,0,0,0,0,0,0,0,0,0,0,0,0,0,0,0,0,0,0,0,0,0,0,0,0,0,0,0,0,0,0,0,0,0,0,0,0,0,0,0,0,0,0,0,0,0,0,0,0,0,0,0,0,0,0,0,0,-1,0,366,2550,30102,800,650,-1,0,0,0,0,0,0,0,0,37200,1,-1,0,-1,-1,-1,1,0,78,324,0,138,0,0,[0|0|0|0],5,14,0,[0|0|0|0|0|0|0|0|0|0|0|0|0|0|0|0|0|0|0|0|0|0|0|0|0|0|0|0|0|0|0|0|0|0|0|0],1,1,0,21000,100,133,0,-1,0,0,0,-1,0,0,[0|0|0|0|0|0],6.5,6.9,4.21,0,0,0,0,0,0,0,0,0,0,0,0,0,0,0,0,0,0,0,0,0,0,0,0,8000,80,98,108,88,0,1,0,0,0,0,0,0,0,0,0,0,0,0,0,0,0,0,0,0,[0|0],360,0,0,0,[0|0],1,0,0,0,[0|0|0],1,1,0,0,0,0.7,0,-1,0,0,0,[0|0|0|0|0|0|0|0|0|0|0|0|0|0|0|0]
52081400,ARMS - DOMINUS,0,0,0,[0|0|0],320000,952000,100700,100710,100720,25200,25200,25200,19610,-1,-1,-1,40,1.1,-0.33,52080700,52080700,52080700,52080700,52080700,52080700,52080700,52080700,52080700,52080700,52080700,-1,-1,-1,-1,-1,1,1,1,1,1,1,1,1,-1,2244,1095,1171,0,0,100,100,25,0,0,0,0,0,0,0,0,100,100,100,0,0,-1,-1,1,0,1,0,2,0,3,0,0,1,0,0,1,0,0,0,0,0,0,0,0,0,0,0,0,0,0,0,0,0,0,0,0,0,0,0,0,0,0,0,0,0,0,0,0,0,0,0,0,0,0,0,0,0,0,0,0,0,0,0,0,0,0,0,1,1,0,0,0,1,1,1,1,1,1,1,103,100,103,100,0,0,0,0,-1,1,0,1,0,0,0,0,0,0,0,0,0,0,0,0,0,0,0,0,0,0,0,0,0,0,0,0,0,0,0,0,0,0,0,0,0,0,0,0,-1,25200,100,0,0,0,0,0,0,0,0,0,0,0,0,0,0,0,0,0,0,0,0,0,0,0,0,0,0,0,0,0,0,0,0,0,0,0,0,0,0,0,0,0,0,0,0,0,0,0,0,0,0,0,0,0,0,0,0,0,0,0,0,0,0,0,0,0,0,0,0,0,0,0,0,0,0,0,0,0,0,0,0,0,0,0,0,0,0,0,0,0,0,0,0,0,0,0,0,-1,0,391,2150,30102,800,650,-1,0,0,0,0,0,0,0,0,37200,1,-1,0,-1,-1,-1,1,0,92,192,0,208,0,0,[0|0|0|0],5,14,0,[0|0|0|0|0|0|0|0|0|0|0|0|0|0|0|0|0|0|0|0|0|0|0|0|0|0|0|0|0|0|0|0|0|0|0|0],1,1,0,23110,100,81,0,-1,0,0,0,-1,0,0,[0|0|0|0|0|0],2.2,8.1,7,0,0,0,0,0,0,0,0,0,0,0,0,0,0,0,0,0,0,0,0,0,0,0,0,8000,80,98,108,88,0,1,0,0,0,0,0,0,0,0,0,0,0,0,0,0,0,0,0,0,[0|0],360,0,0,0,[0|0],1,0,0,0,[0|0|0],1,1,0,0,0,0.7,0,-1,0,0,0,[0|0|0|0|0|0|0|0|0|0|0|0|0|0|0|0]
52080800,ARMS - A-MOD_3[0] IANITOR,0,0,0,[0|0|0],321000,952000,100700,100710,100720,25200,25200,25200,23150,-1,-1,-1,40,1.1,-0.33,52080800,52080800,52080800,52080800,52080800,52080800,52080800,52080800,52080800,52080800,52080800,-1,-1,-1,-1,-1,1,1,1,1,1,1,1,1,-1,5055,1095,1171,0,0,100,100,25,0,0,0,0,0,0,0,0,100,100,100,0,0,-1,-1,1,0,1,0,2,0,3,0,0,1,0,0,1,0,0,0,0,0,0,0,0,0,0,0,0,0,0,0,0,0,0,0,0,0,0,0,0,0,0,0,0,0,0,0,0,0,0,0,0,0,0,0,0,0,0,0,0,0,0,0,0,0,0,0,1,1,0,0,0,1,1,1,1,1,1,1,103,100,103,100,0,0,0,0,-1,1,0,1,0,0,0,0,0,0,0,0,0,0,0,0,0,0,0,0,0,0,0,0,0,0,0,0,0,0,0,0,0,0,0,0,0,0,0,0,-1,25200,100,0,0,0,0,0,0,0,0,0,0,0,0,0,0,0,0,0,0,0,0,0,0,0,0,0,0,0,0,0,0,0,0,0,0,0,0,0,0,0,0,0,0,0,0,0,0,0,0,0,0,0,0,0,0,0,0,0,0,0,0,0,0,0,0,0,0,0,0,0,0,0,0,0,0,0,0,0,0,0,0,0,0,0,0,0,0,0,0,0,0,0,0,0,0,0,0,-1,0,810,950,30104,800,650,-1,0,0,0,0,0,0,0,0,37200,1,10120300,0,-1,-1,15120300,1,0,102,0,0,245,0,0,[0|0|0|0],14,26,0,[0|0|0|0|0|0|0|0|0|0|0|0|0|0|0|0|0|0|0|0|0|0|0|0|0|0|0|0|0|0|0|0|0|0|0|0],1,1,0,20900,100,0,0,-1,0,0,0,-1,0,0,[0|0|0|0|0|0],-2.5,-0.5,-2.3,0,0,0,0,0,0,0,0,0,0,0,0,0,0,0,0,0,0,0,0,0,0,0,0,8000,80,98,108,88,0,1,0,0,0,0,0,0,0,0,0,0,0,0,0,0,0,0,0,0,[0|0],360,0,0,0,[0|0],1,0,0,0,[0|0|0],1,1,0,0,0,0,0,-1,0,0,0,[0|0|0|0|0|0|0|0|0|0|0|0|0|0|0|0]
52080900,ARMS - A-MOD_3[1] IANITOR,0,0,0,[0|0|0],321010,952000,100700,100710,100720,25200,25200,25200,19400,-1,-1,-1,40,1.1,-0.33,52080900,52080900,52080900,52080900,52080900,52080900,52080900,52080900,52080900,52080900,52080900,-1,-1,-1,-1,-1,1,1,1,1,1,1,1,1,-1,5005,1095,1171,0,0,100,100,25,0,0,0,0,0,0,0,0,100,100,100,0,0,-1,-1,1,0,1,0,2,0,3,0,0,1,0,0,1,0,0,0,0,0,0,0,0,0,0,0,0,0,0,0,0,0,0,0,0,0,0,0,0,0,0,0,0,0,0,0,0,0,0,0,0,0,0,0,0,0,0,0,0,0,0,0,0,0,0,0,1,1,0,0,0,1,1,1,1,1,1,1,103,100,103,100,0,0,0,0,-1,1,0,1,0,0,0,0,0,0,0,0,0,0,0,0,0,0,0,0,0,0,0,0,0,0,0,0,0,0,0,0,0,0,0,0,0,0,0,0,-1,25200,100,0,0,0,0,0,0,0,0,0,0,0,0,0,0,0,0,0,0,0,0,0,0,0,0,0,0,0,0,0,0,0,0,0,0,0,0,0,0,0,0,0,0,0,0,0,0,0,0,0,0,0,0,0,0,0,0,0,0,0,0,0,0,0,0,0,0,0,0,0,0,0,0,0,0,0,0,0,0,0,0,0,0,0,0,0,0,0,0,0,0,0,0,0,0,0,0,-1,0,460,2175,30104,800,650,-1,0,0,0,0,0,0,0,0,37200,1,-1,0,-1,-1,-1,1,0,125,0,0,210,0,0,[0|0|0|0],14,26,0,[0|0|0|0|0|0|0|0|0|0|0|0|0|0|0|0|0|0|0|0|0|0|0|0|0|0|0|0|0|0|0|0|0|0|0|0],1,1,0,18550,100,0,0,-1,0,0,0,-1,0,0,[0|0|0|0|0|0],-1.3,2,-1,0,0,0,0,0,0,0,0,0,0,0,0,0,0,0,0,0,0,0,0,0,0,0,0,8000,80,98,108,88,0,1,0,0,0,0,0,0,0,0,0,0,0,0,0,0,0,0,0,0,[0|0],360,0,0,0,[0|0],1,0,0,0,[0|0|0],1,1,0,0,0,0,0,-1,0,0,0,[0|0|0|0|0|0|0|0|0|0|0|0|0|0|0|0]
52081000,ARMS - Avispa,0,0,0,[0|0|0],410010,952000,100700,100710,100720,25200,25200,25200,10590,-1,-1,-1,40,1.1,-0.33,52081000,52081000,52081000,52081000,52081000,52081000,52081000,52081000,52081000,52081000,52081000,-1,-1,-1,-1,-1,1,1,1,1,1,1,1,1,-1,7110,1095,1171,0,0,100,100,25,0,0,0,0,0,0,0,0,100,100,100,0,0,-1,-1,1,0,1,0,2,0,3,0,0,1,0,0,1,0,0,0,0,0,0,0,0,0,0,0,0,0,0,0,0,0,0,0,0,0,0,0,0,0,0,0,0,0,0,0,0,0,0,0,0,0,0,0,0,0,0,0,0,0,0,0,0,0,0,0,1,1,0,0,0,1,1,1,1,1,1,1,103,100,103,100,0,0,0,0,-1,1,0,1,0,0,0,0,0,0,0,0,0,0,0,0,0,0,0,0,0,0,0,0,0,0,0,0,0,0,0,0,0,0,0,0,0,0,0,0,-1,25200,100,0,0,0,0,0,0,0,0,0,0,0,0,0,0,0,0,0,0,0,0,0,0,0,0,0,0,0,0,0,0,0,0,0,0,0,0,0,0,0,0,0,0,0,0,0,0,0,0,0,0,0,0,0,0,0,0,0,0,0,0,0,0,0,0,0,0,0,0,0,0,0,0,0,0,0,0,0,0,0,0,0,0,0,0,0,0,0,0,0,0,0,0,0,0,0,0,-1,0,307,1785,30102,800,650,-1,0,0,0,0,0,0,0,0,37200,1,-1,0,-1,-1,-1,1,0,66,309,0,148,0,0,[0|0|0|0],19,14,0,[0|0|0|0|0|0|0|0|0|0|0|0|0|0|0|0|0|0|0|0|0|0|0|0|0|0|0|0|0|0|0|0|0|0|0|0],1,1,0,15220,100,105,0,-1,0,0,0,-1,0,0,[0|0|0|0|0|0],2.3,0.1,-1.35,0,0,0,0,0,0,0,0,0,0,0,0,0,0,0,0,0,0,0,0,0,0,0,0,8000,80,98,108,88,0,1,0,0,0,0,0,0,0,0,0,0,0,0,0,0,0,0,0,0,[0|0],360,0,0,0,[0|0],1,0,0,0,[0|0|0],1,1,0,0,0,0.7,0,-1,0,0,0,[0|0|0|0|0|0|0|0|0|0|0|0|0|0|0|0]
52081100,ARMS - ISAIAH,0,0,0,[0|0|0],310010,952000,100700,100710,100720,25200,25200,25200,15090,-1,-1,-1,40,1.1,-0.33,52081100,52081100,52081100,52081100,52081100,52081100,52081100,52081100,52081100,52081100,52081100,-1,-1,-1,-1,-1,1,1,1,1,1,1,1,1,-1,4737,1095,1171,0,0,100,100,25,0,0,0,0,0,0,0,0,100,100,100,0,0,-1,-1,1,0,1,0,2,0,3,0,0,1,0,0,1,0,0,0,0,0,0,0,0,0,0,0,0,0,0,0,0,0,0,0,0,0,0,0,0,0,0,0,0,0,0,0,0,0,0,0,0,0,0,0,0,0,0,0,0,0,0,0,0,0,0,0,1,1,0,0,0,1,1,1,1,1,1,1,103,100,103,100,0,0,0,0,-1,1,0,1,0,0,0,0,0,0,0,0,0,0,0,0,0,0,0,0,0,0,0,0,0,0,0,0,0,0,0,0,0,0,0,0,0,0,0,0,-1,25200,100,0,0,0,0,0,0,0,0,0,0,0,0,0,0,0,0,0,0,0,0,0,0,0,0,0,0,0,0,0,0,0,0,0,0,0,0,0,0,0,0,0,0,0,0,0,0,0,0,0,0,0,0,0,0,0,0,0,0,0,0,0,0,0,0,0,0,0,0,0,0,0,0,0,0,0,0,0,0,0,0,0,0,0,0,0,0,0,0,0,0,0,0,0,0,0,0,-1,0,296,2410,30102,800,650,-1,0,0,0,0,0,0,0,0,37200,1,-1,0,-1,-1,-1,1,0,126,288,0,126,0,0,[0|0|0|0],10,14,0,[0|0|0|0|0|0|0|0|0|0|0|0|0|0|0|0|0|0|0|0|0|0|0|0|0|0|0|0|0|0|0|0|0|0|0|0],1,1,0,17520,100,126,0,-1,0,0,0,-1,0,0,[0|0|0|0|0|0],5.3,4.1,2,0,0,0,0,0,0,0,0,0,0,0,0,0,0,0,0,0,0,0,0,0,0,0,0,8000,80,98,108,88,0,1,0,0,0,0,0,0,0,0,0,0,0,0,0,0,0,0,0,0,[0|0],360,0,0,0,[0|0],1,0,0,0,[0|0|0],1,1,0,0,0,0.7,0,-1,0,0,0,[0|0|0|0|0|0|0|0|0|0|0|0|0|0|0|0]
52081200,ARMS - BARNABAS,0,0,0,[0|0|0],310000,952000,100700,100710,100720,25200,25200,25200,10560,-1,-1,-1,40,1.1,-0.33,52081200,52081200,52081200,52081200,52081200,52081200,52081200,52081200,52081200,52081200,52081200,-1,-1,-1,-1,-1,1,1,1,1,1,1,1,1,-1,7770,1095,1171,0,0,100,100,25,0,0,0,0,0,0,0,0,100,100,100,0,0,-1,-1,1,0,1,0,2,0,3,0,0,1,0,0,1,0,0,0,0,0,0,0,0,0,0,0,0,0,0,0,0,0,0,0,0,0,0,0,0,0,0,0,0,0,0,0,0,0,0,0,0,0,0,0,0,0,0,0,0,0,0,0,0,0,0,0,1,1,0,0,0,1,1,1,1,1,1,1,103,100,103,100,0,0,0,0,-1,1,0,1,0,0,0,0,0,0,0,0,0,0,0,0,0,0,0,0,0,0,0,0,0,0,0,0,0,0,0,0,0,0,0,0,0,0,0,0,-1,25200,100,0,0,0,0,0,0,0,0,0,0,0,0,0,0,0,0,0,0,0,0,0,0,0,0,0,0,0,0,0,0,0,0,0,0,0,0,0,0,0,0,0,0,0,0,0,0,0,0,0,0,0,0,0,0,0,0,0,0,0,0,0,0,0,0,0,0,0,0,0,0,0,0,0,0,0,0,0,0,0,0,0,0,0,0,0,0,0,0,0,0,0,0,0,0,0,0,-1,0,291,1720,30102,800,650,-1,0,0,0,0,0,0,0,0,37200,1,-1,0,-1,-1,-1,1,0,96,231,0,130,0,0,[0|0|0|0],10,14,0,[0|0|0|0|0|0|0|0|0|0|0|0|0|0|0|0|0|0|0|0|0|0|0|0|0|0|0|0|0|0|0|0|0|0|0|0],1,1,0,12020,100,139,0,-1,0,0,0,-1,0,0,[0|0|0|0|0|0],8.4,0.2,-1.1,0,0,0,0,0,0,0,0,0,0,0,0,0,0,0,0,0,0,0,0,0,0,0,0,8000,80,98,108,88,0,1,0,0,0,0,0,0,0,0,0,0,0,0,0,0,0,0,0,0,[0|0],360,0,0,0,[0|0],1,0,0,0,[0|0|0],1,1,0,0,0,1.2,0,-1,0,0,0,[0|0|0|0|0|0|0|0|0|0|0|0|0|0|0|0]
52181000,ARMS - Imperator,0,0,0,[0|0|0],320010,952000,100700,100710,100720,25200,25200,25200,25760,-1,-1,-1,40,1.1,-0.33,52181000,52181000,52181000,52181000,52181000,52181000,52181000,52181000,52181000,52181000,52181000,-1,-1,-1,-1,-1,1,1,1,1,1,1,1,1,-1,4477,1095,1171,0,0,100,100,25,0,0,0,0,0,0,0,0,100,100,100,0,0,-1,-1,1,0,1,0,2,0,3,0,0,1,0,0,1,0,0,0,0,0,0,0,0,0,0,0,0,0,0,0,0,0,0,0,0,0,0,0,0,0,0,0,0,0,0,0,0,0,0,0,0,0,0,0,0,0,0,0,0,0,0,0,0,0,0,0,1,1,0,0,0,1,1,1,1,1,1,1,103,100,103,100,0,0,0,0,-1,1,0,1,0,0,0,0,0,0,0,0,0,0,0,0,0,0,0,0,0,0,0,0,0,0,0,0,0,0,0,0,0,0,0,0,0,0,0,0,-1,25200,100,0,0,0,0,0,0,0,0,0,0,0,0,0,0,0,0,0,0,0,0,0,0,0,0,0,0,0,0,0,0,0,0,0,0,0,0,0,0,0,0,0,0,0,0,0,0,0,0,0,0,0,0,0,0,0,0,0,0,0,0,0,0,0,0,0,0,0,0,0,0,0,0,0,0,0,0,0,0,0,0,0,0,0,0,0,0,0,0,0,0,0,0,0,0,0,0,-1,0,320,2890,30102,800,650,-1,0,0,0,0,0,0,0,0,37200,1,-1,0,-1,-1,-1,1,0,111,366,0,190,0,0,[0|0|0|0],5,14,0,[0|0|0|0|0|0|0|0|0|0|0|0|0|0|0|0|0|0|0|0|0|0|0|0|0|0|0|0|0|0|0|0|0|0|0|0],1,1,0,19600,100,138,0,-1,0,0,0,-1,0,0,[0|0|0|0|0|0],9.5,6.1,5,0,0,0,0,0,0,0,0,0,0,0,0,0,0,0,0,0,0,0,0,0,0,0,0,8000,80,98,108,88,0,1,0,0,0,0,0,0,0,0,0,0,0,0,0,0,0,0,0,0,[0|0],360,0,0,0,[0|0],1,0,0,0,[0|0|0],1,1,0,0,0,1.2,0,-1,0,0,0,[0|0|0|0|0|0|0|0|0|0|0|0|0|0|0|0]
52181100,ARMS - ENFORCER,0,0,0,[0|0|0],710010,952000,100700,100710,100720,25200,25200,25200,13400,-1,-1,-1,40,1.1,-0.33,52181000,52181000,52181000,52181000,52181000,52181000,52181000,52181000,52181000,52181000,52181000,-1,-1,-1,-1,-1,1,1,1,1,1,1,1,1,-1,3311,1095,1171,0,0,100,100,25,0,0,0,0,0,0,0,0,100,100,100,0,0,-1,-1,1,0,1,0,2,0,3,0,0,1,0,0,1,0,0,0,0,0,0,0,0,0,0,0,0,0,0,0,0,0,0,0,0,0,0,0,0,0,0,0,0,0,0,0,0,0,0,0,0,0,0,0,0,0,0,0,0,0,0,0,0,0,0,0,1,1,0,0,0,1,1,1,1,1,1,1,103,100,103,100,0,0,0,0,-1,1,0,1,0,0,0,0,0,0,0,0,0,0,0,0,0,0,0,0,0,0,0,0,0,0,0,0,0,0,0,0,0,0,0,0,0,0,0,0,-1,25200,100,0,0,0,0,0,0,0,0,0,0,0,0,0,0,0,0,0,0,0,0,0,0,0,0,0,0,0,0,0,0,0,0,0,0,0,0,0,0,0,0,0,0,0,0,0,0,0,0,0,0,0,0,0,0,0,0,0,0,0,0,0,0,0,0,0,0,0,0,0,0,0,0,0,0,0,0,0,0,0,0,0,0,0,0,0,0,0,0,0,0,0,0,0,0,0,0,-1,0,279,2490,30102,800,650,-1,0,0,0,0,0,0,0,0,37200,1,-1,0,-1,-1,-1,1,0,137,292,0,77,0,0,[0|0|0|0],3,14,0,[0|0|0|0|0|0|0|0|0|0|0|0|0|0|0|0|0|0|0|0|0|0|0|0|0|0|0|0|0|0|0|0|0|0|0|0],1,1,0,11100,100,107,0,-1,0,0,0,-1,0,0,[0|0|0|0|0|0],-0.9,0.1,-1.4,0,0,0,0,0,0,0,0,0,0,0,0,0,0,0,0,0,0,0,0,0,0,0,0,8000,80,98,108,88,0,1,0,0,0,0,0,0,0,0,0,0,0,0,0,0,0,0,0,0,[0|0],360,0,0,0,[0|0],1,0,0,0,[0|0|0],1,1,0,0,0,0.5,0,-1,0,0,0,[0|0|0|0|0|0|0|0|0|0|0|0|0|0|0|0]
52181200,ARMS - NOAH,0,0,0,[0|0|0],310020,952000,100700,100710,100720,25200,25200,25200,24900,-1,-1,-1,40,1.1,-0.33,52181000,52181000,52181000,52181000,52181000,52181000,52181000,52181000,52181000,52181000,52181000,-1,-1,-1,-1,-1,1,1,1,1,1,1,1,1,-1,2005,1095,1171,0,0,100,100,25,0,0,0,0,0,0,0,0,100,100,100,0,0,-1,-1,1,0,1,0,2,0,3,0,0,1,0,0,1,0,0,0,0,0,0,0,0,0,0,0,0,0,0,0,0,0,0,0,0,0,0,0,0,0,0,0,0,0,0,0,0,0,0,0,0,0,0,0,0,0,0,0,0,0,0,0,0,0,0,0,1,1,0,0,0,1,1,1,1,1,1,1,103,100,103,100,0,0,0,0,-1,1,0,1,0,0,0,0,0,0,0,0,0,0,0,0,0,0,0,0,0,0,0,0,0,0,0,0,0,0,0,0,0,0,0,0,0,0,0,0,-1,25200,100,0,0,0,0,0,0,0,0,0,0,0,0,0,0,0,0,0,0,0,0,0,0,0,0,0,0,0,0,0,0,0,0,0,0,0,0,0,0,0,0,0,0,0,0,0,0,0,0,0,0,0,0,0,0,0,0,0,0,0,0,0,0,0,0,0,0,0,0,0,0,0,0,0,0,0,0,0,0,0,0,0,0,0,0,0,0,0,0,0,0,0,0,0,0,0,0,-1,0,222,2600,30102,800,650,-1,0,0,0,0,0,0,0,0,37200,1,-1,0,-1,-1,-1,1,0,121,359,0,220,0,0,[0|0|0|0],10,14,0,[0|0|0|0|0|0|0|0|0|0|0|0|0|0|0|0|0|0|0|0|0|0|0|0|0|0|0|0|0|0|0|0|0|0|0|0],1,1,0,20960,100,86,0,-1,0,0,0,-1,0,0,[0|0|0|0|0|0],10.1,2.8,4.7,0,0,0,0,0,0,0,0,0,0,0,0,0,0,0,0,0,0,0,0,0,0,0,0,8000,80,98,108,88,0,1,0,0,0,0,0,0,0,0,0,0,0,0,0,0,0,0,0,0,[0|0],360,0,0,0,[0|0],1,0,0,0,[0|0|0],1,1,0,0,0,0.5,0,-1,0,0,0,[0|0|0|0|0|0|0|0|0|0|0|0|0|0|0|0]
52181300,ARMS - PRAETOR,0,0,0,[0|0|0],320020,952000,100700,100710,100720,25200,25200,25200,12800,-1,-1,-1,40,1.1,-0.33,52181000,52181000,52181000,52181000,52181000,52181000,52181000,52181000,52181000,52181000,52181000,-1,-1,-1,-1,-1,1,1,1,1,1,1,1,1,-1,8420,1095,1171,0,0,100,100,25,0,0,0,0,0,0,0,0,100,100,100,0,0,-1,-1,1,0,1,0,2,0,3,0,0,1,0,0,1,0,0,0,0,0,0,0,0,0,0,0,0,0,0,0,0,0,0,0,0,0,0,0,0,0,0,0,0,0,0,0,0,0,0,0,0,0,0,0,0,0,0,0,0,0,0,0,0,0,0,0,1,1,0,0,0,1,1,1,1,1,1,1,103,100,103,100,0,0,0,0,-1,1,0,1,0,0,0,0,0,0,0,0,0,0,0,0,0,0,0,0,0,0,0,0,0,0,0,0,0,0,0,0,0,0,0,0,0,0,0,0,-1,25200,100,0,0,0,0,0,0,0,0,0,0,0,0,0,0,0,0,0,0,0,0,0,0,0,0,0,0,0,0,0,0,0,0,0,0,0,0,0,0,0,0,0,0,0,0,0,0,0,0,0,0,0,0,0,0,0,0,0,0,0,0,0,0,0,0,0,0,0,0,0,0,0,0,0,0,0,0,0,0,0,0,0,0,0,0,0,0,0,0,0,0,0,0,0,0,0,0,-1,0,350,1920,30102,800,650,-1,0,0,0,0,0,0,0,0,37200,1,-1,0,-1,-1,-1,1,0,150,246,0,110,0,0,[0|0|0|0],5,14,0,[0|0|0|0|0|0|0|0|0|0|0|0|0|0|0|0|0|0|0|0|0|0|0|0|0|0|0|0|0|0|0|0|0|0|0|0],1,1,0,13100,100,154,0,-1,0,0,0,-1,0,0,[0|0|0|0|0|0],-0.4,1,-0.5,0,0,0,0,0,0,0,0,0,0,0,0,0,0,0,0,0,0,0,0,0,0,0,0,8000,80,98,108,88,0,1,0,0,0,0,0,0,0,0,0,0,0,0,0,0,0,0,0,0,[0|0],360,0,0,0,[0|0],1,0,0,0,[0|0|0],1,1,0,0,0,0,0,-1,0,0,0,[0|0|0|0|0|0|0|0|0|0|0|0|0|0|0|0]
52054000,ARMS - CAESAR,0,0,0,[0|0|0],320030,952000,100700,100710,100720,25200,25200,25200,14700,-1,-1,-1,40,1.1,-0.33,52181000,52181000,52181000,52181000,52181000,52181000,52181000,52181000,52181000,52181000,52181000,-1,-1,-1,-1,-1,1,1,1,1,1,1,1,1,-1,4205,1095,1171,0,0,100,100,25,0,0,0,0,0,0,0,0,100,100,100,0,0,-1,-1,1,0,1,0,2,0,3,0,0,1,0,0,1,0,0,0,0,0,0,0,0,0,0,0,0,0,0,0,0,0,0,0,0,0,0,0,0,0,0,0,0,0,0,0,0,0,0,0,0,0,0,0,0,0,0,0,0,0,0,0,0,0,0,0,1,1,0,0,0,1,1,1,1,1,1,1,103,100,103,100,0,0,0,0,-1,1,0,1,0,0,0,0,0,0,0,0,0,0,0,0,0,0,0,0,0,0,0,0,0,0,0,0,0,0,0,0,0,0,0,0,0,0,0,0,-1,25200,100,0,0,0,0,0,0,0,0,0,0,0,0,0,0,0,0,0,0,0,0,0,0,0,0,0,0,0,0,0,0,0,0,0,0,0,0,0,0,0,0,0,0,0,0,0,0,0,0,0,0,0,0,0,0,0,0,0,0,0,0,0,0,0,0,0,0,0,0,0,0,0,0,0,0,0,0,0,0,0,0,0,0,0,0,0,0,0,0,0,0,0,0,0,0,0,0,-1,0,373,2000,30102,800,650,-1,0,0,0,0,0,0,0,0,37200,1,-1,0,-1,-1,-1,1,0,156,289,0,138,0,0,[0|0|0|0],5,14,0,[0|0|0|0|0|0|0|0|0|0|0|0|0|0|0|0|0|0|0|0|0|0|0|0|0|0|0|0|0|0|0|0|0|0|0|0],1,1,0,17100,100,82,0,-1,0,0,0,-1,0,0,[0|0|0|0|0|0],2.2,3.3,1.9,0,0,0,0,0,0,0,0,0,0,0,0,0,0,0,0,0,0,0,0,0,0,0,0,8000,80,98,108,88,0,1,0,0,0,0,0,0,0,0,0,0,0,0,0,0,0,0,0,0,[0|0],360,0,0,0,[0|0],1,0,0,0,[0|0|0],1,1,0,0,0,0.4,0,-1,0,0,0,[0|0|0|0|0|0|0|0|0|0|0|0|0|0|0|0]
52054100,ARMS - CAESAR (JET),0,0,0,[0|0|0],320040,952000,100700,100710,100720,25200,25200,25200,21800,9097,-1,-1,40,1.1,-0.33,52181000,52181000,52181000,52181000,52181000,52181000,52181000,52181000,52181000,52181000,52181000,-1,-1,-1,-1,-1,1,1,1,1,1,1,1,1,-1,4206,1095,1171,0,0,100,100,25,0,0,0,0,0,0,0,0,100,100,100,0,0,-1,-1,1,0,1,0,2,0,3,0,0,1,0,0,1,0,0,0,0,0,0,0,0,0,0,0,0,0,0,0,0,0,0,0,0,0,0,0,0,0,0,0,0,0,0,0,0,0,0,0,0,0,0,0,0,0,0,0,0,0,0,0,0,0,0,0,1,1,0,0,0,1,1,1,1,1,1,1,103,100,103,100,0,0,0,0,-1,1,0,1,0,0,0,0,0,0,0,0,0,0,0,0,0,0,0,0,0,0,0,0,0,0,0,0,0,0,0,0,0,0,0,0,0,0,0,0,-1,25200,100,0,0,0,0,0,0,0,0,0,0,0,0,0,0,0,0,0,0,0,0,0,0,0,0,0,0,0,0,0,0,0,0,0,0,0,0,0,0,0,0,0,0,0,0,0,0,0,0,0,0,0,0,0,0,0,0,0,0,0,0,0,0,0,0,0,0,0,0,0,0,0,0,0,0,0,0,0,0,0,0,0,0,0,0,0,0,0,0,0,0,0,0,0,0,0,0,-1,0,420,2200,30102,800,650,-1,0,0,0,0,0,0,0,0,37200,1,-1,0,-1,-1,-1,1,0,92,390,0,111,0,0,[0|0|0|0],5,14,0,[0|0|0|0|0|0|0|0|0|0|0|0|0|0|0|0|0|0|0|0|0|0|0|0|0|0|0|0|0|0|0|0|0|0|0|0],1,1,10,22000,100,31,0,-1,0,0,0,-1,0,0,[0|0|0|0|0|0],4.2,5.3,3.9,0,0,0,0,0,0,0,0,0,0,0,0,0,0,0,0,0,0,0,0,0,0,0,0,8000,80,98,108,88,0,1,0,0,0,0,0,0,0,0,0,0,0,0,0,0,0,0,0,0,[0|0],360,0,0,0,[0|0],1,0,0,0,[0|0|0],1,1,0,0,0,10,0,-1,0,0,0,[0|0|0|0|0|0|0|0|0|0|0|0|0|0|0|0]
52888800,ARMS - Poorly Disguised Scalie,0,0,0,[0|0|0],510100,952000,100700,100710,100720,25200,25200,25200,16180,-1,-1,-1,40,1.1,-0.33,52888800,52888800,52888800,52888800,52888800,52888800,52888800,52888800,52888800,52888800,52888800,-1,-1,-1,-1,-1,1,1,1,1,1,1,1,1,-1,4444,1095,1171,0,0,100,100,25,0,0,0,0,0,0,0,0,100,100,100,0,0,-1,-1,1,0,1,0,2,0,3,0,0,1,0,0,1,0,0,0,0,0,0,0,0,0,0,0,0,0,0,0,0,0,0,0,0,0,0,0,0,0,0,0,0,0,0,0,0,0,0,0,0,0,0,0,0,0,0,0,0,0,0,0,0,0,0,0,1,1,0,0,0,1,1,1,1,1,1,1,103,100,103,100,0,0,0,0,-1,1,0,1,0,0,0,0,0,0,0,0,0,0,0,0,0,0,0,0,0,0,0,0,0,0,0,0,0,0,0,0,0,0,0,0,0,0,0,0,-1,25200,100,0,0,0,0,0,0,0,0,0,0,0,0,0,0,0,0,0,0,0,0,0,0,0,0,0,0,0,0,0,0,0,0,0,0,0,0,0,0,0,0,0,0,0,0,0,0,0,0,0,0,0,0,0,0,0,0,0,0,0,0,0,0,0,0,0,0,0,0,0,0,0,0,0,0,0,0,0,0,0,0,0,0,0,0,0,0,0,0,0,0,0,0,0,0,0,0,-1,0,347,2400,30102,800,650,-1,0,0,0,0,0,0,0,0,37200,1,-1,0,-1,-1,-1,1,0,130,311,0,104,0,0,[0|0|0|0],13,14,0,[0|0|0|0|0|0|0|0|0|0|0|0|0|0|0|0|0|0|0|0|0|0|0|0|0|0|0|0|0|0|0|0|0|0|0|0],1,1,0,12570,100,141,0,-1,0,0,0,-1,0,0,[0|0|0|0|0|0],5.7,4.8,5,0,0,0,0,0,0,0,0,0,0,0,0,0,0,0,0,0,0,0,0,0,0,0,0,8000,80,98,108,88,0,1,0,0,0,0,0,0,0,0,0,0,0,0,0,0,0,0,0,0,[0|0],360,0,0,0,[0|0],1,0,0,0,[0|0|0],1,1,0,0,0,0.1,0,-1,20,0,0,[0|0|0|0|0|0|0|0|0|0|0|0|0|0|0|0]
52900000,ARMS - AA-J-123/RC JAILBREAK,0,0,0,[0|0|0],2,952000,100700,100710,100720,32900,32900,32900,12860,-1,-1,-1,40,1.1,-0.33,52900000,52900000,52900000,52900000,52900000,52900000,52900000,52900000,52900000,52900000,52900000,-1,-1,-1,-1,-1,1,1,1,1,1,1,1,1,-1,8031,1095,1171,0,0,100,100,25,0,0,0,0,0,0,0,0,100,100,100,0,0,-1,-1,1,0,1,0,2,0,3,0,0,1,0,0,1,0,0,0,0,0,0,0,0,0,0,0,0,0,0,0,0,0,0,0,0,0,0,0,0,0,0,0,0,0,0,0,0,0,0,0,0,0,0,0,0,0,0,0,0,0,0,0,0,0,0,0,1,1,0,0,0,1,1,1,1,1,1,1,103,100,103,100,0,0,0,0,-1,1,0,1,0,0,0,0,0,0,0,0,0,0,0,0,0,0,0,0,0,0,0,0,0,0,0,0,0,0,0,0,0,0,0,0,0,0,0,0,-1,32900,100,0,0,0,0,0,0,0,0,0,0,0,0,0,0,0,0,0,0,0,0,0,0,0,0,0,0,0,0,0,0,0,0,0,0,0,0,0,0,0,0,0,0,0,0,0,0,0,0,0,0,0,0,0,0,0,0,0,0,0,0,0,0,0,0,0,0,0,0,0,0,0,0,0,0,0,0,0,0,0,0,0,0,0,0,0,0,0,0,0,0,0,0,0,0,0,0,-1,0,220,1510,30102,800,650,-1,0,0,0,0,0,0,0,0,37200,1,-1,0,-1,-1,-1,1,0,45,179,0,45,0,0,[0|0|0|0],15,14,0,[0|0|0|0|0|0|0|0|0|0|0|0|0|0|0|0|0|0|0|0|0|0|0|0|0|0|0|0|0|0|0|0|0|0|0|0],1,1,0,12110,100,112,0,-1,0,0,0,-1,0,0,[0|0|0|0|0|0],1.5,-0.9,1.7,0,0,0,0,0,0,0,0,0,0,0,0,0,0,0,0,0,0,0,0,0,0,0,0,7200,70,76,132,87,0,1,0,0,0,0,0,0,0,0,0,0,0,0,0,0,0,0,0,0,[0|0],360,0,0,0,[0|0],1,0,0,0,[0|0|0],1,1,0,0,0,2,0,-1,0,0,0,[0|0|0|0|0|0|0|0|0|0|0|0|0|0|0|0]
53000000,LEGS - LG-011 MELANDER,0,0,0,[0|0|0],100000,953000,100700,100710,100720,40500,40500,40500,17960,-1,-1,-1,40,1.1,-0.33,53000000,53000000,53000000,53000000,53000000,53000000,53000000,53000000,53000000,53000000,53000000,-1,-1,-1,-1,-1,1,1,1,1,1,1,1,1,-1,1010,1096,1172,0,0,100,100,45,0,0,0,0,0,0,0,0,100,100,100,0,0,-1,-1,1,0,6,0,3,0,4,0,1,1,0,0,0,1,0,0,0,0,0,0,0,0,0,0,0,0,0,0,0,0,0,0,0,0,0,0,0,0,0,0,0,0,0,0,0,0,0,0,0,0,0,0,0,0,0,0,0,0,0,0,0,0,0,0,1,1,0,0,0,1,1,1,1,1,1,1,103,100,103,100,0,0,0,0,1,1,0,1,0,0,0,0,0,0,0,0,0,0,0,0,0,0,0,0,0,0,0,0,0,0,0,0,0,0,0,0,0,0,0,0,0,0,0,0,-1,40500,100,0,0,0,0,0,0,0,0,0,0,0,0,0,0,0,0,0,0,0,0,0,0,0,0,0,0,0,0,0,0,0,0,0,0,0,0,0,0,0,0,0,0,0,0,0,0,0,0,0,0,0,0,0,0,0,0,0,0,0,0,0,0,0,0,0,0,0,0,0,0,0,0,0,0,0,0,0,0,0,0,0,0,0,0,0,0,0,0,0,0,0,0,0,0,0,0,0,0,365,4300,30200,1550,1400,-1,0,0,0,0,5,0,0,0,37300,1,-1,0,-1,-1,-1,1,107,0,843,0,0,0,0,[0|0|0|0],11,18,0,[0|0|0|0|0|0|0|0|0|0|0|0|0|0|0|0|0|0|0|0|0|0|0|0|0|0|0|0|0|0|0|0|0|0|0|0],0.92,0.96,0,0,0,0,60520,-1,0,10000000,30,-1,0,80,[0|0|0|0|0|0],6.9,4,6.1,0,0,0,0,0,0,0,0,0,0,0.5,28,1,400,10,15,45,0,0,0,843,0,0,0,0,0,0,0,0,60520,1,40,107,28,0,0,0,0,0,0,0,0,0,0,0,0,0,0,0,[0|0],360,0,0,0,[0|0],0,0,0,0,[0|0|0],1,1,100,0,0,0,2.53,-1,0,0,0,[157|127|163|62|0|0|0|0|0|0|0|0|0|0|0|0]
53002500,LEGS - PCA Frame,0,0,0,[0|0|0],710010,953000,100700,100710,100720,40500,40500,40500,16840,-1,-1,-1,40,1.1,-0.33,53000000,53000000,53000000,53000000,53000000,53000000,53000000,53000000,53000000,53000000,53000000,-1,-1,-1,-1,-1,1,1,1,1,1,1,1,1,-1,699,1096,1172,0,0,100,100,45,0,0,0,0,0,0,0,0,100,100,100,0,0,-1,-1,1,0,6,0,3,0,4,0,1,1,0,0,0,1,0,0,0,0,0,0,0,0,0,0,0,0,0,0,0,0,0,0,0,0,0,0,0,0,0,0,0,0,0,0,0,0,0,0,0,0,0,0,0,0,0,0,0,0,0,0,0,0,0,0,1,1,0,0,0,1,1,1,1,1,1,1,103,100,103,100,0,0,0,0,1,1,0,1,0,0,0,0,0,0,0,0,0,0,0,0,0,0,0,0,0,0,0,0,0,0,0,0,0,0,0,0,0,0,0,0,0,0,0,0,-1,40500,100,0,0,0,0,0,0,0,0,0,0,0,0,0,0,0,0,0,0,0,0,0,0,0,0,0,0,0,0,0,0,0,0,0,0,0,0,0,0,0,0,0,0,0,0,0,0,0,0,0,0,0,0,0,0,0,0,0,0,0,0,0,0,0,0,0,0,0,0,0,0,0,0,0,0,0,0,0,0,0,0,0,0,0,0,0,0,0,0,0,0,0,0,0,0,0,0,0,0,309,4140,30200,1550,1400,-1,0,0,0,0,5,0,0,0,37300,1,-1,0,-1,-1,-1,1,167,0,888,0,0,0,0,[0|0|0|0],3,18,0,[0|0|0|0|0|0|0|0|0|0|0|0|0|0|0|0|0|0|0|0|0|0|0|0|0|0|0|0|0|0|0|0|0|0|0|0],0.84,0.92,0,0,0,0,59080,-1,0,10000000,30,-1,0,80,[0|0|0|0|0|0],6.81,5.9,5.78,0,0,0,0,0,0,0,0,0,0,0.5,40,1,400,10,15,45,0,0,0,888,0,0,0,0,0,0,0,0,60520,1,40,107,28,0,0,0,0,0,0,0,0,0,0,0,0,0,0,0,[0|0],360,0,0,0,[0|0],0,0,0,0,[0|0|0],1,1,100,0,0,0,2.53,-1,0,0,0,[157|127|163|62|0|0|0|0|0|0|0|0|0|0|0|0]
53000300,LEGS - LG-012 MELANDER C3,0,0,0,[0|0|0],100020,953000,100700,100710,100720,40500,40500,40500,16520,-1,-1,-1,40,1.1,-0.33,53000300,53000300,53000300,53000300,53000300,53000300,53000300,53000300,53000300,53000300,53000300,-1,-1,-1,-1,-1,1,1,1,1,1,1,1,1,-1,1011,1096,1172,0,0,100,100,45,0,0,0,0,0,0,0,0,100,100,100,0,0,-1,-1,1,0,6,0,3,0,4,0,1,1,0,0,0,1,0,0,0,0,0,0,0,0,0,0,0,0,0,0,0,0,0,0,0,0,0,0,0,0,0,0,0,0,0,0,0,0,0,0,0,0,0,0,0,0,0,0,0,0,0,0,0,0,0,0,1,1,0,0,0,1,1,1,1,1,1,1,103,100,103,100,0,0,0,0,1,1,0,1,0,0,0,0,0,0,0,0,0,0,0,0,0,0,0,0,0,0,0,0,0,0,0,0,0,0,0,0,0,0,0,0,0,0,0,0,-1,40500,100,0,0,0,0,0,0,0,0,0,0,0,0,0,0,0,0,0,0,0,0,0,0,0,0,0,0,0,0,0,0,0,0,0,0,0,0,0,0,0,0,0,0,0,0,0,0,0,0,0,0,0,0,0,0,0,0,0,0,0,0,0,0,0,0,0,0,0,0,0,0,0,0,0,0,0,0,0,0,0,0,0,0,0,0,0,0,0,0,0,0,0,0,0,0,0,0,0,0,355,3980,30200,1550,1400,-1,0,0,0,0,5,0,0,0,37300,1,-1,0,-1,-1,-1,1,138,0,835,0,0,0,0,[0|0|0|0],11,18,0,[0|0|0|0|0|0|0|0|0|0|0|0|0|0|0|0|0|0|0|0|0|0|0|0|0|0|0|0|0|0|0|0|0|0|0|0],0.94,0.97,0,0,0,0,55440,-1,0,10000000,30,-1,0,80,[0|0|0|0|0|0],6.3,3.9,5.7,0,0,0,0,0,0,0,0,0,0,0.5,30,1,400,10,15,45,0,0,0,835,0,0,0,0,0,0,0,0,55440,1,40,138,30,0,0,0,0,0,0,0,0,0,0,0,0,0,0,0,[0|0],360,0,0,0,[0|0],0,0,0,0,[0|0|0],1,1,100,0,0,0,2.53,-1,0,0,0,[42|115|163|62|0|0|0|0|0|0|0|0|0|0|0|0]
53000800,LEGS - Sarah's Frame!!,0,0,0,[0|0|0],100020,953000,100700,100710,100720,40500,40500,40500,17880,-1,-1,-1,40,1.1,-0.33,53000300,53000300,53000300,53000300,53000300,53000300,53000300,53000300,53000300,53000300,53000300,-1,-1,-1,-1,-1,1,1,1,1,1,1,1,1,-1,6448,1096,1172,0,0,100,100,45,0,0,0,0,0,0,0,0,100,100,100,0,0,-1,-1,1,0,6,0,3,0,4,0,1,1,0,0,0,1,0,0,0,0,0,0,0,0,0,0,0,0,0,0,0,0,0,0,0,0,0,0,0,0,0,0,0,0,0,0,0,0,0,0,0,0,0,0,0,0,0,0,0,0,0,0,0,0,0,0,1,1,0,0,0,1,1,1,1,1,1,1,103,100,103,100,0,0,0,0,1,1,0,1,0,0,0,0,0,0,0,0,0,0,0,0,0,0,0,0,0,0,0,0,0,0,0,0,0,0,0,0,0,0,0,0,0,0,0,0,-1,40500,100,0,0,0,0,0,0,0,0,0,0,0,0,0,0,0,0,0,0,0,0,0,0,0,0,0,0,0,0,0,0,0,0,0,0,0,0,0,0,0,0,0,0,0,0,0,0,0,0,0,0,0,0,0,0,0,0,0,0,0,0,0,0,0,0,0,0,0,0,0,0,0,0,0,0,0,0,0,0,0,0,0,0,0,0,0,0,0,0,0,0,0,0,0,0,0,0,0,0,555,4400,30200,1550,1400,-1,0,0,0,0,5,0,0,0,37300,1,-1,0,-1,-1,-1,1,200,0,870,0,0,0,0,[0|0|0|0],16,18,0,[0|0|0|0|0|0|0|0|0|0|0|0|0|0|0|0|0|0|0|0|0|0|0|0|0|0|0|0|0|0|0|0|0|0|0|0],0.9,0.95,0,0,0,0,59940,-1,0,10000000,37,-1,0,80,[0|0|0|0|0|0],5,4,7,0,0,0,0,0,0,0,0,0,0,0.5,37,1,400,10,15,45,0,0,0,870,0,0,0,0,0,0,0,0,55440,1,40,138,30,0,0,0,0,0,0,0,0,0,0,0,0,0,0,0,[0|0],360,0,0,0,[0|0],0,0,0,0,[0|0|0],1,1,100,0,0,0,2.53,-1,0,0,0,[42|115|163|62|0|0|0|0|0|0|0|0|0|0|0|0]
53000100,LEGS - 2S-5000 DESSERT,0,0,0,[0|0|0],400900,953000,100700,100710,100720,32400,32400,32400,27180,-1,-1,-1,40,1.1,-0.33,53000100,53000100,53000100,53000100,53000100,53000100,53000100,53000100,53000100,53000100,53000100,-1,-1,-1,-1,-1,1,1,1,1,1,1,1,1,-1,1080,1096,1172,0,0,100,100,45,0,0,0,0,0,0,0,0,100,100,100,0,0,-1,-1,1,0,6,0,3,0,4,0,1,1,0,0,0,1,0,0,0,0,0,0,0,0,0,0,0,0,0,0,0,0,0,0,0,0,0,0,0,0,0,0,0,0,0,0,0,0,0,0,0,0,0,0,0,0,0,0,0,0,0,0,0,0,0,0,1,1,0,0,0,1,1,1,1,1,1,1,103,100,103,100,0,0,0,0,1,1,0,1,0,0,0,0,0,0,0,0,0,0,0,0,0,0,0,0,0,0,0,0,0,0,0,0,0,0,0,0,0,0,0,0,0,0,0,0,-1,32400,100,0,0,0,0,0,0,0,0,0,0,0,0,0,0,0,0,0,0,0,0,0,0,0,0,0,0,0,0,0,0,0,0,0,0,0,0,0,0,0,0,0,0,0,0,0,0,0,0,0,0,0,0,0,0,0,0,0,0,0,0,0,0,0,0,0,0,0,0,0,0,0,0,0,0,0,0,0,0,0,0,0,0,0,0,0,0,0,0,0,0,0,0,0,0,0,0,0,0,420,5290,30200,1550,1400,-1,0,0,0,0,5,0,0,0,37300,1,-1,0,-1,-1,-1,1,80,0,997,0,0,0,0,[0|0|0|0],6,18,0,[0|0|0|0|0|0|0|0|0|0|0|0|0|0|0|0|0|0|0|0|0|0|0|0|0|0|0|0|0|0|0|0|0|0|0|0],0.76,0.88,0,0,0,0,77100,-1,0,10000000,15,-1,0,80,[0|0|0|0|0|0],8.2,9.2,6.9,0,0,0,0,0,0,0,0,0,0,0.5,19,1,300,10,15,45,0,0,0,997,0,0,0,0,0,0,0,0,77100,1,40,80,19,0,0,0,0,0,0,0,0,0,0,0,0,0,0,0,[0|0],360,0,0,0,[0|0],0,0,0,0,[0|0|0],0.9,0.9,200,0,0,0,2.35,-1,0,0,0,[212|181|150|61|0|0|0|0|0|0|0|0|0|0|0|0]
53010000,LEGS - DF-LG-08 TIAN-QIANG,0,0,0,[0|0|0],110000,953000,100700,100710,100720,72000,72000,72000,26950,-1,-1,-1,40,1.1,-0.33,53010000,53010000,53010000,53010000,53010000,53010000,53010000,53010000,53010000,53010000,53010000,-1,-1,-1,-1,-1,1,1,1,1,1,1,1,1,-1,2010,1096,1172,0,0,100,100,45,0,0,0,0,0,0,0,0,100,100,100,0,0,-1,-1,1,0,6,0,3,0,4,0,1,1,0,0,0,1,0,0,0,0,0,0,0,0,0,0,0,0,0,0,0,0,0,0,0,0,0,0,0,0,0,0,0,0,0,0,0,0,0,0,0,0,0,0,0,0,0,0,0,0,0,0,0,0,0,0,1,1,0,0,0,1,1,1,1,1,1,1,103,100,103,100,0,0,0,0,1,1,0,1,0,0,0,0,0,0,0,0,0,0,0,0,0,0,0,0,0,0,0,0,0,0,0,0,0,0,0,0,0,0,0,0,0,0,0,0,-1,72000,100,0,0,0,0,0,0,0,0,0,0,0,0,0,0,0,0,0,0,0,0,0,0,0,0,0,0,0,0,0,0,0,0,0,0,0,0,0,0,0,0,0,0,0,0,0,0,0,0,0,0,0,0,0,0,0,0,0,0,0,0,0,0,0,0,0,0,0,0,0,0,0,0,0,0,0,0,0,0,0,0,0,0,0,0,0,0,0,0,0,0,0,0,0,0,0,0,0,0,400,5300,30200,1550,1400,-1,0,0,0,0,5,0,0,0,37300,1,-1,0,-1,-1,-1,1,90,0,925,0,0,0,0,[0|0|0|0],12,18,0,[0|0|0|0|0|0|0|0|0|0|0|0|0|0|0|0|0|0|0|0|0|0|0|0|0|0|0|0|0|0|0|0|0|0|0|0],0.72,0.86,0,0,0,0,82600,-1,0,10000000,15,-1,0,80,[0|0|0|0|0|0],11.4,8.2,9.5,0,0,0,0,0,0,0,0,0,0,0.5,20,1,300,10,15,45,0,0,0,925,0,0,0,0,0,0,0,0,82600,1,40,90,20,0,0,0,0,0,0,0,0,0,0,0,0,0,0,0,[0|0],360,0,0,0,[0|0],1,0,0,0,[0|0|0],0.9,0.9,200,0,0,0,2.5,-1,0,0,0,[45|63|152|62|0|0|0|0|0|0|0|0|0|0|0|0]
53020000,LEGS - NACHTREIHER/42E,0,0,0,[0|0|0],210000,953000,100700,100710,100720,54900,54900,54900,14030,-1,-1,-1,40,1.1,-0.33,53020000,53020000,53020000,53020000,53020000,53020000,53020000,53020000,53020000,53020000,53020000,-1,-1,-1,-1,-1,1,1,1,1,1,1,1,1,-1,3010,1096,1172,0,0,100,100,45,0,0,0,0,0,0,0,0,100,100,100,0,0,-1,-1,1,0,6,0,3,0,4,0,1,1,0,0,0,1,0,0,0,0,0,0,0,0,0,0,0,0,0,0,0,0,0,0,0,0,0,0,0,0,0,0,0,0,0,0,0,0,0,0,0,0,0,0,0,0,0,0,0,0,0,0,0,0,0,0,1,1,0,0,0,1,1,1,1,1,1,1,103,100,103,100,0,0,0,0,1,1,0,1,0,0,0,0,0,0,0,0,0,0,0,0,0,0,0,0,0,0,0,0,0,0,0,0,0,0,0,0,0,0,0,0,0,0,0,0,-1,54900,100,0,0,0,0,0,0,0,0,0,0,0,0,0,0,0,0,0,0,0,0,0,0,0,0,0,0,0,0,0,0,0,0,0,0,0,0,0,0,0,0,0,0,0,0,0,0,0,0,0,0,0,0,0,0,0,0,0,0,0,0,0,0,0,0,0,0,0,0,0,0,0,0,0,0,0,0,0,0,0,0,0,0,0,0,0,0,0,0,0,0,0,0,0,0,0,0,0,0,462,3460,30200,1550,1400,-1,0,0,0,0,5,0,0,0,37300,1,-1,0,-1,-1,-1,1.1,228,0,662,0,0,0,0,[0|0|0|0],8,18,0,[0|0|0|0|0|0|0|0|0|0|0|0|0|0|0|0|0|0|0|0|0|0|0|0|0|0|0|0|0|0|0|0|0|0|0|0],0.96,0.98,0,0,0,0,48650,-1,0,10000000,30,-1,0,80,[0|0|0|0|0|0],-0.5,3,-0.2,0,0,0,0,0,0,0,0,0,0,0.5,52,1,400,10,15,45,0,0,0,662,0,0,0,0,0,0,0,0,48650,1.1,40,228,52,0,0,0,0,0,0,0,0,0,0,0,0,0,0,0,[0|0],360,0,0,0,[0|0],0,0,0,0,[0|0|0],1.1,1.1,0,0,0,0,3.35,-1,0,0,0,[243|28|131|63|0|0|0|0|0|0|0|0|0|0|0|0]
53020300,LEGS - SERENITY,0,0,0,[0|0|0],400921,953000,100700,100710,100720,54900,54900,54900,18830,-1,-1,-1,40,1.1,-0.33,53020000,53020000,53020000,53020000,53020000,53020000,53020000,53020000,53020000,53020000,53020000,-1,-1,-1,-1,-1,1,1,1,1,1,1,1,1,-1,8069,1096,1172,0,0,100,100,45,0,0,0,0,0,0,0,0,100,100,100,0,0,-1,-1,1,0,6,0,3,0,4,0,1,1,0,0,0,1,0,0,0,0,0,0,0,0,0,0,0,0,0,0,0,0,0,0,0,0,0,0,0,0,0,0,0,0,0,0,0,0,0,0,0,0,0,0,0,0,0,0,0,0,0,0,0,0,0,0,1,1,0,0,0,1,1,1,1,1,1,1,103,100,103,100,0,0,0,0,1,1,0,1,0,0,0,0,0,0,0,0,0,0,0,0,0,0,0,0,0,0,0,0,0,0,0,0,0,0,0,0,0,0,0,0,0,0,0,0,-1,54900,100,0,0,0,0,0,0,0,0,0,0,0,0,0,0,0,0,0,0,0,0,0,0,0,0,0,0,0,0,0,0,0,0,0,0,0,0,0,0,0,0,0,0,0,0,0,0,0,0,0,0,0,0,0,0,0,0,0,0,0,0,0,0,0,0,0,0,0,0,0,0,0,0,0,0,0,0,0,0,0,0,0,0,0,0,0,0,0,0,0,0,0,0,0,0,0,0,0,0,302,4010,30200,1550,1400,-1,0,0,0,0,5,0,0,0,37300,1,-1,0,-1,-1,-1,1.1,200,0,788,0,0,0,0,[0|0|0|0],1,18,0,[0|0|0|0|0|0|0|0|0|0|0|0|0|0|0|0|0|0|0|0|0|0|0|0|0|0|0|0|0|0|0|0|0|0|0|0],0.8,0.9,0,0,0,0,68130,-1,0,10000000,30,-1,0,80,[0|0|0|0|0|0],11.2,8.35,9.45,0,0,0,0,0,0,0,0,0,0,0.5,44,1,400,10,15,45,0,0,0,788,0,0,0,0,0,0,0,0,48650,1.1,40,228,52,0,0,0,0,0,0,0,0,0,0,0,0,0,0,0,[0|0],360,0,0,0,[0|0],1,0,0,0,[0|0|0],1.1,1.1,0,0,0,0,3.35,-1,0,0,0,[243|28|131|63|0|0|0|0|0|0|0|0|0|0|0|0]
53030000,LEGS - VP-422,0,0,0,[0|0|0],200000,953000,100700,100710,100720,88200,88200,88200,17170,-1,-1,-1,40,1.1,-0.33,53030000,53030000,53030000,53030000,53030000,53030000,53030000,53030000,53030000,53030000,53030000,-1,-1,-1,-1,-1,1,1,1,1,1,1,1,1,-1,4010,1096,1172,0,0,100,100,45,0,0,0,0,0,0,0,0,100,100,100,0,0,-1,-1,1,0,6,0,3,0,4,0,1,1,0,0,0,1,0,0,0,0,0,0,0,0,0,0,0,0,0,0,0,0,0,0,0,0,0,0,0,0,0,0,0,0,0,0,0,0,0,0,0,0,0,0,0,0,0,0,0,0,0,0,0,0,0,0,1,1,0,0,0,1,1,1,1,1,1,1,103,100,103,100,0,0,0,0,1,1,0,1,0,0,0,0,0,0,0,0,0,0,0,0,0,0,0,0,0,0,0,0,0,0,0,0,0,0,0,0,0,0,0,0,0,0,0,0,-1,88200,100,0,0,0,0,0,0,0,0,0,0,0,0,0,0,0,0,0,0,0,0,0,0,0,0,0,0,0,0,0,0,0,0,0,0,0,0,0,0,0,0,0,0,0,0,0,0,0,0,0,0,0,0,0,0,0,0,0,0,0,0,0,0,0,0,0,0,0,0,0,0,0,0,0,0,0,0,0,0,0,0,0,0,0,0,0,0,0,0,0,0,0,0,0,0,0,0,0,0,387,4090,30200,1550,1400,-1,0,0,0,0,5,0,0,0,37300,1,-1,0,-1,-1,-1,1,112,0,830,0,0,0,0,[0|0|0|0],7,18,0,[0|0|0|0|0|0|0|0|0|0|0|0|0|0|0|0|0|0|0|0|0|0|0|0|0|0|0|0|0|0|0|0|0|0|0|0],0.88,0.94,0,0,0,0,58620,-1,0,10000000,30,-1,0,80,[0|0|0|0|0|0],5.2,7.9,3.4,0,0,0,0,0,0,0,0,0,0,0.5,29,1,400,10,15,45,0,0,0,830,0,0,0,0,0,0,0,0,58620,1,40,112,29,0,0,0,0,0,0,0,0,0,0,0,0,0,0,0,[0|0],360,0,0,0,[0|0],0,0,0,0,[0|0|0],1,1,100,0,0,0,2.7,-1,0,0,0,[247|234|15|63|0|0|0|0|0|0|0|0|0|0|0|0]
53030200,LEGS - AAP07 BALTEUS,0,0,0,[0|0|0],710000,953000,100700,100710,100720,88200,88200,88200,17930,-1,-1,-1,40,1.1,-0.33,53030000,53030000,53030000,53030000,53030000,53030000,53030000,53030000,53030000,53030000,53030000,-1,-1,-1,-1,-1,1,1,1,1,1,1,1,1,-1,4020,1096,1172,0,0,100,100,45,0,0,0,0,0,0,0,0,100,100,100,0,0,-1,-1,1,0,6,0,3,0,4,0,1,1,0,0,0,1,0,0,0,0,0,0,0,0,0,0,0,0,0,0,0,0,0,0,0,0,0,0,0,0,0,0,0,0,0,0,0,0,0,0,0,0,0,0,0,0,0,0,0,0,0,0,0,0,0,0,1,1,0,0,0,1,1,1,1,1,1,1,103,100,103,100,0,0,0,0,1,1,0,1,0,0,0,0,0,0,0,0,0,0,0,0,0,0,0,0,0,0,0,0,0,0,0,0,0,0,0,0,0,0,0,0,0,0,0,0,-1,88200,100,0,0,0,0,0,0,0,0,0,0,0,0,0,0,0,0,0,0,0,0,0,0,0,0,0,0,0,0,0,0,0,0,0,0,0,0,0,0,0,0,0,0,0,0,0,0,0,0,0,0,0,0,0,0,0,0,0,0,0,0,0,0,0,0,0,0,0,0,0,0,0,0,0,0,0,0,0,0,0,0,0,0,0,0,0,0,0,0,0,0,0,0,0,0,0,0,0,0,630,4280,30200,1550,1400,-1,0,0,0,0,5,0,0,0,37300,1,-1,0,-1,-1,-1,1,112,0,891,0,0,0,0,[0|0|0|0],3,18,0,[0|0|0|0|0|0|0|0|0|0|0|0|0|0|0|0|0|0|0|0|0|0|0|0|0|0|0|0|0|0|0|0|0|0|0|0],0.86,0.94,0,0,0,0,79100,-1,0,10000000,30,-1,0,80,[0|0|0|0|0|0],7.8,13,5,0,0,0,0,0,0,0,0,0,0,0.5,12,1,400,10,15,45,0,0,0,893,0,0,0,0,0,0,0,0,58620,1,40,130,12,0,0,0,0,0,0,0,0,0,0,0,0,0,0,0,[0|0],360,0,0,0,[0|0],0,0,0,0,[0|0|0],1,1,100,0,0,0,2.7,-1,0,0,0,[0|0|0|0|0|0|0|0|0|0|0|0|0|0|0|0]
53040000,LEGS - VE-42A,0,0,0,[0|0|0],300000,953000,100700,100710,100720,32400,32400,32400,31580,-1,9080,-1,40,1.1,-0.33,53040000,53040000,53040000,53040000,53040000,53040000,53040000,53040000,53040000,53040000,53040000,-1,-1,-1,-1,-1,1,1,1,1,1,1,1,1,-1,5010,1096,1172,0,0,100,100,45,0,0,0,0,0,0,0,0,100,100,100,0,0,-1,-1,1,0,6,0,3,0,4,0,1,1,0,0,0,1,0,0,0,0,0,0,0,0,0,0,0,0,0,0,0,0,0,0,0,0,0,0,0,0,0,0,0,0,0,0,0,0,0,0,0,0,0,0,0,0,0,0,0,0,0,0,0,0,0,0,1,1,0,0,0,1,1,1,1,1,1,1,103,100,103,100,0,0,0,0,3,1,0,1,0,0,0,0,0,0,0,0,0,0,0,0,0,0,0,0,0,0,0,0,0,0,0,0,0,0,0,0,0,0,0,0,0,0,0,0,-1,32400,100,0,0,0,0,0,0,0,0,0,0,0,0,0,0,0,0,0,0,0,0,0,0,0,0,0,0,0,0,0,0,0,0,0,0,0,0,0,0,0,0,0,0,0,0,0,0,0,0,0,0,0,0,0,0,0,0,0,0,0,0,0,0,0,0,0,0,0,0,0,0,0,0,0,0,0,0,0,0,0,0,0,0,0,0,0,0,0,0,0,0,0,0,0,0,0,0,0,0,465,5900,30200,1550,1400,-1,0,0,0,0,5,0,0,0,50100,1,-1,0,-1,-1,-1,0.6,56,0,977,0,0,0,0,[0|0|0|0],20,18,0,[0|0|0|0|0|0|0|0|0|0|0|0|0|0|0|0|0|0|0|0|0|0|0|0|0|0|0|0|0|0|0|0|0|0|0|0],0.7,0.85,0,0,0,0,85700,-1,0,10000000,10,-1,0,80,[0|0|0|0|0|0],8,12.1,8.7,0,0,0,0,0,0,0,0,0,0,0.5,14,1,200,10,15,45,0,0,0,977,0,0,0,0,0,0,0,0,85700,0.6,40,56,14,0,0,0,0,0,0,0,0,0,0,0,0,0,0,0,[0|0],360,0,0,0,[0|0],1,0,0,0,[0|0|0],0.9,0.9,210,70,120,0,3.2,-1,0,0,0,[250|12|100|63|0|0|0|0|0|0|0|0|0|0|0|0]
53050000,LEGS - 06-041 MIND ALPHA,0,0,0,[0|0|0],500000,953000,100700,100710,100720,112500,112500,112500,20810,-1,-1,-1,40,1.1,-0.33,53050000,53050000,53050000,53050000,53050000,53050000,53050000,53050000,53050000,53050000,53050000,-1,-1,-1,-1,-1,1,1,1,1,1,1,1,1,-1,6010,1096,1172,0,0,100,100,45,0,0,0,0,0,0,0,0,100,100,100,0,0,-1,-1,1,0,6,0,3,0,4,0,1,1,0,0,0,1,0,0,0,0,0,0,0,0,0,0,0,0,0,0,0,0,0,0,0,0,0,0,0,0,0,0,0,0,0,0,0,0,0,0,0,0,0,0,0,0,0,0,0,0,0,0,0,0,0,0,1,1,0,0,0,1,1,1,1,1,1,1,103,100,103,100,0,0,0,0,1,1,0,1,0,0,0,0,0,0,0,0,0,0,0,0,0,0,0,0,0,0,0,0,0,0,0,0,0,0,0,0,0,0,0,0,0,0,0,0,-1,112500,100,0,0,0,0,0,0,0,0,0,0,0,0,0,0,0,0,0,0,0,0,0,0,0,0,0,0,0,0,0,0,0,0,0,0,0,0,0,0,0,0,0,0,0,0,0,0,0,0,0,0,0,0,0,0,0,0,0,0,0,0,0,0,0,0,0,0,0,0,0,0,0,0,0,0,0,0,0,0,0,0,0,0,0,0,0,0,0,0,0,0,0,0,0,0,0,0,0,0,412,4560,30200,1550,1400,-1,0,0,0,0,5,0,0,0,37300,1,-1,0,-1,-1,-1,1,103,0,894,0,0,0,0,[0|0|0|0],4,18,0,[0|0|0|0|0|0|0|0|0|0|0|0|0|0|0|0|0|0|0|0|0|0|0|0|0|0|0|0|0|0|0|0|0|0|0|0],0.94,0.97,0,0,0,0,63810,-1,0,10000000,30,-1,0,80,[0|0|0|0|0|0],7,9,5.6,0,0,0,0,0,0,0,0,0,0,0.5,25,1,400,10,15,45,0,0,0,894,0,0,0,0,0,0,0,0,63810,1,40,103,25,0,0,0,0,0,0,0,0,0,0,0,0,0,0,0,[0|0],360,0,0,0,[0|0],0,0,0,0,[0|0|0],0.95,0.95,200,0,0,0,2.8,-1,0,0,0,[31|189|41|63|0|0|0|0|0|0|0|0|0|0|0|0]
53060000,LEGS - EL-TL-10 FIRMEZA,0,0,0,[0|0|0],410000,953000,100700,100710,100720,32400,32400,32400,11200,-1,-1,-1,40,1.1,-0.33,53060000,53060000,53060000,53060000,53060000,53060000,53060000,53060000,53060000,53060000,53060000,-1,-1,-1,-1,-1,1,1,1,1,1,1,1,1,-1,7010,1096,1172,0,0,100,100,45,0,0,0,0,0,0,0,0,100,100,100,0,0,-1,-1,1,0,6,0,3,0,4,0,1,1,0,0,0,1,0,0,0,0,0,0,0,0,0,0,0,0,0,0,0,0,0,0,0,0,0,0,0,0,0,0,0,0,0,0,0,0,0,0,0,0,0,0,0,0,0,0,0,0,0,0,0,0,0,0,1,1,0,0,0,1,1,1,1,1,1,1,103,100,103,100,0,0,0,0,1,1,0,1,0,0,0,0,0,0,0,0,0,0,0,0,0,0,0,0,0,0,0,0,0,0,0,0,0,0,0,0,0,0,0,0,0,0,0,0,-1,32400,100,0,0,0,0,0,0,0,0,0,0,0,0,0,0,0,0,0,0,0,0,0,0,0,0,0,0,0,0,0,0,0,0,0,0,0,0,0,0,0,0,0,0,0,0,0,0,0,0,0,0,0,0,0,0,0,0,0,0,0,0,0,0,0,0,0,0,0,0,0,0,0,0,0,0,0,0,0,0,0,0,0,0,0,0,0,0,0,0,0,0,0,0,0,0,0,0,0,0,378,3600,30200,1550,1400,-1,0,0,0,0,5,0,0,0,37300,1,-1,0,-1,-1,-1,1.1,155,0,737,0,0,0,0,[0|0|0|0],19,18,0,[0|0|0|0|0|0|0|0|0|0|0|0|0|0|0|0|0|0|0|0|0|0|0|0|0|0|0|0|0|0|0|0|0|0|0|0],1,1,0,0,0,0,52100,-1,0,10000000,30,-1,0,80,[0|0|0|0|0|0],2.8,-3.4,-3,0,0,0,0,0,0,0,0,0,0,0.5,31,1,400,10,15,45,0,0,0,737,0,0,0,0,0,0,0,0,52100,1.1,40,155,31,0,0,0,0,0,0,0,0,0,0,0,0,0,0,0,[0|0],360,0,0,0,[0|0],0,0,0,0,[0|0|0],1.1,1.1,0,0,0,0,2.7,-1,0,0,0,[14|78|20|63|0|0|0|0|0|0|0|0|0|0|0|0]
53060900,LEGS - EL-RC-16 GRANIZO,0,0,0,[0|0|0],410000,953000,100700,100710,100720,32400,32400,32400,16210,-1,-1,-1,40,1.1,-0.33,53060900,53060900,53060900,53060900,53060900,53060900,53060900,53060900,53060900,53060900,53060900,-1,-1,-1,-1,-1,1,1,1,1,1,1,1,1,-1,4021,1096,1172,0,0,100,100,45,0,0,0,0,0,0,0,0,100,100,100,0,0,-1,-1,1,0,6,0,3,0,4,0,1,1,0,0,0,1,0,0,0,0,0,0,0,0,0,0,0,0,0,0,0,0,0,0,0,0,0,0,0,0,0,0,0,0,0,0,0,0,0,0,0,0,0,0,0,0,0,0,0,0,0,0,0,0,0,0,1,1,0,0,0,1,1,1,1,1,1,1,103,100,103,100,0,0,0,0,1,1,0,1,0,0,0,0,0,0,0,0,0,0,0,0,0,0,0,0,0,0,0,0,0,0,0,0,0,0,0,0,0,0,0,0,0,0,0,0,-1,32400,100,0,0,0,0,0,0,0,0,0,0,0,0,0,0,0,0,0,0,0,0,0,0,0,0,0,0,0,0,0,0,0,0,0,0,0,0,0,0,0,0,0,0,0,0,0,0,0,0,0,0,0,0,0,0,0,0,0,0,0,0,0,0,0,0,0,0,0,0,0,0,0,0,0,0,0,0,0,0,0,0,0,0,0,0,0,0,0,0,0,0,0,0,0,0,0,0,0,0,430,4760,30200,1550,1400,-1,0,0,0,0,5,0,0,0,37300,1,-1,0,-1,-1,-1,1.1,93,0,910,0,0,0,0,[0|0|0|0],19,18,0,[0|0|0|0|0|0|0|0|0|0|0|0|0|0|0|0|0|0|0|0|0|0|0|0|0|0|0|0|0|0|0|0|0|0|0|0],0.9,0.95,0,0,0,0,51990,-1,0,10000000,30,-1,0,80,[0|0|0|0|0|0],0.2,-1,0.6,0,0,0,0,0,0,0,0,0,0,0.5,39,1,400,10,15,45,0,0,0,910,0,0,0,0,0,0,0,0,52100,1.1,40,155,31,0,0,0,0,0,0,0,0,0,0,0,0,0,0,0,[0|0],360,0,0,0,[0|0],0,0,0,0,[0|0|0],1.1,1.1,0,0,0,0,2.7,-1,0,0,0,[14|78|20|63|0|0|0|0|0|0|0|0|0|0|0|0]
53070200,LEGS - AL-J-121 BASHO,0,0,0,[0|0|0],1,953000,100700,100710,100720,42300,42300,42300,19720,-1,-1,-1,40,1.1,-0.33,53070200,53070200,53070200,53070200,53070200,53070200,53070200,53070200,53070200,53070200,53070200,-1,-1,-1,-1,-1,1,1,1,1,1,1,1,1,-1,8030,1096,1172,0,0,100,100,45,0,0,0,0,0,0,0,0,100,100,100,0,0,-1,-1,1,0,6,0,3,0,4,0,1,1,0,0,0,1,0,0,0,0,0,0,0,0,0,0,0,0,0,0,0,0,0,0,0,0,0,0,0,0,0,0,0,0,0,0,0,0,0,0,0,0,0,0,0,0,0,0,0,0,0,0,0,0,0,0,1,1,0,0,0,1,1,1,1,1,1,1,103,100,103,100,0,0,0,0,1,1,0,1,0,0,0,0,0,0,0,0,0,0,0,0,0,0,0,0,0,0,0,0,0,0,0,0,0,0,0,0,0,0,0,0,0,0,0,0,-1,42300,100,0,0,0,0,0,0,0,0,0,0,0,0,0,0,0,0,0,0,0,0,0,0,0,0,0,0,0,0,0,0,0,0,0,0,0,0,0,0,0,0,0,0,0,0,0,0,0,0,0,0,0,0,0,0,0,0,0,0,0,0,0,0,0,0,0,0,0,0,0,0,0,0,0,0,0,0,0,0,0,0,0,0,0,0,0,0,0,0,0,0,0,0,0,0,0,0,0,0,300,4240,30200,1550,1400,-1,0,0,0,0,5,0,0,0,37300,1,-1,0,-1,-1,-1,1.1,152,0,824,0,0,0,0,[0|0|0|0],15,18,0,[0|0|0|0|0|0|0|0|0|0|0|0|0|0|0|0|0|0|0|0|0|0|0|0|0|0|0|0|0|0|0|0|0|0|0|0],0.84,0.93,0,0,0,0,62600,-1,0,10000000,15,-1,0,80,[0|0|0|0|0|0],6.2,2.5,9.8,0,0,0,0,0,0,0,0,0,0,0.5,29,1,400,10,15,45,0,0,0,824,0,0,0,0,0,0,0,0,62600,1.1,40,152,29,0,0,0,0,0,0,0,0,0,0,0,0,0,0,0,[0|0],360,0,0,0,[0|0],0,0,0,0,[0|0|0],0.95,0.95,100,0,0,0,2.35,-1,0,0,0,[27|127|162|187|0|0|0|0|0|0|0|0|0|0|0|0]
53070300,LEGS - 2C-3000 WRECKER,0,0,0,[0|0|0],400100,953000,100700,100710,100720,32400,32400,32400,23230,-1,-1,-1,40,1.1,-0.33,53070300,53070300,53070300,53070300,53070300,53070300,53070300,53070300,53070300,53070300,53070300,-1,-1,-1,-1,-1,1,1,1,1,1,1,1,1,-1,8040,1096,1172,0,0,100,100,45,0,0,0,0,0,0,0,0,100,100,100,0,0,-1,-1,1,0,6,0,3,0,4,0,1,1,0,0,0,1,0,0,0,0,0,0,0,0,0,0,0,0,0,0,0,0,0,0,0,0,0,0,0,0,0,0,0,0,0,0,0,0,0,0,0,0,0,0,0,0,0,0,0,0,0,0,0,0,0,0,1,1,0,0,0,1,1,1,1,1,1,1,103,100,103,100,0,0,0,0,1,1,0,1,0,0,0,0,0,0,0,0,0,0,0,0,0,0,0,0,0,0,0,0,0,0,0,0,0,0,0,0,0,0,0,0,0,0,0,0,-1,32400,100,0,0,0,0,0,0,0,0,0,0,0,0,0,0,0,0,0,0,0,0,0,0,0,0,0,0,0,0,0,0,0,0,0,0,0,0,0,0,0,0,0,0,0,0,0,0,0,0,0,0,0,0,0,0,0,0,0,0,0,0,0,0,0,0,0,0,0,0,0,0,0,0,0,0,0,0,0,0,0,0,0,0,0,0,0,0,0,0,0,0,0,0,0,0,0,0,0,0,680,5220,30200,1550,1400,-1,0,0,0,0,5,0,0,0,37300,1,-1,0,-1,-1,-1,1,86,0,1003,0,0,0,0,[0|0|0|0],6,18,0,[0|0|0|0|0|0|0|0|0|0|0|0|0|0|0|0|0|0|0|0|0|0|0|0|0|0|0|0|0|0|0|0|0|0|0|0],0.78,0.89,0,0,0,0,68900,-1,0,10000000,15,-1,0,80,[0|0|0|0|0|0],7.1,3.7,9.3,0,0,0,0,0,0,0,0,0,0,0.5,17,1,300,10,15,45,0,0,0,1003,0,0,0,0,0,0,0,0,68900,1,40,86,17,0,0,0,0,0,0,0,0,0,0,0,0,0,0,0,[0|0],360,0,0,0,[0|0],0,0,0,0,[0|0|0],0.9,0.9,200,0,0,0,2.25,-1,0,0,0,[176|227|63|57|0|0|0|0|0|0|0|0|0|0|0|0]
53074100,LEGS - Hysteric,0,0,0,[0|0|0],400920,953000,100700,100710,100720,32400,32400,32400,11320,900100,-1,-1,40,1.1,-0.33,53070300,53070300,53070300,53070300,53070300,53070300,53070300,53070300,53070300,53070300,53070300,-1,-1,-1,-1,-1,1,1,1,1,1,1,1,1,-1,2012,1096,1172,0,0,100,100,45,0,0,0,0,0,0,0,0,100,100,100,0,0,-1,-1,1,0,6,0,3,0,4,0,1,1,0,0,0,1,0,0,0,0,0,0,0,0,0,0,0,0,0,0,0,0,0,0,0,0,0,0,0,0,0,0,0,0,0,0,0,0,0,0,0,0,0,0,0,0,0,0,0,0,0,0,0,0,0,0,1,1,0,0,0,1,1,1,1,1,1,1,103,100,103,100,0,0,0,0,1,1,0,1,0,0,0,0,0,0,0,0,0,0,0,0,0,0,0,0,0,0,0,0,0,0,0,0,0,0,0,0,0,0,0,0,0,0,0,0,-1,32400,100,0,0,0,0,0,0,0,0,0,0,0,0,0,0,0,0,0,0,0,0,0,0,0,0,0,0,0,0,0,0,0,0,0,0,0,0,0,0,0,0,0,0,0,0,0,0,0,0,0,0,0,0,0,0,0,0,0,0,0,0,0,0,0,0,0,0,0,0,0,0,0,0,0,0,0,0,0,0,0,0,0,0,0,0,0,0,0,0,0,0,0,0,0,0,0,0,0,0,401,1900,30200,1550,1400,-1,0,0,0,0,5,0,0,0,37300,1,-1,0,-1,-1,-1,1,83,0,630,0,0,0,0,[0|0|0|0],1,18,0,[0|0|0|0|0|0|0|0|0|0|0|0|0|0|0|0|0|0|0|0|0|0|0|0|0|0|0|0|0|0|0|0|0|0|0|0],1.06,1.12,0,0,0,0,58600,-1,0,10000000,15,-1,0,80,[0|0|0|0|0|0],0,-3,-2,0,0,0,0,0,0,0,0,0,0,0.5,19,1,300,10,15,45,0,0,0,1003,0,0,0,0,0,0,0,0,68900,1,40,86,17,0,0,0,0,0,0,0,0,0,0,0,0,0,0,0,[0|0],360,0,0,0,[0|0],0,0,0,0,[0|0|0],0.9,0.9,200,0,0,0,2.25,-1,0,0,0,[176|227|63|57|0|0|0|0|0|0|0|0|0|0|0|0]
53070400,LEGS - 2C-2000 CRAWLER,0,0,0,[0|0|0],400000,953000,100700,100710,100720,32400,32400,32400,16300,-1,-1,-1,40,1.1,-0.33,53070400,53070400,53070400,53070400,53070400,53070400,53070400,53070400,53070400,53070400,53070400,-1,-1,-1,-1,-1,1,1,1,1,1,1,1,1,-1,1400,1096,1172,0,0,100,100,45,0,0,0,0,0,0,0,0,100,100,100,0,0,-1,-1,1,0,6,0,3,0,4,0,1,1,0,0,0,1,0,0,0,0,0,0,0,0,0,0,0,0,0,0,0,0,0,0,0,0,0,0,0,0,0,0,0,0,0,0,0,0,0,0,0,0,0,0,0,0,0,0,0,0,0,0,0,0,0,0,1,1,0,0,0,1,1,1,1,1,1,1,103,100,103,100,0,0,0,0,1,1,0,1,0,0,0,0,0,0,0,0,0,0,0,0,0,0,0,0,0,0,0,0,0,0,0,0,0,0,0,0,0,0,0,0,0,0,0,0,-1,32400,100,0,0,0,0,0,0,0,0,0,0,0,0,0,0,0,0,0,0,0,0,0,0,0,0,0,0,0,0,0,0,0,0,0,0,0,0,0,0,0,0,0,0,0,0,0,0,0,0,0,0,0,0,0,0,0,0,0,0,0,0,0,0,0,0,0,0,0,0,0,0,0,0,0,0,0,0,0,0,0,0,0,0,0,0,0,0,0,0,0,0,0,0,0,0,0,0,0,0,280,3650,30200,1550,1400,-1,0,0,0,0,5,0,0,0,37300,1,-1,0,-1,-1,-1,1,100,0,799,0,0,0,0,[0|0|0|0],6,18,0,[0|0|0|0|0|0|0|0|0|0|0|0|0|0|0|0|0|0|0|0|0|0|0|0|0|0|0|0|0|0|0|0|0|0|0|0],0.88,0.94,0,0,0,0,56900,-1,0,10000000,30,-1,0,80,[0|0|0|0|0|0],2.6,2.2,3.7,0,0,0,0,0,0,0,0,0,0,0.5,27,1,400,10,15,45,0,0,0,799,0,0,0,0,0,0,0,0,53700,1,40,100,27,0,0,0,0,0,0,0,0,0,0,0,0,0,0,0,[0|0],360,0,0,0,[0|0],0,0,0,0,[0|0|0],1,1,0,0,0,0,2.25,-1,0,0,0,[0|0|0|0|0|0|0|0|0|0|0|0|0|0|0|0]
53070500,LEGS - 2R-1000 RAVAGER,0,0,0,[0|0|0],400910,953000,100700,100710,100720,32400,32400,32400,19130,-1,-1,-1,40,1.1,-0.33,53070500,53070500,53070500,53070500,53070500,53070500,53070500,53070500,53070500,53070500,53070500,-1,-1,-1,-1,-1,1,1,1,1,1,1,1,1,-1,621,1096,1172,0,0,100,100,45,0,0,0,0,0,0,0,0,100,100,100,0,0,-1,-1,1,0,6,0,3,0,4,0,1,1,0,0,0,1,0,0,0,0,0,0,0,0,0,0,0,0,0,0,0,0,0,0,0,0,0,0,0,0,0,0,0,0,0,0,0,0,0,0,0,0,0,0,0,0,0,0,0,0,0,0,0,0,0,0,1,1,0,0,0,1,1,1,1,1,1,1,103,100,103,100,0,0,0,0,1,1,0,1,0,0,0,0,0,0,0,0,0,0,0,0,0,0,0,0,0,0,0,0,0,0,0,0,0,0,0,0,0,0,0,0,0,0,0,0,-1,32400,100,0,0,0,0,0,0,0,0,0,0,0,0,0,0,0,0,0,0,0,0,0,0,0,0,0,0,0,0,0,0,0,0,0,0,0,0,0,0,0,0,0,0,0,0,0,0,0,0,0,0,0,0,0,0,0,0,0,0,0,0,0,0,0,0,0,0,0,0,0,0,0,0,0,0,0,0,0,0,0,0,0,0,0,0,0,0,0,0,0,0,0,0,0,0,0,0,0,0,580,4800,30200,1550,1400,-1,0,0,0,0,5,0,0,0,37300,1,-1,0,-1,-1,-1,1,92,0,893,0,0,0,0,[0|0|0|0],6,18,0,[0|0|0|0|0|0|0|0|0|0|0|0|0|0|0|0|0|0|0|0|0|0|0|0|0|0|0|0|0|0|0|0|0|0|0|0],0.84,0.93,0,0,0,0,67800,-1,0,10000000,30,-1,0,80,[0|0|0|0|0|0],6.1,6.1,6.1,0,0,0,0,0,0,0,0,0,0,0.5,28,1,400,10,15,45,0,0,0,934,0,0,0,0,0,0,0,0,53700,1,40,100,27,0,0,0,0,0,0,0,0,0,0,0,0,0,0,0,[0|0],360,0,0,0,[0|0],0,0,0,0,[0|0|0],1,1,0,0,0,0,2.25,-1,0,0,0,[0|0|0|0|0|0|0|0|0|0|0|0|0|0|0|0]
53070700,LEGS - 2R-1000/RC RAVAGER,0,0,0,[0|0|0],400911,953000,100700,100710,100720,32400,32400,32400,16210,-1,-1,-1,40,1.1,-0.33,53070700,53070700,53070700,53070700,53070700,53070700,53070700,53070700,53070700,53070700,53070700,-1,-1,-1,-1,-1,1,1,1,1,1,1,1,1,-1,6210,1096,1172,0,0,100,100,45,0,0,0,0,0,0,0,0,100,100,100,0,0,-1,-1,1,0,6,0,3,0,4,0,1,1,0,0,0,1,0,0,0,0,0,0,0,0,0,0,0,0,0,0,0,0,0,0,0,0,0,0,0,0,0,0,0,0,0,0,0,0,0,0,0,0,0,0,0,0,0,0,0,0,0,0,0,0,0,0,1,1,0,0,0,1,1,1,1,1,1,1,103,100,103,100,0,0,0,0,1,1,0,1,0,0,0,0,0,0,0,0,0,0,0,0,0,0,0,0,0,0,0,0,0,0,0,0,0,0,0,0,0,0,0,0,0,0,0,0,-1,32400,100,0,0,0,0,0,0,0,0,0,0,0,0,0,0,0,0,0,0,0,0,0,0,0,0,0,0,0,0,0,0,0,0,0,0,0,0,0,0,0,0,0,0,0,0,0,0,0,0,0,0,0,0,0,0,0,0,0,0,0,0,0,0,0,0,0,0,0,0,0,0,0,0,0,0,0,0,0,0,0,0,0,0,0,0,0,0,0,0,0,0,0,0,0,0,0,0,0,0,310,2250,30200,1550,1400,-1,0,0,0,0,5,0,0,0,37300,1,-1,0,-1,-1,-1,1,88,0,621,0,0,0,0,[0|0|0|0],6,18,0,[0|0|0|0|0|0|0|0|0|0|0|0|0|0|0|0|0|0|0|0|0|0|0|0|0|0|0|0|0|0|0|0|0|0|0|0],0.98,0.99,0,0,0,0,60800,-1,0,10000000,30,-1,0,80,[0|0|0|0|0|0],1,1,1,0,0,0,0,0,0,0,0,0,0,0.5,13,1,400,10,15,45,0,0,0,712,0,0,0,0,0,0,0,0,53700,1,40,100,27,0,0,0,0,0,0,0,0,0,0,0,0,0,0,0,[0|0],360,0,0,0,[0|0],0,0,0,0,[0|0|0],1,1,0,0,0,0,2.25,-1,0,0,0,[0|0|0|0|0|0|0|0|0|0|0|0|0|0|0|0]
53080000,LEGS - IB-C03L: HAL 826,0,0,0,[0|0|0],700000,953000,100700,100710,100720,32400,32400,32400,18400,-1,-1,-1,40,1.1,-0.33,53080000,53080000,53080000,53080000,53080000,53080000,53080000,53080000,53080000,53080000,53080000,-1,-1,-1,-1,-1,1,1,1,1,1,1,1,1,-1,8010,1096,1172,0,0,100,100,45,0,0,0,0,0,0,0,0,100,100,100,0,0,-1,-1,1,0,6,0,3,0,4,0,1,1,0,0,0,1,0,0,0,0,0,0,0,0,0,0,0,0,0,0,0,0,0,0,0,0,0,0,0,0,0,0,0,0,0,0,0,0,0,0,0,0,0,0,0,0,0,0,0,0,0,0,0,0,0,0,1,1,0,0,0,1,1,1,1,1,1,1,103,100,103,100,0,0,0,0,1,1,0,1,0,0,0,0,0,0,0,0,0,0,0,0,0,0,0,0,0,0,0,0,0,0,0,0,0,0,0,0,0,0,0,0,0,0,0,0,-1,32400,100,0,0,0,0,0,0,0,0,0,0,0,0,0,0,0,0,0,0,0,0,0,0,0,0,0,0,0,0,0,0,0,0,0,0,0,0,0,0,0,0,0,0,0,0,0,0,0,0,0,0,0,0,0,0,0,0,0,0,0,0,0,0,0,0,0,0,0,0,0,0,0,0,0,0,0,0,0,0,0,0,0,0,0,0,0,0,0,0,0,0,0,0,0,0,0,0,0,0,385,4120,30200,1550,1400,-1,0,0,0,0,5,0,0,0,37300,1,-1,0,-1,-1,-1,1,115,0,906,0,0,0,0,[0|0|0|0],2,18,0,[0|0|0|0|0|0|0|0|0|0|0|0|0|0|0|0|0|0|0|0|0|0|0|0|0|0|0|0|0|0|0|0|0|0|0|0],0.86,0.94,0,0,0,0,64900,-1,0,10000000,30,-1,0,80,[0|0|0|0|0|0],5.9,8,5.1,0,0,0,0,0,0,0,0,0,0,0.5,31,1,400,10,15,45,0,0,0,906,0,0,0,0,0,0,0,0,64900,1,40,115,31,0,0,0,0,0,0,0,0,0,0,0,0,0,0,0,[0|0],360,0,0,0,[0|0],0,0,0,0,[0|0|0],1,1,100,0,0,0,2.9,-1,0,0,0,[0|0|0|0|0|0|0|0|0|0|0|0|0|0|0|0]
53080100,LEGS - IA-C01L: EPHEMERA,0,0,0,[0|0|0],600000,953000,100700,100710,100720,32400,32400,32400,14560,-1,-1,-1,40,1.1,-0.33,53080100,53080100,53080100,53080100,53080100,53080100,53080100,53080100,53080100,53080100,53080100,-1,-1,-1,-1,-1,1,1,1,1,1,1,1,1,-1,8020,1096,1172,0,0,100,100,45,0,0,0,0,0,0,0,0,100,100,100,0,0,-1,-1,1,0,6,0,3,0,4,0,1,1,0,0,0,1,0,0,0,0,0,0,0,0,0,0,0,0,0,0,0,0,0,0,0,0,0,0,0,0,0,0,0,0,0,0,0,0,0,0,0,0,0,0,0,0,0,0,0,0,0,0,0,0,0,0,1,1,0,0,0,1,1,1,1,1,1,1,103,100,103,100,0,0,0,0,1,1,0,1,0,0,0,0,0,0,0,0,0,0,0,0,0,0,0,0,0,0,0,0,0,0,0,0,0,0,0,0,0,0,0,0,0,0,0,0,-1,32400,100,0,0,0,0,0,0,0,0,0,0,0,0,0,0,0,0,0,0,0,0,0,0,0,0,0,0,0,0,0,0,0,0,0,0,0,0,0,0,0,0,0,0,0,0,0,0,0,0,0,0,0,0,0,0,0,0,0,0,0,0,0,0,0,0,0,0,0,0,0,0,0,0,0,0,0,0,0,0,0,0,0,0,0,0,0,0,0,0,0,0,0,0,0,0,0,0,0,0,398,3800,30200,1550,1400,-1,0,0,0,0,5,0,0,0,37300,1,-1,0,-1,-1,-1,1,164,0,805,0,0,0,0,[0|0|0|0],2,18,0,[0|0|0|0|0|0|0|0|0|0|0|0|0|0|0|0|0|0|0|0|0|0|0|0|0|0|0|0|0|0|0|0|0|0|0|0],0.92,0.96,0,0,0,0,55050,-1,0,10000000,30,-1,0,80,[0|0|0|0|0|0],-0.3,5.2,5.2,0,0,0,0,0,0,0,0,0,0,0.5,30,1,400,10,15,45,0,0,0,805,0,0,0,0,0,0,0,0,55050,1,40,164,30,0,0,0,0,0,0,0,0,0,0,0,0,0,0,0,[0|0],360,0,0,0,[0|0],0,0,0,0,[0|0|0],1,1,0,0,0,0,2.45,-1,0,0,0,[217|236|120|62|0|0|0|0|0|0|0|0|0|0|0|0]
53080200,LEGS - EL-PL-00 ALBA,0,0,0,[0|0|0],410900,953000,100700,100710,100720,32400,32400,32400,13150,-1,-1,-1,40,1.1,-0.33,53080200,53080200,53080200,53080200,53080200,53080200,53080200,53080200,53080200,53080200,53080200,-1,-1,-1,-1,-1,1,1,1,1,1,1,1,1,-1,8060,1096,1172,0,0,100,100,45,0,0,0,0,0,0,0,0,100,100,100,0,0,-1,-1,1,0,6,0,3,0,4,0,1,1,0,0,0,1,0,0,0,0,0,0,0,0,0,0,0,0,0,0,0,0,0,0,0,0,0,0,0,0,0,0,0,0,0,0,0,0,0,0,0,0,0,0,0,0,0,0,0,0,0,0,0,0,0,0,1,1,0,0,0,1,1,1,1,1,1,1,103,100,103,100,0,0,0,0,1,1,0,1,0,0,0,0,0,0,0,0,0,0,0,0,0,0,0,0,0,0,0,0,0,0,0,0,0,0,0,0,0,0,0,0,0,0,0,0,-1,32400,100,0,0,0,0,0,0,0,0,0,0,0,0,0,0,0,0,0,0,0,0,0,0,0,0,0,0,0,0,0,0,0,0,0,0,0,0,0,0,0,0,0,0,0,0,0,0,0,0,0,0,0,0,0,0,0,0,0,0,0,0,0,0,0,0,0,0,0,0,0,0,0,0,0,0,0,0,0,0,0,0,0,0,0,0,0,0,0,0,0,0,0,0,0,0,0,0,0,0,360,3850,30200,1550,1400,-1,0,0,0,0,5,0,0,0,37300,1,-1,0,-1,-1,-1,1.1,130,0,809,0,0,0,0,[0|0|0|0],19,18,0,[0|0|0|0|0|0|0|0|0|0|0|0|0|0|0|0|0|0|0|0|0|0|0|0|0|0|0|0|0|0|0|0|0|0|0|0],1.02,1.04,0,0,0,0,50100,-1,0,10000000,30,-1,0,80,[0|0|0|0|0|0],1.6,1.6,1.6,0,0,0,0,0,0,0,0,0,0,0.5,37,1,400,10,15,45,0,0,0,809,0,0,0,0,0,0,0,0,50100,1.1,40,130,37,0,0,0,0,0,0,0,0,0,0,0,0,0,0,0,[0|0],360,0,0,0,[0|0],0,0,0,0,[0|0|0],1.1,1.1,0,0,0,0,2.8,-1,0,0,0,[134|201|236|62|0|0|0|0|0|0|0|0|0|0|0|0]
53082700,LEGS - FRAGILE,0,0,0,[0|0|0],210020,953000,100700,100710,100720,32400,32400,32400,11000,-1,-1,-1,40,1.1,-0.33,53080200,53080200,53080200,53080200,53080200,53080200,53080200,53080200,53080200,53080200,53080200,-1,-1,-1,-1,-1,1,1,1,1,1,1,1,1,-1,8890,1096,1172,0,0,100,100,45,0,0,0,0,0,0,0,0,100,100,100,0,0,-1,-1,1,0,6,0,3,0,4,0,1,1,0,0,0,1,0,0,0,0,0,0,0,0,0,0,0,0,0,0,0,0,0,0,0,0,0,0,0,0,0,0,0,0,0,0,0,0,0,0,0,0,0,0,0,0,0,0,0,0,0,0,0,0,0,0,1,1,0,0,0,1,1,1,1,1,1,1,103,100,103,100,0,0,0,0,1,1,0,1,0,0,0,0,0,0,0,0,0,0,0,0,0,0,0,0,0,0,0,0,0,0,0,0,0,0,0,0,0,0,0,0,0,0,0,0,-1,32400,100,0,0,0,0,0,0,0,0,0,0,0,0,0,0,0,0,0,0,0,0,0,0,0,0,0,0,0,0,0,0,0,0,0,0,0,0,0,0,0,0,0,0,0,0,0,0,0,0,0,0,0,0,0,0,0,0,0,0,0,0,0,0,0,0,0,0,0,0,0,0,0,0,0,0,0,0,0,0,0,0,0,0,0,0,0,0,0,0,0,0,0,0,0,0,0,0,0,0,300,2400,30200,1550,1400,-1,0,0,0,0,5,0,0,0,37300,1,-1,0,-1,-1,-1,1.1,208,0,610,0,0,0,0,[0|0|0|0],8,18,0,[0|0|0|0|0|0|0|0|0|0|0|0|0|0|0|0|0|0|0|0|0|0|0|0|0|0|0|0|0|0|0|0|0|0|0|0],1.04,1.08,0,0,0,0,51310,-1,0,10000000,30,-1,0,80,[0|0|0|0|0|0],-2.95,-2.8,-2.96,0,0,0,0,0,0,0,0,0,0,0.5,55,1,400,10,15,45,0,0,0,610,0,0,0,0,0,0,0,0,50100,1.1,40,130,37,0,0,0,0,0,0,0,0,0,0,0,0,0,0,0,[0|0],360,0,0,0,[0|0],0,0,0,0,[0|0|0],1.1,1.1,0,0,0,0,2.8,-1,0,0,0,[134|201|236|62|0|0|0|0|0|0|0|0|0|0|0|0]
53080300,LEGS - NIGHTMARE,0,0,0,[0|0|0],400922,953000,100700,100710,100720,32400,32400,32400,23320,-1,-1,-1,40,1.1,-0.33,53080300,53080300,53080300,53080300,53080300,53080300,53080300,53080300,53080300,53080300,53080300,-1,-1,-1,-1,-1,1,1,1,1,1,1,1,1,-1,1034,1096,1172,0,0,100,100,45,0,0,0,0,0,0,0,0,100,100,100,0,0,-1,-1,1,0,6,0,3,0,4,0,1,1,0,0,0,1,0,0,0,0,0,0,0,0,0,0,0,0,0,0,0,0,0,0,0,0,0,0,0,0,0,0,0,0,0,0,0,0,0,0,0,0,0,0,0,0,0,0,0,0,0,0,0,0,0,0,1,1,0,0,0,1,1,1,1,1,1,1,105,105,105,105,0,0,0,0,1,1,0,1,0,0,0,0,0,0,0,0,0,0,0,0,0,0,0,0,0,0,0,0,0,0,0,0,0,0,0,0,0,0,0,0,0,0,0,0,-1,32400,100,0,0,0,0,0,0,0,0,0,0,0,0,0,0,0,0,0,0,0,0,0,0,0,0,0,0,0,0,0,0,0,0,0,0,0,0,0,0,0,0,0,0,0,0,0,0,0,0,0,0,0,0,0,0,0,0,0,0,0,0,0,0,0,0,0,0,0,0,0,0,0,0,0,0,0,0,0,0,0,0,0,0,0,0,0,0,0,0,0,0,0,0,0,0,0,0,0,0,530,4875,30200,1550,1400,-1,0,0,0,0,5,0,0,0,37300,1,-1,0,-1,-1,-1,1,108,0,944,0,0,0,0,[0|0|0|0],1,18,0,[0|0|0|0|0|0|0|0|0|0|0|0|0|0|0|0|0|0|0|0|0|0|0|0|0|0|0|0|0|0|0|0|0|0|0|0],0.86,0.94,0,0,0,0,68500,-1,0,10000000,30,-1,0,80,[0|0|0|0|0|0],1.95,5.3,2.4,15,0,0,0,0,0,0,0,0,0,0.5,48,1,400,10,15,45,0,0,0,944,0,0,0,0,0,0,0,0,68500,1,40,108,48,0,0,0,0,0,0,0,0,0,0,0,0,0,0,0,[0|0],360,0,0,0,[0|0],0,0,0,0,[0|0|0],1,1,100,0,0,0,2.9,-1,0,0,0,[0|0|0|0|0|0|0|0|0|0|0|0|0|0|0|0]
53081000,LEGS - NIGHTMARE FIXED,0,0,0,[0|0|0],400922,953000,100700,100710,100720,32400,32400,32400,23500,-1,-1,-1,40,1.1,-0.33,53080300,53080300,53080300,53080300,53080300,53080300,53080300,53080300,53080300,53080300,53080300,-1,-1,-1,-1,-1,1,1,1,1,1,1,1,1,-1,1035,1096,1172,0,0,100,100,45,0,0,0,0,0,0,0,0,100,100,100,0,0,-1,-1,1,0,6,0,3,0,4,0,1,1,0,0,0,1,0,0,0,0,0,0,0,0,0,0,0,0,0,0,0,0,0,0,0,0,0,0,0,0,0,0,0,0,0,0,0,0,0,0,0,0,0,0,0,0,0,0,0,0,0,0,0,0,0,0,1,1,0,0,0,1,1,1,1,1,1,1,103,100,103,100,0,0,0,0,1,1,0,1,0,0,0,0,0,0,0,0,0,0,0,0,0,0,0,0,0,0,0,0,0,0,0,0,0,0,0,0,0,0,0,0,0,0,0,0,-1,32400,100,0,0,0,0,0,0,0,0,0,0,0,0,0,0,0,0,0,0,0,0,0,0,0,0,0,0,0,0,0,0,0,0,0,0,0,0,0,0,0,0,0,0,0,0,0,0,0,0,0,0,0,0,0,0,0,0,0,0,0,0,0,0,0,0,0,0,0,0,0,0,0,0,0,0,0,0,0,0,0,0,0,0,0,0,0,0,0,0,0,0,0,0,0,0,0,0,0,0,330,4710,30200,1550,1400,-1,0,0,0,0,5,0,0,0,37300,1,-1,0,-1,-1,-1,1,90,0,896,0,0,0,0,[0|0|0|0],1,18,0,[0|0|0|0|0|0|0|0|0|0|0|0|0|0|0|0|0|0|0|0|0|0|0|0|0|0|0|0|0|0|0|0|0|0|0|0],0.86,0.94,0,0,0,0,68880,-1,0,10000000,30,-1,0,80,[0|0|0|0|0|0],2.2,4.9,2.6,0,0,0,0,0,0,0,0,0,0,0.5,21,1,400,10,15,45,0,0,0,896,0,0,0,0,0,0,0,0,68500,1,40,108,48,0,0,0,0,0,0,0,0,0,0,0,0,0,0,0,[0|0],360,0,0,0,[0|0],0,0,0,0,[0|0|0],1,1,100,0,0,0,2.9,-1,0,0,0,[0|0|0|0|0|0|0|0|0|0|0|0|0|0|0|0]
53080400,LEGS - LANISTA,0,0,0,[0|0|0],320000,953000,100700,100710,100720,32400,32400,32400,29410,-1,-1,-1,40,1.1,-0.33,53080400,53080400,53080400,53080400,53080400,53080400,53080400,53080400,53080400,53080400,53080400,-1,-1,-1,-1,-1,1,1,1,1,1,1,1,1,-1,4848,1096,1172,0,0,100,100,45,0,0,0,0,0,0,0,0,100,100,100,0,0,-1,-1,1,0,6,0,3,0,4,0,1,1,0,0,0,1,0,0,0,0,0,0,0,0,0,0,0,0,0,0,0,0,0,0,0,0,0,0,0,0,0,0,0,0,0,0,0,0,0,0,0,0,0,0,0,0,0,0,0,0,0,0,0,0,0,0,1,1,0,0,0,1,1,1,1,1,1,1,103,100,103,100,0,0,0,0,1,1,0,1,0,0,0,0,0,0,0,0,0,0,0,0,0,0,0,0,0,0,0,0,0,0,0,0,0,0,0,0,0,0,0,0,0,0,0,0,-1,32400,100,0,0,0,0,0,0,0,0,0,0,0,0,0,0,0,0,0,0,0,0,0,0,0,0,0,0,0,0,0,0,0,0,0,0,0,0,0,0,0,0,0,0,0,0,0,0,0,0,0,0,0,0,0,0,0,0,0,0,0,0,0,0,0,0,0,0,0,0,0,0,0,0,0,0,0,0,0,0,0,0,0,0,0,0,0,0,0,0,0,0,0,0,0,0,0,0,0,0,580,5175,30200,1550,1400,-1,0,0,0,0,5,0,0,0,37300,1,-1,0,-1,-1,-1,1,128,0,1100,0,0,0,0,[0|0|0|0],5,18,0,[0|0|0|0|0|0|0|0|0|0|0|0|0|0|0|0|0|0|0|0|0|0|0|0|0|0|0|0|0|0|0|0|0|0|0|0],0.82,0.91,0,0,0,0,80100,-1,0,10000000,30,-1,0,80,[0|0|0|0|0|0],10.2,12,9,0,0,0,0,0,0,0,0,0,0,0.5,13,1,400,10,15,45,0,0,0,1100,0,0,0,0,0,0,0,0,80100,1,40,128,13,0,0,0,0,0,0,0,0,0,0,0,0,0,0,0,[0|0],360,0,0,0,[0|0],0,0,0,0,[0|0|0],1,1,100,0,0,0,2.9,-1,0,0,0,[0|0|0|0|0|0|0|0|0|0|0|0|0|0|0|0]
53081100,LEGS - DOMINUS,0,0,0,[0|0|0],320000,953000,100700,100710,100720,32400,32400,32400,27660,-1,-1,-1,40,1.1,-0.33,53080400,53080400,53080400,53080400,53080400,53080400,53080400,53080400,53080400,53080400,53080400,-1,-1,-1,-1,-1,1,1,1,1,1,1,1,1,-1,2244,1096,1172,0,0,100,100,45,0,0,0,0,0,0,0,0,100,100,100,0,0,-1,-1,1,0,6,0,3,0,4,0,1,1,0,0,0,1,0,0,0,0,0,0,0,0,0,0,0,0,0,0,0,0,0,0,0,0,0,0,0,0,0,0,0,0,0,0,0,0,0,0,0,0,0,0,0,0,0,0,0,0,0,0,0,0,0,0,1,1,0,0,0,1,1,1,1,1,1,1,103,100,103,100,0,0,0,0,1,1,0,1,0,0,0,0,0,0,0,0,0,0,0,0,0,0,0,0,0,0,0,0,0,0,0,0,0,0,0,0,0,0,0,0,0,0,0,0,-1,32400,100,0,0,0,0,0,0,0,0,0,0,0,0,0,0,0,0,0,0,0,0,0,0,0,0,0,0,0,0,0,0,0,0,0,0,0,0,0,0,0,0,0,0,0,0,0,0,0,0,0,0,0,0,0,0,0,0,0,0,0,0,0,0,0,0,0,0,0,0,0,0,0,0,0,0,0,0,0,0,0,0,0,0,0,0,0,0,0,0,0,0,0,0,0,0,0,0,0,0,380,5300,30200,1550,1400,-1,0,0,0,0,5,0,0,0,37300,1,-1,0,-1,-1,-1,1,91,0,784,0,0,0,0,[0|0|0|0],5,18,0,[0|0|0|0|0|0|0|0|0|0|0|0|0|0|0|0|0|0|0|0|0|0|0|0|0|0|0|0|0|0|0|0|0|0|0|0],0.76,0.84,0,0,0,0,82100,-1,0,10000000,30,-1,0,80,[0|0|0|0|0|0],2.85,8.1,8.05,0,0,0,0,0,0,0,0,0,0,0.5,11,1,400,10,15,45,0,0,0,1100,0,0,0,0,0,0,0,0,80100,1,40,128,13,0,0,0,0,0,0,0,0,0,0,0,0,0,0,0,[0|0],360,0,0,0,[0|0],0,0,0,0,[0|0|0],1,1,100,0,0,0,2.9,-1,0,0,0,[0|0|0|0|0|0|0|0|0|0|0|0|0|0|0|0]
53080500,LEGS - ISAIAH,0,0,0,[0|0|0],310010,953000,100700,100710,100720,32400,32400,32400,18900,-1,-1,-1,40,1.1,-0.33,53080500,53080500,53080500,53080500,53080500,53080500,53080500,53080500,53080500,53080500,53080500,-1,-1,-1,-1,-1,1,1,1,1,1,1,1,1,-1,4737,1096,1172,0,0,100,100,45,0,0,0,0,0,0,0,0,100,100,100,0,0,-1,-1,1,0,6,0,3,0,4,0,1,1,0,0,0,1,0,0,0,0,0,0,0,0,0,0,0,0,0,0,0,0,0,0,0,0,0,0,0,0,0,0,0,0,0,0,0,0,0,0,0,0,0,0,0,0,0,0,0,0,0,0,0,0,0,0,1,1,0,0,0,1,1,1,1,1,1,1,103,100,103,100,0,0,0,0,1,1,0,1,0,0,0,0,0,0,0,0,0,0,0,0,0,0,0,0,0,0,0,0,0,0,0,0,0,0,0,0,0,0,0,0,0,0,0,0,-1,32400,100,0,0,0,0,0,0,0,0,0,0,0,0,0,0,0,0,0,0,0,0,0,0,0,0,0,0,0,0,0,0,0,0,0,0,0,0,0,0,0,0,0,0,0,0,0,0,0,0,0,0,0,0,0,0,0,0,0,0,0,0,0,0,0,0,0,0,0,0,0,0,0,0,0,0,0,0,0,0,0,0,0,0,0,0,0,0,0,0,0,0,0,0,0,0,0,0,0,0,340,4450,30200,1550,1400,-1,0,0,0,0,5,0,0,0,37300,1,-1,0,-1,-1,-1,1,105,0,890,0,0,0,0,[0|0|0|0],10,18,0,[0|0|0|0|0|0|0|0|0|0|0|0|0|0|0|0|0|0|0|0|0|0|0|0|0|0|0|0|0|0|0|0|0|0|0|0],0.88,0.94,0,0,0,0,61820,-1,0,10000000,30,-1,0,80,[0|0|0|0|0|0],10,6,4.8,0,0,0,0,0,0,0,0,0,0,0.5,22,1,400,10,15,45,0,0,0,890,0,0,0,0,0,0,0,0,61570,1,40,105,22,0,0,0,0,0,0,0,0,0,0,0,0,0,0,0,[0|0],360,0,0,0,[0|0],0,0,0,0,[0|0|0],1,1,100,0,0,0,2.9,-1,0,0,0,[0|0|0|0|0|0|0|0|0|0|0|0|0|0|0|0]
53080600,LEGS - BARNABAS,0,0,0,[0|0|0],310000,953000,100700,100710,100720,32400,32400,32400,10900,-1,-1,-1,40,1.1,-0.33,53080600,53080600,53080600,53080600,53080600,53080600,53080600,53080600,53080600,53080600,53080600,-1,-1,-1,-1,-1,1,1,1,1,1,1,1,1,-1,7770,1096,1172,0,0,100,100,45,0,0,0,0,0,0,0,0,100,100,100,0,0,-1,-1,1,0,6,0,3,0,4,0,1,1,0,0,0,1,0,0,0,0,0,0,0,0,0,0,0,0,0,0,0,0,0,0,0,0,0,0,0,0,0,0,0,0,0,0,0,0,0,0,0,0,0,0,0,0,0,0,0,0,0,0,0,0,0,0,1,1,0,0,0,1,1,1,1,1,1,1,103,100,103,100,0,0,0,0,1,1,0,1,0,0,0,0,0,0,0,0,0,0,0,0,0,0,0,0,0,0,0,0,0,0,0,0,0,0,0,0,0,0,0,0,0,0,0,0,-1,32400,100,0,0,0,0,0,0,0,0,0,0,0,0,0,0,0,0,0,0,0,0,0,0,0,0,0,0,0,0,0,0,0,0,0,0,0,0,0,0,0,0,0,0,0,0,0,0,0,0,0,0,0,0,0,0,0,0,0,0,0,0,0,0,0,0,0,0,0,0,0,0,0,0,0,0,0,0,0,0,0,0,0,0,0,0,0,0,0,0,0,0,0,0,0,0,0,0,0,0,344,3550,30200,1550,1400,-1,0,0,0,0,5,0,0,0,37300,1,-1,0,-1,-1,-1,1,190,0,699,0,0,0,0,[0|0|0|0],10,18,0,[0|0|0|0|0|0|0|0|0|0|0|0|0|0|0|0|0|0|0|0|0|0|0|0|0|0|0|0|0|0|0|0|0|0|0|0],0.92,0.96,0,0,0,0,51060,-1,0,10000000,30,-1,0,80,[0|0|0|0|0|0],11.25,2,1.1,0,0,0,0,0,0,0,0,0,0,0.5,33,1,400,10,15,45,0,0,0,699,0,0,0,0,0,0,0,0,51060,1,40,190,33,0,0,0,0,0,0,0,0,0,0,0,0,0,0,0,[0|0],360,0,0,0,[0|0],0,0,0,0,[0|0|0],1,1,100,0,0,0,2.9,-1,0,0,0,[0|0|0|0|0|0|0|0|0|0|0|0|0|0|0|0]
53080700,LEGS - ENFORCER,0,0,0,[0|0|0],710010,953000,100700,100710,100720,32400,32400,32400,20160,-1,-1,-1,40,1.1,-0.33,53080600,53080600,53080600,53080600,53080600,53080600,53080600,53080600,53080600,53080600,53080600,-1,-1,-1,-1,-1,1,1,1,1,1,1,1,1,-1,3311,1096,1172,0,0,100,100,45,0,0,0,0,0,0,0,0,100,100,100,0,0,-1,-1,1,0,6,0,3,0,4,0,1,1,0,0,0,1,0,0,0,0,0,0,0,0,0,0,0,0,0,0,0,0,0,0,0,0,0,0,0,0,0,0,0,0,0,0,0,0,0,0,0,0,0,0,0,0,0,0,0,0,0,0,0,0,0,0,1,1,0,0,0,1,1,1,1,1,1,1,103,100,103,100,0,0,0,0,1,1,0,1,0,0,0,0,0,0,0,0,0,0,0,0,0,0,0,0,0,0,0,0,0,0,0,0,0,0,0,0,0,0,0,0,0,0,0,0,-1,32400,100,0,0,0,0,0,0,0,0,0,0,0,0,0,0,0,0,0,0,0,0,0,0,0,0,0,0,0,0,0,0,0,0,0,0,0,0,0,0,0,0,0,0,0,0,0,0,0,0,0,0,0,0,0,0,0,0,0,0,0,0,0,0,0,0,0,0,0,0,0,0,0,0,0,0,0,0,0,0,0,0,0,0,0,0,0,0,0,0,0,0,0,0,0,0,0,0,0,0,443,4020,30200,1550,1400,-1,0,0,0,0,5,0,0,0,37300,1,-1,0,-1,-1,-1,1,155,0,811,0,0,0,0,[0|0|0|0],3,18,0,[0|0|0|0|0|0|0|0|0|0|0|0|0|0|0|0|0|0|0|0|0|0|0|0|0|0|0|0|0|0|0|0|0|0|0|0],0.8,0.9,0,0,0,0,66880,-1,0,10000000,30,-1,0,80,[0|0|0|0|0|0],7.1,5.4,4.9,0,0,0,0,0,0,0,0,0,0,0.5,30,1,400,10,15,45,0,0,0,811,0,0,0,0,0,0,0,0,51060,1,40,190,33,0,0,0,0,0,0,0,0,0,0,0,0,0,0,0,[0|0],360,0,0,0,[0|0],0,0,0,0,[0|0|0],1,1,100,0,0,0,2.9,-1,0,0,0,[0|0|0|0|0|0|0|0|0|0|0|0|0|0|0|0]
53080800,BOOSTER LEGS - IANITOR [0],0,0,0,[0|0|0],321000,953000,100700,100710,100720,32400,32400,32400,34500,-1,9080,-1,40,1.1,-0.33,53080800,53080800,53080800,53080800,53080800,53080800,53080800,53080800,53080800,53080800,53080800,-1,-1,-1,-1,-1,1,1,1,1,1,1,1,1,-1,5055,1096,1172,0,0,100,100,45,0,0,0,0,0,0,0,0,100,100,100,0,0,-1,-1,1,0,6,0,3,0,4,0,1,1,0,0,0,1,0,0,0,0,0,0,0,0,0,0,0,0,0,0,0,0,0,0,0,0,0,0,0,0,0,0,0,0,0,0,0,0,0,0,0,0,0,0,0,0,0,0,0,0,0,0,0,0,0,0,1,1,0,0,0,1,1,1,1,1,1,1,103,100,103,100,0,0,0,0,1,1,0,1,0,0,0,0,0,0,0,0,0,0,0,0,0,0,0,0,0,0,0,0,0,0,0,0,0,0,0,0,0,0,0,0,0,0,0,0,-1,32400,100,0,0,0,0,0,0,0,0,0,0,0,0,0,0,0,0,0,0,0,0,0,0,0,0,0,0,0,0,0,0,0,0,0,0,0,0,0,0,0,0,0,0,0,0,0,0,0,0,0,0,0,0,0,0,0,0,0,0,0,0,0,0,0,0,0,0,0,0,0,0,0,0,0,0,0,0,0,0,0,0,0,0,0,0,0,0,0,0,0,0,0,0,0,0,0,0,0,0,730,7200,30205,1550,1400,-1,0,0,0,0,5,0,0,0,37400,1,-1,0,-1,-1,-1,1,86,0,766,0,0,0,0,[0|0|0|0],14,31,0,[0|0|0|0|0|0|0|0|0|0|0|0|0|0|0|0|0|0|0|0|0|0|0|0|0|0|0|0|0|0|0|0|0|0|0|0],0.9,0.95,0,0,0,0,75200,88888800,0,10000000,30,-1,0,80,[0|0|0|0|0|0],8,11,10,0,0,0,0,0,0,0,0,0,0,0.5,80,1,400,10,15,45,0,0,0,766,0,0,0,0,0,0,0,0,75200,1,40,86,80,0,0,0,0,0,0,0,0,0,0,0,0,0,0,0,[0|0],360,0,0,0,[0|0],0,0,0,0,[0|0|0],1,1,100,60,110,0,2.9,-1,0,0,0,[0|0|0|0|0|0|0|0|0|0|0|0|0|0|0|0]
53080900,LEGS - PRAETOR,0,0,0,[0|0|0],320020,953000,100700,100710,100720,32400,32400,32400,18170,-1,-1,-1,40,1.1,-0.33,53080600,53080600,53080600,53080600,53080600,53080600,53080600,53080600,53080600,53080600,53080600,-1,-1,-1,-1,-1,1,1,1,1,1,1,1,1,-1,8420,1096,1172,0,0,100,100,45,0,0,0,0,0,0,0,0,100,100,100,0,0,-1,-1,1,0,6,0,3,0,4,0,1,1,0,0,0,1,0,0,0,0,0,0,0,0,0,0,0,0,0,0,0,0,0,0,0,0,0,0,0,0,0,0,0,0,0,0,0,0,0,0,0,0,0,0,0,0,0,0,0,0,0,0,0,0,0,0,1,1,0,0,0,1,1,1,1,1,1,1,103,100,103,100,0,0,0,0,1,1,0,1,0,0,0,0,0,0,0,0,0,0,0,0,0,0,0,0,0,0,0,0,0,0,0,0,0,0,0,0,0,0,0,0,0,0,0,0,-1,32400,100,0,0,0,0,0,0,0,0,0,0,0,0,0,0,0,0,0,0,0,0,0,0,0,0,0,0,0,0,0,0,0,0,0,0,0,0,0,0,0,0,0,0,0,0,0,0,0,0,0,0,0,0,0,0,0,0,0,0,0,0,0,0,0,0,0,0,0,0,0,0,0,0,0,0,0,0,0,0,0,0,0,0,0,0,0,0,0,0,0,0,0,0,0,0,0,0,0,0,408,3960,30200,1550,1400,-1,0,0,0,0,5,0,0,0,37300,1,-1,0,-1,-1,-1,1,210,0,903,0,0,0,0,[0|0|0|0],5,18,0,[0|0|0|0|0|0|0|0|0|0|0|0|0|0|0|0|0|0|0|0|0|0|0|0|0|0|0|0|0|0|0|0|0|0|0|0],0.9,0.95,0,0,0,0,60100,-1,0,10000000,30,-1,0,80,[0|0|0|0|0|0],-1.2,1.1,-1.8,0,0,0,0,0,0,0,0,0,0,0.5,44,1,400,10,15,45,0,0,0,903,0,0,0,0,0,0,0,0,51060,1,40,190,33,0,0,0,0,0,0,0,0,0,0,0,0,0,0,0,[0|0],360,0,0,0,[0|0],0,0,0,0,[0|0|0],1,1,100,0,0,0,2.9,-1,0,0,0,[0|0|0|0|0|0|0|0|0|0|0|0|0|0|0|0]
53054000,LEGS - CAESAR,0,0,0,[0|0|0],320030,953000,100700,100710,100720,32400,32400,32400,20970,-1,-1,-1,40,1.1,-0.33,53080600,53080600,53080600,53080600,53080600,53080600,53080600,53080600,53080600,53080600,53080600,-1,-1,-1,-1,-1,1,1,1,1,1,1,1,1,-1,4205,1096,1172,0,0,100,100,45,0,0,0,0,0,0,0,0,100,100,100,0,0,-1,-1,1,0,6,0,3,0,4,0,1,1,0,0,0,1,0,0,0,0,0,0,0,0,0,0,0,0,0,0,0,0,0,0,0,0,0,0,0,0,0,0,0,0,0,0,0,0,0,0,0,0,0,0,0,0,0,0,0,0,0,0,0,0,0,0,1,1,0,0,0,1,1,1,1,1,1,1,103,100,103,100,0,0,0,0,1,1,0,1,0,0,0,0,0,0,0,0,0,0,0,0,0,0,0,0,0,0,0,0,0,0,0,0,0,0,0,0,0,0,0,0,0,0,0,0,-1,32400,100,0,0,0,0,0,0,0,0,0,0,0,0,0,0,0,0,0,0,0,0,0,0,0,0,0,0,0,0,0,0,0,0,0,0,0,0,0,0,0,0,0,0,0,0,0,0,0,0,0,0,0,0,0,0,0,0,0,0,0,0,0,0,0,0,0,0,0,0,0,0,0,0,0,0,0,0,0,0,0,0,0,0,0,0,0,0,0,0,0,0,0,0,0,0,0,0,0,0,438,4030,30200,1550,1400,-1,0,0,0,0,5,0,0,0,37300,1,-1,0,-1,-1,-1,1,198,0,978,0,0,0,0,[0|0|0|0],5,18,0,[0|0|0|0|0|0|0|0|0|0|0|0|0|0|0|0|0|0|0|0|0|0|0|0|0|0|0|0|0|0|0|0|0|0|0|0],0.88,0.94,0,0,0,0,71200,-1,0,10000000,30,-1,0,80,[0|0|0|0|0|0],2.1,3.9,2.3,0,0,0,0,0,0,0,0,0,0,0.5,39,1,400,10,15,45,0,0,0,978,0,0,0,0,0,0,0,0,51060,1,40,190,33,0,0,0,0,0,0,0,0,0,0,0,0,0,0,0,[0|0],360,0,0,0,[0|0],0,0,0,0,[0|0|0],1,1,100,0,0,0,2.9,-1,0,0,0,[0|0|0|0|0|0|0|0|0|0|0|0|0|0|0|0]
53150100,REVERSE JOINT LEGS - Ekdromoi,0,0,0,[0|0|0],500010,953000,100700,100710,100720,51000,51000,51000,21150,-1,-1,-1,40,1.1,-0.33,53150100,53150100,53150100,53150100,53150100,53150100,53150100,53150100,53150100,53150100,53150100,-1,-1,-1,-1,-1,1,1,1,1,1,1,1,1,-1,8880,1096,1172,0,0,100,100,45,0,0,0,0,0,0,0,0,100,100,100,0,0,-1,-1,1,0,6,0,3,0,4,0,200,1,0,0,0,1,0,0,0,0,0,0,0,0,0,0,0,0,0,0,0,0,0,0,0,0,0,0,0,0,0,0,0,0,0,0,0,0,0,0,0,0,0,0,0,0,0,0,0,0,0,0,0,0,0,0,1,1,0,0,0,1,1,1,1,1,1,1,103,100,103,100,0,0,0,0,1,1,0,1,0,0,0,0,0,0,0,0,0,0,0,0,0,0,0,0,0,0,0,0,0,0,0,0,0,0,0,0,0,0,0,0,0,0,0,0,-1,51000,100,0,0,0,0,0,0,0,0,0,0,0,0,0,0,0,0,0,0,0,0,0,0,0,0,0,0,0,0,0,0,0,0,0,0,0,0,0,0,0,0,0,0,0,0,0,0,0,0,0,0,0,0,0,0,0,0,0,0,0,0,0,0,0,0,0,0,0,0,0,0,0,0,0,0,0,0,0,0,0,0,0,0,0,0,0,0,0,0,0,0,0,0,0,0,0,0,-1,100000,410,4210,30201,1550,1400,-1,0,0,0,0,5,0,0,0,83500,1,-1,0,-1,-1,-1,0.9,350,0,769,0,0,0,0,[0|0|0|0],3,24,8501,[0|0|0|0|0|0|0|0|0|0|0|0|0|0|0|0|0|0|0|0|0|0|0|0|0|0|0|0|0|0|0|0|0|0|0|0],0.96,0.98,0,0,0,0,68900,-1,500,11000000,55,-1,0,80,[0|0|0|0|0|0],5.1,8,6.2,0,0,0,0,0,0,0,0,0,10,0.5,73,1,400,10,15,35,0,0,0,769,0,0,0,0,0,0,0,0,68900,0.9,65,350,73,0,0,0,0,0,0,0,0,0,0,0,0,0,0,0,[0|0],360,0,0,0,[0|0],0,0,0,0,[0|0|0],0.9,0.9,100,0,0,0,3.5,-1,0,0,0,[0|0|0|0|0|0|0|0|0|0|0|0|0|0|0|0]
53150200,REVERSE JOINT LEGS - Avispa,0,0,0,[0|0|0],410010,953000,100700,100710,100720,51000,51000,51000,18900,-1,-1,-1,40,1.1,-0.33,53150200,53150200,53150200,53150200,53150200,53150200,53150200,53150200,53150200,53150200,53150200,-1,-1,-1,-1,-1,1,1,1,1,1,1,1,1,-1,7120,1096,1172,0,0,100,100,45,0,0,0,0,0,0,0,0,100,100,100,0,0,-1,-1,1,0,6,0,3,0,4,0,200,1,0,0,0,1,0,0,0,0,0,0,0,0,0,0,0,0,0,0,0,0,0,0,0,0,0,0,0,0,0,0,0,0,0,0,0,0,0,0,0,0,0,0,0,0,0,0,0,0,0,0,0,0,0,0,1,1,0,0,0,1,1,1,1,1,1,1,103,100,103,100,0,0,0,0,1,1,0,1,0,0,0,0,0,0,0,0,0,0,0,0,0,0,0,0,0,0,0,0,0,0,0,0,0,0,0,0,0,0,0,0,0,0,0,0,-1,51000,100,0,0,0,0,0,0,0,0,0,0,0,0,0,0,0,0,0,0,0,0,0,0,0,0,0,0,0,0,0,0,0,0,0,0,0,0,0,0,0,0,0,0,0,0,0,0,0,0,0,0,0,0,0,0,0,0,0,0,0,0,0,0,0,0,0,0,0,0,0,0,0,0,0,0,0,0,0,0,0,0,0,0,0,0,0,0,0,0,0,0,0,0,0,0,0,0,-1,100000,434,3090,30201,1550,1400,-1,0,0,0,0,5,0,0,0,83500,1,-1,0,-1,-1,-1,0.9,410,0,900,0,0,0,0,[0|0|0|0],19,24,8501,[0|0|0|0|0|0|0|0|0|0|0|0|0|0|0|0|0|0|0|0|0|0|0|0|0|0|0|0|0|0|0|0|0|0|0|0],0.98,0.99,0,0,0,0,51700,-1,500,11000000,55,-1,0,80,[0|0|0|0|0|0],2,1.3,-0.1,0,0,0,0,0,0,0,0,0,10,0.5,39,1,400,10,15,35,0,0,0,900,0,0,0,0,0,0,0,0,54300,0.9,65,410,39,0,0,0,0,0,0,0,0,0,0,0,0,0,0,0,[0|0],360,0,0,0,[0|0],0,0,0,0,[0|0|0],0.9,0.9,100,0,0,0,3.5,-1,0,0,0,[0|0|0|0|0|0|0|0|0|0|0|0|0|0|0|0]
53204400,TETRAPOD LEGS - DRAGON,0,0,0,[0|0|0],510000,953000,100700,100710,100720,66000,66000,66000,28955,-1,-1,-1,40,1.1,-0.33,53204400,53204400,53204400,53204400,53204400,53204400,53204400,53204400,53204400,53204400,53204400,-1,-1,-1,-1,-1,1,1,1,1,1,1,1,1,-1,8152,1096,1172,0,0,100,100,100,0,0,0,0,0,0,0,0,100,100,100,0,0,-1,-1,1,0,6,0,3,0,4,0,100,1,0,0,0,1,0,0,0,0,0,0,0,0,0,0,0,0,0,0,0,0,0,0,0,0,0,0,0,0,0,0,0,0,0,0,0,0,0,0,0,0,0,0,0,0,0,0,0,0,0,0,0,0,0,0,1,1,0,0,0,1,1,1,1,1,1,1,103,100,103,100,0,0,0,0,1,1,0,1,0,0,0,0,0,0,0,0,0,0,0,0,0,0,0,0,0,0,0,0,0,0,0,0,0,0,0,0,0,0,0,0,0,0,0,0,-1,66000,100,0,0,0,0,0,0,0,0,0,0,0,0,0,0,0,0,0,0,0,0,0,0,0,0,0,0,0,0,0,0,0,0,0,0,0,0,0,0,0,0,0,0,0,0,0,0,0,0,0,0,0,0,0,0,0,0,0,0,0,0,0,0,0,0,0,0,0,0,0,0,0,0,0,0,0,0,0,0,0,0,0,0,0,0,0,0,0,0,0,0,0,0,0,0,0,0,-1,300000,777,4050,30202,1550,1400,-1,0,0,0,0,5,0,0,0,14100,1,-1,0,-1,-1,-1,1.2,76,0,1256,0,0,84,425,[0|0|0|0],13,19,8503,[0|0|0|0|0|0|0|0|0|0|0|0|0|0|0|0|0|0|0|0|0|0|0|0|0|0|0|0|0|0|0|0|0|0|0|0],0.64,0.3,0,0,0,0,61200,-1,400,12000000,0,-1,0,0,[0|0|0|0|0|0],3,6,4.3,0,0,0,0,0,0,0,0,0,0,0.5,28,1,400,10,15,45,0,0,0,1256,0,0,0,0,0,0,0,0,61200,1.2,0,71,28,0,0,0,0,0,0,0,0,0,0,0,0,0,0,0,[0|0],360,0,0,0,[0|0],1,0,0,0,[0|0|0],0.9,0.9,0,0,0,0,3.05,-1,0,0,0,[0|0|0|0|0|0|0|0|0|0|0|0|0|0|0|0]
53280400,TETRAPOD LEGS - Imperator,0,0,0,[0|0|0],410040,953000,100700,100710,100720,66000,66000,66000,42600,9411,9410,-1,40,1.1,-0.33,53280400,53280400,53280400,53280400,53280400,53280400,53280400,53280400,53280400,53280400,53280400,-1,-1,-1,-1,-1,1,1,1,1,1,1,1,1,-1,4477,1096,1172,0,0,100,100,100,0,0,0,0,0,0,0,0,100,100,100,0,0,-1,-1,1,0,6,0,3,0,4,0,100,1,0,0,0,1,0,0,0,0,0,0,0,0,0,0,0,0,0,0,0,0,0,0,0,0,0,0,0,0,0,0,0,0,0,0,0,0,0,0,0,0,0,0,0,0,0,0,0,0,0,0,0,0,0,0,1,1,0,0,0,1,1,1,1,1,1,1,103,100,103,100,0,0,0,0,21,1,0,1,0,0,0,0,0,0,0,0,0,0,0,0,0,0,0,0,0,0,0,0,0,0,0,0,0,0,0,0,0,0,0,0,0,0,0,0,-1,66000,100,0,0,0,0,0,0,0,0,0,0,0,0,0,0,0,0,0,0,0,0,0,0,0,0,0,0,0,0,0,0,0,0,0,0,0,0,0,0,0,0,0,0,0,0,0,0,0,0,0,0,0,0,0,0,0,0,0,0,0,0,0,0,0,0,0,0,0,0,0,0,0,0,0,0,0,0,0,0,0,0,0,0,0,0,0,0,0,0,0,0,0,0,0,0,0,0,-1,300000,766,6400,30202,1550,1400,-1,0,0,0,1,5,0,0,0,14100,1,-1,0,-1,-1,-1,1.2,48,0,1480,0,0,50,200,[0|0|0|0],5,19,8508,[0|0|0|0|0|0|0|0|0|0|0|0|0|0|0|0|0|0|0|0|0|0|0|0|0|0|0|0|0|0|0|0|0|0|0|0],0.48,0.26,0,0,0,0,90460,-1,410,12000000,0,-1,0,0,[0|0|0|0|0|0],10.7,13.5,8,0,0,0,0,0,0,0,0,0,0,0.5,10,1,400,10,15,45,0,0,0,980,0,0,0,0,0,0,0,0,52460,1.2,0,53,42,0,0,0,0,0,0,0,0,0,0,0,0,0,0,0,[0|0],360,0,0,0,[0|0],1,0,0,0,[0|0|0],0.9,0.9,0,0,0,0,3.05,-1,0,0,0,[0|0|0|0|0|0|0|0|0|0|0|0|0|0|0|0]
53340100,TANK LEGS - NOAH,0,0,0,[0|0|0],310020,953000,100700,100710,100720,45800,45800,45800,48400,-1,-1,-1,40,1.1,-0.33,53340000,53340000,53340000,53340000,53340000,53340000,53340000,53340000,53340000,53340000,53340000,-1,-1,-1,-1,-1,1,1,1,1,1,1,1,1,-1,2005,1096,1172,0,0,100,100,155,0,0,0,0,0,0,0,0,100,100,100,0,0,-1,-1,1,0,6,0,3,0,4,0,300,1,0,0,0,1,0,0,0,0,0,0,0,0,0,0,0,0,0,0,0,0,0,0,0,0,0,0,0,0,0,0,0,0,0,0,0,0,0,0,0,0,0,0,0,0,0,0,0,0,0,0,0,0,0,0,1,1,0,0,0,1,1,1,1,1,1,1,103,100,103,100,0,0,0,0,-1,1,0,1,0,0,0,0,0,0,0,0,0,0,0,0,0,0,0,0,0,0,0,0,0,0,0,0,0,0,0,0,0,0,0,0,0,0,0,0,-1,45800,100,0,0,0,0,0,0,0,0,0,0,0,0,0,0,0,0,0,0,0,0,0,0,0,0,0,0,0,0,0,0,0,0,0,0,0,0,0,0,0,0,0,0,0,0,0,0,0,0,0,0,0,0,0,0,0,0,0,0,0,0,0,0,0,0,0,0,0,0,0,0,0,0,0,0,0,0,0,0,0,0,0,0,0,0,0,0,0,0,0,0,0,0,0,0,0,0,300,200000,512,8710,30203,1550,1400,-1,0,0,0,0,5,0,0,0,50110,1,-1,0,-1,41,-1,1.3,0,0,1410,0,0,0,0,[0|0|0|0],10,23,-1,[0|0|0|0|0|0|0|0|0|0|0|0|0|0|0|0|0|0|0|0|0|0|0|0|0|0|0|0|0|0|0|0|0|0|0|0],0.15,0.3,0,0,0,0,94000,63340100,310,13100000,0,-1,0,0,[0|0|0|0|0|0],13.6,13.1,7.3,0,0,0,0,0,0,0,0,0,0,0.5,2,1,300,10,10,45,0,0,0,1410,0,0,0,0,0,0,0,0,91000,1.3,55,0,2,0,0,0,0,0,0,0,0,0,0,0,0,0,0,0,[0|0],360,0,0,0,[0|0],0,0,0,0,[0|0|0],1,1,100,0,0,0,1.3,-1,0,0,0,[0|0|0|0|0|0|0|0|0|0|0|0|0|0|0|0]
53340800,HOVER TANK LEGS - IANITOR [1],0,0,0,[0|0|0],420000,953000,100700,100710,100720,45800,45800,45800,23000,-1,-1,-1,40,1.1,-0.33,53340800,53340800,53340800,53340800,53340800,53340800,53340800,53340800,53340800,53340800,53340800,-1,-1,-1,-1,-1,1,1,1,1,1,1,1,1,-1,5005,1096,1172,0,0,100,100,155,0,0,0,0,0,0,0,0,100,100,100,0,0,-1,-1,1,0,6,0,3,0,4,0,301,1,0,0,0,1,0,0,0,0,0,0,0,0,0,0,0,0,0,0,0,0,0,0,0,0,0,0,0,0,0,0,0,0,0,0,0,0,0,0,0,0,0,0,0,0,0,0,0,0,0,0,0,0,0,0,1,1,0,0,0,1,1,1,1,1,1,1,103,100,103,100,0,0,0,0,-1,1,0,1,0,0,0,0,0,0,0,0,0,0,0,0,0,0,0,0,0,0,0,0,0,0,0,0,0,0,0,0,0,0,0,0,0,0,0,0,-1,45800,100,0,0,0,0,0,0,0,0,0,0,0,0,0,0,0,0,0,0,0,0,0,0,0,0,0,0,0,0,0,0,0,0,0,0,0,0,0,0,0,0,0,0,0,0,0,0,0,0,0,0,0,0,0,0,0,0,0,0,0,0,0,0,0,0,0,0,0,0,0,0,0,0,0,0,0,0,0,0,0,0,0,0,0,0,0,0,0,0,0,0,0,0,0,0,0,0,300,200000,724,3400,30204,1550,1400,-1,0,0,0,0,5,0,0,0,50110,1,-1,0,-1,41,-1,1.3,0,0,811,0,0,0,0,[0|0|0|0],14,30,1010,[0|0|0|0|0|0|0|0|0|0|0|0|0|0|0|0|0|0|0|0|0|0|0|0|0|0|0|0|0|0|0|0|0|0|0|0],0.35,0.7,0,0,0,0,51600,63340800,320,13200000,0,-1,0,0,[0|0|0|0|0|0],3.8,2.1,2.8,0,0,0,0,0,0,0,0,0,0,0.5,2,1,300,10,10,45,0,0,0,811,0,0,0,0,0,0,0,0,51600,1.3,55,0,2,0,0,0,0,0,0,0,0,0,0,0,0,0,0,0,[0|0],360,0,0,0,[0|0],0,0,0,0,[0|0|0],1,1,100,0,0,0,1.3,-1,0,0,0,[0|0|0|0|0|0|0|0|0|0|0|0|0|0|0|0]
53888800,REVERSE JOINT LEGS - Poorly Disguised Scalie,0,0,0,[0|0|0],510100,953000,100700,100710,100720,51000,51000,51000,19890,-1,-1,-1,40,1.1,-0.33,53888800,53888800,53888800,53888800,53888800,53888800,53888800,53888800,53888800,53888800,53888800,-1,-1,-1,-1,-1,1,1,1,1,1,1,1,1,-1,4444,1096,1172,0,0,100,100,45,0,0,0,0,0,0,0,0,100,100,100,0,0,-1,-1,1,0,6,0,3,0,4,0,200,1,0,0,0,1,0,0,0,0,0,0,0,0,0,0,0,0,0,0,0,0,0,0,0,0,0,0,0,0,0,0,0,0,0,0,0,0,0,0,0,0,0,0,0,0,0,0,0,0,0,0,0,0,0,0,1,1,0,0,0,1,1,1,1,1,1,1,103,100,103,100,0,0,0,0,1,1,0,1,0,0,0,0,0,0,0,0,0,0,0,0,0,0,0,0,0,0,0,0,0,0,0,0,0,0,0,0,0,0,0,0,0,0,0,0,-1,51000,100,0,0,0,0,0,0,0,0,0,0,0,0,0,0,0,0,0,0,0,0,0,0,0,0,0,0,0,0,0,0,0,0,0,0,0,0,0,0,0,0,0,0,0,0,0,0,0,0,0,0,0,0,0,0,0,0,0,0,0,0,0,0,0,0,0,0,0,0,0,0,0,0,0,0,0,0,0,0,0,0,0,0,0,0,0,0,0,0,0,0,0,0,0,0,0,0,-1,100000,498,4512,30201,1550,1400,-1,0,0,0,0,5,0,0,0,83500,1,-1,0,-1,-1,-1,0.7,377,0,812,0,0,0,0,[0|0|0|0],13,24,15301,[0|0|0|0|0|0|0|0|0|0|0|0|0|0|0|0|0|0|0|0|0|0|0|0|0|0|0|0|0|0|0|0|0|0|0|0],0.88,0.94,0,0,0,0,66030,-1,500,11000000,50,-1,0,80,[0|0|0|0|0|0],9.1,3.6,8.9,0,0,0,0,0,0,0,0,0,10,0.5,55,1,400,10,15,35,0,0,0,812,0,0,0,0,0,0,0,0,65830,0.9,65,317,55,0,0,0,0,0,0,0,0,0,0,0,0,0,0,0,[0|0],360,0,0,0,[0|0],0,0,0,0,[0|0|0],1,1,100,0,0,0,3.5,-1,0,0,0,[0|0|0|0|0|0|0|0|0|0|0|0|0|0|0|0]
53900000,LEGS - AL-J-121/RC JAILBREAK,0,0,0,[0|0|0],2,953000,100700,100710,100720,42300,42300,42300,21560,-1,-1,-1,40,1.1,-0.33,53900000,53900000,53900000,53900000,53900000,53900000,53900000,53900000,53900000,53900000,53900000,-1,-1,-1,-1,-1,1,1,1,1,1,1,1,1,-1,8031,1096,1172,0,0,100,100,45,0,0,0,0,0,0,0,0,100,100,100,0,0,-1,-1,1,0,6,0,3,0,4,0,1,1,0,0,0,1,0,0,0,0,0,0,0,0,0,0,0,0,0,0,0,0,0,0,0,0,0,0,0,0,0,0,0,0,0,0,0,0,0,0,0,0,0,0,0,0,0,0,0,0,0,0,0,0,0,0,1,1,0,0,0,1,1,1,1,1,1,1,103,100,103,100,0,0,0,0,1,1,0,1,0,0,0,0,0,0,0,0,0,0,0,0,0,0,0,0,0,0,0,0,0,0,0,0,0,0,0,0,0,0,0,0,0,0,0,0,-1,42300,100,0,0,0,0,0,0,0,0,0,0,0,0,0,0,0,0,0,0,0,0,0,0,0,0,0,0,0,0,0,0,0,0,0,0,0,0,0,0,0,0,0,0,0,0,0,0,0,0,0,0,0,0,0,0,0,0,0,0,0,0,0,0,0,0,0,0,0,0,0,0,0,0,0,0,0,0,0,0,0,0,0,0,0,0,0,0,0,0,0,0,0,0,0,0,0,0,0,0,342,2460,30200,1550,1400,-1,0,0,0,0,5,0,0,0,37300,1,-1,0,-1,-1,-1,1.1,81,0,658,0,0,0,0,[0|0|0|0],15,18,0,[0|0|0|0|0|0|0|0|0|0|0|0|0|0|0|0|0|0|0|0|0|0|0|0|0|0|0|0|0|0|0|0|0|0|0|0],0.92,0.96,0,0,0,0,68500,-1,0,10000000,15,-1,0,80,[0|0|0|0|0|0],5.1,0.2,8.8,0,0,0,0,0,0,0,0,0,0,0.5,11,1,400,10,15,45,0,0,0,658,0,0,0,0,0,0,0,0,62600,1.1,40,132,25,0,0,0,0,0,0,0,0,0,0,0,0,0,0,0,[0|0],360,0,0,0,[0|0],0,0,0,0,[0|0|0],0.95,0.95,100,0,0,0,2.35,-1,0,0,0,[175|151|166|187|0|0|0|0|0|0|0|0|0|0|0|0]
53120000,LEGS - KASUAR/42Z,0,0,0,[0|0|0],210010,953000,100700,100710,100720,39000,39000,39000,16510,-1,-1,-1,40,1.1,-0.33,53120000,53120000,53120000,53120000,53120000,53120000,53120000,53120000,53120000,53120000,53120000,-1,-1,-1,-1,-1,1,1,1,1,1,1,1,1,-1,3310,1096,1172,0,0,100,100,45,0,0,0,0,0,0,0,0,100,100,100,0,0,-1,-1,1,0,6,0,3,0,4,0,200,1,0,0,0,1,0,0,0,0,0,0,0,0,0,0,0,0,0,0,0,0,0,0,0,0,0,0,0,0,0,0,0,0,0,0,0,0,0,0,0,0,0,0,0,0,0,0,0,0,0,0,0,0,0,0,1,1,0,0,0,1,1,1,1,1,1,1,103,100,103,100,0,0,0,0,111,1,0,1,0,0,0,0,0,0,0,0,0,0,0,0,0,0,0,0,0,0,0,0,0,0,0,0,0,0,0,0,0,0,0,0,0,0,0,0,-1,39000,100,0,0,0,0,0,0,0,0,0,0,0,0,0,0,0,0,0,0,0,0,0,0,0,0,0,0,0,0,0,0,0,0,0,0,0,0,0,0,0,0,0,0,0,0,0,0,0,0,0,0,0,0,0,0,0,0,0,0,0,0,0,0,0,0,0,0,0,0,0,0,0,0,0,0,0,0,0,0,0,0,0,0,0,0,0,0,0,0,0,0,0,0,0,0,0,0,-1,100000,388,3580,30201,1550,1400,-1,0,0,0,0,5,0,0,0,83500,1,-1,0,-1,-1,-1,0.9,386,0,686,0,0,0,0,[0|0|0|0],8,24,8500,[0|0|0|0|0|0|0|0|0|0|0|0|0|0|0|0|0|0|0|0|0|0|0|0|0|0|0|0|0|0|0|0|0|0|0|0],1,1,0,0,0,0,49280,-1,500,11000000,60,-1,0,80,[0|0|0|0|0|0],-0.7,2.8,-1,0,0,0,0,0,0,0,0,0,10,0.5,80,1,400,10,15,35,0,0,0,686,0,0,0,0,0,0,0,0,49280,0.9,65,386,80,0,0,0,0,0,0,0,0,0,0,0,0,0,0,0,[0|0],360,0,0,0,[0|0],0,0,0,0,[0|0|0],1.1,1.1,0,0,0,0,3.6,-1,0,0,0,[0|0|0|0|0|0|0|0|0|0|0|0|0|0|0|0]
53120100,REVERSE JOINT LEGS - EISVOGEL,0,0,0,[0|0|0],210010,953000,100700,100710,100720,39000,39000,39000,16510,-1,-1,-1,40,1.1,-0.33,53120000,53120000,53120000,53120000,53120000,53120000,53120000,53120000,53120000,53120000,53120000,-1,-1,-1,-1,-1,1,1,1,1,1,1,1,1,-1,1999,1096,1172,0,0,100,100,45,0,0,0,0,0,0,0,0,100,100,100,0,0,-1,-1,1,0,6,0,3,0,4,0,200,1,0,0,0,1,0,0,0,0,0,0,0,0,0,0,0,0,0,0,0,0,0,0,0,0,0,0,0,0,0,0,0,0,0,0,0,0,0,0,0,0,0,0,0,0,0,0,0,0,0,0,0,0,0,0,1,1,0,0,0,1,1,1,1,1,1,1,103,100,103,100,0,0,0,0,111,1,0,1,0,0,0,0,0,0,0,0,0,0,0,0,0,0,0,0,0,0,0,0,0,0,0,0,0,0,0,0,0,0,0,0,0,0,0,0,-1,39000,100,0,0,0,0,0,0,0,0,0,0,0,0,0,0,0,0,0,0,0,0,0,0,0,0,0,0,0,0,0,0,0,0,0,0,0,0,0,0,0,0,0,0,0,0,0,0,0,0,0,0,0,0,0,0,0,0,0,0,0,0,0,0,0,0,0,0,0,0,0,0,0,0,0,0,0,0,0,0,0,0,0,0,0,0,0,0,0,0,0,0,0,0,0,0,0,0,-1,100000,416,4314,30201,1550,1400,-1,0,0,0,0,5,0,0,0,83500,1,-1,0,-1,-1,-1,0.9,360,0,800,0,0,0,0,[0|0|0|0],8,24,8500,[0|0|0|0|0|0|0|0|0|0|0|0|0|0|0|0|0|0|0|0|0|0|0|0|0|0|0|0|0|0|0|0|0|0|0|0],0.98,1,0,0,0,0,61380,-1,500,11000000,60,-1,0,80,[0|0|0|0|0|0],-0.3,3,-0.2,0,0,0,0,0,0,0,0,0,10,0.5,73,1,400,10,15,35,0,0,0,800,0,0,0,0,0,0,0,0,49280,0.9,65,386,80,0,0,0,0,0,0,0,0,0,0,0,0,0,0,0,[0|0],360,0,0,0,[0|0],0,0,0,0,[0|0|0],1.1,1.1,0,0,0,0,3.6,-1,0,0,0,[0|0|0|0|0|0|0|0|0|0|0|0|0|0|0|0]
53150000,LEGS - 06-042 MIND BETA,0,0,0,[0|0|0],500010,953000,100700,100710,100720,51000,51000,51000,19750,-1,-1,-1,40,1.1,-0.33,53150000,53150000,53150000,53150000,53150000,53150000,53150000,53150000,53150000,53150000,53150000,-1,-1,-1,-1,-1,1,1,1,1,1,1,1,1,-1,6320,1096,1172,0,0,100,100,45,0,0,0,0,0,0,0,0,100,100,100,0,0,-1,-1,1,0,6,0,3,0,4,0,200,1,0,0,0,1,0,0,0,0,0,0,0,0,0,0,0,0,0,0,0,0,0,0,0,0,0,0,0,0,0,0,0,0,0,0,0,0,0,0,0,0,0,0,0,0,0,0,0,0,0,0,0,0,0,0,1,1,0,0,0,1,1,1,1,1,1,1,103,100,103,100,0,0,0,0,1,1,0,1,0,0,0,0,0,0,0,0,0,0,0,0,0,0,0,0,0,0,0,0,0,0,0,0,0,0,0,0,0,0,0,0,0,0,0,0,-1,51000,100,0,0,0,0,0,0,0,0,0,0,0,0,0,0,0,0,0,0,0,0,0,0,0,0,0,0,0,0,0,0,0,0,0,0,0,0,0,0,0,0,0,0,0,0,0,0,0,0,0,0,0,0,0,0,0,0,0,0,0,0,0,0,0,0,0,0,0,0,0,0,0,0,0,0,0,0,0,0,0,0,0,0,0,0,0,0,0,0,0,0,0,0,0,0,0,0,-1,100000,426,4020,30201,1550,1400,-1,0,0,0,0,5,0,0,0,83500,1,-1,0,-1,-1,-1,0.9,334,0,788,0,0,0,0,[0|0|0|0],4,24,8501,[0|0|0|0|0|0|0|0|0|0|0|0|0|0|0|0|0|0|0|0|0|0|0|0|0|0|0|0|0|0|0|0|0|0|0|0],0.92,0.96,0,0,0,0,61600,-1,500,11000000,55,-1,0,80,[0|0|0|0|0|0],4,6,6.4,0,0,0,0,0,0,0,0,0,10,0.5,60,1,400,10,15,35,0,0,0,788,0,0,0,0,0,0,0,0,61600,0.9,65,334,60,0,0,0,0,0,0,0,0,0,0,0,0,0,0,0,[0|0],360,0,0,0,[0|0],0,0,0,0,[0|0|0],0.9,0.9,100,0,0,0,3.5,-1,0,0,0,[128|128|245|189|0|0|0|0|0|0|0|0|0|0|0|0]
53170400,LEGS - RC-2000 SPRING CHICKEN,0,0,0,[0|0|0],400010,953000,100700,100710,100720,51000,51000,51000,25340,-1,-1,-1,40,1.1,-0.33,53170400,53170400,53170400,53170400,53170400,53170400,53170400,53170400,53170400,53170400,53170400,-1,-1,-1,-1,-1,1,1,1,1,1,1,1,1,-1,8350,1096,1172,0,0,100,100,45,0,0,0,0,0,0,0,0,100,100,100,0,0,-1,-1,1,0,6,0,3,0,4,0,200,1,0,0,0,1,0,0,0,0,0,0,0,0,0,0,0,0,0,0,0,0,0,0,0,0,0,0,0,0,0,0,0,0,0,0,0,0,0,0,0,0,0,0,0,0,0,0,0,0,0,0,0,0,0,0,1,1,0,0,0,1,1,1,1,1,1,1,103,100,103,100,0,0,0,0,1,1,0,1,0,0,0,0,0,0,0,0,0,0,0,0,0,0,0,0,0,0,0,0,0,0,0,0,0,0,0,0,0,0,0,0,0,0,0,0,-1,51000,100,0,0,0,0,0,0,0,0,0,0,0,0,0,0,0,0,0,0,0,0,0,0,0,0,0,0,0,0,0,0,0,0,0,0,0,0,0,0,0,0,0,0,0,0,0,0,0,0,0,0,0,0,0,0,0,0,0,0,0,0,0,0,0,0,0,0,0,0,0,0,0,0,0,0,0,0,0,0,0,0,0,0,0,0,0,0,0,0,0,0,0,0,0,0,0,0,-1,100000,402,4410,30201,1550,1400,-1,0,0,0,0,5,0,0,0,83500,1,-1,0,-1,-1,-1,0.9,317,0,860,0,0,0,0,[0|0|0|0],6,24,8502,[0|0|0|0|0|0|0|0|0|0|0|0|0|0|0|0|0|0|0|0|0|0|0|0|0|0|0|0|0|0|0|0|0|0|0|0],0.84,0.92,0,0,0,0,73360,-1,500,11000000,50,-1,0,80,[0|0|0|0|0|0],10.6,5.4,8,0,0,0,0,0,0,0,0,0,10,0.5,70,1,400,10,15,35,0,0,0,801,0,0,0,0,0,0,0,0,73360,0.9,65,317,70,0,0,0,0,0,0,0,0,0,0,0,0,0,0,0,[0|0],360,0,0,0,[0|0],0,0,0,0,[0|0|0],1,1,100,0,0,0,3.5,-1,0,0,0,[136|185|228|189|0|0|0|0|0|0|0|0|0|0|0|0]
53200000,LEGS - LG-033M VERRILL,0,0,0,[0|0|0],100020,953000,100700,100710,100720,66000,66000,66000,36200,-1,-1,-1,40,1.1,-0.33,53200000,53200000,53200000,53200000,53200000,53200000,53200000,53200000,53200000,53200000,53200000,-1,-1,-1,-1,-1,1,1,1,1,1,1,1,1,-1,1410,1096,1172,0,0,100,100,100,0,0,0,0,0,0,0,0,100,100,100,0,0,-1,-1,1,0,6,0,3,0,4,0,100,1,0,0,0,1,0,0,0,0,0,0,0,0,0,0,0,0,0,0,0,0,0,0,0,0,0,0,0,0,0,0,0,0,0,0,0,0,0,0,0,0,0,0,0,0,0,0,0,0,0,0,0,0,0,0,1,1,0,0,0,1,1,1,1,1,1,1,103,100,103,100,0,0,0,0,1,1,0,1,0,0,0,0,0,0,0,0,0,0,0,0,0,0,0,0,0,0,0,0,0,0,0,0,0,0,0,0,0,0,0,0,0,0,0,0,-1,66000,100,0,0,0,0,0,0,0,0,0,0,0,0,0,0,0,0,0,0,0,0,0,0,0,0,0,0,0,0,0,0,0,0,0,0,0,0,0,0,0,0,0,0,0,0,0,0,0,0,0,0,0,0,0,0,0,0,0,0,0,0,0,0,0,0,0,0,0,0,0,0,0,0,0,0,0,0,0,0,0,0,0,0,0,0,0,0,0,0,0,0,0,0,0,0,0,0,-1,300000,675,5990,30202,1550,1400,-1,0,0,0,0,5,0,0,0,14100,1,-1,0,-1,-1,-1,1.2,82,0,1413,0,0,75,265,[0|0|0|0],11,19,8503,[0|0|0|0|0|0|0|0|0|0|0|0|0|0|0|0|0|0|0|0|0|0|0|0|0|0|0|0|0|0|0|0|0|0|0|0],0.6,0.3,0,0,0,0,76200,-1,400,12000000,0,-1,0,0,[0|0|0|0|0|0],10.2,7.2,9.6,0,0,0,0,0,0,0,0,0,0,0.5,15,1,400,10,15,45,0,0,0,1413.4479,0,0,0,0,0,0,0,0,76200,1.2,0,82,15,0,0,0,0,0,0,0,0,0,0,0,0,0,0,0,[0|0],360,0,0,0,[0|0],1,0,0,0,[0|0|0],0.9,0.9,0,0,0,0,3.05,-1,0,0,0,[0|0|0|0|0|0|0|0|0|0|0|0|0|0|0|0]
53230000,LEGS - VP-424,0,0,0,[0|0|0],200020,953000,100700,100710,100720,66000,66000,66000,31600,-1,-1,-1,40,1.1,-0.33,53230000,53230000,53230000,53230000,53230000,53230000,53230000,53230000,53230000,53230000,53230000,-1,-1,-1,-1,-1,1,1,1,1,1,1,1,1,-1,4410,1096,1172,0,0,100,100,100,0,0,0,0,0,0,0,0,100,100,100,0,0,-1,-1,1,0,6,0,3,0,4,0,100,1,0,0,0,1,0,0,0,0,0,0,0,0,0,0,0,0,0,0,0,0,0,0,0,0,0,0,0,0,0,0,0,0,0,0,0,0,0,0,0,0,0,0,0,0,0,0,0,0,0,0,0,0,0,0,1,1,0,0,0,1,1,1,1,1,1,1,103,100,103,100,0,0,0,0,1,1,0,1,0,0,0,0,0,0,0,0,0,0,0,0,0,0,0,0,0,0,0,0,0,0,0,0,0,0,0,0,0,0,0,0,0,0,0,0,-1,66000,100,0,0,0,0,0,0,0,0,0,0,0,0,0,0,0,0,0,0,0,0,0,0,0,0,0,0,0,0,0,0,0,0,0,0,0,0,0,0,0,0,0,0,0,0,0,0,0,0,0,0,0,0,0,0,0,0,0,0,0,0,0,0,0,0,0,0,0,0,0,0,0,0,0,0,0,0,0,0,0,0,0,0,0,0,0,0,0,0,0,0,0,0,0,0,0,0,-1,300000,760,4100,30202,1550,1400,-1,0,0,0,0,5,0,0,0,14100,1,-1,0,-1,-1,-1,1.2,103,0,1366,0,0,65,330,[0|0|0|0],7,19,8504,[0|0|0|0|0|0|0|0|0|0|0|0|0|0|0|0|0|0|0|0|0|0|0|0|0|0|0|0|0|0|0|0|0|0|0|0],0.66,0.3,0,0,0,0,69800,-1,410,12000000,0,-1,0,0,[0|0|0|0|0|0],6.6,8.4,8.6,0,0,0,0,0,0,0,0,0,0,0.5,18,1,400,10,15,45,0,0,0,1365.7153,0,0,0,0,0,0,0,0,69800,1.2,0,103,18,0,0,0,0,0,0,0,0,0,0,0,0,0,0,0,[0|0],360,0,0,0,[0|0],1,0,0,0,[0|0|0],1,1,0,0,0,0,3.4,-1,0,0,0,[201|255|52|63|0|0|0|0|0|0|0|0|0|0|0|0]
53280300,LEGS - LAMMERGEIER/42F,0,0,0,[0|0|0],210020,953000,100700,100710,100720,66000,66000,66000,22430,-1,-1,-1,40,1.1,-0.33,53280300,53280300,53280300,53280300,53280300,53280300,53280300,53280300,53280300,53280300,53280300,-1,-1,-1,-1,-1,1,1,1,1,1,1,1,1,-1,8070,1096,1172,0,0,100,100,100,0,0,0,0,0,0,0,0,100,100,100,0,0,-1,-1,1,0,6,0,3,0,4,0,100,1,0,0,0,1,0,0,0,0,0,0,0,0,0,0,0,0,0,0,0,0,0,0,0,0,0,0,0,0,0,0,0,0,0,0,0,0,0,0,0,0,0,0,0,0,0,0,0,0,0,0,0,0,0,0,1,1,0,0,0,1,1,1,1,1,1,1,103,100,103,100,0,0,0,0,21,1,0,1,0,0,0,0,0,0,0,0,0,0,0,0,0,0,0,0,0,0,0,0,0,0,0,0,0,0,0,0,0,0,0,0,0,0,0,0,-1,66000,100,0,0,0,0,0,0,0,0,0,0,0,0,0,0,0,0,0,0,0,0,0,0,0,0,0,0,0,0,0,0,0,0,0,0,0,0,0,0,0,0,0,0,0,0,0,0,0,0,0,0,0,0,0,0,0,0,0,0,0,0,0,0,0,0,0,0,0,0,0,0,0,0,0,0,0,0,0,0,0,0,0,0,0,0,0,0,0,0,0,0,0,0,0,0,0,0,-1,300000,790,3560,30202,1550,1400,-1,0,0,0,1,5,0,0,0,80700,1,-1,0,-1,-1,-1,1.2,53,0,980,0,0,95,382,[0|0|0|0],8,19,8508,[0|0|0|0|0|0|0|0|0|0|0|0|0|0|0|0|0|0|0|0|0|0|0|0|0|0|0|0|0|0|0|0|0|0|0|0],0.74,0.5,0,0,0,0,52460,-1,420,12000000,0,-1,0,0,[0|0|0|0|0|0],-1.5,4,-2,0,0,0,0,0,0,0,0,0,0,0.5,42,1,400,10,15,45,0,0,0,980,0,0,0,0,0,0,0,0,52460,1.2,0,53,42,0,0,0,0,0,0,0,0,0,0,0,0,0,0,0,[0|0],360,0,0,0,[0|0],1,0,0,0,[0|0|0],1.1,1.1,0,0,0,0,3.05,-1,0,0,0,[168|115|53|63|0|0|0|0|0|0|0|0|0|0|0|0]
53300000,LEGS - LG-022T BORNEMISSZA,0,0,0,[0|0|0],100030,953000,100700,100710,100720,45800,45800,45800,49800,-1,-1,-1,40,1.1,-0.33,53300000,53300000,53300000,53300000,53300000,53300000,53300000,53300000,53300000,53300000,53300000,-1,-1,-1,-1,-1,1,1,1,1,1,1,1,1,-1,1510,1096,1172,0,0,100,100,155,0,0,0,0,0,0,0,0,100,100,100,0,0,-1,-1,1,0,6,0,3,0,4,0,300,1,0,0,0,1,0,0,0,0,0,0,0,0,0,0,0,0,0,0,0,0,0,0,0,0,0,0,0,0,0,0,0,0,0,0,0,0,0,0,0,0,0,0,0,0,0,0,0,0,0,0,0,0,0,0,1,1,0,0,0,1,1,1,1,1,1,1,103,100,103,100,0,0,0,0,-1,1,0,1,0,0,0,0,0,0,0,0,0,0,0,0,0,0,0,0,0,0,0,0,0,0,0,0,0,0,0,0,0,0,0,0,0,0,0,0,-1,45800,100,0,0,0,0,0,0,0,0,0,0,0,0,0,0,0,0,0,0,0,0,0,0,0,0,0,0,0,0,0,0,0,0,0,0,0,0,0,0,0,0,0,0,0,0,0,0,0,0,0,0,0,0,0,0,0,0,0,0,0,0,0,0,0,0,0,0,0,0,0,0,0,0,0,0,0,0,0,0,0,0,0,0,0,0,0,0,0,0,0,0,0,0,0,0,0,0,300,200000,455,9240,30203,1550,1400,-1,0,0,0,0,5,0,0,0,15100,1,-1,0,-1,-1,-1,1.3,0,0,1500,0,0,0,0,[0|0|0|0],11,23,8505,[0|0|0|0|0|0|0|0|0|0|0|0|0|0|0|0|0|0|0|0|0|0|0|0|0|0|0|0|0|0|0|0|0|0|0|0],0,0.2,0,0,0,0,100300,63300000,300,13000000,0,-1,0,0,[0|0|0|0|0|0],14,3.6,9.9,0,0,0,0,0,0,0,0,0,0,0.5,2,1,300,10,10,45,0,0,0,1500,0,0,0,0,0,0,0,0,100300,1.3,55,0,2,0,0,0,0,0,0,0,0,0,0,0,0,0,0,0,[0|0],360,0,0,0,[0|0],0,0,0,0,[0|0|0],1,1,0,0,0,0,0,-1,0,0,0,[0|0|0|0|0|0|0|0|0|0|0|0|0|0|0|0]
53300100,BIKE (TANK) LEGS - Balam Bike,0,0,0,[0|0|0],500000,953000,100700,100710,100720,45800,45800,45800,18900,999600000,-1,-1,40,1.1,-0.33,53300000,53300000,53300000,53300000,53300000,53300000,53300000,53300000,53300000,53300000,53300000,-1,-1,-1,-1,-1,1,1,1,1,1,1,1,1,-1,1111,1096,1172,0,0,100,100,155,0,0,0,0,0,0,0,0,100,100,100,0,0,-1,-1,1,0,6,0,3,0,4,0,300,1,0,0,0,1,0,0,0,0,0,0,0,0,0,0,0,0,0,0,0,0,0,0,0,0,0,0,0,0,0,0,0,0,0,0,0,0,0,0,0,0,0,0,0,0,0,0,0,0,0,0,0,0,0,0,1,1,0,0,0,1,1,1,1,1,1,1,103,100,103,100,0,0,0,0,-1,1,0,1,0,0,0,0,0,0,0,0,0,0,0,0,0,0,0,0,0,0,0,0,0,0,0,0,0,0,0,0,0,0,0,0,0,0,0,0,-1,45800,100,0,0,0,0,0,0,0,0,0,0,0,0,0,0,0,0,0,0,0,0,0,0,0,0,0,0,0,0,0,0,0,0,0,0,0,0,0,0,0,0,0,0,0,0,0,0,0,0,0,0,0,0,0,0,0,0,0,0,0,0,0,0,0,0,0,0,0,0,0,0,0,0,0,0,0,0,0,0,0,0,0,0,0,0,0,0,0,0,0,0,0,0,0,0,0,0,300,200000,621,5020,30206,1550,1400,-1,0,0,0,0,5,0,0,0,15100,1,-1,0,-1,-1,-1,0.5,0,0,781,0,0,0,0,[0|0|0|0],11,32,8505,[0|0|0|0|0|0|0|0|0|0|0|0|0|0|0|0|0|0|0|0|0|0|0|0|0|0|0|0|0|0|0|0|0|0|0|0],0.38,0.76,0,0,0,0,63700,63300100,340,13000000,0,-1,0,0,[0|0|0|0|0|0],9,2.1,6.1,0,0,0,0,0,0,0,0,0,0,0.5,2,1,300,10,10,45,0,0,0,781,0,0,0,0,0,0,0,0,100300,1.3,55,0,2,0,0,0,0,0,0,0,0,0,0,0,0,0,0,0,[0|0],360,0,0,0,[0|0],0,0,0,0,[0|0|0],1,1,0,0,0,0,0,-1,0,0,0,[0|0|0|0|0|0|0|0|0|0|0|0|0|0|0|0]
53300200,BIKE (TANK) LEGS - Arqubike,0,0,0,[0|0|0],500010,953000,100700,100710,100720,45800,45800,45800,20700,999600000,-1,-1,40,1.1,-0.33,53300000,53300000,53300000,53300000,53300000,53300000,53300000,53300000,53300000,53300000,53300000,-1,-1,-1,-1,-1,1,1,1,1,1,1,1,1,-1,2662,1096,1172,0,0,100,100,155,0,0,0,0,0,0,0,0,100,100,100,0,0,-1,-1,1,0,6,0,3,0,4,0,300,1,0,0,0,1,0,0,0,0,0,0,0,0,0,0,0,0,0,0,0,0,0,0,0,0,0,0,0,0,0,0,0,0,0,0,0,0,0,0,0,0,0,0,0,0,0,0,0,0,0,0,0,0,0,0,1,1,0,0,0,1,1,1,1,1,1,1,103,100,103,100,0,0,0,0,-1,1,0,1,0,0,0,0,0,0,0,0,0,0,0,0,0,0,0,0,0,0,0,0,0,0,0,0,0,0,0,0,0,0,0,0,0,0,0,0,-1,45800,100,0,0,0,0,0,0,0,0,0,0,0,0,0,0,0,0,0,0,0,0,0,0,0,0,0,0,0,0,0,0,0,0,0,0,0,0,0,0,0,0,0,0,0,0,0,0,0,0,0,0,0,0,0,0,0,0,0,0,0,0,0,0,0,0,0,0,0,0,0,0,0,0,0,0,0,0,0,0,0,0,0,0,0,0,0,0,0,0,0,0,0,0,0,0,0,0,300,200000,740,4820,30206,1550,1400,-1,0,0,0,0,5,0,0,0,15100,1,-1,0,-1,-1,-1,0.1,0,0,736,0,0,0,0,[0|0|0|0],20,32,8505,[0|0|0|0|0|0|0|0|0|0|0|0|0|0|0|0|0|0|0|0|0|0|0|0|0|0|0|0|0|0|0|0|0|0|0|0],0.4,0.8,0,0,0,0,60800,63300200,350,13000000,0,-1,0,0,[0|0|0|0|0|0],4,10,4.8,0,0,0,0,0,0,0,0,0,0,0.5,2,1,300,10,10,45,0,0,0,736,0,0,0,0,0,0,0,0,100300,1.3,55,0,2,0,0,0,0,0,0,0,0,0,0,0,0,0,0,0,[0|0],360,0,0,0,[0|0],0,0,0,0,[0|0|0],1,1,0,0,0,0,0,-1,0,0,0,[0|0|0|0|0|0|0|0|0|0|0|0|0|0|0|0]
53300300,BIKE (TANK) LEGS - Army Bike,0,0,0,[0|0|0],500020,953000,100700,100710,100720,45800,45800,45800,26800,999600000,-1,-1,40,1.1,-0.33,53300000,53300000,53300000,53300000,53300000,53300000,53300000,53300000,53300000,53300000,53300000,-1,-1,-1,-1,-1,1,1,1,1,1,1,1,1,-1,3223,1096,1172,0,0,100,100,155,0,0,0,0,0,0,0,0,100,100,100,0,0,-1,-1,1,0,6,0,3,0,4,0,300,1,0,0,0,1,0,0,0,0,0,0,0,0,0,0,0,0,0,0,0,0,0,0,0,0,0,0,0,0,0,0,0,0,0,0,0,0,0,0,0,0,0,0,0,0,0,0,0,0,0,0,0,0,0,0,1,1,0,0,0,1,1,1,1,1,1,1,103,100,103,100,0,0,0,0,-1,1,0,1,0,0,0,0,0,0,0,0,0,0,0,0,0,0,0,0,0,0,0,0,0,0,0,0,0,0,0,0,0,0,0,0,0,0,0,0,-1,45800,100,0,0,0,0,0,0,0,0,0,0,0,0,0,0,0,0,0,0,0,0,0,0,0,0,0,0,0,0,0,0,0,0,0,0,0,0,0,0,0,0,0,0,0,0,0,0,0,0,0,0,0,0,0,0,0,0,0,0,0,0,0,0,0,0,0,0,0,0,0,0,0,0,0,0,0,0,0,0,0,0,0,0,0,0,0,0,0,0,0,0,0,0,0,0,0,0,300,200000,566,7210,30206,1550,1400,-1,0,0,0,0,5,0,0,0,15100,1,-1,0,-1,-1,-1,0.5,0,0,1060,0,0,0,0,[0|0|0|0],10,32,8505,[0|0|0|0|0|0|0|0|0|0|0|0|0|0|0|0|0|0|0|0|0|0|0|0|0|0|0|0|0|0|0|0|0|0|0|0],0.36,0.72,0,0,0,0,76200,63300300,360,13000000,0,-1,0,0,[0|0|0|0|0|0],10.3,5.8,4.9,0,0,0,0,0,0,0,0,0,0,0.5,2,1,300,10,10,45,0,0,0,1060,0,0,0,0,0,0,0,0,100300,1.3,55,0,2,0,0,0,0,0,0,0,0,0,0,0,0,0,0,0,[0|0],360,0,0,0,[0|0],0,0,0,0,[0|0|0],1,1,0,0,0,0,0,-1,0,0,0,[0|0|0|0|0|0|0|0|0|0|0|0|0|0|0|0]
53340000,LEGS - VE-42B,0,0,0,[0|0|0],300030,953000,100700,100710,100720,45800,45800,45800,46600,-1,-1,-1,40,1.1,-0.33,53340000,53340000,53340000,53340000,53340000,53340000,53340000,53340000,53340000,53340000,53340000,-1,-1,-1,-1,-1,1,1,1,1,1,1,1,1,-1,5510,1096,1172,0,0,100,100,155,0,0,0,0,0,0,0,0,100,100,100,0,0,-1,-1,1,0,6,0,3,0,4,0,301,1,0,0,0,1,0,0,0,0,0,0,0,0,0,0,0,0,0,0,0,0,0,0,0,0,0,0,0,0,0,0,0,0,0,0,0,0,0,0,0,0,0,0,0,0,0,0,0,0,0,0,0,0,0,0,1,1,0,0,0,1,1,1,1,1,1,1,103,100,103,100,0,0,0,0,-1,1,0,1,0,0,0,0,0,0,0,0,0,0,0,0,0,0,0,0,0,0,0,0,0,0,0,0,0,0,0,0,0,0,0,0,0,0,0,0,-1,45800,100,0,0,0,0,0,0,0,0,0,0,0,0,0,0,0,0,0,0,0,0,0,0,0,0,0,0,0,0,0,0,0,0,0,0,0,0,0,0,0,0,0,0,0,0,0,0,0,0,0,0,0,0,0,0,0,0,0,0,0,0,0,0,0,0,0,0,0,0,0,0,0,0,0,0,0,0,0,0,0,0,0,0,0,0,0,0,0,0,0,0,0,0,0,0,0,0,300,200000,824,8600,30203,1550,1400,-1,0,0,0,0,5,0,0,0,50110,1,-1,0,-1,41,-1,1.3,0,0,924,0,0,0,0,[0|0|0|0],20,23,8506,[0|0|0|0|0|0|0|0|0|0|0|0|0|0|0|0|0|0|0|0|0|0|0|0|0|0|0|0|0|0|0|0|0|0|0|0],0.25,0.5,0,0,0,0,91000,63340000,310,13100000,0,-1,0,0,[0|0|0|0|0|0],7.9,16,10.6,0,0,0,0,0,0,0,0,0,0,0.5,2,1,300,10,10,45,0,0,0,924,0,0,0,0,0,0,0,0,91000,1.3,55,0,2,0,0,0,0,0,0,0,0,0,0,0,0,0,0,0,[0|0],360,0,0,0,[0|0],0,0,0,0,[0|0|0],1,1,100,0,0,0,1.3,-1,0,0,0,[0|0|0|0|0|0|0|0|0|0|0|0|0|0|0|0]
53360000,LEGS - EL-TL-11 FORTALEZA,0,0,0,[0|0|0],410030,953000,100700,100710,100720,45800,45800,45800,23650,-1,-1,-1,40,1.1,-0.33,53360000,53360000,53360000,53360000,53360000,53360000,53360000,53360000,53360000,53360000,53360000,-1,-1,-1,-1,-1,1,1,1,1,1,1,1,1,-1,7510,1096,1172,0,0,100,100,155,0,0,0,0,0,0,0,0,100,100,100,0,0,-1,-1,1,0,6,0,3,0,4,0,302,1,0,0,0,1,0,0,0,0,0,0,0,0,0,0,0,0,0,0,0,0,0,0,0,0,0,0,0,0,0,0,0,0,0,0,0,0,0,0,0,0,0,0,0,0,0,0,0,0,0,0,0,0,0,0,1,1,0,0,0,1,1,1,1,1,1,1,103,100,103,100,0,0,0,0,-1,1,0,1,0,0,0,0,0,0,0,0,0,0,0,0,0,0,0,0,0,0,0,0,0,0,0,0,0,0,0,0,0,0,0,0,0,0,0,0,-1,45800,100,0,0,0,0,0,0,0,0,0,0,0,0,0,0,0,0,0,0,0,0,0,0,0,0,0,0,0,0,0,0,0,0,0,0,0,0,0,0,0,0,0,0,0,0,0,0,0,0,0,0,0,0,0,0,0,0,0,0,0,0,0,0,0,0,0,0,0,0,0,0,0,0,0,0,0,0,0,0,0,0,0,0,0,0,0,0,0,0,0,0,0,0,0,0,0,0,300,200000,620,5100,30203,1550,1400,-1,0,0,0,0,5,0,0,0,75100,1,-1,0,-1,-1,-1,1.3,0,0,842,0,0,0,0,[0|0|0|0],19,23,8507,[0|0|0|0|0|0|0|0|0|0|0|0|0|0|0|0|0|0|0|0|0|0|0|0|0|0|0|0|0|0|0|0|0|0|0|0],0.3,0.6,0,0,0,0,69300,63360000,320,13200000,0,-1,0,0,[0|0|0|0|0|0],4.5,1.1,1.4,0,0,0,0,0,0,0,0,0,0,0.5,2,1,300,10,10,45,0,0,0,842,0,0,0,0,0,0,0,0,69300,1.3,55,0,2,0,0,0,0,0,0,0,0,0,0,0,0,0,0,0,[0|0],360,0,0,0,[0|0],0,1,0,0,[0|0|0],1,1,0,0,0,0,1.6,-1,0,0,0,[0|0|0|0|0|0|0|0|0|0|0|0|0|0|0|0]
59001000,,0,0,0,[0|0|0],0,0,0,0,0,0,0,0,1,0,0,0,-1,1,0,-1,-1,-1,-1,-1,-1,-1,-1,-1,-1,-1,-1,-1,-1,-1,-1,1,1,1,1,1,1,1,1,-1,0,0,0,0,0,100,100,0,0,100,100,100,100,0,0,0,100,100,100,100,0,-1,0,0,0,1,0,0,0,0,0,0,1,1,0,0,0,0,0,0,0,0,0,0,0,0,0,0,0,0,0,0,0,0,0,0,0,0,0,0,0,0,0,0,0,0,0,0,0,0,0,0,0,0,0,0,0,0,0,0,0,0,0,0,0,0,0,1,1,0,0,0,1,1,1,1,1,1,1,50,0,50,0,50,0,50,0,-1,1,0,1,100,0,0,0,0,0,0,0,0,0,0,0,0,0,0,0,0,0,0,0,0,0,0,0,0,0,0,0,0,0,0,0,0,0,0,0,-1,-1,0,0,0,0,0,0,0,0,0,0,0,0,0,0,0,0,0,0,0,0,0,0,0,0,0,0,0,0,0,0,0,0,0,0,0,0,0,0,0,0,0,0,0,0,0,0,0,0,0,0,0,0,0,0,0,0,0,0,0,0,0,0,0,0,0,0,0,0,0,0,0,0,0,0,0,0,0,0,0,0,0,0,0,0,0,0,0,0,0,0,0,0,0,0,0,0,0,-1,0,0,0,0,0,0,-1,0,0,0,0,-1,0,0,0,0,1,-1,0,-1,-1,-1,1,0,0,0,0,0,0,0,[0|0|0|0],0,0,0,[0|0|0|0|0|0|0|0|0|0|0|0|0|0|0|0|0|0|0|0|0|0|0|0|0|0|0|0|0|0|0|0|0|0|0|0],1,1,0,0,0,0,0,-1,0,0,0,-1,0,0,[0|0|0|0|0|0],0,0,0,0,0,0,0,0,0,0,0,0,0,0,0,1,0,0,0,0,0,0,0,0,0,0,0,0,0,0,0,0,0,0,0,0,0,0,0,0,0,0,0,0,0,0,0,0,0,0,0,0,[0|0],360,0,0,0,[0|0],0,0,0,0,[0|0|0],1,1,0,0,0,0,0,50000000,0,0,0,[0|0|0|0|0|0|0|0|0|0|0|0|0|0|0|0]
59001100,,0,0,0,[0|0|0],0,0,0,0,0,0,0,0,1,0,0,0,-1,1,0,-1,-1,-1,-1,-1,-1,-1,-1,-1,-1,-1,-1,-1,-1,-1,-1,1,1,1,1,1,1,1,1,-1,0,0,0,0,0,100,100,0,0,100,100,100,100,0,0,0,100,100,100,100,0,-1,0,0,0,1,0,0,0,0,0,0,1,1,0,0,0,0,0,0,0,0,0,0,0,0,0,0,0,0,0,0,0,0,0,0,0,0,0,0,0,0,0,0,0,0,0,0,0,0,0,0,0,0,0,0,0,0,0,0,0,0,0,0,0,0,0,1,1,0,0,0,1,1,1,1,1,1,1,50,0,50,0,50,0,50,0,-1,1,0,1,100,0,0,0,0,0,0,0,0,0,0,0,0,0,0,0,0,0,0,0,0,0,0,0,0,0,0,0,0,0,0,0,0,0,0,0,-1,-1,0,0,0,0,0,0,0,0,0,0,0,0,0,0,0,0,0,0,0,0,0,0,0,0,0,0,0,0,0,0,0,0,0,0,0,0,0,0,0,0,0,0,0,0,0,0,0,0,0,0,0,0,0,0,0,0,0,0,0,0,0,0,0,0,0,0,0,0,0,0,0,0,0,0,0,0,0,0,0,0,0,0,0,0,0,0,0,0,0,0,0,0,0,0,0,0,0,-1,0,0,0,0,0,0,-1,0,0,0,0,-1,0,0,0,0,1,-1,0,-1,-1,-1,1,0,0,0,0,0,0,0,[0|0|0|0],0,0,0,[0|0|0|0|0|0|0|0|0|0|0|0|0|0|0|0|0|0|0|0|0|0|0|0|0|0|0|0|0|0|0|0|0|0|0|0],1,1,0,0,0,0,0,-1,0,0,0,-1,0,0,[0|0|0|0|0|0],0,0,0,0,0,0,0,0,0,0,0,0,0,0,0,1,0,0,0,0,0,0,0,0,0,0,0,0,0,0,0,0,0,0,0,0,0,0,0,0,0,0,0,0,0,0,0,0,0,0,0,0,[0|0],360,0,0,0,[0|0],0,0,0,0,[0|0|0],1,1,0,0,0,0,0,51000000,0,0,0,[0|0|0|0|0|0|0|0|0|0|0|0|0|0|0|0]
59001200,,0,0,0,[0|0|0],0,0,0,0,0,0,0,0,1,0,0,0,-1,1,0,-1,-1,-1,-1,-1,-1,-1,-1,-1,-1,-1,-1,-1,-1,-1,-1,1,1,1,1,1,1,1,1,-1,0,0,0,0,0,100,100,0,0,100,100,100,100,0,0,0,100,100,100,100,0,-1,0,0,0,1,0,0,0,0,0,0,1,1,0,0,0,0,0,0,0,0,0,0,0,0,0,0,0,0,0,0,0,0,0,0,0,0,0,0,0,0,0,0,0,0,0,0,0,0,0,0,0,0,0,0,0,0,0,0,0,0,0,0,0,0,0,1,1,0,0,0,1,1,1,1,1,1,1,50,0,50,0,50,0,50,0,-1,1,0,1,100,0,0,0,0,0,0,0,0,0,0,0,0,0,0,0,0,0,0,0,0,0,0,0,0,0,0,0,0,0,0,0,0,0,0,0,-1,-1,0,0,0,0,0,0,0,0,0,0,0,0,0,0,0,0,0,0,0,0,0,0,0,0,0,0,0,0,0,0,0,0,0,0,0,0,0,0,0,0,0,0,0,0,0,0,0,0,0,0,0,0,0,0,0,0,0,0,0,0,0,0,0,0,0,0,0,0,0,0,0,0,0,0,0,0,0,0,0,0,0,0,0,0,0,0,0,0,0,0,0,0,0,0,0,0,0,-1,0,0,0,0,0,0,-1,0,0,0,0,-1,0,0,0,0,1,-1,0,-1,-1,-1,1,0,0,0,0,0,0,0,[0|0|0|0],0,0,0,[0|0|0|0|0|0|0|0|0|0|0|0|0|0|0|0|0|0|0|0|0|0|0|0|0|0|0|0|0|0|0|0|0|0|0|0],1,1,0,0,0,0,0,-1,0,0,0,-1,0,0,[0|0|0|0|0|0],0,0,0,0,0,0,0,0,0,0,0,0,0,0,0,1,0,0,0,0,0,0,0,0,0,0,0,0,0,0,0,0,0,0,0,0,0,0,0,0,0,0,0,0,0,0,0,0,0,0,0,0,[0|0],360,0,0,0,[0|0],0,0,0,0,[0|0|0],1,1,0,0,0,0,0,52000000,0,0,0,[0|0|0|0|0|0|0|0|0|0|0|0|0|0|0|0]
59001300,,0,0,0,[0|0|0],0,0,0,0,0,0,0,0,1,0,0,0,-1,1,0,-1,-1,-1,-1,-1,-1,-1,-1,-1,-1,-1,-1,-1,-1,-1,-1,1,1,1,1,1,1,1,1,-1,0,0,0,0,0,100,100,0,0,100,100,100,100,0,0,0,100,100,100,100,0,-1,0,0,0,1,0,0,0,0,0,0,1,1,0,0,0,0,0,0,0,0,0,0,0,0,0,0,0,0,0,0,0,0,0,0,0,0,0,0,0,0,0,0,0,0,0,0,0,0,0,0,0,0,0,0,0,0,0,0,0,0,0,0,0,0,0,1,1,0,0,0,1,1,1,1,1,1,1,50,0,50,0,50,0,50,0,-1,1,0,1,100,0,0,0,0,0,0,0,0,0,0,0,0,0,0,0,0,0,0,0,0,0,0,0,0,0,0,0,0,0,0,0,0,0,0,0,-1,-1,0,0,0,0,0,0,0,0,0,0,0,0,0,0,0,0,0,0,0,0,0,0,0,0,0,0,0,0,0,0,0,0,0,0,0,0,0,0,0,0,0,0,0,0,0,0,0,0,0,0,0,0,0,0,0,0,0,0,0,0,0,0,0,0,0,0,0,0,0,0,0,0,0,0,0,0,0,0,0,0,0,0,0,0,0,0,0,0,0,0,0,0,0,0,0,0,0,-1,0,0,0,0,0,0,-1,0,0,0,0,-1,0,0,0,0,1,-1,0,-1,-1,-1,1,0,0,0,0,0,0,0,[0|0|0|0],0,0,0,[0|0|0|0|0|0|0|0|0|0|0|0|0|0|0|0|0|0|0|0|0|0|0|0|0|0|0|0|0|0|0|0|0|0|0|0],1,1,0,0,0,0,0,-1,0,0,0,-1,0,0,[0|0|0|0|0|0],0,0,0,0,0,0,0,0,0,0,0,0,0,0,0,1,0,0,0,0,0,0,0,0,0,0,0,0,0,0,0,0,0,0,0,0,0,0,0,0,0,0,0,0,0,0,0,0,0,0,0,0,[0|0],360,0,0,0,[0|0],0,0,0,0,[0|0|0],1,1,0,0,0,0,0,53000000,0,0,0,[0|0|0|0|0|0|0|0|0|0|0|0|0|0|0|0]
59002000,,0,0,0,[0|0|0],0,0,0,0,0,0,0,0,1,0,0,0,-1,1,0,-1,-1,-1,-1,-1,-1,-1,-1,-1,-1,-1,-1,-1,-1,-1,-1,1,1,1,1,1,1,1,1,-1,0,0,0,0,0,100,100,0,0,100,100,100,100,0,0,0,100,100,100,100,0,-1,0,0,0,1,0,0,0,0,0,0,1,1,0,0,0,0,0,0,0,0,0,0,0,0,0,0,0,0,0,0,0,0,0,0,0,0,0,0,0,0,0,0,0,0,0,0,0,0,0,0,0,0,0,0,0,0,0,0,0,0,0,0,0,0,0,1,1,0,0,0,1,1,1,1,1,1,1,50,0,50,0,50,0,50,0,-1,1,0,1,100,0,0,0,0,0,0,0,0,0,0,0,0,0,0,0,0,0,0,0,0,0,0,0,0,0,0,0,0,0,0,0,0,0,0,0,-1,-1,0,0,0,0,0,0,0,0,0,0,0,0,0,0,0,0,0,0,0,0,0,0,0,0,0,0,0,0,0,0,0,0,0,0,0,0,0,0,0,0,0,0,0,0,0,0,0,0,0,0,0,0,0,0,0,0,0,0,0,0,0,0,0,0,0,0,0,0,0,0,0,0,0,0,0,0,0,0,0,0,0,0,0,0,0,0,0,0,0,0,0,0,0,0,0,0,0,-1,0,0,0,0,0,0,-1,0,0,0,0,-1,0,0,0,0,1,-1,0,-1,-1,-1,1,0,0,0,0,0,0,0,[0|0|0|0],0,0,0,[0|0|0|0|0|0|0|0|0|0|0|0|0|0|0|0|0|0|0|0|0|0|0|0|0|0|0|0|0|0|0|0|0|0|0|0],1,1,0,0,0,0,0,-1,0,0,0,-1,0,0,[0|0|0|0|0|0],0,0,0,0,0,0,0,0,0,0,0,0,0,0,0,1,0,0,0,0,0,0,0,0,0,0,0,0,0,0,0,0,0,0,0,0,0,0,0,0,0,0,0,0,0,0,0,0,0,0,0,0,[0|0],360,0,0,0,[0|0],0,0,0,0,[0|0|0],1,1,0,0,0,0,0,50030000,0,0,0,[0|0|0|0|0|0|0|0|0|0|0|0|0|0|0|0]
59002100,,0,0,0,[0|0|0],0,0,0,0,0,0,0,0,1,0,0,0,-1,1,0,-1,-1,-1,-1,-1,-1,-1,-1,-1,-1,-1,-1,-1,-1,-1,-1,1,1,1,1,1,1,1,1,-1,0,0,0,0,0,100,100,0,0,100,100,100,100,0,0,0,100,100,100,100,0,-1,0,0,0,1,0,0,0,0,0,0,1,1,0,0,0,0,0,0,0,0,0,0,0,0,0,0,0,0,0,0,0,0,0,0,0,0,0,0,0,0,0,0,0,0,0,0,0,0,0,0,0,0,0,0,0,0,0,0,0,0,0,0,0,0,0,1,1,0,0,0,1,1,1,1,1,1,1,50,0,50,0,50,0,50,0,-1,1,0,1,100,0,0,0,0,0,0,0,0,0,0,0,0,0,0,0,0,0,0,0,0,0,0,0,0,0,0,0,0,0,0,0,0,0,0,0,-1,-1,0,0,0,0,0,0,0,0,0,0,0,0,0,0,0,0,0,0,0,0,0,0,0,0,0,0,0,0,0,0,0,0,0,0,0,0,0,0,0,0,0,0,0,0,0,0,0,0,0,0,0,0,0,0,0,0,0,0,0,0,0,0,0,0,0,0,0,0,0,0,0,0,0,0,0,0,0,0,0,0,0,0,0,0,0,0,0,0,0,0,0,0,0,0,0,0,0,-1,0,0,0,0,0,0,-1,0,0,0,0,-1,0,0,0,0,1,-1,0,-1,-1,-1,1,0,0,0,0,0,0,0,[0|0|0|0],0,0,0,[0|0|0|0|0|0|0|0|0|0|0|0|0|0|0|0|0|0|0|0|0|0|0|0|0|0|0|0|0|0|0|0|0|0|0|0],1,1,0,0,0,0,0,-1,0,0,0,-1,0,0,[0|0|0|0|0|0],0,0,0,0,0,0,0,0,0,0,0,0,0,0,0,1,0,0,0,0,0,0,0,0,0,0,0,0,0,0,0,0,0,0,0,0,0,0,0,0,0,0,0,0,0,0,0,0,0,0,0,0,[0|0],360,0,0,0,[0|0],0,0,0,0,[0|0|0],1,1,0,0,0,0,0,51030000,0,0,0,[0|0|0|0|0|0|0|0|0|0|0|0|0|0|0|0]
59002200,,0,0,0,[0|0|0],0,0,0,0,0,0,0,0,1,0,0,0,-1,1,0,-1,-1,-1,-1,-1,-1,-1,-1,-1,-1,-1,-1,-1,-1,-1,-1,1,1,1,1,1,1,1,1,-1,0,0,0,0,0,100,100,0,0,100,100,100,100,0,0,0,100,100,100,100,0,-1,0,0,0,1,0,0,0,0,0,0,1,1,0,0,0,0,0,0,0,0,0,0,0,0,0,0,0,0,0,0,0,0,0,0,0,0,0,0,0,0,0,0,0,0,0,0,0,0,0,0,0,0,0,0,0,0,0,0,0,0,0,0,0,0,0,1,1,0,0,0,1,1,1,1,1,1,1,50,0,50,0,50,0,50,0,-1,1,0,1,100,0,0,0,0,0,0,0,0,0,0,0,0,0,0,0,0,0,0,0,0,0,0,0,0,0,0,0,0,0,0,0,0,0,0,0,-1,-1,0,0,0,0,0,0,0,0,0,0,0,0,0,0,0,0,0,0,0,0,0,0,0,0,0,0,0,0,0,0,0,0,0,0,0,0,0,0,0,0,0,0,0,0,0,0,0,0,0,0,0,0,0,0,0,0,0,0,0,0,0,0,0,0,0,0,0,0,0,0,0,0,0,0,0,0,0,0,0,0,0,0,0,0,0,0,0,0,0,0,0,0,0,0,0,0,0,-1,0,0,0,0,0,0,-1,0,0,0,0,-1,0,0,0,0,1,-1,0,-1,-1,-1,1,0,0,0,0,0,0,0,[0|0|0|0],0,0,0,[0|0|0|0|0|0|0|0|0|0|0|0|0|0|0|0|0|0|0|0|0|0|0|0|0|0|0|0|0|0|0|0|0|0|0|0],1,1,0,0,0,0,0,-1,0,0,0,-1,0,0,[0|0|0|0|0|0],0,0,0,0,0,0,0,0,0,0,0,0,0,0,0,1,0,0,0,0,0,0,0,0,0,0,0,0,0,0,0,0,0,0,0,0,0,0,0,0,0,0,0,0,0,0,0,0,0,0,0,0,[0|0],360,0,0,0,[0|0],0,0,0,0,[0|0|0],1,1,0,0,0,0,0,52030000,0,0,0,[0|0|0|0|0|0|0|0|0|0|0|0|0|0|0|0]
59002300,,0,0,0,[0|0|0],0,0,0,0,0,0,0,0,1,0,0,0,-1,1,0,-1,-1,-1,-1,-1,-1,-1,-1,-1,-1,-1,-1,-1,-1,-1,-1,1,1,1,1,1,1,1,1,-1,0,0,0,0,0,100,100,0,0,100,100,100,100,0,0,0,100,100,100,100,0,-1,0,0,0,1,0,0,0,0,0,0,1,1,0,0,0,0,0,0,0,0,0,0,0,0,0,0,0,0,0,0,0,0,0,0,0,0,0,0,0,0,0,0,0,0,0,0,0,0,0,0,0,0,0,0,0,0,0,0,0,0,0,0,0,0,0,1,1,0,0,0,1,1,1,1,1,1,1,50,0,50,0,50,0,50,0,-1,1,0,1,100,0,0,0,0,0,0,0,0,0,0,0,0,0,0,0,0,0,0,0,0,0,0,0,0,0,0,0,0,0,0,0,0,0,0,0,-1,-1,0,0,0,0,0,0,0,0,0,0,0,0,0,0,0,0,0,0,0,0,0,0,0,0,0,0,0,0,0,0,0,0,0,0,0,0,0,0,0,0,0,0,0,0,0,0,0,0,0,0,0,0,0,0,0,0,0,0,0,0,0,0,0,0,0,0,0,0,0,0,0,0,0,0,0,0,0,0,0,0,0,0,0,0,0,0,0,0,0,0,0,0,0,0,0,0,0,-1,0,0,0,0,0,0,-1,0,0,0,0,-1,0,0,0,0,1,-1,0,-1,-1,-1,1,0,0,0,0,0,0,0,[0|0|0|0],0,0,0,[0|0|0|0|0|0|0|0|0|0|0|0|0|0|0|0|0|0|0|0|0|0|0|0|0|0|0|0|0|0|0|0|0|0|0|0],1,1,0,0,0,0,0,-1,0,0,0,-1,0,0,[0|0|0|0|0|0],0,0,0,0,0,0,0,0,0,0,0,0,0,0,0,1,0,0,0,0,0,0,0,0,0,0,0,0,0,0,0,0,0,0,0,0,0,0,0,0,0,0,0,0,0,0,0,0,0,0,0,0,[0|0],360,0,0,0,[0|0],0,0,0,0,[0|0|0],1,1,0,0,0,0,0,53030000,0,0,0,[0|0|0|0|0|0|0|0|0|0|0|0|0|0|0|0]
59003000,,0,0,0,[0|0|0],0,0,0,0,0,0,0,0,1,0,0,0,-1,1,0,-1,-1,-1,-1,-1,-1,-1,-1,-1,-1,-1,-1,-1,-1,-1,-1,1,1,1,1,1,1,1,1,-1,0,0,0,0,0,100,100,0,0,100,100,100,100,0,0,0,100,100,100,100,0,-1,0,0,0,1,0,0,0,0,0,0,1,1,0,0,0,0,0,0,0,0,0,0,0,0,0,0,0,0,0,0,0,0,0,0,0,0,0,0,0,0,0,0,0,0,0,0,0,0,0,0,0,0,0,0,0,0,0,0,0,0,0,0,0,0,0,1,1,0,0,0,1,1,1,1,1,1,1,50,0,50,0,50,0,50,0,-1,1,0,1,100,0,0,0,0,0,0,0,0,0,0,0,0,0,0,0,0,0,0,0,0,0,0,0,0,0,0,0,0,0,0,0,0,0,0,0,-1,-1,0,0,0,0,0,0,0,0,0,0,0,0,0,0,0,0,0,0,0,0,0,0,0,0,0,0,0,0,0,0,0,0,0,0,0,0,0,0,0,0,0,0,0,0,0,0,0,0,0,0,0,0,0,0,0,0,0,0,0,0,0,0,0,0,0,0,0,0,0,0,0,0,0,0,0,0,0,0,0,0,0,0,0,0,0,0,0,0,0,0,0,0,0,0,0,0,0,-1,0,0,0,0,0,0,-1,0,0,0,0,-1,0,0,0,0,1,-1,0,-1,-1,-1,1,0,0,0,0,0,0,0,[0|0|0|0],0,0,0,[0|0|0|0|0|0|0|0|0|0|0|0|0|0|0|0|0|0|0|0|0|0|0|0|0|0|0|0|0|0|0|0|0|0|0|0],1,1,0,0,0,0,0,-1,0,0,0,-1,0,0,[0|0|0|0|0|0],0,0,0,0,0,0,0,0,0,0,0,0,0,0,0,1,0,0,0,0,0,0,0,0,0,0,0,0,0,0,0,0,0,0,0,0,0,0,0,0,0,0,0,0,0,0,0,0,0,0,0,0,[0|0],360,0,0,0,[0|0],0,0,0,0,[0|0|0],1,1,0,0,0,0,0,50020000,0,0,0,[0|0|0|0|0|0|0|0|0|0|0|0|0|0|0|0]
59003100,,0,0,0,[0|0|0],0,0,0,0,0,0,0,0,1,0,0,0,-1,1,0,-1,-1,-1,-1,-1,-1,-1,-1,-1,-1,-1,-1,-1,-1,-1,-1,1,1,1,1,1,1,1,1,-1,0,0,0,0,0,100,100,0,0,100,100,100,100,0,0,0,100,100,100,100,0,-1,0,0,0,1,0,0,0,0,0,0,1,1,0,0,0,0,0,0,0,0,0,0,0,0,0,0,0,0,0,0,0,0,0,0,0,0,0,0,0,0,0,0,0,0,0,0,0,0,0,0,0,0,0,0,0,0,0,0,0,0,0,0,0,0,0,1,1,0,0,0,1,1,1,1,1,1,1,50,0,50,0,50,0,50,0,-1,1,0,1,100,0,0,0,0,0,0,0,0,0,0,0,0,0,0,0,0,0,0,0,0,0,0,0,0,0,0,0,0,0,0,0,0,0,0,0,-1,-1,0,0,0,0,0,0,0,0,0,0,0,0,0,0,0,0,0,0,0,0,0,0,0,0,0,0,0,0,0,0,0,0,0,0,0,0,0,0,0,0,0,0,0,0,0,0,0,0,0,0,0,0,0,0,0,0,0,0,0,0,0,0,0,0,0,0,0,0,0,0,0,0,0,0,0,0,0,0,0,0,0,0,0,0,0,0,0,0,0,0,0,0,0,0,0,0,0,-1,0,0,0,0,0,0,-1,0,0,0,0,-1,0,0,0,0,1,-1,0,-1,-1,-1,1,0,0,0,0,0,0,0,[0|0|0|0],0,0,0,[0|0|0|0|0|0|0|0|0|0|0|0|0|0|0|0|0|0|0|0|0|0|0|0|0|0|0|0|0|0|0|0|0|0|0|0],1,1,0,0,0,0,0,-1,0,0,0,-1,0,0,[0|0|0|0|0|0],0,0,0,0,0,0,0,0,0,0,0,0,0,0,0,1,0,0,0,0,0,0,0,0,0,0,0,0,0,0,0,0,0,0,0,0,0,0,0,0,0,0,0,0,0,0,0,0,0,0,0,0,[0|0],360,0,0,0,[0|0],0,0,0,0,[0|0|0],1,1,0,0,0,0,0,51020000,0,0,0,[0|0|0|0|0|0|0|0|0|0|0|0|0|0|0|0]
59003200,,0,0,0,[0|0|0],0,0,0,0,0,0,0,0,1,0,0,0,-1,1,0,-1,-1,-1,-1,-1,-1,-1,-1,-1,-1,-1,-1,-1,-1,-1,-1,1,1,1,1,1,1,1,1,-1,0,0,0,0,0,100,100,0,0,100,100,100,100,0,0,0,100,100,100,100,0,-1,0,0,0,1,0,0,0,0,0,0,1,1,0,0,0,0,0,0,0,0,0,0,0,0,0,0,0,0,0,0,0,0,0,0,0,0,0,0,0,0,0,0,0,0,0,0,0,0,0,0,0,0,0,0,0,0,0,0,0,0,0,0,0,0,0,1,1,0,0,0,1,1,1,1,1,1,1,50,0,50,0,50,0,50,0,-1,1,0,1,100,0,0,0,0,0,0,0,0,0,0,0,0,0,0,0,0,0,0,0,0,0,0,0,0,0,0,0,0,0,0,0,0,0,0,0,-1,-1,0,0,0,0,0,0,0,0,0,0,0,0,0,0,0,0,0,0,0,0,0,0,0,0,0,0,0,0,0,0,0,0,0,0,0,0,0,0,0,0,0,0,0,0,0,0,0,0,0,0,0,0,0,0,0,0,0,0,0,0,0,0,0,0,0,0,0,0,0,0,0,0,0,0,0,0,0,0,0,0,0,0,0,0,0,0,0,0,0,0,0,0,0,0,0,0,0,-1,0,0,0,0,0,0,-1,0,0,0,0,-1,0,0,0,0,1,-1,0,-1,-1,-1,1,0,0,0,0,0,0,0,[0|0|0|0],0,0,0,[0|0|0|0|0|0|0|0|0|0|0|0|0|0|0|0|0|0|0|0|0|0|0|0|0|0|0|0|0|0|0|0|0|0|0|0],1,1,0,0,0,0,0,-1,0,0,0,-1,0,0,[0|0|0|0|0|0],0,0,0,0,0,0,0,0,0,0,0,0,0,0,0,1,0,0,0,0,0,0,0,0,0,0,0,0,0,0,0,0,0,0,0,0,0,0,0,0,0,0,0,0,0,0,0,0,0,0,0,0,[0|0],360,0,0,0,[0|0],0,0,0,0,[0|0|0],1,1,0,0,0,0,0,52020000,0,0,0,[0|0|0|0|0|0|0|0|0|0|0|0|0|0|0|0]
59003300,,0,0,0,[0|0|0],0,0,0,0,0,0,0,0,1,0,0,0,-1,1,0,-1,-1,-1,-1,-1,-1,-1,-1,-1,-1,-1,-1,-1,-1,-1,-1,1,1,1,1,1,1,1,1,-1,0,0,0,0,0,100,100,0,0,100,100,100,100,0,0,0,100,100,100,100,0,-1,0,0,0,1,0,0,0,0,0,0,1,1,0,0,0,0,0,0,0,0,0,0,0,0,0,0,0,0,0,0,0,0,0,0,0,0,0,0,0,0,0,0,0,0,0,0,0,0,0,0,0,0,0,0,0,0,0,0,0,0,0,0,0,0,0,1,1,0,0,0,1,1,1,1,1,1,1,50,0,50,0,50,0,50,0,-1,1,0,1,100,0,0,0,0,0,0,0,0,0,0,0,0,0,0,0,0,0,0,0,0,0,0,0,0,0,0,0,0,0,0,0,0,0,0,0,-1,-1,0,0,0,0,0,0,0,0,0,0,0,0,0,0,0,0,0,0,0,0,0,0,0,0,0,0,0,0,0,0,0,0,0,0,0,0,0,0,0,0,0,0,0,0,0,0,0,0,0,0,0,0,0,0,0,0,0,0,0,0,0,0,0,0,0,0,0,0,0,0,0,0,0,0,0,0,0,0,0,0,0,0,0,0,0,0,0,0,0,0,0,0,0,0,0,0,0,-1,0,0,0,0,0,0,-1,0,0,0,0,-1,0,0,0,0,1,-1,0,-1,-1,-1,1,0,0,0,0,0,0,0,[0|0|0|0],0,0,0,[0|0|0|0|0|0|0|0|0|0|0|0|0|0|0|0|0|0|0|0|0|0|0|0|0|0|0|0|0|0|0|0|0|0|0|0],1,1,0,0,0,0,0,-1,0,0,0,-1,0,0,[0|0|0|0|0|0],0,0,0,0,0,0,0,0,0,0,0,0,0,0,0,1,0,0,0,0,0,0,0,0,0,0,0,0,0,0,0,0,0,0,0,0,0,0,0,0,0,0,0,0,0,0,0,0,0,0,0,0,[0|0],360,0,0,0,[0|0],0,0,0,0,[0|0|0],1,1,0,0,0,0,0,53020000,0,0,0,[0|0|0|0|0|0|0|0|0|0|0|0|0|0|0|0]
59004000,,0,0,0,[0|0|0],0,0,0,0,0,0,0,0,1,0,0,0,-1,1,0,-1,-1,-1,-1,-1,-1,-1,-1,-1,-1,-1,-1,-1,-1,-1,-1,1,1,1,1,1,1,1,1,-1,0,0,0,0,0,100,100,0,0,100,100,100,100,0,0,0,100,100,100,100,0,-1,0,0,0,1,0,0,0,0,0,0,1,1,0,0,0,0,0,0,0,0,0,0,0,0,0,0,0,0,0,0,0,0,0,0,0,0,0,0,0,0,0,0,0,0,0,0,0,0,0,0,0,0,0,0,0,0,0,0,0,0,0,0,0,0,0,1,1,0,0,0,1,1,1,1,1,1,1,50,0,50,0,50,0,50,0,-1,1,0,1,100,0,0,0,0,0,0,0,0,0,0,0,0,0,0,0,0,0,0,0,0,0,0,0,0,0,0,0,0,0,0,0,0,0,0,0,-1,-1,0,0,0,0,0,0,0,0,0,0,0,0,0,0,0,0,0,0,0,0,0,0,0,0,0,0,0,0,0,0,0,0,0,0,0,0,0,0,0,0,0,0,0,0,0,0,0,0,0,0,0,0,0,0,0,0,0,0,0,0,0,0,0,0,0,0,0,0,0,0,0,0,0,0,0,0,0,0,0,0,0,0,0,0,0,0,0,0,0,0,0,0,0,0,0,0,0,-1,0,0,0,0,0,0,-1,0,0,0,0,-1,0,0,0,0,1,-1,0,-1,-1,-1,1,0,0,0,0,0,0,0,[0|0|0|0],0,0,0,[0|0|0|0|0|0|0|0|0|0|0|0|0|0|0|0|0|0|0|0|0|0|0|0|0|0|0|0|0|0|0|0|0|0|0|0],1,1,0,0,0,0,0,-1,0,0,0,-1,0,0,[0|0|0|0|0|0],0,0,0,0,0,0,0,0,0,0,0,0,0,0,0,1,0,0,0,0,0,0,0,0,0,0,0,0,0,0,0,0,0,0,0,0,0,0,0,0,0,0,0,0,0,0,0,0,0,0,0,0,[0|0],360,0,0,0,[0|0],0,0,0,0,[0|0|0],1,1,0,0,0,0,0,50070400,0,0,0,[0|0|0|0|0|0|0|0|0|0|0|0|0|0|0|0]
59004100,,0,0,0,[0|0|0],0,0,0,0,0,0,0,0,1,0,0,0,-1,1,0,-1,-1,-1,-1,-1,-1,-1,-1,-1,-1,-1,-1,-1,-1,-1,-1,1,1,1,1,1,1,1,1,-1,0,0,0,0,0,100,100,0,0,100,100,100,100,0,0,0,100,100,100,100,0,-1,0,0,0,1,0,0,0,0,0,0,1,1,0,0,0,0,0,0,0,0,0,0,0,0,0,0,0,0,0,0,0,0,0,0,0,0,0,0,0,0,0,0,0,0,0,0,0,0,0,0,0,0,0,0,0,0,0,0,0,0,0,0,0,0,0,1,1,0,0,0,1,1,1,1,1,1,1,50,0,50,0,50,0,50,0,-1,1,0,1,100,0,0,0,0,0,0,0,0,0,0,0,0,0,0,0,0,0,0,0,0,0,0,0,0,0,0,0,0,0,0,0,0,0,0,0,-1,-1,0,0,0,0,0,0,0,0,0,0,0,0,0,0,0,0,0,0,0,0,0,0,0,0,0,0,0,0,0,0,0,0,0,0,0,0,0,0,0,0,0,0,0,0,0,0,0,0,0,0,0,0,0,0,0,0,0,0,0,0,0,0,0,0,0,0,0,0,0,0,0,0,0,0,0,0,0,0,0,0,0,0,0,0,0,0,0,0,0,0,0,0,0,0,0,0,0,-1,0,0,0,0,0,0,-1,0,0,0,0,-1,0,0,0,0,1,-1,0,-1,-1,-1,1,0,0,0,0,0,0,0,[0|0|0|0],0,0,0,[0|0|0|0|0|0|0|0|0|0|0|0|0|0|0|0|0|0|0|0|0|0|0|0|0|0|0|0|0|0|0|0|0|0|0|0],1,1,0,0,0,0,0,-1,0,0,0,-1,0,0,[0|0|0|0|0|0],0,0,0,0,0,0,0,0,0,0,0,0,0,0,0,1,0,0,0,0,0,0,0,0,0,0,0,0,0,0,0,0,0,0,0,0,0,0,0,0,0,0,0,0,0,0,0,0,0,0,0,0,[0|0],360,0,0,0,[0|0],0,0,0,0,[0|0|0],1,1,0,0,0,0,0,51070400,0,0,0,[0|0|0|0|0|0|0|0|0|0|0|0|0|0|0|0]
59004200,,0,0,0,[0|0|0],0,0,0,0,0,0,0,0,1,0,0,0,-1,1,0,-1,-1,-1,-1,-1,-1,-1,-1,-1,-1,-1,-1,-1,-1,-1,-1,1,1,1,1,1,1,1,1,-1,0,0,0,0,0,100,100,0,0,100,100,100,100,0,0,0,100,100,100,100,0,-1,0,0,0,1,0,0,0,0,0,0,1,1,0,0,0,0,0,0,0,0,0,0,0,0,0,0,0,0,0,0,0,0,0,0,0,0,0,0,0,0,0,0,0,0,0,0,0,0,0,0,0,0,0,0,0,0,0,0,0,0,0,0,0,0,0,1,1,0,0,0,1,1,1,1,1,1,1,50,0,50,0,50,0,50,0,-1,1,0,1,100,0,0,0,0,0,0,0,0,0,0,0,0,0,0,0,0,0,0,0,0,0,0,0,0,0,0,0,0,0,0,0,0,0,0,0,-1,-1,0,0,0,0,0,0,0,0,0,0,0,0,0,0,0,0,0,0,0,0,0,0,0,0,0,0,0,0,0,0,0,0,0,0,0,0,0,0,0,0,0,0,0,0,0,0,0,0,0,0,0,0,0,0,0,0,0,0,0,0,0,0,0,0,0,0,0,0,0,0,0,0,0,0,0,0,0,0,0,0,0,0,0,0,0,0,0,0,0,0,0,0,0,0,0,0,0,-1,0,0,0,0,0,0,-1,0,0,0,0,-1,0,0,0,0,1,-1,0,-1,-1,-1,1,0,0,0,0,0,0,0,[0|0|0|0],0,0,0,[0|0|0|0|0|0|0|0|0|0|0|0|0|0|0|0|0|0|0|0|0|0|0|0|0|0|0|0|0|0|0|0|0|0|0|0],1,1,0,0,0,0,0,-1,0,0,0,-1,0,0,[0|0|0|0|0|0],0,0,0,0,0,0,0,0,0,0,0,0,0,0,0,1,0,0,0,0,0,0,0,0,0,0,0,0,0,0,0,0,0,0,0,0,0,0,0,0,0,0,0,0,0,0,0,0,0,0,0,0,[0|0],360,0,0,0,[0|0],0,0,0,0,[0|0|0],1,1,0,0,0,0,0,52070400,0,0,0,[0|0|0|0|0|0|0|0|0|0|0|0|0|0|0|0]
59004300,,0,0,0,[0|0|0],0,0,0,0,0,0,0,0,1,0,0,0,-1,1,0,-1,-1,-1,-1,-1,-1,-1,-1,-1,-1,-1,-1,-1,-1,-1,-1,1,1,1,1,1,1,1,1,-1,0,0,0,0,0,100,100,0,0,100,100,100,100,0,0,0,100,100,100,100,0,-1,0,0,0,1,0,0,0,0,0,0,1,1,0,0,0,0,0,0,0,0,0,0,0,0,0,0,0,0,0,0,0,0,0,0,0,0,0,0,0,0,0,0,0,0,0,0,0,0,0,0,0,0,0,0,0,0,0,0,0,0,0,0,0,0,0,1,1,0,0,0,1,1,1,1,1,1,1,50,0,50,0,50,0,50,0,-1,1,0,1,100,0,0,0,0,0,0,0,0,0,0,0,0,0,0,0,0,0,0,0,0,0,0,0,0,0,0,0,0,0,0,0,0,0,0,0,-1,-1,0,0,0,0,0,0,0,0,0,0,0,0,0,0,0,0,0,0,0,0,0,0,0,0,0,0,0,0,0,0,0,0,0,0,0,0,0,0,0,0,0,0,0,0,0,0,0,0,0,0,0,0,0,0,0,0,0,0,0,0,0,0,0,0,0,0,0,0,0,0,0,0,0,0,0,0,0,0,0,0,0,0,0,0,0,0,0,0,0,0,0,0,0,0,0,0,0,-1,0,0,0,0,0,0,-1,0,0,0,0,-1,0,0,0,0,1,-1,0,-1,-1,-1,1,0,0,0,0,0,0,0,[0|0|0|0],0,0,0,[0|0|0|0|0|0|0|0|0|0|0|0|0|0|0|0|0|0|0|0|0|0|0|0|0|0|0|0|0|0|0|0|0|0|0|0],1,1,0,0,0,0,0,-1,0,0,0,-1,0,0,[0|0|0|0|0|0],0,0,0,0,0,0,0,0,0,0,0,0,0,0,0,1,0,0,0,0,0,0,0,0,0,0,0,0,0,0,0,0,0,0,0,0,0,0,0,0,0,0,0,0,0,0,0,0,0,0,0,0,[0|0],360,0,0,0,[0|0],0,0,0,0,[0|0|0],1,1,0,0,0,0,0,53170400,0,0,0,[0|0|0|0|0|0|0|0|0|0|0|0|0|0|0|0]
59005000,,0,0,0,[0|0|0],0,0,0,0,0,0,0,0,1,0,0,0,-1,1,0,-1,-1,-1,-1,-1,-1,-1,-1,-1,-1,-1,-1,-1,-1,-1,-1,1,1,1,1,1,1,1,1,-1,0,0,0,0,0,100,100,0,0,100,100,100,100,0,0,0,100,100,100,100,0,-1,0,0,0,1,0,0,0,0,0,0,1,1,0,0,0,0,0,0,0,0,0,0,0,0,0,0,0,0,0,0,0,0,0,0,0,0,0,0,0,0,0,0,0,0,0,0,0,0,0,0,0,0,0,0,0,0,0,0,0,0,0,0,0,0,0,1,1,0,0,0,1,1,1,1,1,1,1,50,0,50,0,50,0,50,0,-1,1,0,1,100,0,0,0,0,0,0,0,0,0,0,0,0,0,0,0,0,0,0,0,0,0,0,0,0,0,0,0,0,0,0,0,0,0,0,0,-1,-1,0,0,0,0,0,0,0,0,0,0,0,0,0,0,0,0,0,0,0,0,0,0,0,0,0,0,0,0,0,0,0,0,0,0,0,0,0,0,0,0,0,0,0,0,0,0,0,0,0,0,0,0,0,0,0,0,0,0,0,0,0,0,0,0,0,0,0,0,0,0,0,0,0,0,0,0,0,0,0,0,0,0,0,0,0,0,0,0,0,0,0,0,0,0,0,0,0,-1,0,0,0,0,0,0,-1,0,0,0,0,-1,0,0,0,0,1,-1,0,-1,-1,-1,1,0,0,0,0,0,0,0,[0|0|0|0],0,0,0,[0|0|0|0|0|0|0|0|0|0|0|0|0|0|0|0|0|0|0|0|0|0|0|0|0|0|0|0|0|0|0|0|0|0|0|0],1,1,0,0,0,0,0,-1,0,0,0,-1,0,0,[0|0|0|0|0|0],0,0,0,0,0,0,0,0,0,0,0,0,0,0,0,1,0,0,0,0,0,0,0,0,0,0,0,0,0,0,0,0,0,0,0,0,0,0,0,0,0,0,0,0,0,0,0,0,0,0,0,0,[0|0],360,0,0,0,[0|0],0,0,0,0,[0|0|0],1,1,0,0,0,0,0,50000000,0,0,0,[0|0|0|0|0|0|0|0|0|0|0|0|0|0|0|0]
59005100,,0,0,0,[0|0|0],0,0,0,0,0,0,0,0,1,0,0,0,-1,1,0,-1,-1,-1,-1,-1,-1,-1,-1,-1,-1,-1,-1,-1,-1,-1,-1,1,1,1,1,1,1,1,1,-1,0,0,0,0,0,100,100,0,0,100,100,100,100,0,0,0,100,100,100,100,0,-1,0,0,0,1,0,0,0,0,0,0,1,1,0,0,0,0,0,0,0,0,0,0,0,0,0,0,0,0,0,0,0,0,0,0,0,0,0,0,0,0,0,0,0,0,0,0,0,0,0,0,0,0,0,0,0,0,0,0,0,0,0,0,0,0,0,1,1,0,0,0,1,1,1,1,1,1,1,50,0,50,0,50,0,50,0,-1,1,0,1,100,0,0,0,0,0,0,0,0,0,0,0,0,0,0,0,0,0,0,0,0,0,0,0,0,0,0,0,0,0,0,0,0,0,0,0,-1,-1,0,0,0,0,0,0,0,0,0,0,0,0,0,0,0,0,0,0,0,0,0,0,0,0,0,0,0,0,0,0,0,0,0,0,0,0,0,0,0,0,0,0,0,0,0,0,0,0,0,0,0,0,0,0,0,0,0,0,0,0,0,0,0,0,0,0,0,0,0,0,0,0,0,0,0,0,0,0,0,0,0,0,0,0,0,0,0,0,0,0,0,0,0,0,0,0,0,-1,0,0,0,0,0,0,-1,0,0,0,0,-1,0,0,0,0,1,-1,0,-1,-1,-1,1,0,0,0,0,0,0,0,[0|0|0|0],0,0,0,[0|0|0|0|0|0|0|0|0|0|0|0|0|0|0|0|0|0|0|0|0|0|0|0|0|0|0|0|0|0|0|0|0|0|0|0],1,1,0,0,0,0,0,-1,0,0,0,-1,0,0,[0|0|0|0|0|0],0,0,0,0,0,0,0,0,0,0,0,0,0,0,0,1,0,0,0,0,0,0,0,0,0,0,0,0,0,0,0,0,0,0,0,0,0,0,0,0,0,0,0,0,0,0,0,0,0,0,0,0,[0|0],360,0,0,0,[0|0],0,0,0,0,[0|0|0],1,1,0,0,0,0,0,51000000,0,0,0,[0|0|0|0|0|0|0|0|0|0|0|0|0|0|0|0]
59005200,,0,0,0,[0|0|0],0,0,0,0,0,0,0,0,1,0,0,0,-1,1,0,-1,-1,-1,-1,-1,-1,-1,-1,-1,-1,-1,-1,-1,-1,-1,-1,1,1,1,1,1,1,1,1,-1,0,0,0,0,0,100,100,0,0,100,100,100,100,0,0,0,100,100,100,100,0,-1,0,0,0,1,0,0,0,0,0,0,1,1,0,0,0,0,0,0,0,0,0,0,0,0,0,0,0,0,0,0,0,0,0,0,0,0,0,0,0,0,0,0,0,0,0,0,0,0,0,0,0,0,0,0,0,0,0,0,0,0,0,0,0,0,0,1,1,0,0,0,1,1,1,1,1,1,1,50,0,50,0,50,0,50,0,-1,1,0,1,100,0,0,0,0,0,0,0,0,0,0,0,0,0,0,0,0,0,0,0,0,0,0,0,0,0,0,0,0,0,0,0,0,0,0,0,-1,-1,0,0,0,0,0,0,0,0,0,0,0,0,0,0,0,0,0,0,0,0,0,0,0,0,0,0,0,0,0,0,0,0,0,0,0,0,0,0,0,0,0,0,0,0,0,0,0,0,0,0,0,0,0,0,0,0,0,0,0,0,0,0,0,0,0,0,0,0,0,0,0,0,0,0,0,0,0,0,0,0,0,0,0,0,0,0,0,0,0,0,0,0,0,0,0,0,0,-1,0,0,0,0,0,0,-1,0,0,0,0,-1,0,0,0,0,1,-1,0,-1,-1,-1,1,0,0,0,0,0,0,0,[0|0|0|0],0,0,0,[0|0|0|0|0|0|0|0|0|0|0|0|0|0|0|0|0|0|0|0|0|0|0|0|0|0|0|0|0|0|0|0|0|0|0|0],1,1,0,0,0,0,0,-1,0,0,0,-1,0,0,[0|0|0|0|0|0],0,0,0,0,0,0,0,0,0,0,0,0,0,0,0,1,0,0,0,0,0,0,0,0,0,0,0,0,0,0,0,0,0,0,0,0,0,0,0,0,0,0,0,0,0,0,0,0,0,0,0,0,[0|0],360,0,0,0,[0|0],0,0,0,0,[0|0|0],1,1,0,0,0,0,0,52000000,0,0,0,[0|0|0|0|0|0|0|0|0|0|0|0|0|0|0|0]
59005300,,0,0,0,[0|0|0],0,0,0,0,0,0,0,0,1,0,0,0,-1,1,0,-1,-1,-1,-1,-1,-1,-1,-1,-1,-1,-1,-1,-1,-1,-1,-1,1,1,1,1,1,1,1,1,-1,0,0,0,0,0,100,100,0,0,100,100,100,100,0,0,0,100,100,100,100,0,-1,0,0,0,1,0,0,0,0,0,0,1,1,0,0,0,0,0,0,0,0,0,0,0,0,0,0,0,0,0,0,0,0,0,0,0,0,0,0,0,0,0,0,0,0,0,0,0,0,0,0,0,0,0,0,0,0,0,0,0,0,0,0,0,0,0,1,1,0,0,0,1,1,1,1,1,1,1,50,0,50,0,50,0,50,0,-1,1,0,1,100,0,0,0,0,0,0,0,0,0,0,0,0,0,0,0,0,0,0,0,0,0,0,0,0,0,0,0,0,0,0,0,0,0,0,0,-1,-1,0,0,0,0,0,0,0,0,0,0,0,0,0,0,0,0,0,0,0,0,0,0,0,0,0,0,0,0,0,0,0,0,0,0,0,0,0,0,0,0,0,0,0,0,0,0,0,0,0,0,0,0,0,0,0,0,0,0,0,0,0,0,0,0,0,0,0,0,0,0,0,0,0,0,0,0,0,0,0,0,0,0,0,0,0,0,0,0,0,0,0,0,0,0,0,0,0,-1,0,0,0,0,0,0,-1,0,0,0,0,-1,0,0,0,0,1,-1,0,-1,-1,-1,1,0,0,0,0,0,0,0,[0|0|0|0],0,0,0,[0|0|0|0|0|0|0|0|0|0|0|0|0|0|0|0|0|0|0|0|0|0|0|0|0|0|0|0|0|0|0|0|0|0|0|0],1,1,0,0,0,0,0,-1,0,0,0,-1,0,0,[0|0|0|0|0|0],0,0,0,0,0,0,0,0,0,0,0,0,0,0,0,1,0,0,0,0,0,0,0,0,0,0,0,0,0,0,0,0,0,0,0,0,0,0,0,0,0,0,0,0,0,0,0,0,0,0,0,0,[0|0],360,0,0,0,[0|0],0,0,0,0,[0|0|0],1,1,0,0,0,0,0,53200000,0,0,0,[0|0|0|0|0|0|0|0|0|0|0|0|0|0|0|0]
59006000,,0,0,0,[0|0|0],0,0,0,0,0,0,0,0,1,0,0,0,-1,1,0,-1,-1,-1,-1,-1,-1,-1,-1,-1,-1,-1,-1,-1,-1,-1,-1,1,1,1,1,1,1,1,1,-1,0,0,0,0,0,100,100,0,0,100,100,100,100,0,0,0,100,100,100,100,0,-1,0,0,0,1,0,0,0,0,0,0,1,1,0,0,0,0,0,0,0,0,0,0,0,0,0,0,0,0,0,0,0,0,0,0,0,0,0,0,0,0,0,0,0,0,0,0,0,0,0,0,0,0,0,0,0,0,0,0,0,0,0,0,0,0,0,1,1,0,0,0,1,1,1,1,1,1,1,50,0,50,0,50,0,50,0,-1,1,0,1,100,0,0,0,0,0,0,0,0,0,0,0,0,0,0,0,0,0,0,0,0,0,0,0,0,0,0,0,0,0,0,0,0,0,0,0,-1,-1,0,0,0,0,0,0,0,0,0,0,0,0,0,0,0,0,0,0,0,0,0,0,0,0,0,0,0,0,0,0,0,0,0,0,0,0,0,0,0,0,0,0,0,0,0,0,0,0,0,0,0,0,0,0,0,0,0,0,0,0,0,0,0,0,0,0,0,0,0,0,0,0,0,0,0,0,0,0,0,0,0,0,0,0,0,0,0,0,0,0,0,0,0,0,0,0,0,-1,0,0,0,0,0,0,-1,0,0,0,0,-1,0,0,0,0,1,-1,0,-1,-1,-1,1,0,0,0,0,0,0,0,[0|0|0|0],0,0,0,[0|0|0|0|0|0|0|0|0|0|0|0|0|0|0|0|0|0|0|0|0|0|0|0|0|0|0|0|0|0|0|0|0|0|0|0],1,1,0,0,0,0,0,-1,0,0,0,-1,0,0,[0|0|0|0|0|0],0,0,0,0,0,0,0,0,0,0,0,0,0,0,0,1,0,0,0,0,0,0,0,0,0,0,0,0,0,0,0,0,0,0,0,0,0,0,0,0,0,0,0,0,0,0,0,0,0,0,0,0,[0|0],360,0,0,0,[0|0],0,0,0,0,[0|0|0],1,1,0,0,0,0,0,50010000,0,0,0,[0|0|0|0|0|0|0|0|0|0|0|0|0|0|0|0]
59006100,,0,0,0,[0|0|0],0,0,0,0,0,0,0,0,1,0,0,0,-1,1,0,-1,-1,-1,-1,-1,-1,-1,-1,-1,-1,-1,-1,-1,-1,-1,-1,1,1,1,1,1,1,1,1,-1,0,0,0,0,0,100,100,0,0,100,100,100,100,0,0,0,100,100,100,100,0,-1,0,0,0,1,0,0,0,0,0,0,1,1,0,0,0,0,0,0,0,0,0,0,0,0,0,0,0,0,0,0,0,0,0,0,0,0,0,0,0,0,0,0,0,0,0,0,0,0,0,0,0,0,0,0,0,0,0,0,0,0,0,0,0,0,0,1,1,0,0,0,1,1,1,1,1,1,1,50,0,50,0,50,0,50,0,-1,1,0,1,100,0,0,0,0,0,0,0,0,0,0,0,0,0,0,0,0,0,0,0,0,0,0,0,0,0,0,0,0,0,0,0,0,0,0,0,-1,-1,0,0,0,0,0,0,0,0,0,0,0,0,0,0,0,0,0,0,0,0,0,0,0,0,0,0,0,0,0,0,0,0,0,0,0,0,0,0,0,0,0,0,0,0,0,0,0,0,0,0,0,0,0,0,0,0,0,0,0,0,0,0,0,0,0,0,0,0,0,0,0,0,0,0,0,0,0,0,0,0,0,0,0,0,0,0,0,0,0,0,0,0,0,0,0,0,0,-1,0,0,0,0,0,0,-1,0,0,0,0,-1,0,0,0,0,1,-1,0,-1,-1,-1,1,0,0,0,0,0,0,0,[0|0|0|0],0,0,0,[0|0|0|0|0|0|0|0|0|0|0|0|0|0|0|0|0|0|0|0|0|0|0|0|0|0|0|0|0|0|0|0|0|0|0|0],1,1,0,0,0,0,0,-1,0,0,0,-1,0,0,[0|0|0|0|0|0],0,0,0,0,0,0,0,0,0,0,0,0,0,0,0,1,0,0,0,0,0,0,0,0,0,0,0,0,0,0,0,0,0,0,0,0,0,0,0,0,0,0,0,0,0,0,0,0,0,0,0,0,[0|0],360,0,0,0,[0|0],0,0,0,0,[0|0|0],1,1,0,0,0,0,0,51010000,0,0,0,[0|0|0|0|0|0|0|0|0|0|0|0|0|0|0|0]
59006200,,0,0,0,[0|0|0],0,0,0,0,0,0,0,0,1,0,0,0,-1,1,0,-1,-1,-1,-1,-1,-1,-1,-1,-1,-1,-1,-1,-1,-1,-1,-1,1,1,1,1,1,1,1,1,-1,0,0,0,0,0,100,100,0,0,100,100,100,100,0,0,0,100,100,100,100,0,-1,0,0,0,1,0,0,0,0,0,0,1,1,0,0,0,0,0,0,0,0,0,0,0,0,0,0,0,0,0,0,0,0,0,0,0,0,0,0,0,0,0,0,0,0,0,0,0,0,0,0,0,0,0,0,0,0,0,0,0,0,0,0,0,0,0,1,1,0,0,0,1,1,1,1,1,1,1,50,0,50,0,50,0,50,0,-1,1,0,1,100,0,0,0,0,0,0,0,0,0,0,0,0,0,0,0,0,0,0,0,0,0,0,0,0,0,0,0,0,0,0,0,0,0,0,0,-1,-1,0,0,0,0,0,0,0,0,0,0,0,0,0,0,0,0,0,0,0,0,0,0,0,0,0,0,0,0,0,0,0,0,0,0,0,0,0,0,0,0,0,0,0,0,0,0,0,0,0,0,0,0,0,0,0,0,0,0,0,0,0,0,0,0,0,0,0,0,0,0,0,0,0,0,0,0,0,0,0,0,0,0,0,0,0,0,0,0,0,0,0,0,0,0,0,0,0,-1,0,0,0,0,0,0,-1,0,0,0,0,-1,0,0,0,0,1,-1,0,-1,-1,-1,1,0,0,0,0,0,0,0,[0|0|0|0],0,0,0,[0|0|0|0|0|0|0|0|0|0|0|0|0|0|0|0|0|0|0|0|0|0|0|0|0|0|0|0|0|0|0|0|0|0|0|0],1,1,0,0,0,0,0,-1,0,0,0,-1,0,0,[0|0|0|0|0|0],0,0,0,0,0,0,0,0,0,0,0,0,0,0,0,1,0,0,0,0,0,0,0,0,0,0,0,0,0,0,0,0,0,0,0,0,0,0,0,0,0,0,0,0,0,0,0,0,0,0,0,0,[0|0],360,0,0,0,[0|0],0,0,0,0,[0|0|0],1,1,0,0,0,0,0,52010000,0,0,0,[0|0|0|0|0|0|0|0|0|0|0|0|0|0|0|0]
59006300,,0,0,0,[0|0|0],0,0,0,0,0,0,0,0,1,0,0,0,-1,1,0,-1,-1,-1,-1,-1,-1,-1,-1,-1,-1,-1,-1,-1,-1,-1,-1,1,1,1,1,1,1,1,1,-1,0,0,0,0,0,100,100,0,0,100,100,100,100,0,0,0,100,100,100,100,0,-1,0,0,0,1,0,0,0,0,0,0,1,1,0,0,0,0,0,0,0,0,0,0,0,0,0,0,0,0,0,0,0,0,0,0,0,0,0,0,0,0,0,0,0,0,0,0,0,0,0,0,0,0,0,0,0,0,0,0,0,0,0,0,0,0,0,1,1,0,0,0,1,1,1,1,1,1,1,50,0,50,0,50,0,50,0,-1,1,0,1,100,0,0,0,0,0,0,0,0,0,0,0,0,0,0,0,0,0,0,0,0,0,0,0,0,0,0,0,0,0,0,0,0,0,0,0,-1,-1,0,0,0,0,0,0,0,0,0,0,0,0,0,0,0,0,0,0,0,0,0,0,0,0,0,0,0,0,0,0,0,0,0,0,0,0,0,0,0,0,0,0,0,0,0,0,0,0,0,0,0,0,0,0,0,0,0,0,0,0,0,0,0,0,0,0,0,0,0,0,0,0,0,0,0,0,0,0,0,0,0,0,0,0,0,0,0,0,0,0,0,0,0,0,0,0,0,-1,0,0,0,0,0,0,-1,0,0,0,0,-1,0,0,0,0,1,-1,0,-1,-1,-1,1,0,0,0,0,0,0,0,[0|0|0|0],0,0,0,[0|0|0|0|0|0|0|0|0|0|0|0|0|0|0|0|0|0|0|0|0|0|0|0|0|0|0|0|0|0|0|0|0|0|0|0],1,1,0,0,0,0,0,-1,0,0,0,-1,0,0,[0|0|0|0|0|0],0,0,0,0,0,0,0,0,0,0,0,0,0,0,0,1,0,0,0,0,0,0,0,0,0,0,0,0,0,0,0,0,0,0,0,0,0,0,0,0,0,0,0,0,0,0,0,0,0,0,0,0,[0|0],360,0,0,0,[0|0],0,0,0,0,[0|0|0],1,1,0,0,0,0,0,53300000,0,0,0,[0|0|0|0|0|0|0|0|0|0|0|0|0|0|0|0]
59007000,,0,0,0,[0|0|0],0,0,0,0,0,0,0,0,1,0,0,0,-1,1,0,-1,-1,-1,-1,-1,-1,-1,-1,-1,-1,-1,-1,-1,-1,-1,-1,1,1,1,1,1,1,1,1,-1,0,0,0,0,0,100,100,0,0,100,100,100,100,0,0,0,100,100,100,100,0,-1,0,0,0,1,0,0,0,0,0,0,1,1,0,0,0,0,0,0,0,0,0,0,0,0,0,0,0,0,0,0,0,0,0,0,0,0,0,0,0,0,0,0,0,0,0,0,0,0,0,0,0,0,0,0,0,0,0,0,0,0,0,0,0,0,0,1,1,0,0,0,1,1,1,1,1,1,1,50,0,50,0,50,0,50,0,-1,1,0,1,100,0,0,0,0,0,0,0,0,0,0,0,0,0,0,0,0,0,0,0,0,0,0,0,0,0,0,0,0,0,0,0,0,0,0,0,-1,-1,0,0,0,0,0,0,0,0,0,0,0,0,0,0,0,0,0,0,0,0,0,0,0,0,0,0,0,0,0,0,0,0,0,0,0,0,0,0,0,0,0,0,0,0,0,0,0,0,0,0,0,0,0,0,0,0,0,0,0,0,0,0,0,0,0,0,0,0,0,0,0,0,0,0,0,0,0,0,0,0,0,0,0,0,0,0,0,0,0,0,0,0,0,0,0,0,0,-1,0,0,0,0,0,0,-1,0,0,0,0,-1,0,0,0,0,1,-1,0,-1,-1,-1,1,0,0,0,0,0,0,0,[0|0|0|0],0,0,0,[0|0|0|0|0|0|0|0|0|0|0|0|0|0|0|0|0|0|0|0|0|0|0|0|0|0|0|0|0|0|0|0|0|0|0|0],1,1,0,0,0,0,0,-1,0,0,0,-1,0,0,[0|0|0|0|0|0],0,0,0,0,0,0,0,0,0,0,0,0,0,0,0,1,0,0,0,0,0,0,0,0,0,0,0,0,0,0,0,0,0,0,0,0,0,0,0,0,0,0,0,0,0,0,0,0,0,0,0,0,[0|0],360,0,0,0,[0|0],0,0,0,0,[0|0|0],1,1,0,0,0,0,0,50070400,0,0,0,[0|0|0|0|0|0|0|0|0|0|0|0|0|0|0|0]
59007100,,0,0,0,[0|0|0],0,0,0,0,0,0,0,0,1,0,0,0,-1,1,0,-1,-1,-1,-1,-1,-1,-1,-1,-1,-1,-1,-1,-1,-1,-1,-1,1,1,1,1,1,1,1,1,-1,0,0,0,0,0,100,100,0,0,100,100,100,100,0,0,0,100,100,100,100,0,-1,0,0,0,1,0,0,0,0,0,0,1,1,0,0,0,0,0,0,0,0,0,0,0,0,0,0,0,0,0,0,0,0,0,0,0,0,0,0,0,0,0,0,0,0,0,0,0,0,0,0,0,0,0,0,0,0,0,0,0,0,0,0,0,0,0,1,1,0,0,0,1,1,1,1,1,1,1,50,0,50,0,50,0,50,0,-1,1,0,1,100,0,0,0,0,0,0,0,0,0,0,0,0,0,0,0,0,0,0,0,0,0,0,0,0,0,0,0,0,0,0,0,0,0,0,0,-1,-1,0,0,0,0,0,0,0,0,0,0,0,0,0,0,0,0,0,0,0,0,0,0,0,0,0,0,0,0,0,0,0,0,0,0,0,0,0,0,0,0,0,0,0,0,0,0,0,0,0,0,0,0,0,0,0,0,0,0,0,0,0,0,0,0,0,0,0,0,0,0,0,0,0,0,0,0,0,0,0,0,0,0,0,0,0,0,0,0,0,0,0,0,0,0,0,0,0,-1,0,0,0,0,0,0,-1,0,0,0,0,-1,0,0,0,0,1,-1,0,-1,-1,-1,1,0,0,0,0,0,0,0,[0|0|0|0],0,0,0,[0|0|0|0|0|0|0|0|0|0|0|0|0|0|0|0|0|0|0|0|0|0|0|0|0|0|0|0|0|0|0|0|0|0|0|0],1,1,0,0,0,0,0,-1,0,0,0,-1,0,0,[0|0|0|0|0|0],0,0,0,0,0,0,0,0,0,0,0,0,0,0,0,1,0,0,0,0,0,0,0,0,0,0,0,0,0,0,0,0,0,0,0,0,0,0,0,0,0,0,0,0,0,0,0,0,0,0,0,0,[0|0],360,0,0,0,[0|0],0,0,0,0,[0|0|0],1,1,0,0,0,0,0,51070400,0,0,0,[0|0|0|0|0|0|0|0|0|0|0|0|0|0|0|0]
59007200,,0,0,0,[0|0|0],0,0,0,0,0,0,0,0,1,0,0,0,-1,1,0,-1,-1,-1,-1,-1,-1,-1,-1,-1,-1,-1,-1,-1,-1,-1,-1,1,1,1,1,1,1,1,1,-1,0,0,0,0,0,100,100,0,0,100,100,100,100,0,0,0,100,100,100,100,0,-1,0,0,0,1,0,0,0,0,0,0,1,1,0,0,0,0,0,0,0,0,0,0,0,0,0,0,0,0,0,0,0,0,0,0,0,0,0,0,0,0,0,0,0,0,0,0,0,0,0,0,0,0,0,0,0,0,0,0,0,0,0,0,0,0,0,1,1,0,0,0,1,1,1,1,1,1,1,50,0,50,0,50,0,50,0,-1,1,0,1,100,0,0,0,0,0,0,0,0,0,0,0,0,0,0,0,0,0,0,0,0,0,0,0,0,0,0,0,0,0,0,0,0,0,0,0,-1,-1,0,0,0,0,0,0,0,0,0,0,0,0,0,0,0,0,0,0,0,0,0,0,0,0,0,0,0,0,0,0,0,0,0,0,0,0,0,0,0,0,0,0,0,0,0,0,0,0,0,0,0,0,0,0,0,0,0,0,0,0,0,0,0,0,0,0,0,0,0,0,0,0,0,0,0,0,0,0,0,0,0,0,0,0,0,0,0,0,0,0,0,0,0,0,0,0,0,-1,0,0,0,0,0,0,-1,0,0,0,0,-1,0,0,0,0,1,-1,0,-1,-1,-1,1,0,0,0,0,0,0,0,[0|0|0|0],0,0,0,[0|0|0|0|0|0|0|0|0|0|0|0|0|0|0|0|0|0|0|0|0|0|0|0|0|0|0|0|0|0|0|0|0|0|0|0],1,1,0,0,0,0,0,-1,0,0,0,-1,0,0,[0|0|0|0|0|0],0,0,0,0,0,0,0,0,0,0,0,0,0,0,0,1,0,0,0,0,0,0,0,0,0,0,0,0,0,0,0,0,0,0,0,0,0,0,0,0,0,0,0,0,0,0,0,0,0,0,0,0,[0|0],360,0,0,0,[0|0],0,0,0,0,[0|0|0],1,1,0,0,0,0,0,52070400,0,0,0,[0|0|0|0|0|0|0|0|0|0|0|0|0|0|0|0]
59007300,,0,0,0,[0|0|0],0,0,0,0,0,0,0,0,1,0,0,0,-1,1,0,-1,-1,-1,-1,-1,-1,-1,-1,-1,-1,-1,-1,-1,-1,-1,-1,1,1,1,1,1,1,1,1,-1,0,0,0,0,0,100,100,0,0,100,100,100,100,0,0,0,100,100,100,100,0,-1,0,0,0,1,0,0,0,0,0,0,1,1,0,0,0,0,0,0,0,0,0,0,0,0,0,0,0,0,0,0,0,0,0,0,0,0,0,0,0,0,0,0,0,0,0,0,0,0,0,0,0,0,0,0,0,0,0,0,0,0,0,0,0,0,0,1,1,0,0,0,1,1,1,1,1,1,1,50,0,50,0,50,0,50,0,-1,1,0,1,100,0,0,0,0,0,0,0,0,0,0,0,0,0,0,0,0,0,0,0,0,0,0,0,0,0,0,0,0,0,0,0,0,0,0,0,-1,-1,0,0,0,0,0,0,0,0,0,0,0,0,0,0,0,0,0,0,0,0,0,0,0,0,0,0,0,0,0,0,0,0,0,0,0,0,0,0,0,0,0,0,0,0,0,0,0,0,0,0,0,0,0,0,0,0,0,0,0,0,0,0,0,0,0,0,0,0,0,0,0,0,0,0,0,0,0,0,0,0,0,0,0,0,0,0,0,0,0,0,0,0,0,0,0,0,0,-1,0,0,0,0,0,0,-1,0,0,0,0,-1,0,0,0,0,1,-1,0,-1,-1,-1,1,0,0,0,0,0,0,0,[0|0|0|0],0,0,0,[0|0|0|0|0|0|0|0|0|0|0|0|0|0|0|0|0|0|0|0|0|0|0|0|0|0|0|0|0|0|0|0|0|0|0|0],1,1,0,0,0,0,0,-1,0,0,0,-1,0,0,[0|0|0|0|0|0],0,0,0,0,0,0,0,0,0,0,0,0,0,0,0,1,0,0,0,0,0,0,0,0,0,0,0,0,0,0,0,0,0,0,0,0,0,0,0,0,0,0,0,0,0,0,0,0,0,0,0,0,[0|0],360,0,0,0,[0|0],0,0,0,0,[0|0|0],1,1,0,0,0,0,0,53070400,0,0,0,[0|0|0|0|0|0|0|0|0|0|0|0|0|0|0|0]
59008000,,0,0,0,[0|0|0],0,0,0,0,0,0,0,0,1,0,0,0,-1,1,0,-1,-1,-1,-1,-1,-1,-1,-1,-1,-1,-1,-1,-1,-1,-1,-1,1,1,1,1,1,1,1,1,-1,0,0,0,0,0,100,100,0,0,100,100,100,100,0,0,0,100,100,100,100,0,-1,0,0,0,1,0,0,0,0,0,0,1,1,0,0,0,0,0,0,0,0,0,0,0,0,0,0,0,0,0,0,0,0,0,0,0,0,0,0,0,0,0,0,0,0,0,0,0,0,0,0,0,0,0,0,0,0,0,0,0,0,0,0,0,0,0,1,1,0,0,0,1,1,1,1,1,1,1,50,0,50,0,50,0,50,0,-1,1,0,1,100,0,0,0,0,0,0,0,0,0,0,0,0,0,0,0,0,0,0,0,0,0,0,0,0,0,0,0,0,0,0,0,0,0,0,0,-1,-1,0,0,0,0,0,0,0,0,0,0,0,0,0,0,0,0,0,0,0,0,0,0,0,0,0,0,0,0,0,0,0,0,0,0,0,0,0,0,0,0,0,0,0,0,0,0,0,0,0,0,0,0,0,0,0,0,0,0,0,0,0,0,0,0,0,0,0,0,0,0,0,0,0,0,0,0,0,0,0,0,0,0,0,0,0,0,0,0,0,0,0,0,0,0,0,0,0,-1,0,0,0,0,0,0,-1,0,0,0,0,-1,0,0,0,0,1,-1,0,-1,-1,-1,1,0,0,0,0,0,0,0,[0|0|0|0],0,0,0,[0|0|0|0|0|0|0|0|0|0|0|0|0|0|0|0|0|0|0|0|0|0|0|0|0|0|0|0|0|0|0|0|0|0|0|0],1,1,0,0,0,0,0,-1,0,0,0,-1,0,0,[0|0|0|0|0|0],0,0,0,0,0,0,0,0,0,0,0,0,0,0,0,1,0,0,0,0,0,0,0,0,0,0,0,0,0,0,0,0,0,0,0,0,0,0,0,0,0,0,0,0,0,0,0,0,0,0,0,0,[0|0],360,0,0,0,[0|0],0,0,0,0,[0|0|0],1,1,0,0,0,0,0,50900000,0,0,0,[0|0|0|0|0|0|0|0|0|0|0|0|0|0|0|0]
59008100,,0,0,0,[0|0|0],0,0,0,0,0,0,0,0,1,0,0,0,-1,1,0,-1,-1,-1,-1,-1,-1,-1,-1,-1,-1,-1,-1,-1,-1,-1,-1,1,1,1,1,1,1,1,1,-1,0,0,0,0,0,100,100,0,0,100,100,100,100,0,0,0,100,100,100,100,0,-1,0,0,0,1,0,0,0,0,0,0,1,1,0,0,0,0,0,0,0,0,0,0,0,0,0,0,0,0,0,0,0,0,0,0,0,0,0,0,0,0,0,0,0,0,0,0,0,0,0,0,0,0,0,0,0,0,0,0,0,0,0,0,0,0,0,1,1,0,0,0,1,1,1,1,1,1,1,50,0,50,0,50,0,50,0,-1,1,0,1,100,0,0,0,0,0,0,0,0,0,0,0,0,0,0,0,0,0,0,0,0,0,0,0,0,0,0,0,0,0,0,0,0,0,0,0,-1,-1,0,0,0,0,0,0,0,0,0,0,0,0,0,0,0,0,0,0,0,0,0,0,0,0,0,0,0,0,0,0,0,0,0,0,0,0,0,0,0,0,0,0,0,0,0,0,0,0,0,0,0,0,0,0,0,0,0,0,0,0,0,0,0,0,0,0,0,0,0,0,0,0,0,0,0,0,0,0,0,0,0,0,0,0,0,0,0,0,0,0,0,0,0,0,0,0,0,-1,0,0,0,0,0,0,-1,0,0,0,0,-1,0,0,0,0,1,-1,0,-1,-1,-1,1,0,0,0,0,0,0,0,[0|0|0|0],0,0,0,[0|0|0|0|0|0|0|0|0|0|0|0|0|0|0|0|0|0|0|0|0|0|0|0|0|0|0|0|0|0|0|0|0|0|0|0],1,1,0,0,0,0,0,-1,0,0,0,-1,0,0,[0|0|0|0|0|0],0,0,0,0,0,0,0,0,0,0,0,0,0,0,0,1,0,0,0,0,0,0,0,0,0,0,0,0,0,0,0,0,0,0,0,0,0,0,0,0,0,0,0,0,0,0,0,0,0,0,0,0,[0|0],360,0,0,0,[0|0],0,0,0,0,[0|0|0],1,1,0,0,0,0,0,51900000,0,0,0,[0|0|0|0|0|0|0|0|0|0|0|0|0|0|0|0]
59008200,,0,0,0,[0|0|0],0,0,0,0,0,0,0,0,1,0,0,0,-1,1,0,-1,-1,-1,-1,-1,-1,-1,-1,-1,-1,-1,-1,-1,-1,-1,-1,1,1,1,1,1,1,1,1,-1,0,0,0,0,0,100,100,0,0,100,100,100,100,0,0,0,100,100,100,100,0,-1,0,0,0,1,0,0,0,0,0,0,1,1,0,0,0,0,0,0,0,0,0,0,0,0,0,0,0,0,0,0,0,0,0,0,0,0,0,0,0,0,0,0,0,0,0,0,0,0,0,0,0,0,0,0,0,0,0,0,0,0,0,0,0,0,0,1,1,0,0,0,1,1,1,1,1,1,1,50,0,50,0,50,0,50,0,-1,1,0,1,100,0,0,0,0,0,0,0,0,0,0,0,0,0,0,0,0,0,0,0,0,0,0,0,0,0,0,0,0,0,0,0,0,0,0,0,-1,-1,0,0,0,0,0,0,0,0,0,0,0,0,0,0,0,0,0,0,0,0,0,0,0,0,0,0,0,0,0,0,0,0,0,0,0,0,0,0,0,0,0,0,0,0,0,0,0,0,0,0,0,0,0,0,0,0,0,0,0,0,0,0,0,0,0,0,0,0,0,0,0,0,0,0,0,0,0,0,0,0,0,0,0,0,0,0,0,0,0,0,0,0,0,0,0,0,0,-1,0,0,0,0,0,0,-1,0,0,0,0,-1,0,0,0,0,1,-1,0,-1,-1,-1,1,0,0,0,0,0,0,0,[0|0|0|0],0,0,0,[0|0|0|0|0|0|0|0|0|0|0|0|0|0|0|0|0|0|0|0|0|0|0|0|0|0|0|0|0|0|0|0|0|0|0|0],1,1,0,0,0,0,0,-1,0,0,0,-1,0,0,[0|0|0|0|0|0],0,0,0,0,0,0,0,0,0,0,0,0,0,0,0,1,0,0,0,0,0,0,0,0,0,0,0,0,0,0,0,0,0,0,0,0,0,0,0,0,0,0,0,0,0,0,0,0,0,0,0,0,[0|0],360,0,0,0,[0|0],0,0,0,0,[0|0|0],1,1,0,0,0,0,0,52900000,0,0,0,[0|0|0|0|0|0|0|0|0|0|0|0|0|0|0|0]
59008300,,0,0,0,[0|0|0],0,0,0,0,0,0,0,0,1,0,0,0,-1,1,0,-1,-1,-1,-1,-1,-1,-1,-1,-1,-1,-1,-1,-1,-1,-1,-1,1,1,1,1,1,1,1,1,-1,0,0,0,0,0,100,100,0,0,100,100,100,100,0,0,0,100,100,100,100,0,-1,0,0,0,1,0,0,0,0,0,0,1,1,0,0,0,0,0,0,0,0,0,0,0,0,0,0,0,0,0,0,0,0,0,0,0,0,0,0,0,0,0,0,0,0,0,0,0,0,0,0,0,0,0,0,0,0,0,0,0,0,0,0,0,0,0,1,1,0,0,0,1,1,1,1,1,1,1,50,0,50,0,50,0,50,0,-1,1,0,1,100,0,0,0,0,0,0,0,0,0,0,0,0,0,0,0,0,0,0,0,0,0,0,0,0,0,0,0,0,0,0,0,0,0,0,0,-1,-1,0,0,0,0,0,0,0,0,0,0,0,0,0,0,0,0,0,0,0,0,0,0,0,0,0,0,0,0,0,0,0,0,0,0,0,0,0,0,0,0,0,0,0,0,0,0,0,0,0,0,0,0,0,0,0,0,0,0,0,0,0,0,0,0,0,0,0,0,0,0,0,0,0,0,0,0,0,0,0,0,0,0,0,0,0,0,0,0,0,0,0,0,0,0,0,0,0,-1,0,0,0,0,0,0,-1,0,0,0,0,-1,0,0,0,0,1,-1,0,-1,-1,-1,1,0,0,0,0,0,0,0,[0|0|0|0],0,0,0,[0|0|0|0|0|0|0|0|0|0|0|0|0|0|0|0|0|0|0|0|0|0|0|0|0|0|0|0|0|0|0|0|0|0|0|0],1,1,0,0,0,0,0,-1,0,0,0,-1,0,0,[0|0|0|0|0|0],0,0,0,0,0,0,0,0,0,0,0,0,0,0,0,1,0,0,0,0,0,0,0,0,0,0,0,0,0,0,0,0,0,0,0,0,0,0,0,0,0,0,0,0,0,0,0,0,0,0,0,0,[0|0],360,0,0,0,[0|0],0,0,0,0,[0|0|0],1,1,0,0,0,0,0,53900000,0,0,0,[0|0|0|0|0|0|0|0|0|0|0|0|0|0|0|0]
99900000,HEAD [NPC] - HC-2000 FINDER EYE (Damaged),0,0,0,[0|0|0],400923,950000,100700,100710,100720,36000,36000,36000,3000,999530010,-1,-1,40,1.5,-0.33,99900000,99900000,99900000,99900000,99900000,99900000,99900000,99900000,99900000,99900000,99900000,-1,-1,-1,-1,-1,1,1,1,1,1,1,1,1,-1,9400,1093,1169,0,0,100,100,25,0,0,0,0,0,0,0,0,100,100,100,310,0,-1,-1,1,0,5,0,0,0,1,0,0,1,1,0,0,0,1,0,0,0,0,0,0,0,0,0,0,0,0,0,0,0,0,0,0,0,0,0,0,0,0,0,0,0,0,0,0,0,0,0,0,0,0,0,0,0,0,0,0,0,0,0,0,0,0,0,1,1,0,0,0,1,1,1,1,1,1,1,103,100,103,100,0,0,0,0,-1,1,0,1,0,0,0,0,0,0,0,0,0,0,0,0,0,0,0,0,0,0,0,0,0,0,0,0,0,0,0,0,0,0,0,0,0,0,0,0,-1,36000,100,0,0,0,0,0,0,0,0,0,0,0,0,0,0,0,0,0,0,0,0,0,0,0,0,0,0,0,0,0,0,0,0,0,0,0,0,0,0,0,0,0,0,0,0,0,0,0,0,0,0,0,0,0,0,0,0,0,0,0,0,0,0,0,0,0,0,0,0,0,0,0,0,0,0,0,0,0,0,0,0,0,0,0,0,0,0,0,0,0,0,0,0,0,0,0,0,-1,0,79,660,30100,250,150,-1,0,0,0,0,0,0,0,0,0,1,80000000,-1,-1,-1,-1,1,0,0,259,0,0,0,0,[0|0|0|0],1,12,0,[0|0|0|0|0|0|0|0|0|0|0|0|0|0|0|0|0|0|0|0|0|0|0|0|0|0|0|0|0|0|0|0|0|0|0|0],1,1,0,0,0,0,0,-1,0,0,0,-1,0,0,[0|0|0|0|0|0],-0.6,-1,-0.95,0,0,-2,-2,0,0,0,0,0,0,0,0,0,0,0,0,0,97,0,0,0,0,0,0,0,0,0,0,0,0,1,0,0,0,0,0,0,0,0,0,0,0,0,0,0,0,0,0,0,[0|0],94,450,7,1,[0|0],0,0,0,0,[0|0|0],1,1,0,0,0,0,0.22,-1,0,0,0,[0|0|0|0|0|0|0|0|0|0|0|0|0|0|0|0]
99900100,CORE [NPC] - CC-2000 ORBITER (Damaged),0,0,0,[0|0|0],400923,951000,100700,100710,100720,46800,46800,46800,12650,-1,-1,-1,40,1,-0.33,99900100,99900100,99900100,99900100,99900100,99900100,99900100,99900100,99900100,99900100,99900100,-1,-1,-1,-1,-1,1,1,1,1,1,1,1,1,-1,9400,1094,1170,0,0,100,100,25,0,0,0,0,0,0,0,0,100,100,100,0,0,-1,-1,1,0,2,0,1,0,2,0,0,1,0,1,0,0,0,0,0,0,0,0,0,0,0,0,0,0,0,0,0,0,0,0,0,0,0,0,0,0,0,0,0,0,0,0,0,0,0,0,0,0,0,0,0,0,0,0,0,0,0,0,0,0,0,0,1,1,0,0,0,1,1,1,1,1,1,1,103,100,103,100,0,0,0,0,-1,1,0,1,0,0,0,0,0,0,0,0,0,0,0,0,0,0,0,0,0,0,0,0,0,0,0,0,0,0,0,0,0,0,0,0,0,0,0,0,-1,46800,100,0,0,0,0,0,0,0,0,0,0,0,0,0,0,0,0,0,0,0,0,0,0,0,0,0,0,0,0,0,0,0,0,0,0,0,0,0,0,0,0,0,0,0,0,0,0,0,0,0,0,0,0,0,0,0,0,0,0,0,0,0,0,0,0,0,0,0,0,0,0,0,0,0,0,0,0,0,0,0,0,0,0,0,0,0,0,0,0,0,0,0,0,0,0,0,0,-1,0,252,2780,30101,1850,1600,1000,2,1,1,0,0,0,0,0,37100,1,75101000,0,-1,-1,-1,1,0,0,378,0,0,0,0,[0|0|0|0],1,13,0,[0|0|0|0|0|0|0|0|0|0|0|0|0|0|0|0|0|0|0|0|0|0|0|0|0|0|0|0|0|0|0|0|0|0|0|0],1,1,0,0,0,0,0,-1,0,0,0,-1,0,0,[0|0|0|0|0|0],-2.4,-2.65,-1.55,0,0,0,0,0,0,0,0,0,0,0,0,0,0,0,0,0,0,0,0,338,0,0,0,0,0,0,0,0,0,1,0,0,0,0,0,0,0,0,0,0,0,0,0,0,0,0,0,86,[0|0],360,0,0,0,[0|0],0,0,0,0,[0|0|0],1,1,0,0,0,0.8,0.65,-1,92,96,93,[0|0|0|0|0|0|0|0|0|0|0|0|0|0|0|0]
99900200,ARMS [NPC] - AC-2000 TOOL ARM (Damaged),0,0,0,[0|0|0],400923,952000,100700,100710,100720,25200,25200,25200,12040,-1,-1,-1,40,1.1,-0.33,99900200,99900200,99900200,99900200,99900200,99900200,99900200,99900200,99900200,99900200,99900200,-1,-1,-1,-1,-1,1,1,1,1,1,1,1,1,-1,9400,1095,1171,0,0,100,100,25,0,0,0,0,0,0,0,0,100,100,100,0,0,-1,-1,1,0,1,0,2,0,3,0,0,1,0,0,1,0,0,0,0,0,0,0,0,0,0,0,0,0,0,0,0,0,0,0,0,0,0,0,0,0,0,0,0,0,0,0,0,0,0,0,0,0,0,0,0,0,0,0,0,0,0,0,0,0,0,0,1,1,0,0,0,1,1,1,1,1,1,1,103,100,103,100,0,0,0,0,-1,1,0,1,0,0,0,0,0,0,0,0,0,0,0,0,0,0,0,0,0,0,0,0,0,0,0,0,0,0,0,0,0,0,0,0,0,0,0,0,-1,25200,100,0,0,0,0,0,0,0,0,0,0,0,0,0,0,0,0,0,0,0,0,0,0,0,0,0,0,0,0,0,0,0,0,0,0,0,0,0,0,0,0,0,0,0,0,0,0,0,0,0,0,0,0,0,0,0,0,0,0,0,0,0,0,0,0,0,0,0,0,0,0,0,0,0,0,0,0,0,0,0,0,0,0,0,0,0,0,0,0,0,0,0,0,0,0,0,0,-1,0,198,1990,30102,800,650,-1,0,0,0,0,0,0,0,0,37200,1,-1,0,-1,-1,-1,1,0,85,157,0,85,0,0,[0|0|0|0],1,14,0,[0|0|0|0|0|0|0|0|0|0|0|0|0|0|0|0|0|0|0|0|0|0|0|0|0|0|0|0|0|0|0|0|0|0|0|0],1,1,0,8060,100,98,0,-1,0,0,0,-1,0,0,[0|0|0|0|0|0],-2.3,-2.4,-1.8,0,0,0,0,0,0,0,0,0,0,0,0,0,0,0,0,0,0,0,0,0,0,0,0,8000,80,98,108,88,0,1,0,0,0,0,0,0,0,0,0,0,0,0,0,0,0,0,0,0,[0|0],360,0,0,0,[0|0],1,0,0,0,[0|0|0],1,1,0,0,0,0.2,0,-1,0,0,0,[0|0|0|0|0|0|0|0|0|0|0|0|0|0|0|0]
99900300,LEGS [NPC] - 2C-2000 CRAWLER (Damaged),0,0,0,[0|0|0],400923,953000,100700,100710,100720,32400,32400,32400,16300,-1,-1,-1,40,1.1,-0.33,99900300,99900300,99900300,99900300,99900300,99900300,99900300,99900300,99900300,99900300,99900300,-1,-1,-1,-1,-1,1,1,1,1,1,1,1,1,-1,9400,1096,1172,0,0,100,100,45,0,0,0,0,0,0,0,0,100,100,100,0,0,-1,-1,1,0,6,0,3,0,4,0,1,1,0,0,0,1,0,0,0,0,0,0,0,0,0,0,0,0,0,0,0,0,0,0,0,0,0,0,0,0,0,0,0,0,0,0,0,0,0,0,0,0,0,0,0,0,0,0,0,0,0,0,0,0,0,0,1,1,0,0,0,1,1,1,1,1,1,1,103,100,103,100,0,0,0,0,1,1,0,1,0,0,0,0,0,0,0,0,0,0,0,0,0,0,0,0,0,0,0,0,0,0,0,0,0,0,0,0,0,0,0,0,0,0,0,0,-1,32400,100,0,0,0,0,0,0,0,0,0,0,0,0,0,0,0,0,0,0,0,0,0,0,0,0,0,0,0,0,0,0,0,0,0,0,0,0,0,0,0,0,0,0,0,0,0,0,0,0,0,0,0,0,0,0,0,0,0,0,0,0,0,0,0,0,0,0,0,0,0,0,0,0,0,0,0,0,0,0,0,0,0,0,0,0,0,0,0,0,0,0,0,0,0,0,0,0,0,0,229,3650,30200,1550,1400,-1,0,0,0,0,5,0,0,0,37300,1,-1,0,-1,-1,-1,1,90,0,618,0,0,0,0,[0|0|0|0],1,18,0,[0|0|0|0|0|0|0|0|0|0|0|0|0|0|0|0|0|0|0|0|0|0|0|0|0|0|0|0|0|0|0|0|0|0|0|0],1.04,1.08,0,0,0,0,53700,-1,0,10000000,30,-1,0,80,[0|0|0|0|0|0],-2.35,-2.25,-1,0,0,0,0,0,0,0,0,0,0,0.5,25,1,400,10,15,45,0,0,0,618,0,0,0,0,0,0,0,0,50300,1,40,90,25,0,0,0,0,0,0,0,0,0,0,0,0,0,0,0,[0|0],360,0,0,0,[0|0],0,0,0,0,[0|0|0],1,1,0,0,0,0,2.25,-1,0,0,0,[0|0|0|0|0|0|0|0|0|0|0|0|0|0|0|0]
