ID,Name,disableParam_NT,disableParam_Product,disableParamReserve1,disableParamReserve2,behaviorVariationId,sortId,wanderingEquipId,weight,weaponWeightRate,fixPrice,reinforcePrice,sellValue,correctStrength,correctAgility,correctMagic,correctFaith,physGuardCutRate,magGuardCutRate,fireGuardCutRate,thunGuardCutRate,spEffectBehaviorId0,spEffectBehaviorId1,spEffectBehaviorId2,residentSpEffectId,residentSpEffectId1,residentSpEffectId2,materialSetId,originEquipWep,originEquipWep1,originEquipWep2,originEquipWep3,originEquipWep4,originEquipWep5,originEquipWep6,originEquipWep7,originEquipWep8,originEquipWep9,originEquipWep10,originEquipWep11,originEquipWep12,originEquipWep13,originEquipWep14,originEquipWep15,weakA_DamageRate,weakB_DamageRate,weakC_DamageRate,weakD_DamageRate,vagrantItemLotId,vagrantBonusEneDropItemLotId,vagrantItemEneDropItemLotId,equipModelId,iconId,durability,durabilityMax,attackThrowEscape,parryDamageLife,attackBasePhysics,attackBaseMagic,attackBaseFire,attackBaseThunder,attackBaseStamina,saWeaponDamage,saDurability,horizontalGuardAngle,staminaGuardDef,reinforceTypeId,trophySGradeId,trophySeqId,throwAtkRate,bowDistRate,equipModelCategory,equipModelGender,weaponCategory,wepmotionCategory,guardmotionCategory,atkMaterial,defSeMaterial1,correctType_Physics,spAttribute,spAtkcategory,wepmotionOneHandId,wepmotionBothHandId,properStrength,properAgility,properMagic,properFaith,overStrength,attackBaseParry,defenseBaseParry,guardBaseRepel,attackBaseRepel,guardCutCancelRate,guardLevel,slashGuardCutRate,blowGuardCutRate,thrustGuardCutRate,burnGuardResist,stunGuardResist,highPlasmaGuardResist,curseGuardResist,isDurabilityDivergence,rightHandEquipable,leftHandEquipable,bothHandEquipable,rightBackEquipable,leftBackEquipable,enableGuard,enableParry,enableMagic,enableSorcery,enableMiracle,enableVowMagic,isNormalAttackType,isBlowAttackType,isSlashAttackType,isThrustAttackType,isEnhance,isHeroPointCorrect,isCustom,disableBaseChangeReset,disableRepair,isDarkHand,simpleModelForDlc,lanternWep,isVersusGhostWep,baseChangeCategory,isDragonSlayer,isDeposit,disableMultiDropShare,isDiscard,isDrop,isMissileLockNoRayCast,isPurgeEnable,extensionEquipable,pad1,defSfxMaterial1,wepCollidableType0,wepCollidableType1,wepCollidableType2,wepCollidableType3,traceSfxId0,traceDmyIdHead0,traceDmyIdTail0,traceSfxId1,traceDmyIdHead1,traceDmyIdTail1,traceSfxId2,traceDmyIdHead2,traceDmyIdTail2,traceSfxId3,traceDmyIdHead3,traceDmyIdTail3,traceSfxId4,traceDmyIdHead4,traceDmyIdTail4,traceSfxId5,traceDmyIdHead5,traceDmyIdTail5,traceSfxId6,traceDmyIdHead6,traceDmyIdTail6,traceSfxId7,traceDmyIdHead7,traceDmyIdTail7,defSfxMaterial2,defSeMaterial2,absorpParamId,toughnessCorrectRate,isValidTough_ProtSADmg,isDualBlade,isAutoEquip,isEnableEmergencyStep,invisibleOnRemo,guardBreakAtk_IgnoreProtect,pad4,correctType_Magic,correctType_Fire,correctType_Thunder,weakE_DamageRate,weakF_DamageRate,darkGuardCutRate,attackBaseDark,correctType_Dark,correctType_Burn,swordArtsId,correctType_HighPlasma,properLuck,pad5,autoReplenishType,swordArtsParamId,correctLuck,arrowBoltEquipId,DerivationLevelType,enchantSfxSize,wepTypeForText,physGuardCutRate_StaminaShort,magGuardCutRate_StaminaShort,fireGuardCutRate_StaminaShort,thunGuardCutRate_StaminaShort,darkGuardCutRate_StaminaShort,burnGuardResist_StaminaShort,stunGuardResist_StaminaShort,highPlasmaGuardResist_StaminaShort,curseGuardResist_StaminaShort,saGuardCutRate,saGuardCutRate_StaminaShort,staminaGuardCutRate,staminaGuardCutRate_StaminaShort,depletedUraniumToxicGuardResist_StaminaShort,depletedUraniumToxicGuardResist,shoulderEquipType,staminaMax,staminaRecoverPerSec,recoverStaminaDelayTimeSec,guardBreakSelfAtk_AtkId,breakThrowTypeId,stealthThrowTypeId,thrustersParamIDForPC,pad4_2,residentSfxId_1,residentSfxId_2,residentSfxId_3,residentSfxId_4,residentSfx_DmyId_1,residentSfx_DmyId_2,residentSfx_DmyId_3,residentSfx_DmyId_4,staminaConsumptionRate,vsPlayerDmgCorrectRate_Physics,vsPlayerDmgCorrectRate_Magic,vsPlayerDmgCorrectRate_Fire,vsPlayerDmgCorrectRate_Thunder,vsPlayerDmgCorrectRate_Dark,vsPlayerDmgCorrectRate_Burn,vsPlayerDmgCorrectRate_HighPlasma,vsPlayerDmgCorrectRate_DepletedUraniumToxic,attainmentWepStatusStr,attainmentWepStatusDex,attainmentWepStatusMag,attainmentWepStatusFai,attainmentWepStatusLuc,attackElementCorrectId,saleValue,reinforceShopCategory,maxArrowQuantity,residentSfx_1_IsVisibleForHang,residentSfx_2_IsVisibleForHang,residentSfx_3_IsVisibleForHang,residentSfx_4_IsVisibleForHang,isSoulParamIdChange_model0,isSoulParamIdChange_model1,isSoulParamIdChange_model2,isSoulParamIdChange_model3,wepSeIdOffset,baseChangePrice,levelSyncCorrectId,atkStateId,pad4_5,bulletNum,magazineReload_InactiveSpeedScale,vsPlayerImpactCorrectRate,pad4_4,connectPartsSlotIndex,isTaeShootTimingOnly,verticalGuardAngle,pad4_6,postureBothHandAnimeId,postureRightHandAnimeId,postureLeftHandAnimeId,changeWepParamId,lookAtParamId,pad4_7,sfxIdAtBreak_0,sfxIdAtBreak_1,sfxIdAtBreak_2,padding3,sfxIdAtBreak_DmypolyId_0,sfxIdAtBreak_DmypolyId_1,sfxIdAtBreak_DmypolyId_2,padding4,lookAtDirType,bulletShootDirType,behaviorJudgeId,pad9,totalBulletNum,shieldParamId,lockRange,meleeAbility,lockSightHeightScale,lockSightWidthScale,lockTimeSec,bladeHomingParamId,assembleMenuCategory,weaponPoseTypeR,weaponPoseTypeL,equipPanelIconID,consumeEN,categoryNameTextID,pairEquipWep,operationPartsId,bulletCost,depletedUraniumToxicPaGuardResistRate,weaponAttachObjId,pad10,triggerActionType_00,triggerActionType_01,triggerActionType_02,triggerActionType_03,triggerActionType_04,triggerActionType_05,triggerActionType_06,triggerActionType_07,triggerActionType_08,triggerActionType_09,triggerActionType_10,triggerActionType_11,triggerActionType_12,triggerActionType_13,triggerActionType_14,triggerActionType_15,triggerActionType_16,triggerActionType_17,triggerActionType_18,triggerActionType_19,triggerActionType_20,triggerActionType_21,triggerActionType_22,triggerActionType_23,triggerActionType_24,triggerActionType_25,triggerActionType_26,triggerActionType_27,triggerActionType_28,triggerActionType_29,triggerActionType_30,triggerActionType_31,wepMotionCategoryIdSpecify,pad01,pad6_3_bit,pad6_4,physicsPaGuardCutRate,magicPaGuardCutRate,firePaGuardCutRate,thunderPaGuardCutRate,darkPaGuardCutRate,burnPaGuardResistRate,stunPaGuardResistRate,highPlasmaPaGuardResistRate,cursePaGuardResistRate,saPaGuardCutRate,staminaPaGuardCutRate,paPaGuardCutRate,paGuardBaseDmypolyId,paGuardDirectionHorizontalDeg,paGuardDirectionVerticalDeg,paGuardRangeHorizontalDeg,paGuardRangeVerticalDeg,paTurnOnSfxId,paTurnOnSfxDmypoly,paOnSfxId,paOnSfxDmypoly,paTurnOffSfxId,paTurnOffSfxDmypoly,paBreakdownSfxId,paBreakdownSfxDmypoly,paBrokenSfxId,paBrokenSfxDmypoly,paRecoverSfxId,paRecoverSfxDmypoly,paDefSeMaterial,paDefSfxMaterial,guardBaseDmypolyId,pad6_1,isHandEquipForcePurgeEnable,pad6_5_bit,pad6_6,guardDirectionHorizontalDeg,guardDirectionVerticalDeg,guardRangeHorizontalDeg,guardRangeVerticalDeg,pad05,attackActionParamId,magazineReloadTimeSec,chargeEndTimeSec,chargeReleaseStartTimeSec,chargeReleaseEndTimeSec,physicalShield_HP,physicalShield_GuardBaseDmypoly,physicalShield_NeutralDamageCutRate,physicalShield_SlashDamageCutRate,physicalShield_BlowDamageCutRate,physicalShield_ThrustDamageCutRate,physicalShield_MagicDamageCutRate,physicalShield_FireDamageCutRate,physicalShield_ThunderDamageCutRate,physicalShield_DarkDamageCutRate,physicalShield_BurnGuardResist,physicalShield_StunGuardResist,physicalShield_HighPlasmaGuardResist,physicalShield_CurseGuardResist,physicalShield_DepletedUraniumToxicGuardResist,pad15_1,physicalShield_IsWeakA,physicalShield_IsWeakB,physicalShield_IsWeakC,physicalShield_IsWeakD,physicalShield_IsWeakE,physicalShield_IsWeakF,pad15,physicalShield_DefPhys,physicalShield_DefSlash,physicalShield_DefBlow,physicalShield_DefThrust,physicalShield_DefMagic,physicalShield_DefFire,physicalShield_DefThunder,physicalShield_DefDark,physicalShield_DirectionHorizontalDeg,physicalShield_DirectionVerticalDeg,physicalShield_RangeHorizontalDeg,physicalShield_RangeVerticalDeg,pad_end,bulletReload_Direct_ReloadSpeedUPS,bulletReload_Direct_ShootAfterDelay,bulletReload_Direct_EmptyDelay,pad_05_1,appropriateType_Melee,appropriateType_Energy,pad_05_2,chargeLv2EndTimeSec,pad_05_3,Maker,menuManageCategory,justGuardKeepTimeSec,justGuardReloadTimeSec,justGuardImpactCutRatePercent,guardOpenStartSfxId,guardOpenStartSfxDmyId,guardOpenStaySfxId,guardOpenStaySfxDmyId,guardOpenEndSfxId,guardOpenEndSfxDmyId,guardInitOpenStartSfxId,guardInitOpenStartDmyId,guardInitOpenStaySfxId,guardInitOpenStayDmyId,impactPaGuardCutRate,justGuardCondTiming,pad04_5,paGaugeMax,paRecoverGaugePoint,paGaugeRecoverPerSec,paEmerGaugeRecoverPointPerSec,paGaugeRecoverDelayTimeSec,paGaugeRecoverEmerDelayTimeSec,consumeEN_Charging,pad04_2,scanAngle,scanDist,scanTime,scanType,pad04_3,waitTimeForShoot,waitTimeForChargeShoot,paOpen_PaDecayCutRate,paOpen_PerfStayTimeSec,paOpen_PerfRecastTimeSec,paOpen_PerfTimeSfxId,paOpen_PerfTimeSfxDmyId,paOpen_PerfEndSfxId,paOpen_PerfEndSfxDmyId,paOpen_RecastSfxId,paOpen_RecastSfxDmyId,pad04_4,paGaugeOpenSubPointPerSec,pad06,bulletReloadType,guardImpactCutRatePercent,bPaOpenGaugeRecoverDelay,pad07,paOpenGaugeRecoverScale,computed_f00,computed_f01,computed_f02,computed_f03,computed_f04,computed_f05,computed_f06,computed_f07,computed_f08,computed_f09,computed_f10,computed_f11,computed_f12,computed_f13,computed_f14,computed_f15,computed_f16,computed_f17,computed_f18,computed_f19,computed_f20,computed_f21,computed_f22,computed_f23,computed_f24,computed_f25,computed_f26,computed_f27,computed_f28,computed_f29,computed_f30,computed_f_last,HdPadRumble_Id,pad08,physicalShield_guardImpactCutRatePercent,physicalShield_justGuardImpactCutRatePercent,physicalShield_justGuardKeepTimeSec,physicalShield_justGuardReloadTimeSec,shootRboundParamOffset,pad09,isNpacNoConsumeStorageBullet,isPulseSpAtkGuard,isHeavyWeightAddAnim,unk54c_3,pad25,pad_26,stayPa_Radius,stayPa_MaxHp,stayPa_AddHpPerSec,stayPa_DefMaterialSfx,stayPa_DefMaterialSe,stayPa_LaunchSfxId,stayPa_LaunchKeepSfxId,stayPa_BreakSfxId,stayPa_ReleaseSfxId,residualImpactSubRate_Guard,backunitAjustHeight,physJustGuardCutRate,magJustGuardCutRate,fireJustGuardCutRate,thunJustGuardCutRate,burnJustGuardResist,stunJustGuardResist,highPlasmaJustGuardResist,pad_27,heat_SubValuePerSec,heat_OverHeatSubValueScalePercent,heat_ShootDelay,heat_OverHeatShootDelay,heat_OverHeatEndPoint,refId,menu_SrcBehaviorId,menu_SrcGenerationAtkPower,menu_AtkCountCondType,menu_SrcGenerationAtkCount,menu_SrcGenerationIntervalChild,menu_SfxFakeShootCount,menu_SrcGenerationDirectHit,menu_SrcGenerationImpact,menu_SrcGenerationResidualImpact,menu_SrcGenerationPaInterference,menu_SrcGenerationHoming,menu_SrcGenerationExplosion,menu_SrcGenerationRicocheted,menu_SrcGenerationRange,menu_ShowConsumeBullet,menu_ShowAddHeat,menu_AtkContTimeType,menu_SrcGenerationAtkContTime,menu_MeleeComboCount,menu_AtkPowerCondType,menu_SrcBehaviorId_Charge,menu_SrcGenerationAtkPower_Charge,menu_AtkCountCondType_Charge,menu_SrcGenerationAtkCount_Charge,menu_AtkPowerCondType_Charge,menu_SfxFakeShootCount_Charge,menu_SrcGenerationDirectHit_Charge,menu_SrcGenerationImpact_Charge,menu_SrcGenerationResidualImpact_Charge,menu_SrcGenerationPaInterference_Charge,menu_SrcGenerationHoming_Charge,menu_SrcGenerationExplosion_Charge,menu_SrcGenerationRicocheted_Charge,menu_SrcGenerationRange_Charge,menu_ShowConsumeBullet_Charge,menu_ShowAddHeat_Charge,menu_AtkContTimeType_Charge,menu_SrcGenerationAtkContTime_Charge,menu_SrcChargeTime,pad_31,menu_SrcBehaviorId_Melee,menu_ShowConsumeBullet_Melee,menu_ShowAddHeat_Melee,menu_HelpMovieID,isMakeCollisionPa,menu_IntervalMulAtkPower,menu_KrswShoot,menu_KrswShoot_Charge,pad32,pad_33,menu_AtkPowSfxFakeShootCount,makeCollisionPaBaesDmypolyId,makeCollisionPaOpenInitRadius,MakeCollisionPaOpenRadius,menu_AtkPowSfxFakeShootCount_Charge,menu_SrcGenerationAtkPower2,menu_AtkPowerCondType2,menu_SrcGenerationImpact2,menu_SrcGenerationResidualImpact2,menu_AtkPowSfxFakeShootCount2,menu_SrcGenerationAtkPower_Charge2,menu_AtkPowerCondType_Charge2,menu_SrcGenerationImpact_Charge2,menu_SrcGenerationResidualImpact_Charge2,menu_AtkPowSfxFakeShootCount_Charge2,menu_SrcBehaviorId2_StrongMelee,pad_end02,
100000,nothing,0,0,0,[0|0|0],0,-1,0,1,0,0,0,0,0,0,0,0,100,100,100,100,-1,-1,-1,-1,-1,-1,-1,-1,-1,-1,-1,-1,-1,-1,-1,-1,-1,-1,-1,-1,-1,-1,-1,1,1,1,1,0,0,0,0,0,100,100,0,-1,0,0,0,0,100,0,0,0,0,0,0,-1,0,0,7,0,23,0,0,0,100,0,0,0,0,0,0,0,0,0,0,0,0,0,0,0,0,0,0,0,100,100,100,0,0,1,1,1,0,0,0,0,0,0,0,0,0,0,0,0,1,0,1,0,0,0,0,0,0,0,0,1,0,1,1,1,1,0,0,100,1,1,0,0,-1,-1,-1,-1,-1,-1,-1,-1,-1,-1,-1,-1,-1,-1,-1,-1,-1,-1,-1,-1,-1,-1,-1,-1,0,0,-1,0,0,0,0,0,0,0,0,0,0,0,1,1,0,0,0,0,0,0,0,0,0,0,0,0,0,0,0,-1,-1,-1,-1,-1,-1,-1,-1,-1,0,-1,0,0,-1,0,0,0,0,0,-1,-1,-1,0,[0|0|0|0],-1,-1,-1,-1,-1,-1,-1,-1,1,0,0,0,0,1,1,1,1,-1,-1,-1,-1,-1,0,-1,0,1,0,0,0,0,1,1,1,1,0,0,-1,0,[0|0|0|0],-1,1,1,[0|0|0|0],-1,0,0,[0|0|0|0|0|0|0|0],-1,-1,-1,-1,-1,[0|0|0|0],-1,-1,-1,[0|0|0|0|0|0|0|0],-1,-1,-1,[0|0|0|0|0|0|0|0],0,0,0,[0|0|0|0],-1,-1,0,100,1,1,0,-1,0,0,0,0,0,0,-1,0,0,0,-1,[0|0|0|0],0,0,0,0,0,0,0,0,0,0,0,0,0,0,0,0,0,0,0,0,0,0,0,0,0,0,0,0,0,0,0,0,0,[0|0|0|0|0|0|0|0|0|0|0|0],0,0,0,0,0,0,0,0,0,0,0,0,0,0,-1,0,0,0,0,-1,-1,-1,-1,-1,-1,-1,-1,-1,-1,-1,-1,0,0,-1,0,0,0,0,0,0,0,0,[0|0],100000,0,0,-1,0,0,-1,1,1,1,1,1,1,1,1,0,0,0,0,0,0,0,0,0,0,0,0,0,0,0,0,0,0,0,0,0,0,0,0,0,[0|0],0,0,0,[0|0|0],0,0,0,-1,[0|0|0|0],0,0,0,0,0,-1,-1,-1,-1,-1,-1,-1,-1,-1,-1,0,0,0,0,0,0,0,0,0,-1,[0|0],360,0,0,0,[0|0|0],0,0,0,0,0,-1,-1,-1,-1,-1,-1,[0|0|0|0],0,0,0,0,0,[0|0|0],0,0,0,0,0,0,0,0,0,0,0,0,0,0,0,0,0,0,0,0,0,0,0,0,0,0,0,0,0,0,0,0,0,0,[0|0|0],0,0,0,0,0,[0|0|0|0],1,0,0,0,0,[0|0|0],0,0,0,0,0,-1,-1,-1,-1,1,0,0,0,0,0,0,0,0,0,0,100,0,0,0,-1,0,0,0,0,0,1,0,0,0,0,0,0,0,0,1,1,0,0,-1,0,-1,0,0,0,0,1,0,0,0,0,0,0,0,0,1,1,0,0,0,0,-1,1,1,0,0,0,0,0,0,0,1,-1,0,0,1,0,0,0,0,1,0,0,0,0,1,-1,[0|0|0|0|0|0|0|0|0|0|0|0|0|0|0|0|0|0|0|0|0|0|0|0|0|0|0|0]
110000,Fists,0,0,0,[0|0|0],80000,-1,0,1,0,0,0,0,0,0,0,0,40,40,40,40,-1,-1,-1,-1,-1,-1,-1,-1,-1,-1,-1,-1,-1,-1,-1,-1,-1,-1,-1,-1,-1,-1,-1,1,1,1,1,0,0,0,0,0,100,100,0,-1,100,0,0,0,100,0,0,0,0,0,0,-1,0,0,7,0,23,0,0,0,100,0,0,0,0,0,0,0,0,0,0,0,0,0,0,0,0,0,0,0,0,0,0,0,0,1,1,1,0,0,0,0,0,0,0,0,0,0,0,0,1,0,1,0,0,0,0,0,0,0,0,1,0,1,1,1,1,0,0,100,1,1,0,0,-1,-1,-1,-1,-1,-1,-1,-1,-1,-1,-1,-1,-1,-1,-1,-1,-1,-1,-1,-1,-1,-1,-1,-1,0,0,-1,0,0,0,0,0,0,0,0,0,0,0,1,1,0,0,0,0,0,0,0,0,0,0,0,0,0,0,0,-1,-1,-1,-1,-1,-1,-1,-1,-1,0,-1,0,0,-1,0,1,0,0,0,-1,-1,-1,0,[0|0|0|0],-1,-1,-1,-1,-1,-1,-1,-1,1,1,1,1,1,1,1,1,1,-1,-1,-1,-1,-1,0,-1,0,1,0,0,0,0,1,1,1,1,0,0,-1,0,[0|0|0|0],1,0.5,1,[0|0|0|0],-1,0,0,[0|0|0|0|0|0|0|0],-1,-1,-1,-1,-1,[0|0|0|0],-1,-1,-1,[0|0|0|0|0|0|0|0],-1,-1,-1,[0|0|0|0|0|0|0|0],0,0,0,[0|0|0|0],-1,-1,0,100,1,1,0,-1,0,0,0,0,0,0,-1,0,0,0,-1,[0|0|0|0],0,0,0,0,0,0,0,0,0,0,0,0,0,0,0,0,0,0,0,0,0,0,0,0,0,0,0,0,0,0,0,0,262,[0|0|0|0|0|0|0|0|0|0|0|0],0,0,0,0,0,0,0,0,0,0,0,0,0,0,-1,0,0,0,0,-1,-1,-1,-1,-1,-1,-1,-1,-1,-1,-1,-1,0,0,-1,0,0,0,0,0,0,0,0,[0|0],110000,0,0,-1,0,0,-1,1,1,1,1,1,1,1,1,0,0,0,0,0,0,0,0,0,0,0,0,0,0,0,0,0,0,0,0,0,0,0,0,0,[0|0],0.5,0,0.5,[0|0|0],1,0,0,-1,[0|0|0|0],0,0,0,0,30,-1,-1,-1,-1,-1,-1,-1,-1,-1,-1,0,0,0,0,0,0,0,0,0,-1,[0|0],360,0,0,0,[0|0|0],0,0,0,0,0,-1,-1,-1,-1,-1,-1,[0|0|0|0],0,0,1,30,0,[0|0|0],0,0,0,0,0,0,0,0,0,0,0,0,0,0,0,0,0,0,0,0,0,0,0,0,0,0,0,0,0,0,0,0,0,0,[0|0|0],0,0,0,0,2620,[0|0|0|0],1,0,0,0,0,[0|0|0],0,0,0,0,0,-1,-1,-1,-1,1,0,40,40,40,40,0,0,0,0,250,100,1.5,1.5,0,-1,0,0,0,0,0,1,0,0,0,0,0,0,0,0,1,1,0,0,-1,0,-1,0,0,0,0,1,0,0,0,0,0,0,0,0,1,1,0,0,0,0,-1,1,1,0,0,0,0,0,0,0,1,-1,0,0,1,0,0,0,0,1,0,0,0,0,1,-1,[0|0|0|0|0|0|0|0|0|0|0|0|0|0|0|0|0|0|0|0|0|0|0|0|0|0|0|0]
299000,,0,0,0,[0|0|0],1200,9999999,0,0,0,0,0,0,0,0,0,0,100,10,35,35,-1,-1,-1,-1,-1,-1,-1,-1,-1,-1,-1,-1,-1,-1,-1,-1,-1,-1,-1,-1,-1,-1,-1,1,1,1,1,0,0,0,9800,0,100,100,0,-1,110,0,0,0,100,0,0,0,0,0,-1,16,0,0,7,0,15,0,0,0,100,0,0,0,0,0,0,0,0,0,0,0,0,0,0,0,0,0,0,0,0,0,0,0,0,1,1,1,1,1,0,0,0,0,0,0,0,0,0,0,1,0,1,0,0,0,0,0,0,0,0,1,0,1,1,1,1,0,0,100,1,1,0,0,-1,-1,-1,-1,-1,-1,-1,-1,-1,-1,-1,-1,-1,-1,-1,-1,-1,-1,-1,-1,-1,-1,-1,-1,0,0,500,0,0,0,0,0,0,0,0,0,0,0,1,1,0,0,0,0,0,0,0,0,0,0,0,0,0,0,0,-1,-1,-1,-1,-1,-1,-1,-1,-1,0,-1,0,0,-1,0,0,0,0,0,-1,-1,-1,0,[0|0|0|0],-1,-1,-1,-1,-1,-1,-1,-1,1,1,1,1,1,1,1,1,1,-1,-1,-1,-1,-1,0,-1,0,1,0,0,0,0,1,1,1,1,0,0,-1,0,[0|0|0|0],-1,1,1,[0|0|0|0],-1,0,0,[0|0|0|0|0|0|0|0],-1,-1,-1,-1,-1,[0|0|0|0],-1,-1,-1,[0|0|0|0|0|0|0|0],-1,-1,-1,[0|0|0|0|0|0|0|0],0,0,0,[0|0|0|0],-1,-1,450,100,1,1,0,-1,0,0,0,0,0,0,-1,0,10,0,-1,[0|0|0|0],0,0,0,0,0,0,0,0,0,0,0,0,0,0,0,0,0,0,0,0,0,0,0,0,0,0,0,0,0,0,0,0,0,[0|0|0|0|0|0|0|0|0|0|0|0],0,0,0,0,0,0,0,0,0,0,0,0,0,0,-1,0,0,0,0,-1,-1,-1,-1,-1,-1,-1,-1,-1,-1,-1,-1,0,0,-1,0,0,0,0,0,0,0,0,[0|0],299000,0,0,-1,0,0,-1,1,1,1,1,1,1,1,1,0,0,0,0,0,0,0,0,0,0,0,0,0,0,0,0,0,0,0,0,0,0,0,0,0,[0|0],0,0,0,[0|0|0],0,0,0,-1,[0|0|0|0],0,0,0,0,0,-1,-1,-1,-1,-1,-1,-1,-1,-1,-1,0,0,0,0,0,0,0,0,0,-1,[0|0],360,0,0,0,[0|0|0],0,0,0,0,0,-1,-1,-1,-1,-1,-1,[0|0|0|0],0,0,0,0,0,[0|0|0],0,0,0,0,0,0,0,0,0,0,0,0,0,0,0,0,0,0,0,0,0,0,0,0,0,0,0,0,0,0,0,0,0,0,[0|0|0],0,0,0,0,0,[0|0|0|0],1,0,0,0,0,[0|0|0],0,0,0,0,0,-1,-1,-1,-1,1,0,0,0,0,0,0,0,0,0,0,100,0,0,0,-1,0,0,0,0,0,1,0,0,0,0,0,0,0,0,1,1,0,0,-1,0,-1,0,0,0,0,1,0,0,0,0,0,0,0,0,1,1,0,0,0,0,-1,1,1,0,0,0,0,0,0,0,1,-1,0,0,1,0,0,0,0,1,0,0,0,0,1,-1,[0|0|0|0|0|0|0|0|0|0|0|0|0|0|0|0|0|0|0|0|0|0|0|0|0|0|0|0]
299100,Back Rail - Weapon Loader,0,0,0,[0|0|0],1200,9999999,0,0,0,0,0,0,0,0,0,0,100,10,35,35,-1,-1,-1,-1,-1,-1,-1,-1,-1,-1,-1,-1,-1,-1,-1,-1,-1,-1,-1,-1,-1,-1,-1,1,1,1,1,0,0,0,8950,0,100,100,0,-1,110,0,0,0,100,0,0,0,0,0,-1,16,0,0,7,3,15,0,0,0,100,0,0,0,0,0,0,0,0,0,0,0,0,0,0,0,0,0,0,0,0,0,0,0,0,1,1,1,1,1,0,0,0,0,0,0,0,0,0,0,1,0,1,0,0,0,0,0,0,0,0,1,0,1,1,1,1,0,0,100,1,1,0,0,-1,-1,-1,-1,-1,-1,-1,-1,-1,-1,-1,-1,-1,-1,-1,-1,-1,-1,-1,-1,-1,-1,-1,-1,0,0,500,0,0,0,0,0,0,0,0,0,0,0,1,1,0,0,0,0,0,0,0,0,0,0,0,0,0,0,0,-1,-1,-1,-1,-1,-1,-1,-1,-1,0,-1,0,0,-1,0,0,0,0,0,-1,-1,-1,0,[0|0|0|0],-1,-1,-1,-1,-1,-1,-1,-1,1,1,1,1,1,1,1,1,1,-1,-1,-1,-1,-1,0,-1,0,1,0,0,0,0,1,1,1,1,0,0,-1,0,[0|0|0|0],-1,1,1,[0|0|0|0],-1,0,0,[0|0|0|0|0|0|0|0],-1,-1,-1,-1,-1,[0|0|0|0],-1,-1,-1,[0|0|0|0|0|0|0|0],-1,-1,-1,[0|0|0|0|0|0|0|0],0,0,0,[0|0|0|0],-1,-1,450,100,1,1,0,-1,0,0,0,0,0,0,-1,0,10,0,-1,[0|0|0|0],0,0,0,0,0,0,0,0,0,0,0,0,0,0,0,0,0,0,0,0,0,0,0,0,0,0,0,0,0,0,0,0,0,[0|0|0|0|0|0|0|0|0|0|0|0],0,0,0,0,0,0,0,0,0,0,0,0,0,0,-1,0,0,0,0,-1,-1,-1,-1,-1,-1,-1,-1,-1,-1,-1,-1,0,0,-1,0,0,0,0,0,0,0,0,[0|0],299100,0,0,-1,0,0,-1,1,1,1,1,1,1,1,1,0,0,0,0,0,0,0,0,0,0,0,0,0,0,0,0,0,0,0,0,0,0,0,0,0,[0|0],0,0,0,[0|0|0],0,0,0,-1,[0|0|0|0],0,0,0,0,0,-1,-1,-1,-1,-1,-1,-1,-1,-1,-1,0,0,0,0,0,0,0,0,0,-1,[0|0],360,0,0,0,[0|0|0],0,0,0,0,0,-1,-1,-1,-1,-1,-1,[0|0|0|0],0,0,0,0,0,[0|0|0],0,0,0,0,0,0,0,0,0,0,0,0,0,0,0,0,0,0,0,0,0,0,0,0,0,0,0,0,0,0,0,0,0,0,[0|0|0],0,0,0,0,0,[0|0|0|0],1,0,0,0,0,[0|0|0],0,0,0,0,0,-1,-1,-1,-1,1,0,0,0,0,0,0,0,0,0,0,100,0,0,0,-1,0,0,0,0,0,1,0,0,0,0,0,0,0,0,1,1,0,0,-1,0,-1,0,0,0,0,1,0,0,0,0,0,0,0,0,1,1,0,0,0,0,-1,1,1,0,0,0,0,0,0,0,1,-1,0,0,1,0,0,0,0,1,0,0,0,0,1,-1,[0|0|0|0|0|0|0|0|0|0|0|0|0|0|0|0|0|0|0|0|0|0|0|0|0|0|0|0]
299200,,0,0,0,[0|0|0],1200,9999999,0,0,0,0,0,0,0,0,0,0,100,10,35,35,-1,-1,-1,-1,-1,-1,-1,-1,-1,-1,-1,-1,-1,-1,-1,-1,-1,-1,-1,-1,-1,-1,-1,1,1,1,1,0,0,0,9805,0,100,100,0,-1,110,0,0,0,100,0,0,0,0,0,-1,16,0,0,7,0,15,0,0,0,100,0,0,0,0,0,0,0,0,0,0,0,0,0,0,0,0,0,0,0,0,0,0,0,0,1,1,1,1,1,0,0,0,0,0,0,0,0,0,0,1,0,1,0,0,0,0,0,0,0,0,1,0,1,1,1,1,0,0,100,1,1,0,0,-1,-1,-1,-1,-1,-1,-1,-1,-1,-1,-1,-1,-1,-1,-1,-1,-1,-1,-1,-1,-1,-1,-1,-1,0,0,500,0,0,0,0,0,0,0,0,0,0,0,1,1,0,0,0,0,0,0,0,0,0,0,0,0,0,0,0,-1,-1,-1,-1,-1,-1,-1,-1,-1,0,-1,0,0,-1,0,0,0,0,0,-1,-1,-1,0,[0|0|0|0],-1,-1,-1,-1,-1,-1,-1,-1,1,1,1,1,1,1,1,1,1,-1,-1,-1,-1,-1,0,-1,0,1,0,0,0,0,1,1,1,1,0,0,-1,0,[0|0|0|0],-1,1,1,[0|0|0|0],-1,0,0,[0|0|0|0|0|0|0|0],-1,-1,-1,-1,-1,[0|0|0|0],-1,-1,-1,[0|0|0|0|0|0|0|0],-1,-1,-1,[0|0|0|0|0|0|0|0],0,0,0,[0|0|0|0],-1,-1,450,100,1,1,0,-1,0,0,0,0,0,0,-1,0,10,0,-1,[0|0|0|0],0,0,0,0,0,0,0,0,0,0,0,0,0,0,0,0,0,0,0,0,0,0,0,0,0,0,0,0,0,0,0,0,0,[0|0|0|0|0|0|0|0|0|0|0|0],0,0,0,0,0,0,0,0,0,0,0,0,0,0,-1,0,0,0,0,-1,-1,-1,-1,-1,-1,-1,-1,-1,-1,-1,-1,0,0,-1,0,0,0,0,0,0,0,0,[0|0],299200,0,0,-1,0,0,-1,1,1,1,1,1,1,1,1,0,0,0,0,0,0,0,0,0,0,0,0,0,0,0,0,0,0,0,0,0,0,0,0,0,[0|0],0,0,0,[0|0|0],0,0,0,-1,[0|0|0|0],0,0,0,0,0,-1,-1,-1,-1,-1,-1,-1,-1,-1,-1,0,0,0,0,0,0,0,0,0,-1,[0|0],360,0,0,0,[0|0|0],0,0,0,0,0,-1,-1,-1,-1,-1,-1,[0|0|0|0],0,0,0,0,0,[0|0|0],0,0,0,0,0,0,0,0,0,0,0,0,0,0,0,0,0,0,0,0,0,0,0,0,0,0,0,0,0,0,0,0,0,0,[0|0|0],0,0,0,0,0,[0|0|0|0],1,0,0,0,0,[0|0|0],0,0,0,0,0,-1,-1,-1,-1,1,0,0,0,0,0,0,0,0,0,0,100,0,0,0,-1,0,0,0,0,0,1,0,0,0,0,0,0,0,0,1,1,0,0,-1,0,-1,0,0,0,0,1,0,0,0,0,0,0,0,0,1,1,0,0,0,0,-1,1,1,0,0,0,0,0,0,0,1,-1,0,0,1,0,0,0,0,1,0,0,0,0,1,-1,[0|0|0|0|0|0|0|0|0|0|0|0|0|0|0|0|0|0|0|0|0|0|0|0|0|0|0|0]
299300,Back Rail - Weapon Loader,0,0,0,[0|0|0],1200,9999999,0,0,0,0,0,0,0,0,0,0,100,10,35,35,-1,-1,-1,-1,-1,-1,-1,-1,-1,-1,-1,-1,-1,-1,-1,-1,-1,-1,-1,-1,-1,-1,-1,1,1,1,1,0,0,0,8950,0,100,100,0,-1,110,0,0,0,100,0,0,0,0,0,-1,16,0,0,7,3,15,0,0,0,100,0,0,0,0,0,0,0,0,0,0,0,0,0,0,0,0,0,0,0,0,0,0,0,0,1,1,1,1,1,0,0,0,0,0,0,0,0,0,0,1,0,1,0,0,0,0,0,0,0,0,1,0,1,1,1,1,0,0,100,1,1,0,0,-1,-1,-1,-1,-1,-1,-1,-1,-1,-1,-1,-1,-1,-1,-1,-1,-1,-1,-1,-1,-1,-1,-1,-1,0,0,500,0,0,0,0,0,0,0,0,0,0,0,1,1,0,0,0,0,0,0,0,0,0,0,0,0,0,0,0,-1,-1,-1,-1,-1,-1,-1,-1,-1,0,-1,0,0,-1,0,0,0,0,0,-1,-1,-1,0,[0|0|0|0],-1,-1,-1,-1,-1,-1,-1,-1,1,1,1,1,1,1,1,1,1,-1,-1,-1,-1,-1,0,-1,0,1,0,0,0,0,1,1,1,1,0,0,-1,0,[0|0|0|0],-1,1,1,[0|0|0|0],-1,0,0,[0|0|0|0|0|0|0|0],-1,-1,-1,-1,-1,[0|0|0|0],-1,-1,-1,[0|0|0|0|0|0|0|0],-1,-1,-1,[0|0|0|0|0|0|0|0],0,0,0,[0|0|0|0],-1,-1,450,100,1,1,0,-1,0,0,0,0,0,0,-1,0,10,0,-1,[0|0|0|0],0,0,0,0,0,0,0,0,0,0,0,0,0,0,0,0,0,0,0,0,0,0,0,0,0,0,0,0,0,0,0,0,0,[0|0|0|0|0|0|0|0|0|0|0|0],0,0,0,0,0,0,0,0,0,0,0,0,0,0,-1,0,0,0,0,-1,-1,-1,-1,-1,-1,-1,-1,-1,-1,-1,-1,0,0,-1,0,0,0,0,0,0,0,0,[0|0],299300,0,0,-1,0,0,-1,1,1,1,1,1,1,1,1,0,0,0,0,0,0,0,0,0,0,0,0,0,0,0,0,0,0,0,0,0,0,0,0,0,[0|0],0,0,0,[0|0|0],0,0,0,-1,[0|0|0|0],0,0,0,0,0,-1,-1,-1,-1,-1,-1,-1,-1,-1,-1,0,0,0,0,0,0,0,0,0,-1,[0|0],360,0,0,0,[0|0|0],0,0,0,0,0,-1,-1,-1,-1,-1,-1,[0|0|0|0],0,0,0,0,0,[0|0|0],0,0,0,0,0,0,0,0,0,0,0,0,0,0,0,0,0,0,0,0,0,0,0,0,0,0,0,0,0,0,0,0,0,0,[0|0|0],0,0,0,0,0,[0|0|0|0],1,0,0,0,0,[0|0|0],0,0,0,0,0,-1,-1,-1,-1,1,0,0,0,0,0,0,0,0,0,0,100,0,0,0,-1,0,0,0,0,0,1,0,0,0,0,0,0,0,0,1,1,0,0,-1,0,-1,0,0,0,0,1,0,0,0,0,0,0,0,0,1,1,0,0,0,0,-1,1,1,0,0,0,0,0,0,0,1,-1,0,0,1,0,0,0,0,1,0,0,0,0,1,-1,[0|0|0|0|0|0|0|0|0|0|0|0|0|0|0|0|0|0|0|0|0|0|0|0|0|0|0|0]
299400,Back Rail - Back Weapon,0,0,0,[0|0|0],1200,9999999,0,0,0,0,0,0,0,0,0,0,100,10,35,35,-1,-1,-1,-1,-1,-1,-1,-1,-1,-1,-1,-1,-1,-1,-1,-1,-1,-1,-1,-1,-1,-1,-1,1,1,1,1,0,0,0,8955,0,100,100,0,-1,110,0,0,0,100,0,0,0,0,0,-1,16,0,0,7,3,15,0,0,0,100,0,0,0,0,0,0,0,0,0,0,0,0,0,0,0,0,0,0,0,0,0,0,0,0,1,1,1,1,1,0,0,0,0,0,0,0,0,0,0,1,0,1,0,0,0,0,0,0,0,0,1,0,1,1,1,1,0,0,100,1,1,0,0,-1,-1,-1,-1,-1,-1,-1,-1,-1,-1,-1,-1,-1,-1,-1,-1,-1,-1,-1,-1,-1,-1,-1,-1,0,0,500,0,0,0,0,0,0,0,0,0,0,0,1,1,0,0,0,0,0,0,0,0,0,0,0,0,0,0,0,-1,-1,-1,-1,-1,-1,-1,-1,-1,0,-1,0,0,-1,0,0,0,0,0,-1,-1,-1,0,[0|0|0|0],-1,-1,-1,-1,-1,-1,-1,-1,1,1,1,1,1,1,1,1,1,-1,-1,-1,-1,-1,0,-1,0,1,0,0,0,0,1,1,1,1,0,0,-1,0,[0|0|0|0],-1,1,1,[0|0|0|0],-1,0,0,[0|0|0|0|0|0|0|0],-1,-1,-1,-1,-1,[0|0|0|0],-1,-1,-1,[0|0|0|0|0|0|0|0],-1,-1,-1,[0|0|0|0|0|0|0|0],0,0,0,[0|0|0|0],-1,-1,450,100,1,1,0,-1,0,0,0,0,0,0,-1,0,10,0,-1,[0|0|0|0],0,0,0,0,0,0,0,0,0,0,0,0,0,0,0,0,0,0,0,0,0,0,0,0,0,0,0,0,0,0,0,0,0,[0|0|0|0|0|0|0|0|0|0|0|0],0,0,0,0,0,0,0,0,0,0,0,0,0,0,-1,0,0,0,0,-1,-1,-1,-1,-1,-1,-1,-1,-1,-1,-1,-1,0,0,-1,0,0,0,0,0,0,0,0,[0|0],299200,0,0,-1,0,0,-1,1,1,1,1,1,1,1,1,0,0,0,0,0,0,0,0,0,0,0,0,0,0,0,0,0,0,0,0,0,0,0,0,0,[0|0],0,0,0,[0|0|0],0,0,0,-1,[0|0|0|0],0,0,0,0,0,-1,-1,-1,-1,-1,-1,-1,-1,-1,-1,0,0,0,0,0,0,0,0,0,-1,[0|0],360,0,0,0,[0|0|0],0,0,0,0,0,-1,-1,-1,-1,-1,-1,[0|0|0|0],0,0,0,0,0,[0|0|0],0,0,0,0,0,0,0,0,0,0,0,0,0,0,0,0,0,0,0,0,0,0,0,0,0,0,0,0,0,0,0,0,0,0,[0|0|0],0,0,0,0,0,[0|0|0|0],1,0,0,0,0,[0|0|0],0,0,0,0,0,-1,-1,-1,-1,1,0,0,0,0,0,0,0,0,0,0,100,0,0,0,-1,0,0,0,0,0,1,0,0,0,0,0,0,0,0,1,1,0,0,-1,0,-1,0,0,0,0,1,0,0,0,0,0,0,0,0,1,1,0,0,0,0,-1,1,1,0,0,0,0,0,0,0,1,-1,0,0,1,0,0,0,0,1,0,0,0,0,1,-1,[0|0|0|0|0|0|0|0|0|0|0|0|0|0|0|0|0|0|0|0|0|0|0|0|0|0|0|0]
299500,Back Rail - Back Weapon,0,0,0,[0|0|0],1200,9999999,0,0,0,0,0,0,0,0,0,0,100,10,35,35,-1,-1,-1,-1,-1,-1,-1,-1,-1,-1,-1,-1,-1,-1,-1,-1,-1,-1,-1,-1,-1,-1,-1,1,1,1,1,0,0,0,8955,0,100,100,0,-1,110,0,0,0,100,0,0,0,0,0,-1,16,0,0,7,3,15,0,0,0,100,0,0,0,0,0,0,0,0,0,0,0,0,0,0,0,0,0,0,0,0,0,0,0,0,1,1,1,1,1,0,0,0,0,0,0,0,0,0,0,1,0,1,0,0,0,0,0,0,0,0,1,0,1,1,1,1,0,0,100,1,1,0,0,-1,-1,-1,-1,-1,-1,-1,-1,-1,-1,-1,-1,-1,-1,-1,-1,-1,-1,-1,-1,-1,-1,-1,-1,0,0,500,0,0,0,0,0,0,0,0,0,0,0,1,1,0,0,0,0,0,0,0,0,0,0,0,0,0,0,0,-1,-1,-1,-1,-1,-1,-1,-1,-1,0,-1,0,0,-1,0,0,0,0,0,-1,-1,-1,0,[0|0|0|0],-1,-1,-1,-1,-1,-1,-1,-1,1,1,1,1,1,1,1,1,1,-1,-1,-1,-1,-1,0,-1,0,1,0,0,0,0,1,1,1,1,0,0,-1,0,[0|0|0|0],-1,1,1,[0|0|0|0],-1,0,0,[0|0|0|0|0|0|0|0],-1,-1,-1,-1,-1,[0|0|0|0],-1,-1,-1,[0|0|0|0|0|0|0|0],-1,-1,-1,[0|0|0|0|0|0|0|0],0,0,0,[0|0|0|0],-1,-1,450,100,1,1,0,-1,0,0,0,0,0,0,-1,0,10,0,-1,[0|0|0|0],0,0,0,0,0,0,0,0,0,0,0,0,0,0,0,0,0,0,0,0,0,0,0,0,0,0,0,0,0,0,0,0,0,[0|0|0|0|0|0|0|0|0|0|0|0],0,0,0,0,0,0,0,0,0,0,0,0,0,0,-1,0,0,0,0,-1,-1,-1,-1,-1,-1,-1,-1,-1,-1,-1,-1,0,0,-1,0,0,0,0,0,0,0,0,[0|0],299300,0,0,-1,0,0,-1,1,1,1,1,1,1,1,1,0,0,0,0,0,0,0,0,0,0,0,0,0,0,0,0,0,0,0,0,0,0,0,0,0,[0|0],0,0,0,[0|0|0],0,0,0,-1,[0|0|0|0],0,0,0,0,0,-1,-1,-1,-1,-1,-1,-1,-1,-1,-1,0,0,0,0,0,0,0,0,0,-1,[0|0],360,0,0,0,[0|0|0],0,0,0,0,0,-1,-1,-1,-1,-1,-1,[0|0|0|0],0,0,0,0,0,[0|0|0],0,0,0,0,0,0,0,0,0,0,0,0,0,0,0,0,0,0,0,0,0,0,0,0,0,0,0,0,0,0,0,0,0,0,[0|0|0],0,0,0,0,0,[0|0|0|0],1,0,0,0,0,[0|0|0],0,0,0,0,0,-1,-1,-1,-1,1,0,0,0,0,0,0,0,0,0,0,100,0,0,0,-1,0,0,0,0,0,1,0,0,0,0,0,0,0,0,1,1,0,0,-1,0,-1,0,0,0,0,1,0,0,0,0,0,0,0,0,1,1,0,0,0,0,-1,1,1,0,0,0,0,0,0,0,1,-1,0,0,1,0,0,0,0,1,0,0,0,0,1,-1,[0|0|0|0|0|0|0|0|0|0|0|0|0|0|0|0|0|0|0|0|0|0|0|0|0|0|0|0]
3800500,,0,0,0,[0|0|0],2700,0,0,0,0,0,0,0,0,0,0,0,100,10,35,35,-1,-1,-1,-1,-1,-1,-1,-1,-1,-1,-1,-1,-1,-1,-1,-1,-1,-1,-1,-1,-1,-1,-1,1,1,1,1,0,0,0,1100,0,100,100,0,-1,110,0,0,0,100,0,0,0,0,0,-1,16,0,0,7,0,23,0,0,0,100,0,0,0,0,0,0,0,0,0,0,0,0,0,0,0,0,0,0,0,0,0,0,0,0,1,1,1,1,1,0,0,0,0,0,0,0,0,0,0,1,0,1,0,0,0,0,0,0,0,0,1,0,1,1,1,1,0,0,100,1,1,0,0,-1,-1,-1,-1,-1,-1,-1,-1,-1,-1,-1,-1,-1,-1,-1,-1,-1,-1,-1,-1,-1,-1,-1,-1,0,0,200,0,0,0,0,0,0,0,0,0,0,0,1,1,0,0,0,0,0,0,0,0,0,0,0,0,0,0,0,-1,-1,-1,-1,-1,-1,-1,-1,-1,0,-1,0,0,-1,0,0,0,0,0,-1,-1,-1,0,[0|0|0|0],-1,-1,-1,-1,-1,-1,-1,-1,1,1,1,1,1,1,1,1,1,-1,-1,-1,-1,-1,0,-1,0,1,0,0,0,0,1,1,1,1,0,0,-1,0,[0|0|0|0],-1,1,1,[0|0|0|0],-1,0,0,[0|0|0|0|0|0|0|0],-1,-1,-1,-1,-1,[0|0|0|0],-1,-1,-1,[0|0|0|0|0|0|0|0],-1,-1,-1,[0|0|0|0|0|0|0|0],0,0,0,[0|0|0|0],-1,-1,160,100,1,1,0,-1,0,0,0,7,0,0,-1,0,10,0,-1,[0|0|0|0],0,0,0,0,0,0,0,0,0,0,0,0,0,0,0,0,0,0,0,0,0,0,0,0,0,0,0,0,0,0,0,0,0,[0|0|0|0|0|0|0|0|0|0|0|0],0,0,0,0,0,0,0,0,0,0,0,0,0,0,-1,0,0,0,0,-1,-1,-1,-1,-1,-1,-1,-1,-1,-1,-1,-1,0,0,-1,0,0,0,0,0,0,0,0,[0|0],3800500,0,0,-1,0,0,-1,1,1,1,1,1,1,1,1,0,0,0,0,0,0,0,0,0,0,0,0,0,0,0,0,0,0,0,0,0,0,0,0,0,[0|0],0,0,0,[0|0|0],0,0,0,-1,[0|0|0|0],0,0,0,0,0,-1,-1,-1,-1,-1,-1,-1,-1,-1,-1,0,0,0,0,0,0,0,0,0,-1,[0|0],360,0,0,0,[0|0|0],0,0,0,0,0,-1,-1,-1,-1,-1,-1,[0|0|0|0],0,0,0,0,0,[0|0|0],0,0,0,0,0,0,0,0,0,0,0,0,0,0,0,0,0,0,0,0,0,0,0,0,0,0,0,0,0,0,0,0,0,0,[0|0|0],0,0,0,0,0,[0|0|0|0],1,0,0,0,0,[0|0|0],0,0,0,0,0,-1,-1,-1,-1,1,0,0,0,0,0,0,0,0,0,0,100,0,0,0,-1,0,0,0,0,0,1,0,0,0,0,0,0,0,0,1,1,0,0,-1,0,-1,0,0,0,0,1,0,0,0,0,0,0,0,0,1,1,0,0,0,0,-1,1,1,0,0,0,0,0,0,0,1,-1,0,0,1,0,0,0,0,1,0,0,0,0,1,-1,[0|0|0|0|0|0|0|0|0|0|0|0|0|0|0|0|0|0|0|0|0|0|0|0|0|0|0|0]
10000000,BURST RIFLE - MA-J-200 RANSETSU-RF (Right),0,0,0,[0|0|0],10000,1000000,0,4210,0,0,0,0,0,0,0,0,100,0,0,0,-1,-1,-1,-1,-1,-1,-1,-1,-1,-1,-1,-1,-1,-1,-1,-1,-1,-1,-1,-1,-1,-1,-1,1,1,1,1,0,0,0,1610,0,100,100,0,-1,100,0,0,0,100,0,0,0,0,0,-1,16,0,0,7,3,15,0,0,0,100,0,0,217,0,0,0,0,0,0,0,0,0,0,0,0,0,0,0,0,0,0,0,0,0,1,0,1,1,0,0,0,0,0,0,0,0,0,0,0,1,0,1,0,0,0,0,0,0,0,0,1,0,1,1,1,1,0,0,100,1,1,0,0,-1,-1,-1,-1,-1,-1,-1,-1,-1,-1,-1,-1,-1,-1,-1,-1,-1,-1,-1,-1,-1,-1,-1,-1,0,0,100,0,0,0,0,0,0,0,0,0,0,0,1,1,0,0,0,0,0,0,0,0,0,0,0,0,0,0,0,-1,-1,-1,-1,-1,-1,-1,-1,-1,0,-1,0,0,-1,0,1,0,0,0,-1,-1,-1,0,[0|0|0|0],-1,-1,-1,-1,300,-1,-1,-1,1,1,1,1,1,1,1,1,1,-1,-1,-1,-1,-1,0,-1,0,1,0,0,0,0,1,1,1,1,0,0,-1,0,[0|0|0|0],15,0.5,1,[0|0|0|0],-1,0,0,[0|0|0|0|0|0|0|0],-1,-1,-1,-1,-1,[0|0|0|0],-1,-1,-1,[0|0|0|0|0|0|0|0],-1,-1,-1,[0|0|0|0|0|0|0|0],0,0,0,[0|0|0|0],375,-1,200,100,1,1,0,-1,1,0,0,3,158,0,-1,0,100,0,-1,[0|0|0|0],0,0,0,0,0,0,0,0,0,0,0,0,0,0,0,0,0,0,0,0,0,0,0,0,0,0,0,0,0,0,0,0,200,[0|0|0|0|0|0|0|0|0|0|0|0],0,0,0,0,0,0,0,0,0,0,0,0,0,0,-1,0,0,0,0,-1,-1,-1,-1,-1,-1,-1,-1,-1,-1,-1,-1,0,0,-1,0,0,0,0,0,0,0,0,[0|0],10000000,1.8,0.7,0.3,0.35,0,-1,1,1,1,1,1,1,1,1,0,0,0,0,0,0,0,0,0,0,0,0,0,0,0,0,0,0,0,0,0,0,0,0,0,[0|0],0,0,0,[0|0|0],0,0,0,-1,[0|0|0|0],15,130,0,0,0,-1,-1,-1,-1,-1,-1,-1,-1,-1,-1,0,0,0,0,0,0,0,0,0,-1,[0|0],360,0,0,0,[0|0|0],0,0,0,0,0,-1,-1,-1,-1,-1,-1,[0|0|0|0],0,0,0,0,0,[0|0|0],0,0,0,0,0,0,0,0,0,0,0,0,0,0,0,0,0,0,0,0,0,0,0,0,0,0,0,0,0,0,0,0,0,0,[0|0|0],0,0,0,0,2170,[0|0|0|0],1,0,0,1,0,[0|0|0],0,0,0,0,0,-1,-1,-1,-1,1,0,0,0,0,0,0,0,0,0,165,130,0.6,0.8,0,-1,0,0,0,0,0,1,0,0,0,0,0,0,0,0,1,1,0,0,-1,0,100,0,2,0,0,1,0,0,0,0,0,0,0,0,1,1,0,0,0,0,-1,1,1,8008,0,0,0,0,0,0,1,-1,0,0,1,0,0,0,0,1,0,0,0,0,1,-1,[0|0|0|0|0|0|0|0|0|0|0|0|0|0|0|0|0|0|0|0|0|0|0|0|0|0|0|0]
10000100,LINEAR RIFLE - LR-036 CURTIS (Right),0,0,0,[0|0|0],10010,1001000,0,4150,0,0,0,0,0,0,0,0,100,0,0,0,-1,-1,-1,-1,-1,-1,-1,-1,-1,-1,-1,-1,-1,-1,-1,-1,-1,-1,-1,-1,-1,-1,-1,1,1,1,1,0,0,0,1620,0,100,100,0,-1,100,0,0,0,100,0,0,0,0,0,-1,16,0,0,7,3,15,0,0,0,100,0,0,999,0,0,0,0,0,0,0,0,0,0,0,0,0,0,0,0,0,0,0,0,0,1,0,1,1,0,0,0,0,0,0,0,0,0,0,0,1,0,1,0,0,0,0,0,0,0,0,1,0,1,1,1,1,0,0,100,1,1,0,0,-1,-1,-1,-1,-1,-1,-1,-1,-1,-1,-1,-1,-1,-1,-1,-1,-1,-1,-1,-1,-1,-1,-1,-1,0,0,100,0,0,0,0,0,0,0,0,0,0,0,1,1,0,0,0,0,0,0,0,0,0,0,0,0,0,0,0,-1,-1,-1,-1,-1,-1,-1,-1,-1,0,-1,0,0,-1,0,1,0,0,0,-1,-1,-1,0,[0|0|0|0],-1,-1,-1,-1,300,-1,-1,-1,1,1,1,1,1,1,1,1,1,-1,-1,-1,-1,-1,0,-1,0,1,0,0,0,0,1,1,1,1,0,0,-1,0,[0|0|0|0],12,0.5,1,[0|0|0|0],-1,0,0,[0|0|0|0|0|0|0|0],-1,-1,-1,-1,-1,[0|0|0|0],-1,-1,-1,[0|0|0|0|0|0|0|0],-1,-1,-1,[0|0|0|0|0|0|0|0],0,0,0,[0|0|0|0],420,-1,200,100,1,1,0,-1,1,0,0,3,289,0,-1,0,100,0,-1,[0|0|0|0],0,0,0,0,0,0,0,0,0,0,0,0,0,0,0,0,0,0,0,0,0,0,0,0,0,0,0,0,0,0,0,0,200,[0|0|0|0|0|0|0|0|0|0|0|0],0,0,0,0,0,0,0,0,0,0,0,0,0,0,-1,0,0,0,0,-1,-1,-1,-1,-1,-1,-1,-1,-1,-1,-1,-1,0,0,-1,0,0,0,0,0,0,0,0,[0|0],10000100,2.2,0.5,0.2,0.3,0,-1,1,1,1,1,1,1,1,1,0,0,0,0,0,0,0,0,0,0,0,0,0,0,0,0,0,0,0,0,0,0,0,0,0,[0|0],0,0,0,[0|0|0],0,0,0,-1,[0|0|0|0],11,100,0,0,0,-1,-1,-1,-1,-1,-1,-1,-1,-1,-1,0,0,0,0,0,0,0,0,0,-1,[0|0],360,0,0,0,[0|0|0],0,0,0,0,0,-1,-1,-1,-1,-1,-1,[0|0|0|0],0,0,0,0,0,[0|0|0],0,0,0,0,0,0,0,0,0,0,0,0,0,0,0,0,0,0,0,0,0,0,0,0,0,0,0,0,0,0,0,0,0,0,[0|0|0],0,0,0,0,2000,[0|0|0|0],1,0,0,1,0,[0|0|0],0,0,0,0,0,-1,-1,-1,-1,1,0,0,0,0,0,0,0,0,0,155,130,0.6,0.8,0,-1,0,0,0,0,0,1,0,0,0,0,0,0,0,0,1,1,0,0,-1,0,100,0,0,0,0,1,0,0,0,0,0,0,0,0,1,1,0,0,0,0,-1,1,1,8009,0,0,0,0,0,0,1,-1,0,0,1,0,0,0,0,1,0,0,0,0,1,-1,[0|0|0|0|0|0|0|0|0|0|0|0|0|0|0|0|0|0|0|0|0|0|0|0|0|0|0|0]
10000200,LINEAR RIFLE - LR-037 HARRIS (Right),0,0,0,[0|0|0],10020,1001010,0,4840,0,0,0,0,0,0,0,0,100,0,0,0,-1,-1,-1,-1,-1,-1,-1,-1,-1,-1,-1,-1,-1,-1,-1,-1,-1,-1,-1,-1,-1,-1,-1,1,1,1,1,0,0,0,1630,0,100,100,0,-1,100,0,0,0,100,0,0,0,0,0,-1,16,0,0,7,3,15,0,0,0,100,0,0,999,0,0,0,0,0,0,0,0,0,0,0,0,0,0,0,0,0,0,0,0,0,1,0,1,1,0,0,0,0,0,0,0,0,0,0,0,1,0,1,0,0,0,0,0,0,0,0,1,0,1,1,1,1,0,0,100,1,1,0,0,-1,-1,-1,-1,-1,-1,-1,-1,-1,-1,-1,-1,-1,-1,-1,-1,-1,-1,-1,-1,-1,-1,-1,-1,0,0,100,0,0,0,0,0,0,0,0,0,0,0,1,1,0,0,0,0,0,0,0,0,0,0,0,0,0,0,0,-1,-1,-1,-1,-1,-1,-1,-1,-1,0,-1,0,0,-1,0,1,0,0,0,-1,-1,-1,0,[0|0|0|0],-1,-1,-1,-1,300,-1,-1,-1,1,1,1,1,1,1,1,1,1,-1,-1,-1,-1,-1,0,-1,0,1,0,0,0,0,1,1,1,1,0,0,-1,0,[0|0|0|0],10,0.5,1,[0|0|0|0],-1,0,0,[0|0|0|0|0|0|0|0],-1,-1,-1,-1,-1,[0|0|0|0],-1,-1,-1,[0|0|0|0|0|0|0|0],-1,-1,-1,[0|0|0|0|0|0|0|0],0,0,0,[0|0|0|0],360,-1,200,100,1,1,0,-1,1,0,0,3,441,0,-1,0,200,0,-1,[0|0|0|0],0,0,0,0,0,0,0,0,0,0,0,0,0,0,0,0,0,0,0,0,0,0,0,0,0,0,0,0,0,0,0,0,200,[0|0|0|0|0|0|0|0|0|0|0|0],0,0,0,0,0,0,0,0,0,0,0,0,0,0,-1,0,0,0,0,-1,-1,-1,-1,-1,-1,-1,-1,-1,-1,-1,-1,0,0,-1,0,0,0,0,0,0,0,0,[0|0],10000200,3,0.8,0.2,0.3,0,-1,1,1,1,1,1,1,1,1,0,0,0,0,0,0,0,0,0,0,0,0,0,0,0,0,0,0,0,0,0,0,0,0,0,[0|0],0,0,0,[0|0|0],0,0,0,-1,[0|0|0|0],11,100,0,0,0,-1,-1,-1,-1,-1,-1,-1,-1,-1,-1,0,0,0,0,0,0,0,0,0,-1,[0|0],360,0,0,0,[0|0|0],0,0,0,0,0,-1,-1,-1,-1,-1,-1,[0|0|0|0],0,0,0,0,0,[0|0|0],0,0,0,0,0,0,0,0,0,0,0,0,0,0,0,0,0,0,0,0,0,0,0,0,0,0,0,0,0,0,0,0,0,0,[0|0|0],0,0,0,0,2000,[0|0|0|0],1,0,0,1,0,[0|0|0],0,0,0,0,0,-1,-1,-1,-1,1,0,0,0,0,0,0,0,0,0,350,100,0.6,0.8,0,-1,0,0,0,0,0,1,0,0,0,0,0,0,0,0,1,1,0,0,-1,0,100,0,0,0,0,1,0,0,0,0,0,0,0,0,1,1,0,0,0,0,-1,1,1,8010,0,0,0,0,0,0,1,-1,0,0,1,0,0,0,0,1,0,0,0,0,1,-1,[0|0|0|0|0|0|0|0|0|0|0|0|0|0|0|0|0|0|0|0|0|0|0|0|0|0|0|0]
10000300,LINEAR RIFLE - LR-038 FABRICIUS (Right),0,0,0,[0|0|0],10030,1001010,0,7425,0,0,0,0,0,0,0,0,100,0,0,0,-1,-1,-1,-1,-1,-1,-1,-1,-1,-1,-1,-1,-1,-1,-1,-1,-1,-1,-1,-1,-1,-1,-1,1,1,1,1,0,0,0,1636,0,100,100,0,-1,100,0,0,0,100,0,0,0,0,0,-1,16,0,0,7,0,15,0,0,0,100,0,0,999,0,0,0,0,0,0,0,0,0,0,0,0,0,0,0,0,0,0,0,0,0,1,0,1,1,0,0,0,0,0,0,0,0,0,0,0,1,0,1,0,0,0,0,0,0,0,0,1,0,1,1,1,1,0,0,100,1,1,0,0,-1,-1,-1,-1,-1,-1,-1,-1,-1,-1,-1,-1,-1,-1,-1,-1,-1,-1,-1,-1,-1,-1,-1,-1,0,0,100,0,0,0,0,0,0,0,0,0,0,0,1,1,0,0,0,0,0,0,0,0,0,0,0,0,0,0,0,-1,-1,-1,-1,-1,-1,-1,-1,-1,0,-1,0,0,-1,0,1,0,0,0,-1,-1,-1,0,[0|0|0|0],-1,-1,-1,-1,300,-1,-1,-1,1,1,1,1,1,1,1,1,1,-1,-1,-1,-1,-1,0,-1,0,1,0,0,0,0,1,1,1,1,0,0,-1,0,[0|0|0|0],6,0.5,1,[0|0|0|0],-1,0,0,[0|0|0|0|0|0|0|0],-1,-1,-1,-1,-1,[0|0|0|0],-1,-1,-1,[0|0|0|0|0|0|0|0],-1,-1,-1,[0|0|0|0|0|0|0|0],0,0,0,[0|0|0|0],233,-1,200,100,1,1,0,-1,1,0,0,3,575,0,-1,0,300,0,-1,[0|0|0|0],0,0,0,0,0,0,0,0,0,0,0,0,0,0,0,0,0,0,0,0,0,0,0,0,0,0,0,0,0,0,0,0,200,[0|0|0|0|0|0|0|0|0|0|0|0],0,0,0,0,0,0,0,0,0,0,0,0,0,0,-1,0,0,0,0,-1,-1,-1,-1,-1,-1,-1,-1,-1,-1,-1,-1,0,0,-1,0,0,0,0,0,0,0,0,[0|0],10000200,4.2,1.1,0.2,0.3,0,-1,1,1,1,1,1,1,1,1,0,0,0,0,0,0,0,0,0,0,0,0,0,0,0,0,0,0,0,0,0,0,0,0,0,[0|0],0,0,0,[0|0|0],0,0,0,-1,[0|0|0|0],11,100,0,0,0,-1,-1,-1,-1,-1,-1,-1,-1,-1,-1,0,0,0,0,0,0,0,0,0,-1,[0|0],360,0,0,0,[0|0|0],0,0,0,0,0,-1,-1,-1,-1,-1,-1,[0|0|0|0],0,0,0,0,0,[0|0|0],0,0,0,0,0,0,0,0,0,0,0,0,0,0,0,0,0,0,0,0,0,0,0,0,0,0,0,0,0,0,0,0,0,0,[0|0|0],0,0,0,0,2000,[0|0|0|0],1,0,0,1,0,[0|0|0],0,0,0,0,0,-1,-1,-1,-1,1,0,0,0,0,0,0,0,0,0,325,90,2,1.8,0,-1,0,0,0,0,0,1,0,0,0,0,0,0,0,0,1,1,0,0,-1,0,100,0,0,0,0,1,0,0,0,0,0,0,0,0,1,1,0,0,0,0,-1,1,1,8010,0,0,0,0,0,0,1,-1,0,0,1,0,0,0,0,1,0,0,0,0,1,-1,[0|0|0|0|0|0|0|0|0|0|0|0|0|0|0|0|0|0|0|0|0|0|0|0|0|0|0|0]
10000400,MACHINE GUN - MX-12 NUMBER (Right),0,0,0,[0|0|0],10040,1001010,0,4010,0,0,0,0,0,0,0,0,100,0,-1,0,-1,-1,-1,-1,-1,-1,-1,-1,-1,-1,-1,-1,-1,-1,-1,-1,-1,-1,-1,-1,-1,-1,-1,1,1,1,1,0,0,0,1821,0,100,100,0,-1,100,0,0,0,100,0,0,0,0,0,-1,16,0,0,7,3,17,0,0,0,100,0,0,999,0,0,0,0,0,0,0,0,0,0,0,0,0,0,0,0,0,0,0,0,0,1,0,1,1,0,0,0,0,0,0,0,0,0,0,0,1,0,1,0,0,0,0,0,0,0,0,1,0,1,1,1,1,0,0,100,1,1,0,0,-1,-1,-1,-1,-1,-1,-1,-1,-1,-1,-1,-1,-1,-1,-1,-1,-1,-1,-1,-1,-1,-1,-1,-1,0,0,100,0,0,0,0,0,0,0,0,0,0,0,1,1,0,0,0,0,0,0,0,0,0,0,0,0,0,0,0,-1,-1,-1,-1,-1,-1,-1,-1,-1,0,-1,0,0,-1,0,1,0,0,0,-1,-1,-1,0,[0|0|0|0],-1,-1,-1,-1,300,-1,-1,-1,1,1,1,1,1,1,1,1,1,-1,-1,-1,-1,-1,0,-1,0,1,0,0,0,0,1,1,1,1,0,0,-1,0,[0|0|0|0],-1,0.5,1,[0|0|0|0],-1,0,0,[0|0|0|0|0|0|0|0],-1,-1,-1,-1,-1,[0|0|0|0],-1,-1,-1,[0|0|0|0|0|0|0|0],-1,-1,-1,[0|0|0|0|0|0|0|0],0,0,0,[0|0|0|0],420,-1,200,100,1,1,0,-1,1,0,0,3,120,0,-1,0,15,0,-1,[0|0|0|0],0,0,0,0,0,0,0,0,0,0,0,0,0,0,0,0,0,0,0,0,0,0,0,0,0,0,0,0,0,0,0,0,202,[0|0|0|0|0|0|0|0|0|0|0|0],0,0,0,0,0,0,0,0,0,0,0,0,0,0,-1,0,0,0,0,-1,-1,-1,-1,-1,-1,-1,-1,-1,-1,-1,-1,0,0,-1,0,1,0,0,0,0,0,0,[0|0],10020200,0,0,-1,0,0,-1,1,1,1,1,1,1,1,1,0,0,0,0,0,0,0,0,0,0,0,0,0,0,0,0,0,0,0,0,0,0,0,0,0,[0|0],0,0,0,[0|0|0],0,0,0,-1,[0|0|0|0],10,142,0,0,0,-1,-1,-1,-1,-1,-1,-1,-1,-1,-1,0,0,0,0,0,0,0,0,0,-1,[0|0],360,0,0,0,[0|0|0],0,0,0,0,0,-1,-1,-1,-1,-1,-1,[0|0|0|0],0,0,0,0,0,[0|0|0],0,0,0,0,0,0,0,0,0,0,0,0,0,0,0,0,0,0,0,0,0,0,0,0,0,0,0,0,0,0,0,0,0,0,[0|0|0],0,0,0,0,2020,[0|0|0|0],1,0,1,1,0,[0|0|0],0,0,0,0,0,-1,-1,-1,-1,1,0,0,0,0,0,0,0,0,0,0,100,0,0,0,-1,0,0,0,0,0,1,0,0,0,0,0,0,0,0,1,1,0,0,-1,0,-1,0,0,0,0,1,0,0,0,0,0,0,0,0,1,1,0,0,0,0,-1,1,1,8016,0,0,0,0,0,0,1,-1,0,0,1,0,0,0,0,1,0,0,0,0,1,-1,[0|0|0|0|0|0|0|0|0|0|0|0|0|0|0|0|0|0|0|0|0|0|0|0|0|0|0|0]
10000500,INCENDIARY RIFLE - CRAZ-E-B-09-SL "SIMPLEPUNK" (Right),0,0,0,[0|0|0],10160,1000000,0,3990,0,0,0,0,0,0,0,0,100,0,0,0,-1,-1,-1,-1,-1,-1,-1,-1,-1,-1,-1,-1,-1,-1,-1,-1,-1,-1,-1,-1,-1,-1,-1,1,1,1,1,0,0,0,1616,0,100,100,0,-1,100,0,40,0,100,0,0,0,0,0,-1,16,0,0,7,3,15,0,0,0,100,0,0,217,0,0,0,0,0,0,0,0,0,0,0,0,0,0,0,0,0,0,0,0,0,1,0,1,1,0,0,0,0,0,0,0,0,0,0,0,1,0,1,0,0,0,0,0,0,0,0,1,0,1,1,1,1,0,0,100,1,1,0,0,-1,-1,-1,-1,-1,-1,-1,-1,-1,-1,-1,-1,-1,-1,-1,-1,-1,-1,-1,-1,-1,-1,-1,-1,0,0,100,0,0,0,0,0,0,0,0,0,0,0,1,1,0,0,0,0,0,0,0,0,0,0,0,0,0,0,0,-1,-1,-1,-1,-1,-1,-1,-1,-1,0,-1,0,0,-1,0,1,0,0,0,-1,-1,-1,0,[0|0|0|0],-1,-1,-1,-1,300,-1,-1,-1,1,1,1,1,1,1,1,1,1,-1,-1,-1,-1,-1,0,-1,0,1,0,0,0,0,1,1,1,1,0,0,-1,0,[0|0|0|0],12,0.5,1,[0|0|0|0],-1,0,0,[0|0|0|0|0|0|0|0],-1,-1,-1,-1,-1,[0|0|0|0],-1,-1,-1,[0|0|0|0|0|0|0|0],-1,-1,-1,[0|0|0|0|0|0|0|0],0,0,0,[0|0|0|0],324,-1,200,100,1,1,0,-1,1,0,0,3,119,0,-1,0,65,0,-1,[0|0|0|0],0,0,0,0,0,0,0,0,0,0,0,0,0,0,0,0,0,0,0,0,0,0,0,0,0,0,0,0,0,0,0,0,200,[0|0|0|0|0|0|0|0|0|0|0|0],0,0,0,0,0,0,0,0,0,0,0,0,0,0,-1,0,0,0,0,-1,-1,-1,-1,-1,-1,-1,-1,-1,-1,-1,-1,0,0,-1,0,0,0,0,0,0,0,0,[0|0],10010001,2.15,0.7,0.3,0.35,0,-1,1,1,1,1,1,1,1,1,0,0,0,0,0,0,0,0,0,0,0,0,0,0,0,0,0,0,0,0,0,0,0,0,0,[0|0],0,0,0,[0|0|0],0,0,0,-1,[0|0|0|0],1,130,0,0,0,-1,-1,-1,-1,-1,-1,-1,-1,-1,-1,0,0,0,0,0,0,0,0,0,-1,[0|0],360,0,0,0,[0|0|0],0,0,0,0,0,-1,-1,-1,-1,-1,-1,[0|0|0|0],0,0,0,0,0,[0|0|0],0,0,0,0,0,0,0,0,0,0,0,0,0,0,0,0,0,0,0,0,0,0,0,0,0,0,0,0,0,0,0,0,0,0,[0|0|0],0,0,0,0,2170,[0|0|0|0],1,0,0,1,0,[0|0|0],0,0,0,0,0,-1,-1,-1,-1,1,0,0,0,0,0,0,0,0,0,0,100,0,0,0,-1,0,0,2,0,0,1,0,0,0,0,0,0,0,0,1,1,0,0,-1,0,100,0,2,0,0,1,0,0,0,0,0,0,0,0,1,1,0,0,0,0,-1,1,1,8008,0,0,0,0,0,0,1,-1,0,0,1,0,0,0,0,1,0,0,0,0,1,-1,[0|0|0|0|0|0|0|0|0|0|0|0|0|0|0|0|0|0|0|0|0|0|0|0|0|0|0|0]
10010000,BURST ASSAULT RIFLE - MA-J-201 RANSETSU-AR (Right),0,0,0,[0|0|0],10100,1003000,0,3620,0,0,0,0,0,0,0,0,100,0,0,0,-1,-1,-1,-1,-1,-1,-1,-1,-1,-1,-1,-1,-1,-1,-1,-1,-1,-1,-1,-1,-1,-1,-1,1,1,1,1,0,0,0,1710,0,100,100,0,-1,100,0,0,0,100,0,0,0,0,0,-1,16,0,0,7,3,15,0,0,0,100,0,0,216,0,0,0,0,0,0,0,0,0,0,0,0,0,0,0,0,0,0,0,0,0,1,0,1,1,0,0,0,0,0,0,0,0,0,0,0,1,0,1,0,0,0,0,0,0,0,0,1,0,1,1,1,1,0,0,100,1,1,0,0,-1,-1,-1,-1,-1,-1,-1,-1,-1,-1,-1,-1,-1,-1,-1,-1,-1,-1,-1,-1,-1,-1,-1,-1,0,0,100,0,0,0,0,0,0,0,0,0,0,0,1,1,0,0,0,0,0,0,0,0,0,0,0,0,0,0,0,-1,-1,-1,-1,-1,-1,-1,-1,-1,0,-1,0,0,-1,0,1,0,0,0,-1,-1,-1,0,[0|0|0|0],-1,-1,-1,-1,300,-1,-1,-1,1,1,1,1,1,1,1,1,1,-1,-1,-1,-1,-1,0,-1,0,1,0,0,0,0,1,1,1,1,0,0,-1,0,[0|0|0|0],27,0.5,1,[0|0|0|0],-1,0,0,[0|0|0|0|0|0|0|0],-1,-1,-1,-1,-1,[0|0|0|0],-1,-1,-1,[0|0|0|0|0|0|0|0],-1,-1,-1,[0|0|0|0|0|0|0|0],0,0,0,[0|0|0|0],450,-1,200,100,1,1,0,-1,1,0,0,3,132,0,-1,0,40,0,-1,[0|0|0|0],0,0,0,0,0,0,0,0,0,0,0,0,0,0,0,0,0,0,0,0,0,0,0,0,0,0,0,0,0,0,0,0,201,[0|0|0|0|0|0|0|0|0|0|0|0],0,0,0,0,0,0,0,0,0,0,0,0,0,0,-1,0,0,0,0,-1,-1,-1,-1,-1,-1,-1,-1,-1,-1,-1,-1,0,0,-1,0,0,0,0,0,0,0,0,[0|0],10010000,1.9,0,-1,0,0,-1,1,1,1,1,1,1,1,1,0,0,0,0,0,0,0,0,0,0,0,0,0,0,0,0,0,0,0,0,0,0,0,0,0,[0|0],0,0,0,[0|0|0],0,0,0,-1,[0|0|0|0],15,120,0,0,0,-1,-1,-1,-1,-1,-1,-1,-1,-1,-1,0,0,0,0,0,0,0,0,0,-1,[0|0],360,0,0,0,[0|0|0],0,0,0,0,0,-1,-1,-1,-1,-1,-1,[0|0|0|0],0,0,0,0,0,[0|0|0],0,0,0,0,0,0,0,0,0,0,0,0,0,0,0,0,0,0,0,0,0,0,0,0,0,0,0,0,0,0,0,0,0,0,[0|0|0],0,0,0,0,2160,[0|0|0|0],1,0,0,1,0,[0|0|0],0,0,0,0,0,-1,-1,-1,-1,1,0,0,0,0,0,0,0,0,0,0,100,0,0,0,-1,0,0,2,0,0,1,0,0,0,0,0,0,0,0,1,1,0,0,-1,0,-1,0,0,0,0,1,0,0,0,0,0,0,0,0,1,1,0,0,0,0,-1,1,1,8011,0,0,0,0,0,0,1,-1,0,0,1,0,0,0,0,1,0,0,0,0,1,-1,[0|0|0|0|0|0|0|0|0|0|0|0|0|0|0|0|0|0|0|0|0|0|0|0|0|0|0|0]
10010100,ASSAULT RIFLE - RF-024 TURNER (Right),0,0,0,[0|0|0],10110,1002000,0,3560,0,0,0,0,0,0,0,0,100,0,0,0,-1,-1,-1,-1,-1,-1,-1,-1,-1,-1,-1,-1,-1,-1,-1,-1,-1,-1,-1,-1,-1,-1,-1,1,1,1,1,0,0,0,1720,0,100,100,0,-1,100,0,0,0,100,0,0,0,0,0,-1,16,0,0,7,3,15,0,0,0,100,0,0,999,0,0,0,0,0,0,0,0,0,0,0,0,0,0,0,0,0,0,0,0,0,1,0,1,1,0,0,0,0,0,0,0,0,0,0,0,1,0,1,0,0,0,0,0,0,0,0,1,0,1,1,1,1,0,0,100,1,1,0,0,-1,-1,-1,-1,-1,-1,-1,-1,-1,-1,-1,-1,-1,-1,-1,-1,-1,-1,-1,-1,-1,-1,-1,-1,0,0,100,0,0,0,0,0,0,0,0,0,0,0,1,1,0,0,0,0,0,0,0,0,0,0,0,0,0,0,0,-1,-1,-1,-1,-1,-1,-1,-1,-1,0,-1,0,0,-1,0,1,0,0,0,-1,-1,-1,0,[0|0|0|0],-1,-1,-1,-1,300,-1,-1,-1,1,1,1,1,1,1,1,1,1,-1,-1,-1,-1,-1,0,-1,0,1,0,0,0,0,1,1,1,1,0,0,-1,0,[0|0|0|0],24,0.5,1,[0|0|0|0],-1,0,0,[0|0|0|0|0|0|0|0],-1,-1,-1,-1,-1,[0|0|0|0],-1,-1,-1,[0|0|0|0|0|0|0|0],-1,-1,-1,[0|0|0|0|0|0|0|0],0,0,0,[0|0|0|0],540,-1,200,100,1,1,0,-1,1,0,0,3,102,0,-1,0,40,0,-1,[0|0|0|0],0,0,0,0,0,0,0,0,0,0,0,0,0,0,0,0,0,0,0,0,0,0,0,0,0,0,0,0,0,0,0,0,201,[0|0|0|0|0|0|0|0|0|0|0|0],0,0,0,0,0,0,0,0,0,0,0,0,0,0,-1,0,0,0,0,-1,-1,-1,-1,-1,-1,-1,-1,-1,-1,-1,-1,0,0,-1,0,0,0,0,0,0,0,0,[0|0],10010100,2.2,0,-1,0,0,-1,1,1,1,1,1,1,1,1,0,0,0,0,0,0,0,0,0,0,0,0,0,0,0,0,0,0,0,0,0,0,0,0,0,[0|0],0,0,0,[0|0|0],0,0,0,-1,[0|0|0|0],11,110,0,0,0,-1,-1,-1,-1,-1,-1,-1,-1,-1,-1,0,0,0,0,0,0,0,0,0,-1,[0|0],360,0,0,0,[0|0|0],0,0,0,0,0,-1,-1,-1,-1,-1,-1,[0|0|0|0],0,0,0,0,0,[0|0|0],0,0,0,0,0,0,0,0,0,0,0,0,0,0,0,0,0,0,0,0,0,0,0,0,0,0,0,0,0,0,0,0,0,0,[0|0|0],0,0,0,0,2010,[0|0|0|0],1,0,0,1,0,[0|0|0],0,0,0,0,0,-1,-1,-1,-1,1,0,0,0,0,0,0,0,0,0,0,100,0,0,0,-1,0,0,0,0,0,1,0,0,0,0,0,0,0,0,1,1,0,0,-1,0,-1,0,0,0,0,1,0,0,0,0,0,0,0,0,1,1,0,0,0,0,-1,1,1,8012,0,0,0,0,0,0,1,-1,0,0,1,0,0,0,0,1,0,0,0,0,1,-1,[0|0|0|0|0|0|0|0|0|0|0|0|0|0|0|0|0|0|0|0|0|0|0|0|0|0|0|0]
10010600,HYPERPULSE RIFLE - HI-11: GU-RR/F (Right),0,0,0,[0|0|0],10170,1002000,0,2910,0,0,0,0,0,0,0,0,100,0,0,0,-1,-1,-1,-1,-1,-1,-1,-1,-1,-1,-1,-1,-1,-1,-1,-1,-1,-1,-1,-1,-1,-1,-1,1,1,1,1,0,0,0,1001,0,100,100,0,-1,0,100,0,0,100,0,0,0,0,0,-1,16,0,0,7,0,15,0,0,0,100,0,0,999,0,0,0,0,0,0,0,0,0,0,0,0,0,0,0,0,0,0,0,0,0,1,0,1,1,0,0,0,0,0,0,0,0,0,0,0,1,0,1,0,0,0,0,0,0,0,0,1,0,1,1,1,1,0,0,100,1,1,0,0,-1,-1,-1,-1,-1,-1,-1,-1,-1,-1,-1,-1,-1,-1,-1,-1,-1,-1,-1,-1,-1,-1,-1,-1,0,0,100,0,0,0,0,0,0,0,0,0,0,0,1,1,0,0,0,0,0,0,0,0,0,0,0,0,0,0,0,-1,-1,-1,-1,-1,-1,-1,-1,-1,0,-1,0,0,-1,0,1,0,0,0,-1,-1,-1,0,[0|0|0|0],-1,-1,-1,-1,300,-1,-1,-1,1,1,1,1,1,1,1,1,1,-1,-1,-1,-1,-1,0,-1,0,1,0,0,0,0,1,1,1,1,0,0,-1,0,[0|0|0|0],-1,0,1,[0|0|0|0],-1,0,0,[0|0|0|0|0|0|0|0],-1,-1,-1,-1,-1,[0|0|0|0],-1,-1,-1,[0|0|0|0|0|0|0|0],-1,-1,-1,[0|0|0|0|0|0|0|0],0,0,0,[0|0|0|0],200,-1,200,100,1,1,0,-1,1,0,0,3,468,0,-1,0,70,0,-1,[0|0|0|0],0,0,0,0,0,0,0,0,0,0,0,0,0,0,0,0,0,0,0,0,0,0,0,0,0,0,0,0,0,0,0,0,201,[0|0|0|0|0|0|0|0|0|0|0|0],0,0,0,0,0,0,0,0,0,0,0,0,0,0,-1,0,0,0,0,-1,-1,-1,-1,-1,-1,-1,-1,-1,-1,-1,-1,0,0,-1,0,0,0,0,0,0,0,0,[0|0],10010100,0,0,-1,0,0,-1,1,1,1,1,1,1,1,1,0,0,0,0,0,0,0,0,0,0,0,0,0,0,0,0,0,0,0,0,0,0,0,0,0,[0|0],11,0.2,0.1,[0|0|0],0,1,0,-1,[0|0|0|0],17,320,0,0,0,-1,-1,-1,-1,-1,-1,-1,-1,-1,-1,0,0,0,0,0,0,0,0,0,-1,[0|0],360,0,0,0,[0|0|0],0,0,0,0,0,-1,-1,-1,-1,-1,-1,[0|0|0|0],0,0,0,0,0,[0|0|0],0,0,0,0,0,0,0,0,0,0,0,0,0,0,0,0,0,0,0,0,0,0,0,0,0,0,0,0,0,0,0,0,0,0,[0|0|0],0,0,0,0,2010,[0|0|0|0],1,0,0,1,0,[0|0|0],0,0,0,0,0,-1,-1,-1,-1,1,0,0,0,0,0,0,0,0,0,255,90,0.4,1,0,-1,0,0,0,0,0,1,0,0,0,0,0,0,0,0,1,1,0,0,-1,0,-1,0,0,0,0,1,0,0,0,0,0,0,0,0,1,1,0,0,0,0,-1,1,1,8012,0,0,0,0,0,0,1,-1,0,0,1,0,0,0,0,1,0,0,0,0,1,-1,[0|0|0|0|0|0|0|0|0|0|0|0|0|0|0|0|0|0|0|0|0|0|0|0|0|0|0|0]
10010200,ASSAULT RIFLE - RF-025 SCUDDER (Right),0,0,0,[0|0|0],10120,1002010,0,3830,0,0,0,0,0,0,0,0,100,0,0,0,-1,-1,-1,-1,-1,-1,-1,-1,-1,-1,-1,-1,-1,-1,-1,-1,-1,-1,-1,-1,-1,-1,-1,1,1,1,1,0,0,0,1730,0,100,100,0,-1,100,0,0,0,100,0,0,0,0,0,-1,16,0,0,7,3,15,0,0,0,100,0,0,999,0,0,0,0,0,0,0,0,0,0,0,0,0,0,0,0,0,0,0,0,0,1,0,1,1,0,0,0,0,0,0,0,0,0,0,0,1,0,1,0,0,0,0,0,0,0,0,1,0,1,1,1,1,0,0,100,1,1,0,0,-1,-1,-1,-1,-1,-1,-1,-1,-1,-1,-1,-1,-1,-1,-1,-1,-1,-1,-1,-1,-1,-1,-1,-1,0,0,100,0,0,0,0,0,0,0,0,0,0,0,1,1,0,0,0,0,0,0,0,0,0,0,0,0,0,0,0,-1,-1,-1,-1,-1,-1,-1,-1,-1,0,-1,0,0,-1,0,1,0,0,0,-1,-1,-1,0,[0|0|0|0],-1,-1,-1,-1,300,-1,-1,-1,1,1,1,1,1,1,1,1,1,-1,-1,-1,-1,-1,0,-1,0,1,0,0,0,0,1,1,1,1,0,0,-1,0,[0|0|0|0],21,0.5,1,[0|0|0|0],-1,0,0,[0|0|0|0|0|0|0|0],-1,-1,-1,-1,-1,[0|0|0|0],-1,-1,-1,[0|0|0|0|0|0|0|0],-1,-1,-1,[0|0|0|0|0|0|0|0],0,0,0,[0|0|0|0],450,-1,200,100,1,1,0,-1,1,0,0,3,153,0,-1,0,50,0,-1,[0|0|0|0],0,0,0,0,0,0,0,0,0,0,0,0,0,0,0,0,0,0,0,0,0,0,0,0,0,0,0,0,0,0,0,0,201,[0|0|0|0|0|0|0|0|0|0|0|0],0,0,0,0,0,0,0,0,0,0,0,0,0,0,-1,0,0,0,0,-1,-1,-1,-1,-1,-1,-1,-1,-1,-1,-1,-1,0,0,-1,0,0,0,0,0,0,0,0,[0|0],10010200,2.4,0,-1,0,0,-1,1,1,1,1,1,1,1,1,0,0,0,0,0,0,0,0,0,0,0,0,0,0,0,0,0,0,0,0,0,0,0,0,0,[0|0],0,0,0,[0|0|0],0,0,0,-1,[0|0|0|0],11,110,0,0,0,-1,-1,-1,-1,-1,-1,-1,-1,-1,-1,0,0,0,0,0,0,0,0,0,-1,[0|0],360,0,0,0,[0|0|0],0,0,0,0,0,-1,-1,-1,-1,-1,-1,[0|0|0|0],0,0,0,0,0,[0|0|0],0,0,0,0,0,0,0,0,0,0,0,0,0,0,0,0,0,0,0,0,0,0,0,0,0,0,0,0,0,0,0,0,0,0,[0|0|0],0,0,0,0,2010,[0|0|0|0],1,0,0,1,0,[0|0|0],0,0,0,0,0,-1,-1,-1,-1,1,0,0,0,0,0,0,0,0,0,0,100,0,0,0,-1,0,0,0,0,0,1,0,0,0,0,0,0,0,0,1,1,0,0,-1,0,-1,0,0,0,0,1,0,0,0,0,0,0,0,0,1,1,0,0,0,0,-1,1,1,8013,0,0,0,0,0,0,1,-1,0,0,1,0,0,0,0,1,0,0,0,0,1,-1,[0|0|0|0|0|0|0|0|0|0|0|0|0|0|0|0|0|0|0|0|0|0|0|0|0|0|0|0]
10010300,LIGHT WAVE RIFLE - IA-C01A1: LUNAR (Right),0,0,0,[0|0|0],10130,1035011,0,3620,0,0,0,0,0,0,0,0,100,0,0,0,-1,-1,-1,-1,-1,-1,-1,-1,-1,-1,-1,-1,-1,-1,-1,-1,-1,-1,-1,-1,-1,-1,-1,1,1,1,1,0,0,0,2840,0,100,100,0,-1,0,100,0,0,100,0,0,0,0,0,-1,16,0,0,7,0,15,0,0,0,100,0,0,999,0,0,0,0,0,0,0,0,0,0,0,0,0,0,0,0,0,0,0,0,0,1,0,1,1,0,0,0,0,0,0,0,0,0,0,0,1,0,1,0,0,0,0,0,0,0,0,1,0,1,1,1,1,0,0,100,1,1,0,0,-1,-1,-1,-1,-1,-1,-1,-1,-1,-1,-1,-1,-1,-1,-1,-1,-1,-1,-1,-1,-1,-1,-1,-1,0,0,100,0,0,0,0,0,0,0,0,0,0,0,1,1,0,0,0,0,0,0,0,0,0,0,0,0,0,0,0,-1,-1,-1,-1,-1,-1,-1,-1,-1,0,-1,0,0,-1,0,1,0,0,0,-1,-1,-1,0,[0|0|0|0],-1,-1,-1,-1,300,-1,-1,-1,1,1,1,1,1,1,1,1,1,-1,-1,-1,-1,-1,0,-1,0,1,0,0,0,0,1,1,1,1,0,0,-1,0,[0|0|0|0],-1,0.5,1,[0|0|0|0],-1,0,0,[0|0|0|0|0|0|0|0],-1,-1,-1,-1,-1,[0|0|0|0],-1,-1,-1,[0|0|0|0|0|0|0|0],-1,-1,-1,[0|0|0|0|0|0|0|0],0,0,0,[0|0|0|0],360,-1,800,100,1,1,0,-1,1,0,0,3,502,0,-1,0,50,0,-1,[0|0|0|0],0,0,0,0,0,0,0,0,0,0,0,0,0,0,0,0,0,0,0,0,0,0,0,0,0,0,0,0,0,0,0,0,201,[0|0|0|0|0|0|0|0|0|0|0|0],0,0,0,0,0,0,0,0,0,0,0,0,0,0,-1,0,0,0,0,-1,-1,-1,-1,-1,-1,-1,-1,-1,-1,-1,-1,0,0,-1,0,0,0,0,0,0,0,0,[0|0],10010200,2.4,0,-1,0,0,-1,1,1,1,1,1,1,1,1,0,0,0,0,0,0,0,0,0,0,0,0,0,0,0,0,0,0,0,0,0,0,0,0,0,[0|0],0,0,0,[0|0|0],0,1,0,-1,[0|0|0|0],2,111,0,0,0,-1,-1,-1,-1,-1,-1,-1,-1,-1,-1,0,0,0,0,0,0,0,0,0,-1,[0|0],360,0,0,0,[0|0|0],0,0,0,0,0,-1,-1,-1,-1,-1,-1,[0|0|0|0],0,0,0,0,0,[0|0|0],0,0,0,0,0,0,0,0,0,0,0,0,0,0,0,0,0,0,0,0,0,0,0,0,0,0,0,0,0,0,0,0,0,0,[0|0|0],0,0,0,0,2010,[0|0|0|0],1,0,0,1,0,[0|0|0],0,0,0,0,0,-1,-1,-1,-1,1,0,0,0,0,0,0,0,0,0,400,100,0.7,0.3,0,-1,0,0,0,0,0,1,0,0,0,0,0,0,0,0,1,1,0,0,-1,0,-1,0,0,0,0,1,0,0,0,0,0,0,0,0,1,1,0,0,0,0,-1,1,1,8013,0,0,0,0,0,0,1,-1,0,0,1,0,0,0,0,1,0,0,0,0,1,-1,[0|0|0|0|0|0|0|0|0|0|0|0|0|0|0|0|0|0|0|0|0|0|0|0|0|0|0|0]
10010400,LINEAR SNIPER RIFLE - LSN-039 ADRIAN (Right),0,0,0,[0|0|0],10140,1002000,0,4910,0,0,0,0,0,0,0,0,100,0,0,0,-1,-1,-1,-1,-1,-1,-1,-1,-1,-1,-1,-1,-1,-1,-1,-1,-1,-1,-1,-1,-1,-1,-1,1,1,1,1,0,0,0,1690,0,100,100,0,-1,100,0,0,0,100,0,0,0,0,0,-1,16,0,0,7,0,21,0,0,0,100,0,0,999,0,0,0,0,0,0,0,0,0,0,0,0,0,0,0,0,0,0,0,0,0,1,0,1,1,0,0,0,0,0,0,0,0,0,0,0,1,0,1,0,0,0,0,0,0,0,0,1,0,1,1,1,1,0,0,100,1,1,0,0,-1,-1,-1,-1,-1,-1,-1,-1,-1,-1,-1,-1,-1,-1,-1,-1,-1,-1,-1,-1,-1,-1,-1,-1,0,0,100,0,0,0,0,0,0,0,0,0,0,0,1,1,0,0,0,0,0,0,0,0,0,0,0,0,0,0,0,-1,-1,-1,-1,-1,-1,-1,-1,-1,0,-1,0,0,-1,0,1,0,0,0,-1,-1,-1,0,[0|0|0|0],-1,-1,-1,-1,300,-1,-1,-1,1,1,1,1,1,1,1,1,1,-1,-1,-1,-1,-1,0,-1,0,1,0,0,0,0,1,1,1,1,0,0,-1,0,[0|0|0|0],1,0.5,1,[0|0|0|0],-1,0,0,[0|0|0|0|0|0|0|0],-1,-1,-1,-1,-1,[0|0|0|0],-1,-1,-1,[0|0|0|0|0|0|0|0],-1,-1,-1,[0|0|0|0|0|0|0|0],0,0,0,[0|0|0|0],64,-1,200,100,1,1,0,-1,1,0,0,4,102,0,-1,0,500,0,-1,[0|0|0|0],0,0,0,0,0,0,0,0,0,0,0,0,0,0,0,0,0,0,0,0,0,0,0,0,0,0,0,0,0,0,0,0,206,[0|0|0|0|0|0|0|0|0|0|0|0],0,0,0,0,0,0,0,0,0,0,0,0,0,0,-1,0,0,0,0,-1,-1,-1,-1,-1,-1,-1,-1,-1,-1,-1,-1,0,0,-1,0,0,0,0,0,0,0,0,[0|0],10060000,2.6,0,-1,0,0,-1,1,1,1,1,1,1,1,1,0,0,0,0,0,0,0,0,0,0,0,0,0,0,0,0,0,0,0,0,0,0,0,0,0,[0|0],0,0,0,[0|0|0],0,0,0,-1,[0|0|0|0],11,101,0,0,0,-1,-1,-1,-1,-1,-1,-1,-1,-1,-1,0,0,0,0,0,0,0,0,0,-1,[0|0],360,0,0,0,[0|0|0],0,0,0,0,0,-1,-1,-1,-1,-1,-1,[0|0|0|0],0,0,0,0,0,[0|0|0],0,0,0,0,0,0,0,0,0,0,0,0,0,0,0,0,0,0,0,0,0,0,0,0,0,0,0,0,0,0,0,0,0,0,[0|0|0],0,0,0,0,2010,[0|0|0|0],1,0,0,0,0,[0|0|0],0,0,0,0,0,-1,-1,-1,-1,1,0,0,0,0,0,0,0,0,0,0,100,0,0,0,-1,0,0,0,0,0,1,0,0,0,0,0,0,0,0,1,1,0,0,-1,0,-1,0,0,0,0,1,0,0,0,0,0,0,0,0,1,1,0,0,0,0,-1,1,1,8012,0,0,0,0,0,0,1,-1,0,0,1,0,0,0,0,1,0,0,0,0,1,-1,[0|0|0|0|0|0|0|0|0|0|0|0|0|0|0|0|0|0|0|0|0|0|0|0|0|0|0|0]
10010500,DOUBLE ASSAULT RIFLE - AX-24 GENESIS (Right),0,0,0,[0|0|0],10150,1002010,0,5110,0,0,0,0,0,0,0,0,100,0,0,0,-1,-1,-1,-1,-1,-1,-1,-1,-1,-1,-1,-1,-1,-1,-1,-1,-1,-1,-1,-1,-1,-1,-1,1,1,1,1,0,0,0,1740,0,100,100,0,-1,100,0,0,0,100,0,0,0,0,0,-1,16,0,0,7,3,15,0,0,0,100,0,0,999,0,0,0,0,0,0,0,0,0,0,0,0,0,0,0,0,0,0,0,0,0,1,0,1,1,0,0,0,0,0,0,0,0,0,0,0,1,0,1,0,0,0,0,0,0,0,0,1,0,1,1,1,1,0,0,100,1,1,0,0,-1,-1,-1,-1,-1,-1,-1,-1,-1,-1,-1,-1,-1,-1,-1,-1,-1,-1,-1,-1,-1,-1,-1,-1,0,0,100,0,0,0,0,0,0,0,0,0,0,0,1,1,0,0,0,0,0,0,0,0,0,0,0,0,0,0,0,-1,-1,-1,-1,-1,-1,-1,-1,-1,0,-1,0,0,-1,0,1,0,0,0,-1,-1,-1,0,[0|0|0|0],-1,-1,-1,-1,300,-1,-1,-1,1,1,1,1,1,1,1,1,1,-1,-1,-1,-1,-1,0,-1,0,1,0,0,0,0,1,1,1,1,0,0,-1,0,[0|0|0|0],26,0.5,1,[0|0|0|0],-1,0,0,[0|0|0|0|0|0|0|0],-1,-1,-1,-1,-1,[0|0|0|0],-1,-1,-1,[0|0|0|0|0|0|0|0],-1,-1,-1,[0|0|0|0|0|0|0|0],0,0,0,[0|0|0|0],510,-1,200,100,1,1,0,-1,1,0,0,3,277,0,-1,0,30,0,-1,[0|0|0|0],0,0,0,0,0,0,0,0,0,0,0,0,0,0,0,0,0,0,0,0,0,0,0,0,0,0,0,0,0,0,0,0,201,[0|0|0|0|0|0|0|0|0|0|0|0],0,0,0,0,0,0,0,0,0,0,0,0,0,0,-1,0,0,0,0,-1,-1,-1,-1,-1,-1,-1,-1,-1,-1,-1,-1,0,0,-1,0,0,0,0,0,0,0,0,[0|0],10010200,3.5,0,-1,0,0,-1,1,1,1,1,1,1,1,1,0,0,0,0,0,0,0,0,0,0,0,0,0,0,0,0,0,0,0,0,0,0,0,0,0,[0|0],0,0,0,[0|0|0],0,0,0,-1,[0|0|0|0],10,110,0,0,0,-1,-1,-1,-1,-1,-1,-1,-1,-1,-1,0,0,0,0,0,0,0,0,0,-1,[0|0],360,0,0,0,[0|0|0],0,0,0,0,0,-1,-1,-1,-1,-1,-1,[0|0|0|0],0,0,0,0,0,[0|0|0],0,0,0,0,0,0,0,0,0,0,0,0,0,0,0,0,0,0,0,0,0,0,0,0,0,0,0,0,0,0,0,0,0,0,[0|0|0],0,0,0,0,2010,[0|0|0|0],1,0,0,1,0,[0|0|0],0,0,0,0,0,-1,-1,-1,-1,1,0,0,0,0,0,0,0,0,0,0,100,0,0,0,-1,0,0,2,0,0,1,0,0,0,0,0,0,0,0,1,1,0,0,-1,0,-1,0,0,0,0,1,0,0,0,0,0,0,0,0,1,1,0,0,0,0,-1,1,1,8013,0,0,0,0,0,0,1,-1,0,0,1,0,0,0,0,1,0,0,0,0,1,-1,[0|0|0|0|0|0|0|0|0|0|0|0|0|0|0|0|0|0|0|0|0|0|0|0|0|0|0|0]
10020000,BURST MACHINE GUN - MA-E-210 ETSUJIN (Right),0,0,0,[0|0|0],10200,1005000,0,2810,0,0,0,0,0,0,0,0,100,0,0,0,-1,-1,-1,-1,-1,-1,-1,-1,-1,-1,-1,-1,-1,-1,-1,-1,-1,-1,-1,-1,-1,-1,-1,1,1,1,1,0,0,0,1810,0,100,100,0,-1,100,0,0,0,100,0,0,0,0,0,-1,16,0,0,7,3,17,0,0,0,100,0,0,999,0,0,0,0,0,0,0,0,0,0,0,0,0,0,0,0,0,0,0,0,0,1,0,1,1,0,0,0,0,0,0,0,0,0,0,0,1,0,1,0,0,0,0,0,0,0,0,1,0,1,1,1,1,0,0,100,1,1,0,0,-1,-1,-1,-1,-1,-1,-1,-1,-1,-1,-1,-1,-1,-1,-1,-1,-1,-1,-1,-1,-1,-1,-1,-1,0,0,100,0,0,0,0,0,0,0,0,0,0,0,1,1,0,0,0,0,0,0,0,0,0,0,0,0,0,0,0,-1,-1,-1,-1,-1,-1,-1,-1,-1,0,-1,0,0,-1,0,1,0,0,0,-1,-1,-1,0,[0|0|0|0],-1,-1,-1,-1,300,-1,-1,-1,1,1,1,1,1,1,1,1,1,-1,-1,-1,-1,-1,0,-1,0,1,0,0,0,0,1,1,1,1,0,0,-1,0,[0|0|0|0],28,0.5,1,[0|0|0|0],-1,0,0,[0|0|0|0|0|0|0|0],-1,-1,-1,-1,-1,[0|0|0|0],-1,-1,-1,[0|0|0|0|0|0|0|0],-1,-1,-1,[0|0|0|0|0|0|0|0],0,0,0,[0|0|0|0],700,-1,200,100,1,1,0,-1,1,0,0,3,98,0,-1,0,30,0,-1,[0|0|0|0],0,0,0,0,0,0,0,0,0,0,0,0,0,0,0,0,0,0,0,0,0,0,0,0,0,0,0,0,0,0,0,0,202,[0|0|0|0|0|0|0|0|0|0|0|0],0,0,0,0,0,0,0,0,0,0,0,0,0,0,-1,0,0,0,0,-1,-1,-1,-1,-1,-1,-1,-1,-1,-1,-1,-1,0,0,-1,0,0,0,0,0,0,0,0,[0|0],10020000,1.5,0,-1,0,0,-1,1,1,1,1,1,1,1,1,0,0,0,0,0,0,0,0,0,0,0,0,0,0,0,0,0,0,0,0,0,0,0,0,0,[0|0],0,0,0,[0|0|0],0,0,0,-1,[0|0|0|0],15,150,0,0,0,-1,-1,-1,-1,-1,-1,-1,-1,-1,-1,0,0,0,0,0,0,0,0,0,-1,[0|0],360,0,0,0,[0|0|0],0,0,0,0,0,-1,-1,-1,-1,-1,-1,[0|0|0|0],0,0,0,0,0,[0|0|0],0,0,0,0,0,0,0,0,0,0,0,0,0,0,0,0,0,0,0,0,0,0,0,0,0,0,0,0,0,0,0,0,0,0,[0|0|0],0,0,0,0,2020,[0|0|0|0],1,0,0,1,0,[0|0|0],0,0,0,0,0,-1,-1,-1,-1,1,0,0,0,0,0,0,0,0,0,0,100,0,0,0,-1,0,0,2,0,0,1,0,0,0,0,0,0,0,0,1,1,0,0,-1,0,-1,0,0,0,0,1,0,0,0,0,0,0,0,0,1,1,0,0,0,0,-1,1,1,8014,0,0,0,0,0,0,1,-1,0,0,1,0,0,0,0,1,0,0,0,0,1,-1,[0|0|0|0|0|0|0|0|0|0|0|0|0|0|0|0|0|0|0|0|0|0|0|0|0|0|0|0]
10020600,MACHINE HANDGUN - WD-6767 MACKIE (Right),0,0,0,[0|0|0],10260,1005000,0,1650,0,0,0,0,0,0,0,0,100,0,0,0,-1,-1,-1,-1,-1,-1,-1,-1,-1,-1,-1,-1,-1,-1,-1,-1,-1,-1,-1,-1,-1,-1,-1,1,1,1,1,0,0,0,1810,0,100,100,0,-1,100,0,0,0,100,0,0,0,0,0,-1,16,0,0,7,3,19,0,0,0,100,0,0,999,0,0,0,0,0,0,0,0,0,0,0,0,0,0,0,0,0,0,0,0,0,1,0,1,1,0,0,0,0,0,0,0,0,0,0,0,1,0,1,0,0,0,0,0,0,0,0,1,0,1,1,1,1,0,0,100,1,1,0,0,-1,-1,-1,-1,-1,-1,-1,-1,-1,-1,-1,-1,-1,-1,-1,-1,-1,-1,-1,-1,-1,-1,-1,-1,0,0,100,0,0,0,0,0,0,0,0,0,0,0,1,1,0,0,0,0,0,0,0,0,0,0,0,0,0,0,0,-1,-1,-1,-1,-1,-1,-1,-1,-1,0,-1,0,0,-1,0,1,0,0,0,-1,-1,-1,0,[0|0|0|0],-1,-1,-1,-1,300,-1,-1,-1,1,1,1,1,1,1,1,1,1,-1,-1,-1,-1,-1,0,-1,0,1,0,0,0,0,1,1,1,1,0,0,-1,0,[0|0|0|0],60,0.2,1,[0|0|0|0],-1,0,0,[0|0|0|0|0|0|0|0],-1,-1,-1,-1,-1,[0|0|0|0],-1,-1,-1,[0|0|0|0|0|0|0|0],-1,-1,-1,[0|0|0|0|0|0|0|0],0,0,0,[0|0|0|0],420,-1,200,100,1,1,0,-1,1,0,0,1,104,0,-1,0,25,0,-1,[0|0|0|0],0,0,0,0,0,0,0,0,0,0,0,0,0,0,0,0,0,0,0,0,0,0,0,0,0,0,0,0,0,0,0,0,207,[0|0|0|0|0|0|0|0|0|0|0|0],0,0,0,0,0,0,0,0,0,0,0,0,0,0,-1,0,0,0,0,-1,-1,-1,-1,-1,-1,-1,-1,-1,-1,-1,-1,0,0,-1,0,0,0,0,0,0,0,0,[0|0],10020000,1.2,0,-1,0,0,-1,1,1,1,1,1,1,1,1,0,0,0,0,0,0,0,0,0,0,0,0,0,0,0,0,0,0,0,0,0,0,0,0,0,[0|0],0,0,0,[0|0|0],0,0,0,-1,[0|0|0|0],6,140,0,0,0,-1,-1,-1,-1,-1,-1,-1,-1,-1,-1,0,0,0,0,0,0,0,0,0,-1,[0|0],360,0,0,0,[0|0|0],0,0,0,0,0,-1,-1,-1,-1,-1,-1,[0|0|0|0],0,0,0,0,0,[0|0|0],0,0,0,0,0,0,0,0,0,0,0,0,0,0,0,0,0,0,0,0,0,0,0,0,0,0,0,0,0,0,0,0,0,0,[0|0|0],0,0,0,0,2020,[0|0|0|0],1,0,0,1,0,[0|0|0],0,0,0,0,0,-1,-1,-1,-1,1,0,0,0,0,0,0,0,0,0,0,100,0,0,0,-1,0,0,0,0,0,1,0,0,0,0,0,0,0,0,1,1,0,0,-1,0,-1,0,0,0,0,1,0,0,0,0,0,0,0,0,1,1,0,0,0,0,-1,1,1,8014,0,0,0,0,0,0,1,-1,0,0,1,0,0,0,0,1,0,0,0,0,1,-1,[0|0|0|0|0|0|0|0|0|0|0|0|0|0|0|0|0|0|0|0|0|0|0|0|0|0|0|0]
10020100,MACHINE GUN - MG-014 LUDLOW (Right),0,0,0,[0|0|0],10210,1004000,0,2350,0,0,0,0,0,0,0,0,100,0,0,0,-1,-1,-1,-1,-1,-1,-1,-1,-1,-1,-1,-1,-1,-1,-1,-1,-1,-1,-1,-1,-1,-1,-1,1,1,1,1,0,0,0,1820,0,100,100,0,-1,100,0,0,0,100,0,0,0,0,0,-1,16,0,0,7,3,17,0,0,0,100,0,0,999,0,0,0,0,0,0,0,0,0,0,0,0,0,0,0,0,0,0,0,0,0,1,0,1,1,0,0,0,0,0,0,0,0,0,0,0,1,0,1,0,0,0,0,0,0,0,0,1,0,1,1,1,1,0,0,100,1,1,0,0,-1,-1,-1,-1,-1,-1,-1,-1,-1,-1,-1,-1,-1,-1,-1,-1,-1,-1,-1,-1,-1,-1,-1,-1,0,0,100,0,0,0,0,0,0,0,0,0,0,0,1,1,0,0,0,0,0,0,0,0,0,0,0,0,0,0,0,-1,-1,-1,-1,-1,-1,-1,-1,-1,0,-1,0,0,-1,0,1,0,0,0,-1,-1,-1,0,[0|0|0|0],-1,-1,-1,-1,300,-1,-1,-1,1,1,1,1,1,1,1,1,1,-1,-1,-1,-1,-1,0,-1,0,1,0,0,0,0,1,1,1,1,0,0,-1,0,[0|0|0|0],30,0.5,1,[0|0|0|0],-1,0,0,[0|0|0|0|0|0|0|0],-1,-1,-1,-1,-1,[0|0|0|0],-1,-1,-1,[0|0|0|0|0|0|0|0],-1,-1,-1,[0|0|0|0|0|0|0|0],0,0,0,[0|0|0|0],720,-1,200,100,1,1,0,-1,1,0,0,3,82,0,-1,0,20,0,-1,[0|0|0|0],0,0,0,0,0,0,0,0,0,0,0,0,0,0,0,0,0,0,0,0,0,0,0,0,0,0,0,0,0,0,0,0,202,[0|0|0|0|0|0|0|0|0|0|0|0],0,0,0,0,0,0,0,0,0,0,0,0,0,0,-1,0,0,0,0,-1,-1,-1,-1,-1,-1,-1,-1,-1,-1,-1,-1,0,0,-1,0,0,0,0,0,0,0,0,[0|0],10020100,1.5,0,-1,0,0,-1,1,1,1,1,1,1,1,1,0,0,0,0,0,0,0,0,0,0,0,0,0,0,0,0,0,0,0,0,0,0,0,0,0,[0|0],0,0,0,[0|0|0],0,0,0,-1,[0|0|0|0],11,140,0,0,0,-1,-1,-1,-1,-1,-1,-1,-1,-1,-1,0,0,0,0,0,0,0,0,0,-1,[0|0],360,0,0,0,[0|0|0],0,0,0,0,0,-1,-1,-1,-1,-1,-1,[0|0|0|0],0,0,0,0,0,[0|0|0],0,0,0,0,0,0,0,0,0,0,0,0,0,0,0,0,0,0,0,0,0,0,0,0,0,0,0,0,0,0,0,0,0,0,[0|0|0],0,0,0,0,2020,[0|0|0|0],1,0,0,1,0,[0|0|0],0,0,0,0,0,-1,-1,-1,-1,1,0,0,0,0,0,0,0,0,0,0,100,0,0,0,-1,0,0,0,0,0,1,0,0,0,0,0,0,0,0,1,1,0,0,-1,0,-1,0,0,0,0,1,0,0,0,0,0,0,0,0,1,1,0,0,0,0,-1,1,1,8015,0,0,0,0,0,0,1,-1,0,0,1,0,0,0,0,1,0,0,0,0,1,-1,[0|0|0|0|0|0|0|0|0|0|0|0|0|0|0|0|0|0|0|0|0|0|0|0|0|0|0|0]
90070900,HEAD - MAD-GO-00-N-ER LUDICROUS,0,0,0,[0|0|0],90790,1004000,0,0,0,0,0,0,0,0,0,0,100,0,0,0,-1,-1,-1,-1,-1,-1,-1,-1,-1,-1,-1,-1,-1,-1,-1,-1,-1,-1,-1,-1,-1,-1,-1,1,1,1,1,0,0,0,1820,0,100,100,0,-1,100,0,0,0,100,0,0,0,0,0,-1,16,0,0,7,3,17,0,0,0,100,0,0,999,0,0,0,0,0,0,0,0,0,0,0,0,0,0,0,0,0,0,0,0,0,1,0,1,1,0,0,0,0,0,0,0,0,0,0,0,1,0,1,0,0,0,0,0,0,0,0,1,0,1,1,1,1,0,0,100,1,1,0,0,-1,-1,-1,-1,-1,-1,-1,-1,-1,-1,-1,-1,-1,-1,-1,-1,-1,-1,-1,-1,-1,-1,-1,-1,0,0,100,0,0,0,0,0,0,0,0,0,0,0,1,1,0,0,0,0,0,0,0,0,0,0,0,0,0,0,0,-1,-1,-1,-1,-1,-1,-1,-1,-1,0,-1,0,0,-1,0,1,0,0,0,-1,-1,-1,0,[0|0|0|0],-1,-1,-1,-1,300,-1,-1,-1,1,1,1,1,1,1,1,1,1,-1,-1,-1,-1,-1,0,-1,0,1,0,0,0,0,1,1,1,1,0,0,-1,0,[0|0|0|0],30,0.5,1,[0|0|0|0],-1,0,0,[0|0|0|0|0|0|0|0],-1,-1,-1,-1,-1,[0|0|0|0],-1,-1,-1,[0|0|0|0|0|0|0|0],-1,-1,-1,[0|0|0|0|0|0|0|0],0,0,0,[0|0|0|0],720,-1,200,100,1,1,0,-1,1,0,0,3,0,0,-1,0,20,0,-1,[0|0|0|0],0,0,0,0,0,0,0,0,0,0,0,0,0,0,0,0,0,0,0,0,0,0,0,0,0,0,0,0,0,0,0,0,202,[0|0|0|0|0|0|0|0|0|0|0|0],0,0,0,0,0,0,0,0,0,0,0,0,0,0,-1,0,0,0,0,-1,-1,-1,-1,-1,-1,-1,-1,-1,-1,-1,-1,0,0,-1,0,0,0,0,0,0,0,0,[0|0],10020100,1.5,0,-1,0,0,-1,1,1,1,1,1,1,1,1,0,0,0,0,0,0,0,0,0,0,0,0,0,0,0,0,0,0,0,0,0,0,0,0,0,[0|0],0,0,0,[0|0|0],0,0,0,-1,[0|0|0|0],11,140,0,0,0,-1,-1,-1,-1,-1,-1,-1,-1,-1,-1,0,0,0,0,0,0,0,0,0,-1,[0|0],360,0,0,0,[0|0|0],0,0,0,0,0,-1,-1,-1,-1,-1,-1,[0|0|0|0],0,0,0,0,0,[0|0|0],0,0,0,0,0,0,0,0,0,0,0,0,0,0,0,0,0,0,0,0,0,0,0,0,0,0,0,0,0,0,0,0,0,0,[0|0|0],0,0,0,0,2020,[0|0|0|0],1,0,0,1,0,[0|0|0],0,0,0,0,0,-1,-1,-1,-1,1,0,0,0,0,0,0,0,0,0,0,100,0,0,0,-1,0,0,0,0,0,1,0,0,0,0,0,0,0,0,1,1,0,0,-1,0,-1,0,0,0,0,1,0,0,0,0,0,0,0,0,1,1,0,0,0,0,-1,1,1,8015,0,0,0,0,0,0,1,-1,0,0,1,0,0,0,0,1,0,0,0,0,1,-1,[0|0|0|0|0|0|0|0|0|0|0|0|0|0|0|0|0|0|0|0|0|0|0|0|0|0|0|0]
10020200,MACHINE GUN - DF-MG-02 CHANG-CHEN (Right),0,0,0,[0|0|0],10220,1004010,0,3280,0,0,0,0,0,0,0,0,100,0,0,0,-1,-1,-1,-1,-1,-1,-1,-1,-1,-1,-1,-1,-1,-1,-1,-1,-1,-1,-1,-1,-1,-1,-1,1,1,1,1,0,0,0,1830,0,100,100,0,-1,100,0,0,0,100,0,0,0,0,0,-1,16,0,0,7,3,17,0,0,0,100,0,0,999,0,0,0,0,0,0,0,0,0,0,0,0,0,0,0,0,0,0,0,0,0,1,0,1,1,0,0,0,0,0,0,0,0,0,0,0,1,0,1,0,0,0,0,0,0,0,0,1,0,1,1,1,1,0,0,100,1,1,0,0,-1,-1,-1,-1,-1,-1,-1,-1,-1,-1,-1,-1,-1,-1,-1,-1,-1,-1,-1,-1,-1,-1,-1,-1,0,0,100,0,0,0,0,0,0,0,0,0,0,0,1,1,0,0,0,0,0,0,0,0,0,0,0,0,0,0,0,-1,-1,-1,-1,-1,-1,-1,-1,-1,0,-1,0,0,-1,0,1,0,0,0,-1,-1,-1,0,[0|0|0|0],-1,-1,-1,-1,300,-1,-1,-1,1,1,1,1,1,1,1,1,1,-1,-1,-1,-1,-1,0,-1,0,1,0,0,0,0,1,1,1,1,0,0,-1,0,[0|0|0|0],45,0.5,1,[0|0|0|0],-1,0,0,[0|0|0|0|0|0|0|0],-1,-1,-1,-1,-1,[0|0|0|0],-1,-1,-1,[0|0|0|0|0|0|0|0],-1,-1,-1,[0|0|0|0|0|0|0|0],0,0,0,[0|0|0|0],990,-1,200,100,1,1,0,-1,1,0,0,3,143,0,-1,0,20,0,-1,[0|0|0|0],0,0,0,0,0,0,0,0,0,0,0,0,0,0,0,0,0,0,0,0,0,0,0,0,0,0,0,0,0,0,0,0,202,[0|0|0|0|0|0|0|0|0|0|0|0],0,0,0,0,0,0,0,0,0,0,0,0,0,0,-1,0,0,0,0,-1,-1,-1,-1,-1,-1,-1,-1,-1,-1,-1,-1,0,0,-1,0,1,0,0,0,0,0,0,[0|0],10020200,2.2,0,-1,0,0,-1,1,1,1,1,1,1,1,1,0,0,0,0,0,0,0,0,0,0,0,0,0,0,0,0,0,0,0,0,0,0,0,0,0,[0|0],0,0,0,[0|0|0],0,0,0,-1,[0|0|0|0],12,140,0,0,0,-1,-1,-1,-1,-1,-1,-1,-1,-1,-1,0,0,0,0,0,0,0,0,0,-1,[0|0],360,0,0,0,[0|0|0],0,0,0,0,0,-1,-1,-1,-1,-1,-1,[0|0|0|0],0,0,0,0,0,[0|0|0],0,0,0,0,0,0,0,0,0,0,0,0,0,0,0,0,0,0,0,0,0,0,0,0,0,0,0,0,0,0,0,0,0,0,[0|0|0],0,0,0,0,2020,[0|0|0|0],1,0,1,1,0,[0|0|0],0,0,0,0,0,-1,-1,-1,-1,1,0,0,0,0,0,0,0,0,0,0,100,0,0,0,-1,0,0,0,0,0,1,0,0,0,0,0,0,0,0,1,1,0,0,-1,0,-1,0,0,0,0,1,0,0,0,0,0,0,0,0,1,1,0,0,0,0,-1,1,1,8016,0,0,0,0,0,0,1,-1,0,0,1,0,0,0,0,1,0,0,0,0,1,-1,[0|0|0|0|0|0|0|0|0|0|0|0|0|0|0|0|0|0|0|0|0|0|0|0|0|0|0|0]
10020300,HEAVY MACHINE GUN - WR-0555 ATTACHE (Right),0,0,0,[0|0|0],10230,1004050,0,5110,0,0,0,0,0,0,0,0,100,0,0,0,-1,-1,-1,-1,-1,-1,-1,-1,-1,-1,-1,-1,-1,-1,-1,-1,-1,-1,-1,-1,-1,-1,-1,1,1,1,1,0,0,0,1840,0,100,100,0,-1,100,0,0,0,100,0,0,0,0,0,-1,16,0,0,7,3,17,0,0,0,100,0,0,224,0,0,0,0,0,0,0,0,0,0,0,0,0,0,0,0,0,0,0,0,0,1,0,1,1,0,0,0,0,0,0,0,0,0,0,0,1,0,1,0,0,0,0,0,0,0,0,1,0,1,1,1,1,0,0,100,1,1,0,0,-1,-1,-1,-1,-1,-1,-1,-1,-1,-1,-1,-1,-1,-1,-1,-1,-1,-1,-1,-1,-1,-1,-1,-1,0,0,100,0,0,0,0,0,0,0,0,0,0,0,1,1,0,0,0,0,0,0,0,0,0,0,0,0,0,0,0,-1,-1,-1,-1,-1,-1,-1,-1,-1,0,-1,0,0,-1,0,1,0,0,0,-1,-1,-1,0,[0|0|0|0],-1,-1,-1,-1,300,-1,-1,-1,1,1,1,1,1,1,1,1,1,-1,-1,-1,-1,-1,0,-1,0,1,0,0,0,0,1,1,1,1,0,0,-1,0,[0|0|0|0],40,0.5,1,[0|0|0|0],-1,0,0,[0|0|0|0|0|0|0|0],-1,-1,-1,-1,-1,[0|0|0|0],-1,-1,-1,[0|0|0|0|0|0|0|0],-1,-1,-1,[0|0|0|0|0|0|0|0],0,0,0,[0|0|0|0],920,-1,200,100,1,1,0,-1,1,0,0,3,303,0,-1,0,40,0,-1,[0|0|0|0],0,0,0,0,0,0,0,0,0,0,0,0,0,0,0,0,0,0,0,0,0,0,0,0,0,0,0,0,0,0,0,0,201,[0|0|0|0|0|0|0|0|0|0|0|0],0,0,0,0,0,0,0,0,0,0,0,0,0,0,-1,0,0,0,0,-1,-1,-1,-1,-1,-1,-1,-1,-1,-1,-1,-1,0,0,-1,0,0,0,0,0,0,0,0,[0|0],10020300,2.1,0,-1,0,0,-1,1,1,1,1,1,1,1,1,0,0,0,0,0,0,0,0,0,0,0,0,0,0,0,0,0,0,0,0,0,0,0,0,0,[0|0],0,0,0,[0|0|0],0,0,0,-1,[0|0|0|0],6,155,0,0,0,-1,-1,-1,-1,-1,-1,-1,-1,-1,-1,0,0,0,0,0,0,0,0,0,-1,[0|0],360,0,0,0,[0|0|0],0,0,0,0,0,-1,-1,-1,-1,-1,-1,[0|0|0|0],0,0,0,0,0,[0|0|0],0,0,0,0,0,0,0,0,0,0,0,0,0,0,0,0,0,0,0,0,0,0,0,0,0,0,0,0,0,0,0,0,0,0,[0|0|0],0,0,0,0,2020,[0|0|0|0],1,0,1,1,0,[0|0|0],0,0,0,0,0,-1,-1,-1,-1,1,0,0,0,0,0,0,0,0,0,0,100,0,0,0,-1,0,0,0,0,0,1,0,0,0,0,0,0,0,0,1,1,0,0,-1,0,-1,0,0,0,0,1,0,0,0,0,0,0,0,0,1,1,0,0,0,0,-1,1,1,8045,0,0,0,0,0,0,1,-1,0,0,1,0,0,0,0,1,0,0,0,0,1,-1,[0|0|0|0|0|0|0|0|0|0|0|0|0|0|0|0|0|0|0|0|0|0|0|0|0|0|0|0]
10020500,HEAVY MACHINE GUN - MG-016 THOMSON (Right),0,0,0,[0|0|0],10250,1004050,0,6450,0,0,0,0,0,0,0,0,100,0,0,0,-1,-1,-1,-1,-1,-1,-1,-1,-1,-1,-1,-1,-1,-1,-1,-1,-1,-1,-1,-1,-1,-1,-1,1,1,1,1,0,0,0,1845,0,100,100,0,-1,100,0,0,0,100,0,0,0,0,0,-1,16,0,0,7,3,17,0,0,0,100,0,0,224,0,0,0,0,0,0,0,0,0,0,0,0,0,0,0,0,0,0,0,0,0,1,0,1,1,0,0,0,0,0,0,0,0,0,0,0,1,0,1,0,0,0,0,0,0,0,0,1,0,1,1,1,1,0,0,100,1,1,0,0,-1,-1,-1,-1,-1,-1,-1,-1,-1,-1,-1,-1,-1,-1,-1,-1,-1,-1,-1,-1,-1,-1,-1,-1,0,0,100,0,0,0,0,0,0,0,0,0,0,0,1,1,0,0,0,0,0,0,0,0,0,0,0,0,0,0,0,-1,-1,-1,-1,-1,-1,-1,-1,-1,0,-1,0,0,-1,0,1,0,0,0,-1,-1,-1,0,[0|0|0|0],-1,-1,-1,-1,300,-1,-1,-1,1,1,1,1,1,1,1,1,1,-1,-1,-1,-1,-1,0,-1,0,1,0,0,0,0,1,1,1,1,0,0,-1,0,[0|0|0|0],50,0.4,1,[0|0|0|0],-1,0,0,[0|0|0|0|0|0|0|0],-1,-1,-1,-1,-1,[0|0|0|0],-1,-1,-1,[0|0|0|0|0|0|0|0],-1,-1,-1,[0|0|0|0|0|0|0|0],0,0,0,[0|0|0|0],750,-1,200,100,1,1,0,-1,1,0,0,3,214,0,-1,0,50,0,-1,[0|0|0|0],0,0,0,0,0,0,0,0,0,0,0,0,0,0,0,0,0,0,0,0,0,0,0,0,0,0,0,0,0,0,0,0,202,[0|0|0|0|0|0|0|0|0|0|0|0],0,0,0,0,0,0,0,0,0,0,0,0,0,0,-1,0,0,0,0,-1,-1,-1,-1,-1,-1,-1,-1,-1,-1,-1,-1,0,0,-1,0,0,0,0,0,0,0,0,[0|0],10020300,4.2,0,-1,0,0,-1,1,1,1,1,1,1,1,1,0,0,0,0,0,0,0,0,0,0,0,0,0,0,0,0,0,0,0,0,0,0,0,0,0,[0|0],0,0,0,[0|0|0],0,0,0,-1,[0|0|0|0],6,155,0,0,0,-1,-1,-1,-1,-1,-1,-1,-1,-1,-1,0,0,0,0,0,0,0,0,0,-1,[0|0],360,0,0,0,[0|0|0],0,0,0,0,0,-1,-1,-1,-1,-1,-1,[0|0|0|0],0,0,0,0,0,[0|0|0],0,0,0,0,0,0,0,0,0,0,0,0,0,0,0,0,0,0,0,0,0,0,0,0,0,0,0,0,0,0,0,0,0,0,[0|0|0],0,0,0,0,2020,[0|0|0|0],1,0,1,1,0,[0|0|0],0,0,0,0,0,-1,-1,-1,-1,1,0,0,0,0,0,0,0,0,0,0,100,0,0,0,-1,0,0,0,0,0,1,0,0,0,0,0,0,0,0,1,1,0,0,-1,0,-1,0,0,0,0,1,0,0,0,0,0,0,0,0,1,1,0,0,0,0,-1,1,1,8045,0,0,0,0,0,0,1,-1,0,0,1,0,0,0,0,1,0,0,0,0,1,-1,[0|0|0|0|0|0|0|0|0|0|0|0|0|0|0|0|0|0|0|0|0|0|0|0|0|0|0|0]
10020400,LASER MACHINE GUN - VP-66LM (Right),0,0,0,[0|0|0],10240,1004000,0,2090,0,0,0,0,0,0,0,0,100,0,0,0,-1,-1,-1,-1,-1,-1,-1,-1,-1,-1,-1,-1,-1,-1,-1,-1,-1,-1,-1,-1,-1,-1,-1,1,1,1,1,0,0,0,1850,0,100,100,0,-1,0,100,0,0,100,0,0,0,0,0,-1,16,0,0,7,3,17,0,0,0,100,0,0,999,0,0,0,0,0,0,0,0,0,0,0,0,0,0,0,0,0,0,0,0,0,1,0,1,1,0,0,0,0,0,0,0,0,0,0,0,1,0,1,0,0,0,0,0,0,0,0,1,0,1,1,1,1,0,0,100,1,1,0,0,-1,-1,-1,-1,-1,-1,-1,-1,-1,-1,-1,-1,-1,-1,-1,-1,-1,-1,-1,-1,-1,-1,-1,-1,0,0,100,0,0,0,0,0,0,0,0,0,0,0,1,1,0,0,0,0,0,0,0,0,0,0,0,0,0,0,0,-1,-1,-1,-1,-1,-1,-1,-1,-1,0,-1,0,0,-1,0,1,0,0,0,-1,-1,-1,0,[0|0|0|0],-1,-1,-1,-1,300,-1,-1,-1,1,1,1,1,1,1,1,1,1,-1,-1,-1,-1,-1,0,-1,0,1,0,0,0,0,1,1,1,1,0,0,-1,0,[0|0|0|0],-1,0.5,1,[0|0|0|0],-1,0,0,[0|0|0|0|0|0|0|0],-1,-1,-1,-1,-1,[0|0|0|0],-1,-1,-1,[0|0|0|0|0|0|0|0],-1,-1,-1,[0|0|0|0|0|0|0|0],0,0,0,[0|0|0|0],1100,-1,200,100,1,1,0,-1,1,0,0,3,515,0,-1,0,40,0,-1,[0|0|0|0],0,0,0,0,0,0,0,0,0,0,0,0,0,0,0,0,0,0,0,0,0,0,0,0,0,0,0,0,0,0,0,0,202,[0|0|0|0|0|0|0|0|0|0|0|0],0,0,0,0,0,0,0,0,0,0,0,0,0,0,-1,0,0,0,0,-1,-1,-1,-1,-1,-1,-1,-1,-1,-1,-1,-1,0,0,-1,0,0,0,0,0,0,0,0,[0|0],10020100,1.5,0,-1,0,0,-1,1,1,1,1,1,1,1,1,0,0,0,0,0,0,0,0,0,0,0,0,0,0,0,0,0,0,0,0,0,0,0,0,0,[0|0],0,0,0,[0|0|0],0,1,0,-1,[0|0|0|0],7,141,0,0,0,-1,-1,-1,-1,-1,-1,-1,-1,-1,-1,0,0,0,0,0,0,0,0,0,-1,[0|0],360,0,0,0,[0|0|0],0,0,0,0,0,-1,-1,-1,-1,-1,-1,[0|0|0|0],0,0,0,0,0,[0|0|0],0,0,0,0,0,0,0,0,0,0,0,0,0,0,0,0,0,0,0,0,0,0,0,0,0,0,0,0,0,0,0,0,0,0,[0|0|0],0,0,0,0,2020,[0|0|0|0],1,0,0,1,0,[0|0|0],0,0,0,0,0,-1,-1,-1,-1,1,0,0,0,0,0,0,0,0,0,400,104,0.5,1.3,0,-1,0,0,0,0,0,1,0,0,0,0,0,0,0,0,1,1,0,0,-1,0,-1,0,0,0,0,1,0,0,0,0,0,0,0,0,1,1,0,0,0,0,-1,1,1,8015,0,0,0,0,0,0,1,-1,0,0,1,0,0,0,0,1,0,0,0,0,1,-1,[0|0|0|0|0|0|0|0|0|0|0|0|0|0|0|0|0|0|0|0|0|0|0|0|0|0|0|0]
10020700,NOVA MACHINE GUN - NVMG (Right),0,0,0,[0|0|0],10270,1007000,0,2090,0,0,0,0,0,0,0,0,100,0,0,0,-1,-1,-1,-1,-1,-1,-1,-1,-1,-1,-1,-1,-1,-1,-1,-1,-1,-1,-1,-1,-1,-1,-1,1,1,1,1,0,0,0,1850,0,100,100,0,-1,0,100,0,0,100,0,0,0,0,0,-1,16,0,0,7,3,17,0,0,0,100,0,0,999,0,0,0,0,0,0,0,0,0,0,0,0,0,0,0,0,0,0,0,0,0,1,0,1,1,0,0,0,0,0,0,0,0,0,0,0,1,0,1,0,0,0,0,0,0,0,0,1,0,1,1,1,1,0,0,100,1,1,0,0,-1,-1,-1,-1,-1,-1,-1,-1,-1,-1,-1,-1,-1,-1,-1,-1,-1,-1,-1,-1,-1,-1,-1,-1,0,0,100,0,0,0,0,0,0,0,0,0,0,0,1,1,0,0,0,0,0,0,0,0,0,0,0,0,0,0,0,-1,-1,-1,-1,-1,-1,-1,-1,-1,0,-1,0,0,-1,0,1,0,0,0,-1,-1,-1,0,[0|0|0|0],-1,-1,-1,-1,300,-1,-1,-1,1,1,1,1,1,1,1,1,1,-1,-1,-1,-1,-1,0,-1,0,1,0,0,0,0,1,1,1,1,0,0,-1,0,[0|0|0|0],-1,0.5,1,[0|0|0|0],-1,0,0,[0|0|0|0|0|0|0|0],-1,-1,-1,-1,-1,[0|0|0|0],-1,-1,-1,[0|0|0|0|0|0|0|0],-1,-1,-1,[0|0|0|0|0|0|0|0],0,0,0,[0|0|0|0],1100,-1,200,100,1,1,0,-1,1,0,0,3,515,0,-1,0,40,0,-1,[0|0|0|0],0,0,0,0,0,0,0,0,0,0,0,0,0,0,0,0,0,0,0,0,0,0,0,0,0,0,0,0,0,0,0,0,202,[0|0|0|0|0|0|0|0|0|0|0|0],0,0,0,0,0,0,0,0,0,0,0,0,0,0,-1,0,0,0,0,-1,-1,-1,-1,-1,-1,-1,-1,-1,-1,-1,-1,0,0,-1,0,0,0,0,0,0,0,0,[0|0],10020100,1.5,0,-1,0,0,-1,1,1,1,1,1,1,1,1,0,0,0,0,0,0,0,0,0,0,0,0,0,0,0,0,0,0,0,0,0,0,0,0,0,[0|0],0,0,0,[0|0|0],0,1,0,-1,[0|0|0|0],13,141,0,0,0,-1,-1,-1,-1,-1,-1,-1,-1,-1,-1,0,0,0,0,0,0,0,0,0,-1,[0|0],360,0,0,0,[0|0|0],0,0,0,0,0,-1,-1,-1,-1,-1,-1,[0|0|0|0],0,0,0,0,0,[0|0|0],0,0,0,0,0,0,0,0,0,0,0,0,0,0,0,0,0,0,0,0,0,0,0,0,0,0,0,0,0,0,0,0,0,0,[0|0|0],0,0,0,0,2020,[0|0|0|0],1,0,0,1,0,[0|0|0],0,0,0,0,0,-1,-1,-1,-1,1,0,0,0,0,0,0,0,0,0,400,104,0.5,1.3,0,-1,0,0,0,0,0,1,0,0,0,0,0,0,0,0,1,1,0,0,-1,0,-1,0,0,0,0,1,0,0,0,0,0,0,0,0,1,1,0,0,0,0,-1,1,1,8015,0,0,0,0,0,0,1,-1,0,0,1,0,0,0,0,1,0,0,0,0,1,-1,[0|0|0|0|0|0|0|0|0|0|0|0|0|0|0|0|0|0|0|0|0|0|0|0|0|0|0|0]
10030000,GATLING GUN - DF-GA-08 HU-BEN (Right),0,0,0,[0|0|0],10300,1006000,0,5800,0,0,0,0,0,0,0,0,100,0,0,0,-1,-1,-1,-1,-1,-1,-1,-1,-1,-1,-1,-1,-1,-1,-1,-1,-1,-1,-1,-1,-1,-1,-1,1,1,1,1,0,0,0,1910,0,100,100,0,-1,100,0,0,0,100,0,0,0,0,0,-1,16,0,0,7,3,17,0,0,0,100,0,0,999,0,0,0,0,0,0,0,0,0,0,0,0,0,0,0,0,0,0,0,0,0,1,0,1,1,0,0,0,0,0,0,0,0,0,0,0,1,0,1,0,0,0,0,0,0,0,0,1,0,1,1,1,1,0,0,100,1,1,0,0,-1,-1,-1,-1,-1,-1,-1,-1,-1,-1,-1,-1,-1,-1,-1,-1,-1,-1,-1,-1,-1,-1,-1,-1,0,0,100,0,0,0,0,0,0,0,0,0,0,0,1,1,0,0,0,0,0,0,0,0,0,0,0,0,0,0,0,-1,-1,-1,-1,-1,-1,-1,-1,-1,0,-1,0,0,-1,0,1,0,0,0,-1,-1,-1,0,[0|0|0|0],-1,-1,-1,-1,300,-1,-1,-1,1,1,1,1,1,1,1,1,1,-1,-1,-1,-1,-1,0,-1,0,1,0,0,0,0,1,1,1,1,0,0,-1,0,[0|0|0|0],-1,0.5,1,[0|0|0|0],-1,0,0,[0|0|0|0|0|0|0|0],-1,-1,-1,-1,-1,[0|0|0|0],-1,-1,-1,[0|0|0|0|0|0|0|0],-1,-1,-1,[0|0|0|0|0|0|0|0],0,0,0,[0|0|0|0],1300,-1,200,100,1,1,0,-1,1,0,0,3,425,0,-1,0,30,0,-1,[0|0|0|0],0,0,0,0,0,0,0,0,0,0,0,0,0,0,0,0,0,0,0,0,0,0,0,0,0,0,0,0,0,0,0,0,203,[0|0|0|0|0|0|0|0|0|0|0|0],0,0,0,0,0,0,0,0,0,0,0,0,0,0,-1,0,0,0,0,-1,-1,-1,-1,-1,-1,-1,-1,-1,-1,-1,-1,0,0,-1,0,1,0,0,0,0,0,0,[0|0],10030000,0,0,-1,0,0,-1,1,1,1,1,1,1,1,1,0,0,0,0,0,0,0,0,0,0,0,0,0,0,0,0,0,0,0,0,0,0,0,0,0,[0|0],0,0,0,[0|0|0],0,0,0,-1,[0|0|0|0],12,160,0,0,0,-1,-1,-1,-1,-1,-1,-1,-1,-1,-1,0,0,0,0,0,0,0,0,0,-1,[0|0],360,0,0,0,[0|0|0],0,0,0,0,0,-1,-1,-1,-1,-1,-1,[0|0|0|0],0,0,0,0,0,[0|0|0],0,0,0,0,0,0,0,0,0,0,0,0,0,0,0,0,0,0,0,0,0,0,0,0,0,0,0,0,0,0,0,0,0,0,[0|0|0],0,0,0,0,2030,[0|0|0|0],1,0,1,1,0,[0|0|0],0,0,0,0,0,-1,-1,-1,-1,1,0,0,0,0,0,0,0,0,0,220,85,1,1.3,0,-1,0,0,0,0,0,1,0,0,0,0,0,0,0,0,1,1,0,0,-1,0,-1,0,0,0,0,1,0,0,0,0,0,0,0,0,1,1,0,0,0,0,-1,1,1,8017,0,0,0,0,0,0,1,-1,0,0,1,0,0,0,0,1,0,0,0,0,1,-1,[0|0|0|0|0|0|0|0|0|0|0|0|0|0|0|0|0|0|0|0|0|0|0|0|0|0|0|0]
10030100,SIMPLE GATLING GUN - DF-SC-01 HAI-DAN (Right),0,0,0,[0|0|0],10301,1006000,0,4800,0,0,0,0,0,0,0,0,100,0,0,0,-1,-1,-1,-1,-1,-1,-1,-1,-1,-1,-1,-1,-1,-1,-1,-1,-1,-1,-1,-1,-1,-1,-1,1,1,1,1,0,0,0,1911,0,100,100,0,-1,100,0,0,0,100,0,0,0,0,0,-1,16,0,0,7,3,17,0,0,0,100,0,0,999,0,0,0,0,0,0,0,0,0,0,0,0,0,0,0,0,0,0,0,0,0,1,0,1,1,0,0,0,0,0,0,0,0,0,0,0,1,0,1,0,0,0,0,0,0,0,0,1,0,1,1,1,1,0,0,100,1,1,0,0,-1,-1,-1,-1,-1,-1,-1,-1,-1,-1,-1,-1,-1,-1,-1,-1,-1,-1,-1,-1,-1,-1,-1,-1,0,0,100,0,0,0,0,0,0,0,0,0,0,0,1,1,0,0,0,0,0,0,0,0,0,0,0,0,0,0,0,-1,-1,-1,-1,-1,-1,-1,-1,-1,0,-1,0,0,-1,0,1,0,0,0,-1,-1,-1,0,[0|0|0|0],-1,-1,-1,-1,300,-1,-1,-1,1,1,1,1,1,1,1,1,1,-1,-1,-1,-1,-1,0,-1,0,1,0,0,0,0,1,1,1,1,0,0,-1,0,[0|0|0|0],-1,0.5,1,[0|0|0|0],-1,0,0,[0|0|0|0|0|0|0|0],-1,-1,-1,-1,-1,[0|0|0|0],-1,-1,-1,[0|0|0|0|0|0|0|0],-1,-1,-1,[0|0|0|0|0|0|0|0],0,0,0,[0|0|0|0],980,-1,200,100,1,1,0,-1,1,0,0,3,393,0,-1,0,25,0,-1,[0|0|0|0],0,0,0,0,0,0,0,0,0,0,0,0,0,0,0,0,0,0,0,0,0,0,0,0,0,0,0,0,0,0,0,0,203,[0|0|0|0|0|0|0|0|0|0|0|0],0,0,0,0,0,0,0,0,0,0,0,0,0,0,-1,0,0,0,0,-1,-1,-1,-1,-1,-1,-1,-1,-1,-1,-1,-1,0,0,-1,0,1,0,0,0,0,0,0,[0|0],10030000,0,0,-1,0,0,-1,1,1,1,1,1,1,1,1,0,0,0,0,0,0,0,0,0,0,0,0,0,0,0,0,0,0,0,0,0,0,0,0,0,[0|0],0,0,0,[0|0|0],0,0,0,-1,[0|0|0|0],12,163,0,0,0,-1,-1,-1,-1,-1,-1,-1,-1,-1,-1,0,0,0,0,0,0,0,0,0,-1,[0|0],360,0,0,0,[0|0|0],0,0,0,0,0,-1,-1,-1,-1,-1,-1,[0|0|0|0],0,0,0,0,0,[0|0|0],0,0,0,0,0,0,0,0,0,0,0,0,0,0,0,0,0,0,0,0,0,0,0,0,0,0,0,0,0,0,0,0,0,0,[0|0|0],0,0,0,0,2030,[0|0|0|0],1,0,1,1,0,[0|0|0],0,0,0,0,0,-1,-1,-1,-1,1,0,0,0,0,0,0,0,0,0,550,88,0.4,0.8,0,-1,0,0,0,0,0,1,0,0,0,0,0,0,0,0,1,1,0,0,-1,0,-1,0,0,0,0,1,0,0,0,0,0,0,0,0,1,1,0,0,0,0,-1,1,1,8017,0,0,0,0,0,0,1,-1,0,0,1,0,0,0,0,1,0,0,0,0,1,-1,[0|0|0|0|0|0|0|0|0|0|0|0|0|0|0|0|0|0|0|0|0|0|0|0|0|0|0|0]
10030300,DIFFUSION GATLING GUN - GX-68 LAMENTATION (Right),0,0,0,[0|0|0],10330,1006000,0,7340,0,0,0,0,0,0,0,0,100,0,0,0,-1,-1,-1,-1,-1,-1,-1,-1,-1,-1,-1,-1,-1,-1,-1,-1,-1,-1,-1,-1,-1,-1,-1,1,1,1,1,0,0,0,1915,0,100,100,0,-1,100,0,0,0,100,0,0,0,0,0,-1,16,0,0,7,3,17,0,0,0,100,0,0,999,0,0,0,0,0,0,0,0,0,0,0,0,0,0,0,0,0,0,0,0,0,1,0,1,1,0,0,0,0,0,0,0,0,0,0,0,1,0,1,0,0,0,0,0,0,0,0,1,0,1,1,1,1,0,0,100,1,1,0,0,-1,-1,-1,-1,-1,-1,-1,-1,-1,-1,-1,-1,-1,-1,-1,-1,-1,-1,-1,-1,-1,-1,-1,-1,0,0,100,0,0,0,0,0,0,0,0,0,0,0,1,1,0,0,0,0,0,0,0,0,0,0,0,0,0,0,0,-1,-1,-1,-1,-1,-1,-1,-1,-1,0,-1,0,0,-1,0,1,0,0,0,-1,-1,-1,0,[0|0|0|0],-1,-1,-1,-1,300,-1,-1,-1,1,1,1,1,1,1,1,1,1,-1,-1,-1,-1,-1,0,-1,0,1,0,0,0,0,1,1,1,1,0,0,-1,0,[0|0|0|0],-1,0.5,1,[0|0|0|0],-1,0,0,[0|0|0|0|0|0|0|0],-1,-1,-1,-1,-1,[0|0|0|0],-1,-1,-1,[0|0|0|0|0|0|0|0],-1,-1,-1,[0|0|0|0|0|0|0|0],0,0,0,[0|0|0|0],3960,-1,200,100,1,1,0,-1,1,0,0,3,602,0,-1,0,15,0,-1,[0|0|0|0],0,0,0,0,0,0,0,0,0,0,0,0,0,0,0,0,0,0,0,0,0,0,0,0,0,0,0,0,0,0,0,0,203,[0|0|0|0|0|0|0|0|0|0|0|0],0,0,0,0,0,0,0,0,0,0,0,0,0,0,-1,0,0,0,0,-1,-1,-1,-1,-1,-1,-1,-1,-1,-1,-1,-1,0,0,-1,0,1,0,0,0,0,0,0,[0|0],10030000,0,0,-1,0,0,-1,1,1,1,1,1,1,1,1,0,0,0,0,0,0,0,0,0,0,0,0,0,0,0,0,0,0,0,0,0,0,0,0,0,[0|0],0,0,0,[0|0|0],0,0,0,-1,[0|0|0|0],10,164,0,0,0,-1,-1,-1,-1,-1,-1,-1,-1,-1,-1,0,0,0,0,0,0,0,0,0,-1,[0|0],360,0,0,0,[0|0|0],0,0,0,0,0,-1,-1,-1,-1,-1,-1,[0|0|0|0],0,0,0,0,0,[0|0|0],0,0,0,0,0,0,0,0,0,0,0,0,0,0,0,0,0,0,0,0,0,0,0,0,0,0,0,0,0,0,0,0,0,0,[0|0|0],0,0,0,0,2030,[0|0|0|0],1,0,1,1,0,[0|0|0],0,0,0,0,0,-1,-1,-1,-1,1,0,0,0,0,0,0,0,0,0,233,80,1.3,2,0,-1,0,0,1,0,0,1,0,0,0,0,0,0,0,0,1,1,0,0,-1,0,-1,0,0,0,0,1,0,0,0,0,0,0,0,0,1,1,0,0,0,0,-1,1,1,8017,0,0,0,0,0,0,1,-1,0,0,1,0,0,0,0,1,0,0,0,0,1,-1,[0|0|0|0|0|0|0|0|0|0|0|0|0|0|0|0|0|0|0|0|0|0|0|0|0|0|0|0]
10031000,BURST GATLING GUN - MA-G-102 MADO (Right),0,0,0,[0|0|0],10310,1006000,0,5500,0,0,0,0,0,0,0,0,100,0,0,0,-1,-1,-1,-1,-1,-1,-1,-1,-1,-1,-1,-1,-1,-1,-1,-1,-1,-1,-1,-1,-1,-1,-1,1,1,1,1,0,0,0,1930,0,100,100,0,-1,100,0,0,0,100,0,0,0,0,0,-1,16,0,0,7,3,17,0,0,0,100,0,0,999,0,0,0,0,0,0,0,0,0,0,0,0,0,0,0,0,0,0,0,0,0,1,0,1,1,0,0,0,0,0,0,0,0,0,0,0,1,0,1,0,0,0,0,0,0,0,0,1,0,1,1,1,1,0,0,100,1,1,0,0,-1,-1,-1,-1,-1,-1,-1,-1,-1,-1,-1,-1,-1,-1,-1,-1,-1,-1,-1,-1,-1,-1,-1,-1,0,0,100,0,0,0,0,0,0,0,0,0,0,0,1,1,0,0,0,0,0,0,0,0,0,0,0,0,0,0,0,-1,-1,-1,-1,-1,-1,-1,-1,-1,0,-1,0,0,-1,0,1,0,0,0,-1,-1,-1,0,[0|0|0|0],-1,-1,-1,-1,300,-1,-1,-1,1,1,1,1,1,1,1,1,1,-1,-1,-1,-1,-1,0,-1,0,1,0,0,0,0,1,1,1,1,0,0,-1,0,[0|0|0|0],-1,0.5,1,[0|0|0|0],-1,0,0,[0|0|0|0|0|0|0|0],-1,-1,-1,-1,-1,[0|0|0|0],-1,-1,-1,[0|0|0|0|0|0|0|0],-1,-1,-1,[0|0|0|0|0|0|0|0],0,0,0,[0|0|0|0],1250,-1,200,100,1,1,0,-1,1,0,0,3,444,0,-1,0,25,0,-1,[0|0|0|0],0,0,0,0,0,0,0,0,0,0,0,0,0,0,0,0,0,0,0,0,0,0,0,0,0,0,0,0,0,0,0,0,203,[0|0|0|0|0|0|0|0|0|0|0|0],0,0,0,0,0,0,0,0,0,0,0,0,0,0,-1,0,0,0,0,-1,-1,-1,-1,-1,-1,-1,-1,-1,-1,-1,-1,0,0,-1,0,1,0,0,0,0,0,0,[0|0],10030000,0,0,-1,0,0,-1,1,1,1,1,1,1,1,1,0,0,0,0,0,0,0,0,0,0,0,0,0,0,0,0,0,0,0,0,0,0,0,0,0,[0|0],0,0,0,[0|0|0],0,0,0,-1,[0|0|0|0],15,161,0,0,0,-1,-1,-1,-1,-1,-1,-1,-1,-1,-1,0,0,0,0,0,0,0,0,0,-1,[0|0],360,0,0,0,[0|0|0],0,0,0,0,0,-1,-1,-1,-1,-1,-1,[0|0|0|0],0,0,0,0,0,[0|0|0],0,0,0,0,0,0,0,0,0,0,0,0,0,0,0,0,0,0,0,0,0,0,0,0,0,0,0,0,0,0,0,0,0,0,[0|0|0],0,0,0,0,2030,[0|0|0|0],1,0,1,1,0,[0|0|0],0,0,0,0,0,-1,-1,-1,-1,1,0,0,0,0,0,0,0,0,0,240,88,1.1,1.3,0,-1,0,0,2,0,0,1,0,0,0,0,0,0,0,0,1,1,0,0,-1,0,-1,0,0,0,0,1,0,0,0,0,0,0,0,0,1,1,0,0,0,0,-1,1,1,8017,0,0,0,0,0,0,1,-1,0,0,1,0,0,0,0,1,0,0,0,0,1,-1,[0|0|0|0|0|0|0|0|0|0|0|0|0|0|0|0|0|0|0|0|0|0|0|0|0|0|0|0]
10040000,BAZOOKA - LITTLE GEM (Right),0,0,0,[0|0|0],10400,1012020,0,2940,0,0,0,0,0,0,0,0,100,0,0,0,-1,-1,-1,-1,-1,-1,-1,-1,-1,-1,-1,-1,-1,-1,-1,-1,-1,-1,-1,-1,-1,-1,-1,1,1,1,1,0,0,0,1410,0,100,100,0,-1,0,0,100,0,100,0,0,0,0,0,-1,16,0,0,7,0,18,0,0,0,100,0,0,999,0,0,0,0,0,0,0,0,0,0,0,0,0,0,0,0,0,0,0,0,0,1,0,1,1,0,0,0,0,0,0,0,0,0,0,0,1,0,1,0,0,0,0,0,0,0,0,1,0,1,1,1,1,0,0,100,1,1,0,0,-1,-1,-1,-1,-1,-1,-1,-1,-1,-1,-1,-1,-1,-1,-1,-1,-1,-1,-1,-1,-1,-1,-1,-1,0,0,100,0,0,0,0,0,0,0,0,0,0,0,1,1,0,0,0,0,0,0,0,0,0,0,0,0,0,0,0,-1,-1,-1,-1,-1,-1,-1,-1,-1,0,-1,0,0,-1,0,1,0,0,0,-1,-1,-1,0,[0|0|0|0],-1,-1,-1,-1,200,-1,-1,-1,1,1,1,1,1,1,1,1,1,-1,-1,-1,-1,-1,0,-1,0,1,0,0,0,0,1,1,1,1,0,0,-1,0,[0|0|0|0],1,0.5,1,[0|0|0|0],-1,0,0,[0|0|0|0|0|0|0|0],-1,-1,-1,-1,-1,[0|0|0|0],-1,-1,-1,[0|0|0|0|0|0|0|0],-1,-1,-1,[0|0|0|0|0|0|0|0],0,0,0,[0|0|0|0],36,-1,200,100,1,1,0,-1,1,0,0,4,169,0,-1,0,450,0,-1,[0|0|0|0],0,0,0,0,0,0,0,0,0,0,0,0,0,0,0,0,0,0,0,0,0,0,0,0,0,0,0,0,0,0,0,0,204,[0|0|0|0|0|0|0|0|0|0|0|0],0,0,0,0,0,0,0,0,0,0,0,0,0,0,-1,0,0,0,0,-1,-1,-1,-1,-1,-1,-1,-1,-1,-1,-1,-1,0,0,-1,0,0,0,0,0,0,0,0,[0|0],10040000,3.2,0,-1,0,0,-1,1,1,1,1,1,1,1,1,0,0,0,0,0,0,0,0,0,0,0,0,0,0,0,0,0,0,0,0,0,0,0,0,0,[0|0],0,0,0,[0|0|0],0,0,0,-1,[0|0|0|0],18,230,0,0,0,-1,-1,-1,-1,-1,-1,-1,-1,-1,-1,0,0,0,0,0,0,0,0,0,-1,[0|0],360,0,0,0,[0|0|0],0,0,0,0,0,-1,-1,-1,-1,-1,-1,[0|0|0|0],0,0,0,0,0,[0|0|0],0,0,0,0,0,0,0,0,0,0,0,0,0,0,0,0,0,0,0,0,0,0,0,0,0,0,0,0,0,0,0,0,0,0,[0|0|0],0,0,0,0,2040,[0|0|0|0],1,0,0,0,0,[0|0|0],0,0,0,0,0,-1,-1,-1,-1,1,0,0,0,0,0,0,0,0,0,0,100,0,0,0,-1,0,4,0,4,0,1,4,4,4,4,0,4,1,1,1,1,0,0,-1,0,-1,0,0,0,0,1,0,0,0,0,0,0,0,0,1,1,0,0,0,0,-1,1,1,8002,0,0,0,0,0,0,1,-1,0,0,1,0,0,0,0,1,0,0,0,0,1,-1,[0|0|0|0|0|0|0|0|0|0|0|0|0|0|0|0|0|0|0|0|0|0|0|0|0|0|0|0]
10040100,BAZOOKA - MAJESTIC (Right),0,0,0,[0|0|0],10410,1012010,0,4660,0,0,0,0,0,0,0,0,100,0,0,0,-1,-1,-1,-1,-1,-1,-1,-1,-1,-1,-1,-1,-1,-1,-1,-1,-1,-1,-1,-1,-1,-1,-1,1,1,1,1,0,0,0,1420,0,100,100,0,-1,0,0,100,0,100,0,0,0,0,0,-1,16,0,0,7,3,18,0,0,0,100,0,0,999,0,0,0,0,0,0,0,0,0,0,0,0,0,0,0,0,0,0,0,0,0,1,0,1,1,0,0,0,0,0,0,0,0,0,0,0,1,0,1,0,0,0,0,0,0,0,0,1,0,1,1,1,1,0,0,100,1,1,0,0,-1,-1,-1,-1,-1,-1,-1,-1,-1,-1,-1,-1,-1,-1,-1,-1,-1,-1,-1,-1,-1,-1,-1,-1,0,0,100,0,0,0,0,0,0,0,0,0,0,0,1,1,0,0,0,0,0,0,0,0,0,0,0,0,0,0,0,-1,-1,-1,-1,-1,-1,-1,-1,-1,0,-1,0,0,-1,0,1,0,0,0,-1,-1,-1,0,[0|0|0|0],-1,-1,-1,-1,200,-1,-1,-1,1,1,1,1,1,1,1,1,1,-1,-1,-1,-1,-1,0,-1,0,1,0,0,0,0,1,1,1,1,0,0,-1,0,[0|0|0|0],1,0.5,1,[0|0|0|0],-1,0,0,[0|0|0|0|0|0|0|0],-1,-1,-1,-1,-1,[0|0|0|0],-1,-1,-1,[0|0|0|0|0|0|0|0],-1,-1,-1,[0|0|0|0|0|0|0|0],0,0,0,[0|0|0|0],52,-1,200,100,1,1,0,-1,1,0,0,4,178,0,-1,0,600,0,-1,[0|0|0|0],0,0,0,0,0,0,0,0,0,0,0,0,0,0,0,0,0,0,0,0,0,0,0,0,0,0,0,0,0,0,0,0,204,[0|0|0|0|0|0|0|0|0|0|0|0],0,0,0,0,0,0,0,0,0,0,0,0,0,0,-1,0,0,0,0,-1,-1,-1,-1,-1,-1,-1,-1,-1,-1,-1,-1,0,0,-1,0,0,0,0,0,0,0,0,[0|0],10040100,4.2,0,-1,0,0,-1,1,1,1,1,1,1,1,1,0,0,0,0,0,0,0,0,0,0,0,0,0,0,0,0,0,0,0,0,0,0,0,0,0,[0|0],0,0,0,[0|0|0],0,0,0,-1,[0|0|0|0],18,230,0,0,0,-1,-1,-1,-1,-1,-1,-1,-1,-1,-1,0,0,0,0,0,0,0,0,0,-1,[0|0],360,0,0,0,[0|0|0],0,0,0,0,0,-1,-1,-1,-1,-1,-1,[0|0|0|0],0,0,0,0,0,[0|0|0],0,0,0,0,0,0,0,0,0,0,0,0,0,0,0,0,0,0,0,0,0,0,0,0,0,0,0,0,0,0,0,0,0,0,[0|0|0],0,0,0,0,2040,[0|0|0|0],1,0,0,0,0,[0|0|0],0,0,0,0,0,-1,-1,-1,-1,1,0,0,0,0,0,0,0,0,0,0,100,0,0,0,-1,0,4,0,4,0,1,4,4,4,4,0,4,1,1,1,1,0,0,-1,0,-1,0,0,0,0,1,0,0,0,0,0,0,0,0,1,1,0,0,0,0,-1,1,1,8003,0,0,0,0,0,0,1,-1,0,0,1,0,0,0,0,1,0,0,0,0,1,-1,[0|0|0|0|0|0|0|0|0|0|0|0|0|0|0|0|0|0|0|0|0|0|0|0|0|0|0|0]
10040200,BAZOOKA - DF-BA-06 XUAN-GE (Right),0,0,0,[0|0|0],10420,1012000,0,5480,0,0,0,0,0,0,0,0,100,0,0,0,-1,-1,-1,-1,-1,-1,-1,-1,-1,-1,-1,-1,-1,-1,-1,-1,-1,-1,-1,-1,-1,-1,-1,1,1,1,1,0,0,0,1430,0,100,100,0,-1,0,0,100,0,100,0,0,0,0,0,-1,16,0,0,7,0,18,0,0,0,100,0,0,999,0,0,0,0,0,0,0,0,0,0,0,0,0,0,0,0,0,0,0,0,0,1,0,1,1,0,0,0,0,0,0,0,0,0,0,0,1,0,1,0,0,0,0,0,0,0,0,1,0,1,1,1,1,0,0,100,1,1,0,0,-1,-1,-1,-1,-1,-1,-1,-1,-1,-1,-1,-1,-1,-1,-1,-1,-1,-1,-1,-1,-1,-1,-1,-1,0,0,100,0,0,0,0,0,0,0,0,0,0,0,1,1,0,0,0,0,0,0,0,0,0,0,0,0,0,0,0,-1,-1,-1,-1,-1,-1,-1,-1,-1,0,-1,0,0,-1,0,1,0,0,0,-1,-1,-1,0,[0|0|0|0],-1,-1,-1,-1,200,-1,-1,-1,1,1,1,1,1,1,1,1,1,-1,-1,-1,-1,-1,0,-1,0,1,0,0,0,0,1,1,1,1,0,0,-1,0,[0|0|0|0],1,0.5,1,[0|0|0|0],-1,0,0,[0|0|0|0|0|0|0|0],-1,-1,-1,-1,-1,[0|0|0|0],-1,-1,-1,[0|0|0|0|0|0|0|0],-1,-1,-1,[0|0|0|0|0|0|0|0],0,0,0,[0|0|0|0],78,-1,200,100,1,1,0,-1,1,0,0,4,240,0,-1,0,450,0,-1,[0|0|0|0],0,0,0,0,0,0,0,0,0,0,0,0,0,0,0,0,0,0,0,0,0,0,0,0,0,0,0,0,0,0,0,0,204,[0|0|0|0|0|0|0|0|0|0|0|0],0,0,0,0,0,0,0,0,0,0,0,0,0,0,-1,0,0,0,0,-1,-1,-1,-1,-1,-1,-1,-1,-1,-1,-1,-1,0,0,-1,0,0,0,0,0,0,0,0,[0|0],10040200,3.4,0,-1,0,0,-1,1,1,1,1,1,1,1,1,0,0,0,0,0,0,0,0,0,0,0,0,0,0,0,0,0,0,0,0,0,0,0,0,0,[0|0],0,0,0,[0|0|0],0,0,0,-1,[0|0|0|0],12,230,0,0,0,-1,-1,-1,-1,-1,-1,-1,-1,-1,-1,0,0,0,0,0,0,0,0,0,-1,[0|0],360,0,0,0,[0|0|0],0,0,0,0,0,-1,-1,-1,-1,-1,-1,[0|0|0|0],0,0,0,0,0,[0|0|0],0,0,0,0,0,0,0,0,0,0,0,0,0,0,0,0,0,0,0,0,0,0,0,0,0,0,0,0,0,0,0,0,0,0,[0|0|0],0,0,0,0,2040,[0|0|0|0],1,0,0,0,0,[0|0|0],0,0,0,0,0,-1,-1,-1,-1,1,0,0,0,0,0,0,0,0,0,0,100,0,0,0,-1,0,4,0,4,0,1,4,4,4,4,0,4,1,1,1,1,0,0,-1,0,-1,0,0,0,0,1,0,0,0,0,0,0,0,0,1,1,0,0,0,0,-1,1,1,8004,0,0,0,0,0,0,1,-1,0,0,1,0,0,0,0,1,0,0,0,0,1,-1,[0|0|0|0|0|0|0|0|0|0|0|0|0|0|0|0|0|0|0|0|0|0|0|0|0|0|0|0]
10040300,PILE LAUNCHER - PB-034 ALLARD (Right),0,0,0,[0|0|0],10430,1004050,0,4510,0,0,0,0,0,0,0,0,100,0,0,0,-1,-1,-1,-1,-1,-1,-1,-1,-1,-1,-1,-1,-1,-1,-1,-1,-1,-1,-1,-1,-1,-1,-1,1,1,1,1,0,0,0,1841,0,100,100,0,-1,100,0,100,0,100,0,0,0,0,0,-1,16,0,0,7,3,17,0,0,0,100,0,0,224,0,0,0,0,0,0,0,0,0,0,0,0,0,0,0,0,0,0,0,0,0,1,0,1,1,0,0,0,0,0,0,0,0,0,0,0,1,0,1,0,0,0,0,0,0,0,0,1,0,1,1,1,1,0,0,100,1,1,0,0,-1,-1,-1,-1,-1,-1,-1,-1,-1,-1,-1,-1,-1,-1,-1,-1,-1,-1,-1,-1,-1,-1,-1,-1,0,0,100,0,0,0,0,0,0,0,0,0,0,0,1,1,0,0,0,0,0,0,0,0,0,0,0,0,0,0,0,-1,-1,-1,-1,-1,-1,-1,-1,-1,0,-1,0,0,-1,0,1,0,0,0,-1,-1,-1,0,[0|0|0|0],-1,-1,-1,-1,300,-1,-1,-1,1,1,1,1,1,1,1,1,1,-1,-1,-1,-1,-1,0,-1,0,1,0,0,0,0,1,1,1,1,0,0,-1,0,[0|0|0|0],1,0.5,1,[0|0|0|0],-1,0,0,[0|0|0|0|0|0|0|0],-1,-1,-1,-1,-1,[0|0|0|0],-1,-1,-1,[0|0|0|0|0|0|0|0],-1,-1,-1,[0|0|0|0|0|0|0|0],0,0,0,[0|0|0|0],49,-1,200,100,1,1,0,-1,1,0,0,3,262,0,-1,0,1250,0,-1,[0|0|0|0],0,0,0,0,0,0,0,0,0,0,0,0,0,0,0,0,0,0,0,0,0,0,0,0,0,0,0,0,0,0,0,0,201,[0|0|0|0|0|0|0|0|0|0|0|0],0,0,0,0,0,0,0,0,0,0,0,0,0,0,-1,0,0,0,0,-1,-1,-1,-1,-1,-1,-1,-1,-1,-1,-1,-1,0,0,-1,0,0,0,0,0,0,0,0,[0|0],10020300,3.8,0,-1,0,0,-1,1,1,1,1,1,1,1,1,0,0,0,0,0,0,0,0,0,0,0,0,0,0,0,0,0,0,0,0,0,0,0,0,0,[0|0],0,0,0,[0|0|0],0,0,0,-1,[0|0|0|0],1,181,0,0,0,-1,-1,-1,-1,-1,-1,-1,-1,-1,-1,0,0,0,0,0,0,0,0,0,-1,[0|0],360,0,0,0,[0|0|0],0,0,0,0,0,-1,-1,-1,-1,-1,-1,[0|0|0|0],0,0,0,0,0,[0|0|0],0,0,0,0,0,0,0,0,0,0,0,0,0,0,0,0,0,0,0,0,0,0,0,0,0,0,0,0,0,0,0,0,0,0,[0|0|0],0,0,0,0,2020,[0|0|0|0],1,0,1,1,0,[0|0|0],0,0,0,0,0,-1,-1,-1,-1,1,0,0,0,0,0,0,0,0,0,0,100,0,0,0,-1,0,0,0,0,0,1,0,0,0,0,0,0,0,0,1,1,0,0,-1,0,-1,0,0,0,0,1,0,0,0,0,0,0,0,0,1,1,0,0,0,0,-1,1,1,8045,0,0,0,0,0,0,1,-1,0,0,1,0,0,0,0,1,0,0,0,0,1,-1,[0|0|0|0|0|0|0|0|0|0|0|0|0|0|0|0|0|0|0|0|0|0|0|0|0|0|0|0]
10040400,HEAVY LASER RIFLE - VP-66LRH (Right),0,0,0,[0|0|0],10440,1019021,0,5000,0,0,0,0,0,0,0,0,100,0,0,0,-1,-1,-1,-1,-1,-1,-1,-1,-1,-1,-1,-1,-1,-1,-1,-1,-1,-1,-1,-1,-1,-1,-1,1,1,1,1,0,0,0,2623,0,100,100,0,-1,0,100,0,0,100,0,0,0,0,0,-1,16,0,0,7,0,24,0,0,0,100,0,0,999,0,0,0,0,0,0,0,0,0,0,0,0,0,0,0,0,0,0,0,0,0,1,0,1,1,0,0,0,0,0,0,0,0,0,0,0,1,0,1,0,0,0,0,0,0,0,0,1,0,1,1,1,1,0,0,100,1,1,0,0,-1,-1,-1,-1,-1,-1,-1,-1,-1,-1,-1,-1,-1,-1,-1,-1,-1,-1,-1,-1,-1,-1,-1,-1,0,0,100,0,0,0,0,0,0,0,0,0,0,0,1,1,0,0,0,0,0,0,0,0,0,0,0,0,0,0,0,-1,-1,-1,-1,-1,-1,-1,-1,-1,0,-1,0,0,-1,0,1,0,0,0,-1,-1,-1,0,[0|0|0|0],-1,-1,-1,-1,200,-1,-1,-1,1,1,1,1,1,1,1,1,1,-1,-1,-1,-1,-1,0,-1,0,1,0,0,0,0,1,1,1,1,0,0,-1,0,[0|0|0|0],-1,0.5,1,[0|0|0|0],-1,0,0,[0|0|0|0|0|0|0|0],-1,-1,-1,-1,-1,[0|0|0|0],-1,-1,-1,[0|0|0|0|0|0|0|0],-1,-1,-1,[0|0|0|0|0|0|0|0],0,0,0,[0|0|0|0],81,-1,200,100,1,1,0,-1,1,0,0,4,566,0,-1,0,425,0,-1,[0|0|0|0],0,0,0,0,0,0,0,0,0,0,0,0,0,0,0,0,0,0,0,0,0,0,0,0,0,0,0,0,0,0,0,0,204,[0|0|0|0|0|0|0|0|0|0|0|0],0,0,0,0,0,0,0,0,0,0,0,0,0,0,-1,0,0,0,0,-1,-1,-1,-1,-1,-1,-1,-1,-1,-1,-1,-1,0,0,-1,0,0,0,0,0,0,0,0,[0|0],10040200,0,0,-1,0,0,-1,1,1,1,1,1,1,1,1,0,0,0,0,0,0,0,0,0,0,0,0,0,0,0,0,0,0,0,0,0,0,0,0,0,[0|0],0,0,0,[0|0|0],0,1,0,-1,[0|0|0|0],7,282,0,0,0,-1,-1,-1,-1,-1,-1,-1,-1,-1,-1,0,0,0,0,0,0,0,0,0,-1,[0|0],360,0,0,0,[0|0|0],0,0,0,0,0,-1,-1,-1,-1,-1,-1,[0|0|0|0],0,0,0,0,0,[0|0|0],0,0,0,0,0,0,0,0,0,0,0,0,0,0,0,0,0,0,0,0,0,0,0,0,0,0,0,0,0,0,0,0,0,0,[0|0|0],0,0,0,0,2040,[0|0|0|0],1,0,0,0,0,[0|0|0],0,0,0,0,0,-1,-1,-1,-1,1,0,0,0,0,0,0,0,0,0,263,85,2,2,0,-1,0,4,0,4,0,1,4,4,4,4,0,4,0,0,1,1,0,0,-1,0,-1,0,0,0,0,1,0,0,0,0,0,0,0,0,1,1,0,0,0,0,-1,1,1,8004,0,0,0,0,0,0,1,-1,0,0,1,0,0,0,0,1,0,0,0,0,1,-1,[0|0|0|0|0|0|0|0|0|0|0|0|0|0|0|0|0|0|0|0|0|0|0|0|0|0|0|0]
10050000,SHOTGUN - WR-0777 SWEET SIXTEEN (Right),0,0,0,[0|0|0],10500,1007020,0,1640,0,0,0,0,0,0,0,0,100,0,0,0,-1,-1,-1,-1,-1,-1,-1,-1,-1,-1,-1,-1,-1,-1,-1,-1,-1,-1,-1,-1,-1,-1,-1,1,1,1,1,0,0,0,1510,0,100,100,0,-1,100,0,0,0,100,0,0,0,0,0,-1,16,0,0,7,3,16,0,0,0,100,0,0,221,0,0,0,0,0,0,0,0,0,0,0,0,0,0,0,0,0,0,0,0,0,1,0,1,1,0,0,0,0,0,0,0,0,0,0,0,1,0,1,0,0,0,0,0,0,0,0,1,0,1,1,1,1,0,0,100,1,1,0,0,-1,-1,-1,-1,-1,-1,-1,-1,-1,-1,-1,-1,-1,-1,-1,-1,-1,-1,-1,-1,-1,-1,-1,-1,0,0,100,0,0,0,0,0,0,0,0,0,0,0,1,1,0,0,0,0,0,0,0,0,0,0,0,0,0,0,0,-1,-1,-1,-1,-1,-1,-1,-1,-1,0,-1,0,0,-1,0,1,0,0,0,-1,-1,-1,0,[0|0|0|0],-1,-1,-1,-1,200,-1,-1,-1,1,1,1,1,1,1,1,1,1,-1,-1,-1,-1,-1,0,-1,0,1,0,0,0,0,1,1,1,1,0,0,-1,0,[0|0|0|0],13,0.5,1,[0|0|0|0],-1,0,0,[0|0|0|0|0|0|0|0],-1,-1,-1,-1,-1,[0|0|0|0],-1,-1,-1,[0|0|0|0|0|0|0|0],-1,-1,-1,[0|0|0|0|0|0|0|0],0,0,0,[0|0|0|0],546,-1,200,100,1,1,0,-1,1,0,0,2,268,0,-1,0,30,0,-1,[0|0|0|0],0,0,0,0,0,0,0,0,0,0,0,0,0,0,0,0,0,0,0,0,0,0,0,0,0,0,0,0,0,0,0,0,205,[0|0|0|0|0|0|0|0|0|0|0|0],0,0,0,0,0,0,0,0,0,0,0,0,0,0,-1,0,0,0,0,-1,-1,-1,-1,-1,-1,-1,-1,-1,-1,-1,-1,0,0,-1,0,1,0,0,0,0,0,0,[0|0],10050000,3,0,-1,0,0,-1,1,1,1,1,1,1,1,1,0,0,0,0,0,0,0,0,0,0,0,0,0,0,0,0,0,0,0,0,0,0,0,0,0,[0|0],0.33,0,0,[0|0|0],0,0,0,-1,[0|0|0|0],6,170,0,0,0,-1,-1,-1,-1,-1,-1,-1,-1,-1,-1,0,0,0,0,0,0,0,0,0,-1,[0|0],360,0,0,0,[0|0|0],0,0,0,0,0,-1,-1,-1,-1,-1,-1,[0|0|0|0],0,0,0,0,0,[0|0|0],0,0,0,0,0,0,0,0,0,0,0,0,0,0,0,0,0,0,0,0,0,0,0,0,0,0,0,0,0,0,0,0,0,0,[0|0|0],0,0,0,0,2210,[0|0|0|0],1,0,1,1,0,[0|0|0],0,0,0,0,0,-1,-1,-1,-1,1,0,0,0,0,0,0,0,0,0,0,100,0,0,0,-1,0,0,1,0,0,1,0,0,0,0,0,0,0,0,1,1,0,0,-1,0,-1,0,0,0,0,1,0,0,0,0,0,0,0,0,1,1,0,0,0,0,-1,1,1,8005,0,0,0,0,0,0,1,-1,0,0,1,0,0,0,0,1,0,0,0,0,1,-1,[0|0|0|0|0|0|0|0|0|0|0|0|0|0|0|0|0|0|0|0|0|0|0|0|0|0|0|0]
10050100,SHOTGUN - SG-026 HALDEMAN (Right),0,0,0,[0|0|0],10510,1007000,0,3660,0,0,0,0,0,0,0,0,100,0,0,0,-1,-1,-1,-1,-1,-1,-1,-1,-1,-1,-1,-1,-1,-1,-1,-1,-1,-1,-1,-1,-1,-1,-1,1,1,1,1,0,0,0,1520,0,100,100,0,-1,100,0,0,0,100,0,0,0,0,0,-1,16,0,0,7,3,16,0,0,0,100,0,0,999,0,0,0,0,0,0,0,0,0,0,0,0,0,0,0,0,0,0,0,0,0,1,0,1,1,0,0,0,0,0,0,0,0,0,0,0,1,0,1,0,0,0,0,0,0,0,0,1,0,1,1,1,1,0,0,100,1,1,0,0,-1,-1,-1,-1,-1,-1,-1,-1,-1,-1,-1,-1,-1,-1,-1,-1,-1,-1,-1,-1,-1,-1,-1,-1,0,0,100,0,0,0,0,0,0,0,0,0,0,0,1,1,0,0,0,0,0,0,0,0,0,0,0,0,0,0,0,-1,-1,-1,-1,-1,-1,-1,-1,-1,0,-1,0,0,-1,0,1,0,0,0,-1,-1,-1,0,[0|0|0|0],-1,-1,-1,-1,200,-1,-1,-1,1,1,1,1,1,1,1,1,1,-1,-1,-1,-1,-1,0,-1,0,1,0,0,0,0,1,1,1,1,0,0,-1,0,[0|0|0|0],1,0.5,1,[0|0|0|0],-1,0,0,[0|0|0|0|0|0|0|0],-1,-1,-1,-1,-1,[0|0|0|0],-1,-1,-1,[0|0|0|0|0|0|0|0],-1,-1,-1,[0|0|0|0|0|0|0|0],0,0,0,[0|0|0|0],66,-1,200,100,1,1,0,-1,1,0,0,2,185,0,-1,0,200,0,-1,[0|0|0|0],0,0,0,0,0,0,0,0,0,0,0,0,0,0,0,0,0,0,0,0,0,0,0,0,0,0,0,0,0,0,0,0,205,[0|0|0|0|0|0|0|0|0|0|0|0],0,0,0,0,0,0,0,0,0,0,0,0,0,0,-1,0,0,0,0,-1,-1,-1,-1,-1,-1,-1,-1,-1,-1,-1,-1,0,0,-1,0,0,0,0,0,0,0,0,[0|0],10050100,1.3,0,-1,0,0,-1,1,1,1,1,1,1,1,1,0,0,0,0,0,0,0,0,0,0,0,0,0,0,0,0,0,0,0,0,0,0,0,0,0,[0|0],0.76,0,0,[0|0|0],0,0,0,-1,[0|0|0|0],11,170,0,0,0,-1,-1,-1,-1,-1,-1,-1,-1,-1,-1,0,0,0,0,0,0,0,0,0,-1,[0|0],360,0,0,0,[0|0|0],0,0,0,0,0,-1,-1,-1,-1,-1,-1,[0|0|0|0],0,0,0,0,0,[0|0|0],0,0,0,0,0,0,0,0,0,0,0,0,0,0,0,0,0,0,0,0,0,0,0,0,0,0,0,0,0,0,0,0,0,0,[0|0|0],0,0,0,0,2050,[0|0|0|0],1,0,0,1,0,[0|0|0],0,0,0,0,0,-1,-1,-1,-1,1,0,0,0,0,0,0,0,0,0,0,100,0,0,0,-1,0,0,0,0,0,1,0,0,0,0,0,0,0,0,1,1,0,0,-1,1,-1,0,0,0,0,1,0,0,0,0,0,0,0,0,1,1,0,0,0,0,-1,1,1,8006,0,0,0,0,0,0,1,-1,0,0,1,0,0,0,0,1,0,0,0,0,1,-1,[0|0|0|0|0|0|0|0|0|0|0|0|0|0|0|0|0|0|0|0|0|0|0|0|0|0|0|0]
10050200,SHOTGUN - SG-027 ZIMMERMAN (Right),0,0,0,[0|0|0],10520,1007010,0,4400,0,0,0,0,0,0,0,0,100,0,0,0,-1,-1,-1,-1,-1,-1,-1,-1,-1,-1,-1,-1,-1,-1,-1,-1,-1,-1,-1,-1,-1,-1,-1,1,1,1,1,0,0,0,1530,0,100,100,0,-1,100,0,0,0,100,0,0,0,0,0,-1,16,0,0,7,3,16,0,0,0,100,0,0,999,0,0,0,0,0,0,0,0,0,0,0,0,0,0,0,0,0,0,0,0,0,1,0,1,1,0,0,0,0,0,0,0,0,0,0,0,1,0,1,0,0,0,0,0,0,0,0,1,0,1,1,1,1,0,0,100,1,1,0,0,-1,-1,-1,-1,-1,-1,-1,-1,-1,-1,-1,-1,-1,-1,-1,-1,-1,-1,-1,-1,-1,-1,-1,-1,0,0,100,0,0,0,0,0,0,0,0,0,0,0,1,1,0,0,0,0,0,0,0,0,0,0,0,0,0,0,0,-1,-1,-1,-1,-1,-1,-1,-1,-1,0,-1,0,0,-1,0,1,0,0,0,-1,-1,-1,0,[0|0|0|0],-1,-1,-1,-1,200,-1,-1,-1,1,1,1,1,1,1,1,1,1,-1,-1,-1,-1,-1,0,-1,0,1,0,0,0,0,1,1,1,1,0,0,-1,0,[0|0|0|0],1,0.5,1,[0|0|0|0],-1,0,0,[0|0|0|0|0|0|0|0],-1,-1,-1,-1,-1,[0|0|0|0],-1,-1,-1,[0|0|0|0|0|0|0|0],-1,-1,-1,[0|0|0|0|0|0|0|0],0,0,0,[0|0|0|0],53,-1,200,100,1,1,0,-1,1,0,0,2,242,0,-1,0,350,0,-1,[0|0|0|0],0,0,0,0,0,0,0,0,0,0,0,0,0,0,0,0,0,0,0,0,0,0,0,0,0,0,0,0,0,0,0,0,205,[0|0|0|0|0|0|0|0|0|0|0|0],0,0,0,0,0,0,0,0,0,0,0,0,0,0,-1,0,0,0,0,-1,-1,-1,-1,-1,-1,-1,-1,-1,-1,-1,-1,0,0,-1,0,0,0,0,0,0,0,0,[0|0],10050200,2,0,-1,0,0,-1,1,1,1,1,1,1,1,1,0,0,0,0,0,0,0,0,0,0,0,0,0,0,0,0,0,0,0,0,0,0,0,0,0,[0|0],0.5,0,0,[0|0|0],0,0,0,-1,[0|0|0|0],11,170,0,0,0,-1,-1,-1,-1,-1,-1,-1,-1,-1,-1,0,0,0,0,0,0,0,0,0,-1,[0|0],360,0,0,0,[0|0|0],0,0,0,0,0,-1,-1,-1,-1,-1,-1,[0|0|0|0],0,0,0,0,0,[0|0|0],0,0,0,0,0,0,0,0,0,0,0,0,0,0,0,0,0,0,0,0,0,0,0,0,0,0,0,0,0,0,0,0,0,0,[0|0|0],0,0,0,0,2050,[0|0|0|0],1,0,0,1,0,[0|0|0],0,0,0,0,0,-1,-1,-1,-1,1,0,0,0,0,0,0,0,0,0,0,100,0,0,0,-1,0,0,0,0,0,1,0,0,0,0,0,0,0,0,1,1,0,0,-1,1,-1,0,0,0,0,1,0,0,0,0,0,0,0,0,1,1,0,0,0,0,-1,1,1,8007,0,0,0,0,0,0,1,-1,0,0,1,0,0,0,0,1,0,0,0,0,1,-1,[0|0|0|0|0|0|0|0|0|0|0|0|0|0|0|0|0|0|0|0|0|0|0|0|0|0|0|0]
10050400,SHOTGUN - SG-028 SPIELMAN (Right),0,0,0,[0|0|0],10540,1007040,0,5120,0,0,0,0,0,0,0,0,100,0,0,0,-1,-1,-1,-1,-1,-1,-1,-1,-1,-1,-1,-1,-1,-1,-1,-1,-1,-1,-1,-1,-1,-1,-1,1,1,1,1,0,0,0,1530,0,100,100,0,-1,100,0,0,0,100,0,0,0,0,0,-1,16,0,0,7,3,16,0,0,0,100,0,0,999,0,0,0,0,0,0,0,0,0,0,0,0,0,0,0,0,0,0,0,0,0,1,0,1,1,0,0,0,0,0,0,0,0,0,0,0,1,0,1,0,0,0,0,0,0,0,0,1,0,1,1,1,1,0,0,100,1,1,0,0,-1,-1,-1,-1,-1,-1,-1,-1,-1,-1,-1,-1,-1,-1,-1,-1,-1,-1,-1,-1,-1,-1,-1,-1,0,0,100,0,0,0,0,0,0,0,0,0,0,0,1,1,0,0,0,0,0,0,0,0,0,0,0,0,0,0,0,-1,-1,-1,-1,-1,-1,-1,-1,-1,0,-1,0,0,-1,0,1,0,0,0,-1,-1,-1,0,[0|0|0|0],-1,-1,-1,-1,200,-1,-1,-1,1,1,1,1,1,1,1,1,1,-1,-1,-1,-1,-1,0,-1,0,1,0,0,0,0,1,1,1,1,0,0,-1,0,[0|0|0|0],1,0.5,1,[0|0|0|0],-1,0,0,[0|0|0|0|0|0|0|0],-1,-1,-1,-1,-1,[0|0|0|0],-1,-1,-1,[0|0|0|0|0|0|0|0],-1,-1,-1,[0|0|0|0|0|0|0|0],0,0,0,[0|0|0|0],43,-1,200,100,1,1,0,-1,1,0,0,2,367,0,-1,0,450,0,-1,[0|0|0|0],0,0,0,0,0,0,0,0,0,0,0,0,0,0,0,0,0,0,0,0,0,0,0,0,0,0,0,0,0,0,0,0,200,[0|0|0|0|0|0|0|0|0|0|0|0],0,0,0,0,0,0,0,0,0,0,0,0,0,0,-1,0,0,0,0,-1,-1,-1,-1,-1,-1,-1,-1,-1,-1,-1,-1,0,0,-1,0,0,0,0,0,0,0,0,[0|0],10050400,2.8,0.9,0.2,0.3,0,-1,1,1,1,1,1,1,1,1,0,0,0,0,0,0,0,0,0,0,0,0,0,0,0,0,0,0,0,0,0,0,0,0,0,[0|0],0.5,0,0,[0|0|0],0,0,0,-1,[0|0|0|0],11,170,0,0,0,-1,-1,-1,-1,-1,-1,-1,-1,-1,-1,0,0,0,0,0,0,0,0,0,-1,[0|0],360,0,0,0,[0|0|0],0,0,0,0,0,-1,-1,-1,-1,-1,-1,[0|0|0|0],0,0,0,0,0,[0|0|0],0,0,0,0,0,0,0,0,0,0,0,0,0,0,0,0,0,0,0,0,0,0,0,0,0,0,0,0,0,0,0,0,0,0,[0|0|0],0,0,0,0,2050,[0|0|0|0],1,0,0,1,0,[0|0|0],0,0,0,0,0,-1,-1,-1,-1,1,0,0,0,0,0,0,0,0,0,205,100,4.2,0.8,0,-1,0,0,0,0,0,1,0,0,0,0,0,0,0,0,1,1,0,0,-1,1,100,0,0,0,0,1,0,0,0,0,0,0,0,0,1,1,0,0,0,0,-1,1,1,8007,0,0,0,0,0,0,1,-1,0,0,1,0,0,0,0,1,0,0,0,0,1,-1,[0|0|0|0|0|0|0|0|0|0|0|0|0|0|0|0|0|0|0|0|0|0|0|0|0|0|0|0]
10050300,BURST SHOTGUN - MA-G-103 TAMURA (Right),0,0,0,[0|0|0],10530,1007050,0,4110,0,0,0,0,0,0,0,0,100,0,0,0,-1,-1,-1,-1,-1,-1,-1,-1,-1,-1,-1,-1,-1,-1,-1,-1,-1,-1,-1,-1,-1,-1,-1,1,1,1,1,0,0,0,1540,0,100,100,0,-1,100,0,0,0,100,0,0,0,0,0,-1,16,0,0,7,3,16,0,0,0,100,0,0,999,0,0,0,0,0,0,0,0,0,0,0,0,0,0,0,0,0,0,0,0,0,1,0,1,1,0,0,0,0,0,0,0,0,0,0,0,1,0,1,0,0,0,0,0,0,0,0,1,0,1,1,1,1,0,0,100,1,1,0,0,-1,-1,-1,-1,-1,-1,-1,-1,-1,-1,-1,-1,-1,-1,-1,-1,-1,-1,-1,-1,-1,-1,-1,-1,0,0,100,0,0,0,0,0,0,0,0,0,0,0,1,1,0,0,0,0,0,0,0,0,0,0,0,0,0,0,0,-1,-1,-1,-1,-1,-1,-1,-1,-1,0,-1,0,0,-1,0,1,0,0,0,-1,-1,-1,0,[0|0|0|0],-1,-1,-1,-1,200,-1,-1,-1,1,1,1,1,1,1,1,1,1,-1,-1,-1,-1,-1,0,-1,0,1,0,0,0,0,1,1,1,1,0,0,-1,0,[0|0|0|0],5,0.5,1,[0|0|0|0],-1,0,0,[0|0|0|0|0|0|0|0],-1,-1,-1,-1,-1,[0|0|0|0],-1,-1,-1,[0|0|0|0|0|0|0|0],-1,-1,-1,[0|0|0|0|0|0|0|0],0,0,0,[0|0|0|0],60,-1,200,100,1,1,0,-1,1,0,0,2,202,0,-1,0,175,0,-1,[0|0|0|0],0,0,0,0,0,0,0,0,0,0,0,0,0,0,0,0,0,0,0,0,0,0,0,0,0,0,0,0,0,0,0,0,205,[0|0|0|0|0|0|0|0|0|0|0|0],0,0,0,0,0,0,0,0,0,0,0,0,0,0,-1,0,0,0,0,-1,-1,-1,-1,-1,-1,-1,-1,-1,-1,-1,-1,0,0,-1,0,0,0,0,0,0,0,0,[0|0],10070100,4.3,0,-1,0,0,-1,1,1,1,1,1,1,1,1,0,0,0,0,0,0,0,0,0,0,0,0,0,0,0,0,0,0,0,0,0,0,0,0,0,[0|0],0.76,0,0,[0|0|0],0,0,0,-1,[0|0|0|0],15,171,0,0,0,-1,-1,-1,-1,-1,-1,-1,-1,-1,-1,0,0,0,0,0,0,0,0,0,-1,[0|0],360,0,0,0,[0|0|0],0,0,0,0,0,-1,-1,-1,-1,-1,-1,[0|0|0|0],0,0,0,0,0,[0|0|0],0,0,0,0,0,0,0,0,0,0,0,0,0,0,0,0,0,0,0,0,0,0,0,0,0,0,0,0,0,0,0,0,0,0,[0|0|0],0,0,0,0,2050,[0|0|0|0],1,0,0,1,0,[0|0|0],0,0,0,0,0,-1,-1,-1,-1,1,0,0,0,0,0,0,0,0,0,0,100,0,0,0,-1,0,0,2,0,0,1,0,0,0,0,0,0,0,0,1,1,0,0,-1,1,-1,0,0,0,0,1,0,0,0,0,0,0,0,0,1,1,0,0,0,0,-1,1,1,8006,0,0,0,0,0,0,1,-1,0,0,1,0,0,0,0,1,0,0,0,0,1,-1,[0|0|0|0|0|0|0|0|0|0|0|0|0|0|0|0|0|0|0|0|0|0|0|0|0|0|0|0]
10060000,GRENADE LAUNCHER - DF-GR-07 GOU-CHEN (Right),0,0,0,[0|0|0],10600,1014000,0,4841,0,0,0,0,0,0,0,0,100,0,0,0,-1,-1,-1,-1,-1,-1,-1,-1,-1,-1,-1,-1,-1,-1,-1,-1,-1,-1,-1,-1,-1,-1,-1,1,1,1,1,0,0,0,1310,0,100,100,0,-1,0,0,100,0,100,0,0,0,0,0,-1,16,0,0,7,3,21,0,0,0,100,0,0,999,0,0,0,0,0,0,0,0,0,0,0,0,0,0,0,0,0,0,0,0,0,1,0,1,1,0,0,0,0,0,0,0,0,0,0,0,1,0,1,0,0,0,0,0,0,0,0,1,0,1,1,1,1,0,0,100,1,1,0,0,-1,-1,-1,-1,-1,-1,-1,-1,-1,-1,-1,-1,-1,-1,-1,-1,-1,-1,-1,-1,-1,-1,-1,-1,0,0,100,0,0,0,0,0,0,0,0,0,0,0,1,1,0,0,0,0,0,0,0,0,0,0,0,0,0,0,0,-1,-1,-1,-1,-1,-1,-1,-1,-1,0,-1,0,0,-1,0,1,0,0,0,-1,-1,-1,0,[0|0|0|0],-1,-1,-1,-1,200,-1,-1,-1,1,1,1,1,1,1,1,1,1,-1,-1,-1,-1,-1,0,-1,0,1,0,0,0,0,1,1,1,1,0,0,-1,0,[0|0|0|0],1,0.5,1,[0|0|0|0],-1,0,0,[0|0|0|0|0|0|0|0],-1,-1,-1,-1,-1,[0|0|0|0],-1,-1,-1,[0|0|0|0|0|0|0|0],-1,-1,-1,[0|0|0|0|0|0|0|0],0,0,0,[0|0|0|0],40,-1,200,100,1,1,0,-1,1,0,0,4,308,0,-1,0,1200,0,-1,[0|0|0|0],0,0,0,0,0,0,0,0,0,0,0,0,0,0,0,0,0,0,0,0,0,0,0,0,0,0,0,0,0,0,0,0,206,[0|0|0|0|0|0|0|0|0|0|0|0],0,0,0,0,0,0,0,0,0,0,0,0,0,0,-1,0,0,0,0,-1,-1,-1,-1,-1,-1,-1,-1,-1,-1,-1,-1,0,0,-1,0,0,0,0,0,0,0,0,[0|0],10060000,5.9,0,-1,0,0,-1,1,1,1,1,1,1,1,1,0,0,0,0,0,0,0,0,0,0,0,0,0,0,0,0,0,0,0,0,0,0,0,0,0,[0|0],0,0,0,[0|0|0],0,0,0,-1,[0|0|0|0],12,220,0,0,0,-1,-1,-1,-1,-1,-1,-1,-1,-1,-1,0,0,0,0,0,0,0,0,0,-1,[0|0],360,0,0,0,[0|0|0],0,0,0,0,0,-1,-1,-1,-1,-1,-1,[0|0|0|0],0,0,0,0,0,[0|0|0],0,0,0,0,0,0,0,0,0,0,0,0,0,0,0,0,0,0,0,0,0,0,0,0,0,0,0,0,0,0,0,0,0,0,[0|0|0],0,0,0,0,2060,[0|0|0|0],1,0,0,0,0,[0|0|0],0,0,0,0,0,-1,-1,-1,-1,1,0,0,0,0,0,0,0,0,0,0,100,0,0,0,-1,0,0,0,0,0,1,0,0,0,0,0,1,0,0,1,1,0,0,-1,0,-1,0,0,0,0,1,0,0,0,0,0,0,0,0,1,1,0,0,0,0,-1,1,1,8000,0,0,0,0,0,0,1,-1,0,0,1,0,0,0,0,1,0,0,0,0,1,-1,[0|0|0|0|0|0|0|0|0|0|0|0|0|0|0|0|0|0|0|0|0|0|0|0|0|0|0|0]
10060100,GRENADE LAUNCHER - DIZZY (Right),0,0,0,[0|0|0],10610,1014010,0,5590,0,0,0,0,0,0,0,0,100,0,0,0,-1,-1,-1,-1,-1,-1,-1,-1,-1,-1,-1,-1,-1,-1,-1,-1,-1,-1,-1,-1,-1,-1,-1,1,1,1,1,0,0,0,1320,0,100,100,0,-1,0,0,100,0,100,0,0,0,0,0,-1,16,0,0,7,3,21,0,0,0,100,0,0,999,0,0,0,0,0,0,0,0,0,0,0,0,0,0,0,0,0,0,0,0,0,1,0,1,1,0,0,0,0,0,0,0,0,0,0,0,1,0,1,0,0,0,0,0,0,0,0,1,0,1,1,1,1,0,0,100,1,1,0,0,-1,-1,-1,-1,-1,-1,-1,-1,-1,-1,-1,-1,-1,-1,-1,-1,-1,-1,-1,-1,-1,-1,-1,-1,0,0,100,0,0,0,0,0,0,0,0,0,0,0,1,1,0,0,0,0,0,0,0,0,0,0,0,0,0,0,0,-1,-1,-1,-1,-1,-1,-1,-1,-1,0,-1,0,0,-1,0,1,0,0,0,-1,-1,-1,0,[0|0|0|0],-1,-1,-1,-1,200,-1,-1,-1,1,1,1,1,1,1,1,1,1,-1,-1,-1,-1,-1,0,-1,0,1,0,0,0,0,1,1,1,1,0,0,-1,0,[0|0|0|0],1,0.5,1,[0|0|0|0],-1,0,0,[0|0|0|0|0|0|0|0],-1,-1,-1,-1,-1,[0|0|0|0],-1,-1,-1,[0|0|0|0|0|0|0|0],-1,-1,-1,[0|0|0|0|0|0|0|0],0,0,0,[0|0|0|0],38,-1,200,100,1,1,0,-1,1,0,0,4,364,0,-1,0,1500,0,-1,[0|0|0|0],0,0,0,0,0,0,0,0,0,0,0,0,0,0,0,0,0,0,0,0,0,0,0,0,0,0,0,0,0,0,0,0,206,[0|0|0|0|0|0|0|0|0|0|0|0],0,0,0,0,0,0,0,0,0,0,0,0,0,0,-1,0,0,0,0,-1,-1,-1,-1,-1,-1,-1,-1,-1,-1,-1,-1,0,0,-1,0,0,0,0,0,0,0,0,[0|0],10060100,5.6,0,-1,0,0,-1,1,1,1,1,1,1,1,1,0,0,0,0,0,0,0,0,0,0,0,0,0,0,0,0,0,0,0,0,0,0,0,0,0,[0|0],0,0,0,[0|0|0],0,0,0,-1,[0|0|0|0],18,220,0,0,0,-1,-1,-1,-1,-1,-1,-1,-1,-1,-1,0,0,0,0,0,0,0,0,0,-1,[0|0],360,0,0,0,[0|0|0],0,0,0,0,0,-1,-1,-1,-1,-1,-1,[0|0|0|0],0,0,0,0,0,[0|0|0],0,0,0,0,0,0,0,0,0,0,0,0,0,0,0,0,0,0,0,0,0,0,0,0,0,0,0,0,0,0,0,0,0,0,[0|0|0],0,0,0,0,2060,[0|0|0|0],1,0,0,0,0,[0|0|0],0,0,0,0,0,-1,-1,-1,-1,1,0,0,0,0,0,0,0,0,0,0,100,0,0,0,-1,0,0,0,0,0,1,0,0,0,0,0,1,0,0,1,1,0,0,-1,0,-1,0,0,0,0,1,0,0,0,0,0,0,0,0,1,1,0,0,0,0,-1,1,1,8001,0,0,0,0,0,0,1,-1,0,0,1,0,0,0,0,1,0,0,0,0,1,-1,[0|0|0|0|0|0|0|0|0|0|0|0|0|0|0|0|0|0|0|0|0|0|0|0|0|0|0|0]
10060200,GRENADE SHOTGUN - DF-GR-10 BAO-ZHA (Right),0,0,0,[0|0|0],10620,1014001,0,7296,0,0,0,0,0,0,0,0,100,0,0,0,-1,-1,-1,-1,-1,-1,-1,-1,-1,-1,-1,-1,-1,-1,-1,-1,-1,-1,-1,-1,-1,-1,-1,1,1,1,1,0,0,0,1311,0,100,100,0,-1,0,0,100,0,100,0,0,0,0,0,-1,16,0,0,7,0,21,0,0,0,100,0,0,999,0,0,0,0,0,0,0,0,0,0,0,0,0,0,0,0,0,0,0,0,0,1,0,1,1,0,0,0,0,0,0,0,0,0,0,0,1,0,1,0,0,0,0,0,0,0,0,1,0,1,1,1,1,0,0,100,1,1,0,0,-1,-1,-1,-1,-1,-1,-1,-1,-1,-1,-1,-1,-1,-1,-1,-1,-1,-1,-1,-1,-1,-1,-1,-1,0,0,100,0,0,0,0,0,0,0,0,0,0,0,1,1,0,0,0,0,0,0,0,0,0,0,0,0,0,0,0,-1,-1,-1,-1,-1,-1,-1,-1,-1,0,-1,0,0,-1,0,1,0,0,0,-1,-1,-1,0,[0|0|0|0],-1,-1,-1,-1,200,-1,-1,-1,1,1,1,1,1,1,1,1,1,-1,-1,-1,-1,-1,0,-1,0,1,0,0,0,0,1,1,1,1,0,0,-1,0,[0|0|0|0],1,0.5,1,[0|0|0|0],-1,0,0,[0|0|0|0|0|0|0|0],-1,-1,-1,-1,-1,[0|0|0|0],-1,-1,-1,[0|0|0|0|0|0|0|0],-1,-1,-1,[0|0|0|0|0|0|0|0],0,0,0,[0|0|0|0],18,-1,200,100,1,1,0,-1,1,0,0,4,391,0,-1,0,2100,0,-1,[0|0|0|0],0,0,0,0,0,0,0,0,0,0,0,0,0,0,0,0,0,0,0,0,0,0,0,0,0,0,0,0,0,0,0,0,206,[0|0|0|0|0|0|0|0|0|0|0|0],0,0,0,0,0,0,0,0,0,0,0,0,0,0,-1,0,0,0,0,-1,-1,-1,-1,-1,-1,-1,-1,-1,-1,-1,-1,0,0,-1,0,0,0,0,0,0,0,0,[0|0],10060000,6.6,0,-1,0,0,-1,1,1,1,1,1,1,1,1,0,0,0,0,0,0,0,0,0,0,0,0,0,0,0,0,0,0,0,0,0,0,0,0,0,[0|0],0,0,0,[0|0|0],0,0,0,-1,[0|0|0|0],12,220,0,0,0,-1,-1,-1,-1,-1,-1,-1,-1,-1,-1,0,0,0,0,0,0,0,0,0,-1,[0|0],360,0,0,0,[0|0|0],0,0,0,0,0,-1,-1,-1,-1,-1,-1,[0|0|0|0],0,0,0,0,0,[0|0|0],0,0,0,0,0,0,0,0,0,0,0,0,0,0,0,0,0,0,0,0,0,0,0,0,0,0,0,0,0,0,0,0,0,0,[0|0|0],0,0,0,0,2060,[0|0|0|0],1,0,0,0,0,[0|0|0],0,0,0,0,0,-1,-1,-1,-1,1,0,0,0,0,0,0,0,0,0,0,100,0,0,0,-1,0,0,1,0,0,1,0,0,0,0,0,1,0,0,1,1,0,0,-1,0,-1,0,0,0,0,1,0,0,0,0,0,0,0,0,1,1,0,0,0,0,-1,1,1,8000,0,0,0,0,0,0,1,-1,0,0,1,0,0,0,0,1,0,0,0,0,1,-1,[0|0|0|0|0|0|0|0|0|0|0|0|0|0|0|0|0|0|0|0|0|0|0|0|0|0|0|0]
10060300,NAPALM GRENADE LAUNCHER - CRAZ-B-0-00-OM "BOOMERPUNK" (Right),0,0,0,[0|0|0],10630,1014012,0,5120,0,0,0,0,0,0,0,0,100,0,0,0,-1,-1,-1,-1,-1,-1,-1,-1,-1,-1,-1,-1,-1,-1,-1,-1,-1,-1,-1,-1,-1,-1,-1,1,1,1,1,0,0,0,1434,0,100,100,0,-1,0,0,100,0,100,0,0,0,0,0,-1,16,0,0,7,0,21,0,0,0,100,0,0,999,0,0,0,0,0,0,0,0,0,0,0,0,0,0,0,0,0,0,0,0,0,1,0,1,1,0,0,0,0,0,0,0,0,0,0,0,1,0,1,0,0,0,0,0,0,0,0,1,0,1,1,1,1,0,0,100,1,1,0,0,-1,-1,-1,-1,-1,-1,-1,-1,-1,-1,-1,-1,-1,-1,-1,-1,-1,-1,-1,-1,-1,-1,-1,-1,0,0,100,0,0,0,0,0,0,0,0,0,0,0,1,1,0,0,0,0,0,0,0,0,0,0,0,0,0,0,0,-1,-1,-1,-1,-1,-1,-1,-1,-1,0,-1,0,0,-1,0,1,0,0,0,-1,-1,-1,0,[0|0|0|0],-1,-1,-1,-1,200,-1,-1,-1,1,1,1,1,1,1,1,1,1,-1,-1,-1,-1,-1,0,-1,0,1,0,0,0,0,1,1,1,1,0,0,-1,0,[0|0|0|0],1,0.5,1,[0|0|0|0],-1,0,0,[0|0|0|0|0|0|0|0],-1,-1,-1,-1,-1,[0|0|0|0],-1,-1,-1,[0|0|0|0|0|0|0|0],-1,-1,-1,[0|0|0|0|0|0|0|0],0,0,0,[0|0|0|0],36,-1,200,100,1,1,0,-1,1,0,0,4,326,0,-1,0,1750,0,-1,[0|0|0|0],0,0,0,0,0,0,0,0,0,0,0,0,0,0,0,0,0,0,0,0,0,0,0,0,0,0,0,0,0,0,0,0,206,[0|0|0|0|0|0|0|0|0|0|0|0],0,0,0,0,0,0,0,0,0,0,0,0,0,0,-1,0,0,0,0,-1,-1,-1,-1,-1,-1,-1,-1,-1,-1,-1,-1,0,0,-1,0,0,0,0,0,0,0,0,[0|0],10060100,6.1,0,-1,0,0,-1,1,1,1,1,1,1,1,1,0,0,0,0,0,0,0,0,0,0,0,0,0,0,0,0,0,0,0,0,0,0,0,0,0,[0|0],0,0,0,[0|0|0],0,0,0,-1,[0|0|0|0],1,220,0,0,0,-1,-1,-1,-1,-1,-1,-1,-1,-1,-1,0,0,0,0,0,0,0,0,0,-1,[0|0],360,0,0,0,[0|0|0],0,0,0,0,0,-1,-1,-1,-1,-1,-1,[0|0|0|0],0,0,0,0,0,[0|0|0],0,0,0,0,0,0,0,0,0,0,0,0,0,0,0,0,0,0,0,0,0,0,0,0,0,0,0,0,0,0,0,0,0,0,[0|0|0],0,0,0,0,2060,[0|0|0|0],1,0,0,0,0,[0|0|0],0,0,0,0,0,-1,-1,-1,-1,1,0,0,0,0,0,0,0,0,0,0,100,0,0,0,-1,0,1,0,0,0,1,0,0,0,0,0,1,0,0,1,1,0,0,-1,0,-1,0,0,0,0,1,0,0,0,0,0,0,0,0,1,1,0,0,0,0,-1,1,1,8001,0,0,0,0,0,0,1,-1,0,0,1,0,0,0,0,1,0,0,0,0,1,-1,[0|0|0|0|0|0|0|0|0|0|0|0|0|0|0|0|0|0|0|0|0|0|0|0|0|0|0|0]
10070000,NEEDLE GUN - EL-PW-00 VIENTO (Right),0,0,0,[0|0|0],10700,1010000,0,1180,0,0,0,0,0,0,0,0,100,0,0,0,-1,-1,-1,-1,-1,-1,-1,-1,-1,-1,-1,-1,-1,-1,-1,-1,-1,-1,-1,-1,-1,-1,-1,1,1,1,1,0,0,0,2010,0,100,100,0,-1,100,0,0,0,100,0,0,0,0,0,-1,16,0,0,7,3,19,0,0,0,100,0,0,999,0,0,0,0,0,0,0,0,0,0,0,0,0,0,0,0,0,0,0,0,0,1,0,1,1,0,0,0,0,0,0,0,0,0,0,0,1,0,1,0,0,0,0,0,0,0,0,1,0,1,1,1,1,0,0,100,1,1,0,0,-1,-1,-1,-1,-1,-1,-1,-1,-1,-1,-1,-1,-1,-1,-1,-1,-1,-1,-1,-1,-1,-1,-1,-1,0,0,100,0,0,0,0,0,0,0,0,0,0,0,1,1,0,0,0,0,0,0,0,0,0,0,0,0,0,0,0,-1,-1,-1,-1,-1,-1,-1,-1,-1,0,-1,0,0,-1,0,1,0,0,0,-1,-1,-1,0,[0|0|0|0],-1,-1,-1,-1,250,-1,-1,-1,1,1,1,1,1,1,1,1,1,-1,-1,-1,-1,-1,0,-1,0,1,0,0,0,0,1,1,1,1,0,0,-1,0,[0|0|0|0],5,0.5,1,[0|0|0|0],-1,0,0,[0|0|0|0|0|0|0|0],-1,-1,-1,-1,-1,[0|0|0|0],-1,-1,-1,[0|0|0|0|0|0|0|0],-1,-1,-1,[0|0|0|0|0|0|0|0],0,0,0,[0|0|0|0],160,-1,200,100,1,1,0,-1,1,0,0,1,215,0,-1,0,80,0,-1,[0|0|0|0],0,0,0,0,0,0,0,0,0,0,0,0,0,0,0,0,0,0,0,0,0,0,0,0,0,0,0,0,0,0,0,0,207,[0|0|0|0|0|0|0|0|0|0|0|0],0,0,0,0,0,0,0,0,0,0,0,0,0,0,-1,0,0,0,0,-1,-1,-1,-1,-1,-1,-1,-1,-1,-1,-1,-1,0,0,-1,0,0,0,0,0,0,0,0,[0|0],10070000,2.4,0,-1,0,0,-1,1,1,1,1,1,1,1,1,0,0,0,0,0,0,0,0,0,0,0,0,0,0,0,0,0,0,0,0,0,0,0,0,0,[0|0],0,0,0,[0|0|0],0,0,0,-1,[0|0|0|0],19,180,0,0,0,-1,-1,-1,-1,-1,-1,-1,-1,-1,-1,0,0,0,0,0,0,0,0,0,-1,[0|0],360,0,0,0,[0|0|0],0,0,0,0,0,-1,-1,-1,-1,-1,-1,[0|0|0|0],0,0,0,0,0,[0|0|0],0,0,0,0,0,0,0,0,0,0,0,0,0,0,0,0,0,0,0,0,0,0,0,0,0,0,0,0,0,0,0,0,0,0,[0|0|0],0,0,0,0,2070,[0|0|0|0],1,0,0,1,0,[0|0|0],0,0,0,0,0,-1,-1,-1,-1,1,0,0,0,0,0,0,0,0,0,0,100,0,0,0,-1,0,0,0,0,0,1,0,0,0,0,0,0,0,0,1,1,0,0,-1,0,-1,0,0,0,0,1,0,0,0,0,0,0,0,0,1,1,0,0,0,0,-1,1,1,8018,0,0,0,0,0,0,1,-1,0,0,1,0,0,0,0,1,0,0,0,0,1,-1,[0|0|0|0|0|0|0|0|0|0|0|0|0|0|0|0|0|0|0|0|0|0|0|0|0|0|0|0]
10070100,BURST HANDGUN - MA-E-211 SAMPU (Right),0,0,0,[0|0|0],10710,1009000,0,960,0,0,0,0,0,0,0,0,100,0,0,0,-1,-1,-1,-1,-1,-1,-1,-1,-1,-1,-1,-1,-1,-1,-1,-1,-1,-1,-1,-1,-1,-1,-1,1,1,1,1,0,0,0,2020,0,100,100,0,-1,100,0,0,0,100,0,0,0,0,0,-1,16,0,0,7,3,19,0,0,0,100,0,0,999,0,0,0,0,0,0,0,0,0,0,0,0,0,0,0,0,0,0,0,0,0,1,0,1,1,0,0,0,0,0,0,0,0,0,0,0,1,0,1,0,0,0,0,0,0,0,0,1,0,1,1,1,1,0,0,100,1,1,0,0,-1,-1,-1,-1,-1,-1,-1,-1,-1,-1,-1,-1,-1,-1,-1,-1,-1,-1,-1,-1,-1,-1,-1,-1,0,0,100,0,0,0,0,0,0,0,0,0,0,0,1,1,0,0,0,0,0,0,0,0,0,0,0,0,0,0,0,-1,-1,-1,-1,-1,-1,-1,-1,-1,0,-1,0,0,-1,0,1,0,0,0,-1,-1,-1,0,[0|0|0|0],-1,-1,-1,-1,250,-1,-1,-1,1,1,1,1,1,1,1,1,1,-1,-1,-1,-1,-1,0,-1,0,1,0,0,0,0,1,1,1,1,0,0,-1,0,[0|0|0|0],14,0.5,1,[0|0|0|0],-1,0,0,[0|0|0|0|0|0|0|0],-1,-1,-1,-1,-1,[0|0|0|0],-1,-1,-1,[0|0|0|0|0|0|0|0],-1,-1,-1,[0|0|0|0|0|0|0|0],0,0,0,[0|0|0|0],350,-1,200,100,1,1,0,-1,1,0,0,1,62,0,-1,0,40,0,-1,[0|0|0|0],0,0,0,0,0,0,0,0,0,0,0,0,0,0,0,0,0,0,0,0,0,0,0,0,0,0,0,0,0,0,0,0,207,[0|0|0|0|0|0|0|0|0|0|0|0],0,0,0,0,0,0,0,0,0,0,0,0,0,0,-1,0,0,0,0,-1,-1,-1,-1,-1,-1,-1,-1,-1,-1,-1,-1,0,0,-1,0,0,0,0,0,0,0,0,[0|0],10070100,1.8,0,-1,0,0,-1,1,1,1,1,1,1,1,1,0,0,0,0,0,0,0,0,0,0,0,0,0,0,0,0,0,0,0,0,0,0,0,0,0,[0|0],0,0,0,[0|0|0],0,0,0,-1,[0|0|0|0],15,200,0,0,0,-1,-1,-1,-1,-1,-1,-1,-1,-1,-1,0,0,0,0,0,0,0,0,0,-1,[0|0],360,0,0,0,[0|0|0],0,0,0,0,0,-1,-1,-1,-1,-1,-1,[0|0|0|0],0,0,0,0,0,[0|0|0],0,0,0,0,0,0,0,0,0,0,0,0,0,0,0,0,0,0,0,0,0,0,0,0,0,0,0,0,0,0,0,0,0,0,[0|0|0],0,0,0,0,2070,[0|0|0|0],1,0,0,1,0,[0|0|0],0,0,0,0,0,-1,-1,-1,-1,1,0,0,0,0,0,0,0,0,0,0,100,0,0,0,-1,0,0,2,0,0,1,0,0,0,0,0,0,0,0,1,1,0,0,-1,0,-1,0,0,0,0,1,0,0,0,0,0,0,0,0,1,1,0,0,0,0,-1,1,1,8019,0,0,0,0,0,0,1,-1,0,0,1,0,0,0,0,1,0,0,0,0,1,-1,[0|0|0|0|0|0|0|0|0|0|0|0|0|0|0|0|0|0|0|0|0|0|0|0|0|0|0|0]
10070200,HANDGUN - HG-003 COQUILLETT (Right),0,0,0,[0|0|0],10720,1008000,0,1200,0,0,0,0,0,0,0,0,100,0,0,0,-1,-1,-1,-1,-1,-1,-1,-1,-1,-1,-1,-1,-1,-1,-1,-1,-1,-1,-1,-1,-1,-1,-1,1,1,1,1,0,0,0,2030,0,100,100,0,-1,100,0,0,0,100,0,0,0,0,0,-1,16,0,0,7,3,19,0,0,0,100,0,0,999,0,0,0,0,0,0,0,0,0,0,0,0,0,0,0,0,0,0,0,0,0,1,0,1,1,0,0,0,0,0,0,0,0,0,0,0,1,0,1,0,0,0,0,0,0,0,0,1,0,1,1,1,1,0,0,100,1,1,0,0,-1,-1,-1,-1,-1,-1,-1,-1,-1,-1,-1,-1,-1,-1,-1,-1,-1,-1,-1,-1,-1,-1,-1,-1,0,0,100,0,0,0,0,0,0,0,0,0,0,0,1,1,0,0,0,0,0,0,0,0,0,0,0,0,0,0,0,-1,-1,-1,-1,-1,-1,-1,-1,-1,0,-1,0,0,-1,0,1,0,0,0,-1,-1,-1,0,[0|0|0|0],-1,-1,-1,-1,250,-1,-1,-1,1,1,1,1,1,1,1,1,1,-1,-1,-1,-1,-1,0,-1,0,1,0,0,0,0,1,1,1,1,0,0,-1,0,[0|0|0|0],7,0.5,1,[0|0|0|0],-1,0,0,[0|0|0|0|0|0|0|0],-1,-1,-1,-1,-1,[0|0|0|0],-1,-1,-1,[0|0|0|0|0|0|0|0],-1,-1,-1,[0|0|0|0|0|0|0|0],0,0,0,[0|0|0|0],196,-1,200,100,1,1,0,-1,1,0,0,1,122,0,-1,0,100,0,-1,[0|0|0|0],0,0,0,0,0,0,0,0,0,0,0,0,0,0,0,0,0,0,0,0,0,0,0,0,0,0,0,0,0,0,0,0,208,[0|0|0|0|0|0|0|0|0|0|0|0],0,0,0,0,0,0,0,0,0,0,0,0,0,0,-1,0,0,0,0,-1,-1,-1,-1,-1,-1,-1,-1,-1,-1,-1,-1,0,0,-1,0,0,0,0,0,0,0,0,[0|0],10070200,2.1,0,-1,0,0,-1,1,1,1,1,1,1,1,1,0,0,0,0,0,0,0,0,0,0,0,0,0,0,0,0,0,0,0,0,0,0,0,0,0,[0|0],0,0,0,[0|0|0],0,0,0,-1,[0|0|0|0],11,190,0,0,0,-1,-1,-1,-1,-1,-1,-1,-1,-1,-1,0,0,0,0,0,0,0,0,0,-1,[0|0],360,0,0,0,[0|0|0],0,0,0,0,0,-1,-1,-1,-1,-1,-1,[0|0|0|0],0,0,0,0,0,[0|0|0],0,0,0,0,0,0,0,0,0,0,0,0,0,0,0,0,0,0,0,0,0,0,0,0,0,0,0,0,0,0,0,0,0,0,[0|0|0],0,0,0,0,2080,[0|0|0|0],1,0,0,1,0,[0|0|0],0,0,0,0,0,-1,-1,-1,-1,1,0,0,0,0,0,0,0,0,0,0,100,0,0,0,-1,0,0,0,0,0,1,0,0,0,0,0,0,0,0,1,1,0,0,-1,0,-1,0,0,0,0,1,0,0,0,0,0,0,0,0,1,1,0,0,0,0,-1,1,1,8020,0,0,0,0,0,0,1,-1,0,0,1,0,0,0,0,1,0,0,0,0,1,-1,[0|0|0|0|0|0|0|0|0|0|0|0|0|0|0|0|0|0|0|0|0|0|0|0|0|0|0|0]
10070300,HANDGUN - HG-004 DUCKETT (Right),0,0,0,[0|0|0],10730,1008010,0,1650,0,0,0,0,0,0,0,0,100,0,0,0,-1,-1,-1,-1,-1,-1,-1,-1,-1,-1,-1,-1,-1,-1,-1,-1,-1,-1,-1,-1,-1,-1,-1,1,1,1,1,0,0,0,2040,0,100,100,0,-1,100,0,0,0,100,0,0,0,0,0,-1,16,0,0,7,3,19,0,0,0,100,0,0,999,0,0,0,0,0,0,0,0,0,0,0,0,0,0,0,0,0,0,0,0,0,1,0,1,1,0,0,0,0,0,0,0,0,0,0,0,1,0,1,0,0,0,0,0,0,0,0,1,0,1,1,1,1,0,0,100,1,1,0,0,-1,-1,-1,-1,-1,-1,-1,-1,-1,-1,-1,-1,-1,-1,-1,-1,-1,-1,-1,-1,-1,-1,-1,-1,0,0,100,0,0,0,0,0,0,0,0,0,0,0,1,1,0,0,0,0,0,0,0,0,0,0,0,0,0,0,0,-1,-1,-1,-1,-1,-1,-1,-1,-1,0,-1,0,0,-1,0,1,0,0,0,-1,-1,-1,0,[0|0|0|0],-1,-1,-1,-1,250,-1,-1,-1,1,1,1,1,1,1,1,1,1,-1,-1,-1,-1,-1,0,-1,0,1,0,0,0,0,1,1,1,1,0,0,-1,0,[0|0|0|0],8,0.5,1,[0|0|0|0],-1,0,0,[0|0|0|0|0|0|0|0],-1,-1,-1,-1,-1,[0|0|0|0],-1,-1,-1,[0|0|0|0|0|0|0|0],-1,-1,-1,[0|0|0|0|0|0|0|0],0,0,0,[0|0|0|0],208,-1,200,100,1,1,0,-1,1,0,0,1,158,0,-1,0,120,0,-1,[0|0|0|0],0,0,0,0,0,0,0,0,0,0,0,0,0,0,0,0,0,0,0,0,0,0,0,0,0,0,0,0,0,0,0,0,208,[0|0|0|0|0|0|0|0|0|0|0|0],0,0,0,0,0,0,0,0,0,0,0,0,0,0,-1,0,0,0,0,-1,-1,-1,-1,-1,-1,-1,-1,-1,-1,-1,-1,0,0,-1,0,0,0,0,0,0,0,0,[0|0],10070300,3,0,-1,0,0,-1,1,1,1,1,1,1,1,1,0,0,0,0,0,0,0,0,0,0,0,0,0,0,0,0,0,0,0,0,0,0,0,0,0,[0|0],0,0,0,[0|0|0],0,0,0,-1,[0|0|0|0],11,190,0,0,0,-1,-1,-1,-1,-1,-1,-1,-1,-1,-1,0,0,0,0,0,0,0,0,0,-1,[0|0],360,0,0,0,[0|0|0],0,0,0,0,0,-1,-1,-1,-1,-1,-1,[0|0|0|0],0,0,0,0,0,[0|0|0],0,0,0,0,0,0,0,0,0,0,0,0,0,0,0,0,0,0,0,0,0,0,0,0,0,0,0,0,0,0,0,0,0,0,[0|0|0],0,0,0,0,2080,[0|0|0|0],1,0,0,1,0,[0|0|0],0,0,0,0,0,-1,-1,-1,-1,1,0,0,0,0,0,0,0,0,0,0,100,0,0,0,-1,0,0,0,0,0,1,0,0,0,0,0,0,0,0,1,1,0,0,-1,0,-1,0,0,0,0,1,0,0,0,0,0,0,0,0,1,1,0,0,0,0,-1,1,1,8021,0,0,0,0,0,0,1,-1,0,0,1,0,0,0,0,1,0,0,0,0,1,-1,[0|0|0|0|0|0|0|0|0|0|0|0|0|0|0|0|0|0|0|0|0|0|0|0|0|0|0|0]
10070400,SINGLE MISSILE LAUNCHER - WM-6000 HORNET (Right),0,0,0,[0|0|0],10740,1008000,0,1450,0,0,0,0,0,0,0,0,100,0,0,0,-1,-1,-1,-1,-1,-1,-1,-1,-1,-1,-1,-1,-1,-1,-1,-1,-1,-1,-1,-1,-1,-1,-1,1,1,1,1,0,0,0,3011,0,100,100,0,-1,0,0,100,0,100,0,0,0,0,0,-1,16,0,0,7,0,19,0,0,0,100,0,0,999,0,0,0,0,0,0,0,0,0,0,0,0,0,0,0,0,0,0,0,0,0,1,0,1,1,0,0,0,0,0,0,0,0,0,0,0,1,0,1,0,0,0,0,0,0,0,0,1,0,1,1,1,1,0,0,100,1,1,0,0,-1,-1,-1,-1,-1,-1,-1,-1,-1,-1,-1,-1,-1,-1,-1,-1,-1,-1,-1,-1,-1,-1,-1,-1,0,0,100,0,0,0,0,0,0,0,0,0,0,0,1,1,0,0,0,0,0,0,0,0,0,0,0,0,0,0,0,-1,-1,-1,-1,-1,-1,-1,-1,-1,0,-1,0,0,-1,0,1,0,0,0,-1,-1,-1,0,[0|0|0|0],-1,-1,-1,-1,250,-1,-1,-1,1,1,1,1,1,1,1,1,1,-1,-1,-1,-1,-1,0,-1,0,1,0,0,0,0,1,1,1,1,0,0,-1,0,[0|0|0|0],8,0.5,1,[0|0|0|0],-1,0,0,[0|0|0|0|0|0|0|0],-1,-1,-1,-1,-1,[0|0|0|0],-1,-1,-1,[0|0|0|0|0|0|0|0],-1,-1,-1,[0|0|0|0|0|0|0|0],0,0,0,[0|0|0|0],200,-1,1000,100,1,1,0,-1,1,0,0,1,131,0,-1,0,100,0,-1,[0|0|0|0],0,0,0,0,0,0,0,0,0,0,0,0,0,0,0,0,0,0,0,0,0,0,0,0,0,0,0,0,0,0,0,0,201,[0|0|0|0|0|0|0|0|0|0|0|0],0,0,0,0,0,0,0,0,0,0,0,0,0,0,-1,0,0,0,0,-1,-1,-1,-1,-1,-1,-1,-1,-1,-1,-1,-1,0,0,-1,0,0,0,0,0,0,0,0,[0|0],10070200,5.2,0,-1,0,0,-1,1,1,1,1,1,1,1,1,0,0,0,0,0,0,0,0,0,0,0,0,0,0,0,0,0,0,0,0,0,0,0,0,0,[0|0],0,0,0,[0|0|0],0,0,0,-1,[0|0|0|0],1,250,0,0,0,-1,-1,-1,-1,-1,-1,-1,-1,-1,-1,0,0,0,0,0,0,0,0,0,-1,[0|0],360,0,0,0,[0|0|0],0,0,0,0,0,-1,-1,-1,-1,-1,-1,[0|0|0|0],0,0,0,0,0,[0|0|0],0,0,0,0,0,0,0,0,0,0,0,0,0,0,0,0,0,0,0,0,0,0,0,0,0,0,0,0,0,0,0,0,0,0,[0|0|0],0,0,0,0,2080,[0|0|0|0],1,0,0,1,0,[0|0|0],0,0,0,0,0,-1,-1,-1,-1,1,0,0,0,0,0,0,0,0,0,0,100,0,0,0,-1,0,0,0,0,0,1,0,0,0,0,0,0,1,1,1,1,0,0,-1,0,-1,0,0,0,0,1,0,0,0,0,0,0,0,0,1,1,0,0,0,0,-1,1,1,8020,0,0,0,0,0,0,1,-1,0,0,1,0,0,0,0,1,0,0,0,0,1,-1,[0|0|0|0|0|0|0|0|0|0|0|0|0|0|0|0|0|0|0|0|0|0|0|0|0|0|0|0]
10070500,HANDGUN - HG-005 ARNETT (Right),0,0,0,[0|0|0],10750,1008030,0,1790,0,0,0,0,0,0,0,0,100,0,0,0,-1,-1,-1,-1,-1,-1,-1,-1,-1,-1,-1,-1,-1,-1,-1,-1,-1,-1,-1,-1,-1,-1,-1,1,1,1,1,0,0,0,1521,0,100,100,0,-1,100,0,0,0,100,0,0,0,0,0,-1,16,0,0,7,3,19,0,0,0,100,0,0,999,0,0,0,0,0,0,0,0,0,0,0,0,0,0,0,0,0,0,0,0,0,1,0,1,1,0,0,0,0,0,0,0,0,0,0,0,1,0,1,0,0,0,0,0,0,0,0,1,0,1,1,1,1,0,0,100,1,1,0,0,-1,-1,-1,-1,-1,-1,-1,-1,-1,-1,-1,-1,-1,-1,-1,-1,-1,-1,-1,-1,-1,-1,-1,-1,0,0,100,0,0,0,0,0,0,0,0,0,0,0,1,1,0,0,0,0,0,0,0,0,0,0,0,0,0,0,0,-1,-1,-1,-1,-1,-1,-1,-1,-1,0,-1,0,0,-1,0,1,0,0,0,-1,-1,-1,0,[0|0|0|0],-1,-1,-1,-1,250,-1,-1,-1,1,1,1,1,1,1,1,1,1,-1,-1,-1,-1,-1,0,-1,0,1,0,0,0,0,1,1,1,1,0,0,-1,0,[0|0|0|0],6,0.5,1,[0|0|0|0],-1,0,0,[0|0|0|0|0|0|0|0],-1,-1,-1,-1,-1,[0|0|0|0],-1,-1,-1,[0|0|0|0|0|0|0|0],-1,-1,-1,[0|0|0|0|0|0|0|0],0,0,0,[0|0|0|0],185,-1,200,100,1,1,0,-1,1,0,0,1,170,0,-1,0,150,0,-1,[0|0|0|0],0,0,0,0,0,0,0,0,0,0,0,0,0,0,0,0,0,0,0,0,0,0,0,0,0,0,0,0,0,0,0,0,208,[0|0|0|0|0|0|0|0|0|0|0|0],0,0,0,0,0,0,0,0,0,0,0,0,0,0,-1,0,0,0,0,-1,-1,-1,-1,-1,-1,-1,-1,-1,-1,-1,-1,0,0,-1,0,0,0,0,0,0,0,0,[0|0],10070300,2.3,0,-1,0,0,-1,1,1,1,1,1,1,1,1,0,0,0,0,0,0,0,0,0,0,0,0,0,0,0,0,0,0,0,0,0,0,0,0,0,[0|0],0,0,0,[0|0|0],0,0,0,-1,[0|0|0|0],11,190,0,0,0,-1,-1,-1,-1,-1,-1,-1,-1,-1,-1,0,0,0,0,0,0,0,0,0,-1,[0|0],360,0,0,0,[0|0|0],0,0,0,0,0,-1,-1,-1,-1,-1,-1,[0|0|0|0],0,0,0,0,0,[0|0|0],0,0,0,0,0,0,0,0,0,0,0,0,0,0,0,0,0,0,0,0,0,0,0,0,0,0,0,0,0,0,0,0,0,0,[0|0|0],0,0,0,0,2080,[0|0|0|0],1,0,0,1,0,[0|0|0],0,0,0,0,0,-1,-1,-1,-1,1,0,0,0,0,0,0,0,0,0,0,100,0,0,0,-1,0,0,0,0,0,1,0,0,0,0,0,0,0,0,1,1,0,0,-1,0,-1,0,0,0,0,1,0,0,0,0,0,0,0,0,1,1,0,0,0,0,-1,1,1,8021,0,0,0,0,0,0,1,-1,0,0,1,0,0,0,0,1,0,0,0,0,1,-1,[0|0|0|0|0|0|0|0|0|0|0|0|0|0|0|0|0|0|0|0|0|0|0|0|0|0|0|0]
10070600,TESLA GUN - VX-660TG (Right),0,0,0,[0|0|0],10760,1021001,0,2670,0,0,0,0,0,0,0,0,100,0,0,0,-1,-1,-1,-1,-1,-1,-1,-1,-1,-1,-1,-1,-1,-1,-1,-1,-1,-1,-1,-1,-1,-1,-1,1,1,1,1,0,0,0,2222,0,100,100,0,-1,0,50,50,0,100,0,0,0,0,0,-1,16,0,0,7,0,19,0,0,0,100,0,0,999,0,0,0,0,0,0,0,0,0,0,0,0,0,0,0,0,0,0,0,0,0,1,0,1,1,0,0,0,0,0,0,0,0,0,0,0,1,0,1,0,0,0,0,0,0,0,0,1,0,1,1,1,1,0,0,100,1,1,0,0,-1,-1,-1,-1,-1,-1,-1,-1,-1,-1,-1,-1,-1,-1,-1,-1,-1,-1,-1,-1,-1,-1,-1,-1,0,0,100,0,0,0,0,0,0,0,0,0,0,0,1,1,0,0,0,0,0,0,0,0,0,0,0,0,0,0,0,-1,-1,-1,-1,-1,-1,-1,-1,-1,0,-1,0,0,-1,0,1,0,0,0,-1,-1,-1,0,[0|0|0|0],-1,-1,-1,-1,250,-1,-1,-1,1,1,1,1,1,1,1,1,1,-1,-1,-1,-1,-1,0,-1,0,1,0,0,0,0,1,1,1,1,0,0,-1,0,[0|0|0|0],-1,0.5,1,[0|0|0|0],-1,0,0,[0|0|0|0|0|0|0|0],-1,-1,-1,-1,-1,[0|0|0|0],-1,-1,-1,[0|0|0|0|0|0|0|0],-1,-1,-1,[0|0|0|0|0|0|0|0],0,0,0,[0|0|0|0],88,-1,9999,100,1,1,0,-1,1,0,0,1,601,0,-1,0,200,0,-1,[0|0|0|0],0,0,0,0,0,0,0,0,0,0,0,0,0,0,0,0,0,0,0,0,0,0,0,0,0,0,0,0,0,0,0,0,207,[0|0|0|0|0|0|0|0|0|0|0|0],0,0,0,0,0,0,0,0,0,0,0,0,0,0,-1,0,0,0,0,-1,-1,-1,-1,-1,-1,-1,-1,-1,-1,-1,-1,0,0,-1,0,0,0,0,0,0,0,0,[0|0],10070300,-1,0,-1,0,0,-1,1,1,1,1,1,1,1,1,0,0,0,0,0,0,0,0,0,0,0,0,0,0,0,0,0,0,0,0,0,0,0,0,0,[0|0],0,0,0,[0|0|0],0,0,0,-1,[0|0|0|0],20,281,0,0,0,-1,-1,-1,-1,-1,-1,-1,-1,-1,-1,0,0,0,0,0,0,0,0,0,-1,[0|0],360,0,0,0,[0|0|0],0,0,0,0,0,-1,-1,-1,-1,-1,-1,[0|0|0|0],0,0,0,0,0,[0|0|0],0,0,0,0,0,0,0,0,0,0,0,0,0,0,0,0,0,0,0,0,0,0,0,0,0,0,0,0,0,0,0,0,0,0,[0|0|0],0,0,0,0,2080,[0|0|0|0],1,0,0,1,0,[0|0|0],0,0,0,0,0,-1,-1,-1,-1,1,0,0,0,0,0,0,0,0,0,155,96,1,1.6,0,-1,0,0,0,0,0,1,0,0,0,0,0,0,0,0,1,1,0,0,-1,0,-1,0,0,0,0,1,0,0,0,0,0,0,0,0,1,1,0,0,0,0,-1,1,1,8021,0,0,0,0,0,0,1,-1,0,0,1,0,0,0,0,1,0,0,0,0,1,-1,[0|0|0|0|0|0|0|0|0|0|0|0|0|0|0|0|0|0|0|0|0|0|0|0|0|0|0|0]
10070700,HANDGUN - DF-HG-040 BING-CHILING (Right),0,0,0,[0|0|0],10770,1007999,0,620,0,0,0,0,0,0,0,0,100,0,0,0,-1,-1,-1,-1,-1,-1,-1,-1,-1,-1,-1,-1,-1,-1,-1,-1,-1,-1,-1,-1,-1,-1,-1,1,1,1,1,0,0,0,1831,0,100,100,0,-1,100,0,0,0,100,0,0,0,0,0,-1,16,0,0,7,3,19,0,0,0,100,0,0,999,0,0,0,0,0,0,0,0,0,0,0,0,0,0,0,0,0,0,0,0,0,1,0,1,1,0,0,0,0,0,0,0,0,0,0,0,1,0,1,0,0,0,0,0,0,0,0,1,0,1,1,1,1,0,0,100,1,1,0,0,-1,-1,-1,-1,-1,-1,-1,-1,-1,-1,-1,-1,-1,-1,-1,-1,-1,-1,-1,-1,-1,-1,-1,-1,0,0,100,0,0,0,0,0,0,0,0,0,0,0,1,1,0,0,0,0,0,0,0,0,0,0,0,0,0,0,0,-1,-1,-1,-1,-1,-1,-1,-1,-1,0,-1,0,0,-1,0,1,0,0,0,-1,-1,-1,0,[0|0|0|0],-1,-1,-1,-1,250,-1,-1,-1,1,1,1,1,1,1,1,1,1,-1,-1,-1,-1,-1,0,-1,0,1,0,0,0,0,1,1,1,1,0,0,-1,0,[0|0|0|0],10,0.5,1,[0|0|0|0],-1,0,0,[0|0|0|0|0|0|0|0],-1,-1,-1,-1,-1,[0|0|0|0],-1,-1,-1,[0|0|0|0|0|0|0|0],-1,-1,-1,[0|0|0|0|0|0|0|0],0,0,0,[0|0|0|0],2021,-1,200,100,1,1,0,-1,1,0,0,1,144,0,-1,0,5,0,-1,[0|0|0|0],0,0,0,0,0,0,0,0,0,0,0,0,0,0,0,0,0,0,0,0,0,0,0,0,0,0,0,0,0,0,0,0,207,[0|0|0|0|0|0|0|0|0|0|0|0],0,0,0,0,0,0,0,0,0,0,0,0,0,0,-1,0,0,0,0,-1,-1,-1,-1,-1,-1,-1,-1,-1,-1,-1,-1,0,0,-1,0,0,0,0,0,0,0,0,[0|0],10070200,1,0,-1,0,0,-1,1,1,1,1,1,1,1,1,0,0,0,0,0,0,0,0,0,0,0,0,0,0,0,0,0,0,0,0,0,0,0,0,0,[0|0],0,0,0,[0|0|0],0,0,0,-1,[0|0|0|0],12,190,0,0,0,-1,-1,-1,-1,-1,-1,-1,-1,-1,-1,0,0,0,0,0,0,0,0,0,-1,[0|0],360,0,0,0,[0|0|0],0,0,0,0,0,-1,-1,-1,-1,-1,-1,[0|0|0|0],0,0,0,0,0,[0|0|0],0,0,0,0,0,0,0,0,0,0,0,0,0,0,0,0,0,0,0,0,0,0,0,0,0,0,0,0,0,0,0,0,0,0,[0|0|0],0,0,0,0,2080,[0|0|0|0],1,0,0,1,0,[0|0|0],0,0,0,0,0,-1,-1,-1,-1,1,0,0,0,0,0,0,0,0,0,0,100,0,0,0,-1,0,0,0,0,0,1,0,0,0,0,0,0,0,0,1,1,0,0,-1,0,-1,0,0,0,0,1,0,0,0,0,0,0,0,0,1,1,0,0,0,0,-1,1,1,8020,0,0,0,0,0,0,1,-1,0,0,1,0,0,0,0,1,0,0,0,0,1,-1,[0|0|0|0|0|0|0|0|0|0|0|0|0|0|0|0|0|0|0|0|0|0|0|0|0|0|0|0]
10080000,JAMMING BOMB LAUNCHER - MA-T-223 KYORIKU (Right),0,0,0,[0|0|0],10800,1016000,0,2110,0,0,0,0,0,0,0,0,100,0,0,0,-1,-1,-1,-1,-1,-1,-1,-1,-1,-1,-1,-1,-1,-1,-1,-1,-1,-1,-1,-1,-1,-1,-1,1,1,1,1,0,0,0,2110,0,100,100,0,-1,0,0,100,0,100,0,0,0,0,0,-1,16,0,0,7,3,19,0,0,0,100,0,0,222,0,0,0,0,0,0,0,0,0,0,0,0,0,0,0,0,0,0,0,0,0,1,0,1,1,0,0,0,0,0,0,0,0,0,0,0,1,0,1,0,0,0,0,0,0,0,0,1,0,1,1,1,1,0,0,100,1,1,0,0,-1,-1,-1,-1,-1,-1,-1,-1,-1,-1,-1,-1,-1,-1,-1,-1,-1,-1,-1,-1,-1,-1,-1,-1,0,0,100,0,0,0,0,0,0,0,0,0,0,0,1,1,0,0,0,0,0,0,0,0,0,0,0,0,0,0,0,-1,-1,-1,-1,-1,-1,-1,-1,-1,0,-1,0,0,-1,0,1,0,0,0,-1,-1,-1,0,[0|0|0|0],-1,-1,-1,-1,100,-1,-1,-1,1,1,1,1,1,1,1,1,1,-1,-1,-1,-1,-1,0,-1,0,1,0,0,0,0,1,1,1,1,0,0,-1,0,[0|0|0|0],1,0.5,1,[0|0|0|0],-1,0,0,[0|0|0|0|0|0|0|0],-1,-1,-1,-1,-1,[0|0|0|0],-1,-1,-1,[0|0|0|0|0|0|0|0],-1,-1,-1,[0|0|0|0|0|0|0|0],0,0,0,[0|0|0|0],95,-1,99999,100,1,1,0,-1,1,0,0,1,52,0,-1,0,100,0,-1,[0|0|0|0],0,0,0,0,0,0,0,0,0,0,0,0,0,0,0,0,0,0,0,0,0,0,0,0,0,0,0,0,0,0,0,0,207,[0|0|0|0|0|0|0|0|0|0|0|0],0,0,0,0,0,0,0,0,0,0,0,0,0,0,-1,0,0,0,0,-1,-1,-1,-1,-1,-1,-1,-1,-1,-1,-1,-1,0,0,-1,0,1,0,0,0,0,0,0,[0|0],10080000,5.5,0.4,0.3,0.2,0,-1,1,1,1,1,1,1,1,1,0,0,0,0,0,0,0,0,0,0,0,0,0,0,0,0,0,0,0,0,0,0,0,0,0,[0|0],0.5,0,0,[0|0|0],0,0,0,-1,[0|0|0|0],15,290,0,0,0,-1,-1,-1,-1,-1,-1,-1,-1,-1,-1,0,0,0,0,0,0,0,0,0,-1,[0|0],360,0,0,0,[0|0|0],0,0,0,0,0,-1,-1,-1,-1,-1,-1,[0|0|0|0],0,0,0,0,0,[0|0|0],0,0,0,0,0,0,0,0,0,0,0,0,0,0,0,0,0,0,0,0,0,0,0,0,0,0,0,0,0,0,0,0,0,0,[0|0|0],0,0,0,0,2070,[0|0|0|0],1,0,1,1,0,[0|0|0],0,0,0,0,0,-1,-1,-1,-1,1,0,0,0,0,0,0,0,0,0,0,100,0,0,0,-1,0,0,2,0,0,1,0,0,0,0,0,1,0,0,1,1,0,0,-1,0,-1,0,0,0,0,1,0,0,0,0,0,0,0,0,1,1,0,0,0,0,-1,1,1,8022,0,0,0,0,0,0,1,-1,0,0,1,0,0,0,0,1,0,0,0,0,1,-1,[0|0|0|0|0|0|0|0|0|0|0|0|0|0|0|0|0|0|0|0|0|0|0|0|0|0|0|0]
10080500,BOMB LAUNCHER - MA-T-220 MORI (Right),0,0,0,[0|0|0],10850,1016000,0,2890,0,0,0,0,0,0,0,0,100,0,0,0,-1,-1,-1,-1,-1,-1,-1,-1,-1,-1,-1,-1,-1,-1,-1,-1,-1,-1,-1,-1,-1,-1,-1,1,1,1,1,0,0,0,2110,0,100,100,0,-1,0,0,100,0,100,0,0,0,0,0,-1,16,0,0,7,3,19,0,0,0,100,0,0,222,0,0,0,0,0,0,0,0,0,0,0,0,0,0,0,0,0,0,0,0,0,1,0,1,1,0,0,0,0,0,0,0,0,0,0,0,1,0,1,0,0,0,0,0,0,0,0,1,0,1,1,1,1,0,0,100,1,1,0,0,-1,-1,-1,-1,-1,-1,-1,-1,-1,-1,-1,-1,-1,-1,-1,-1,-1,-1,-1,-1,-1,-1,-1,-1,0,0,100,0,0,0,0,0,0,0,0,0,0,0,1,1,0,0,0,0,0,0,0,0,0,0,0,0,0,0,0,-1,-1,-1,-1,-1,-1,-1,-1,-1,0,-1,0,0,-1,0,1,0,0,0,-1,-1,-1,0,[0|0|0|0],-1,-1,-1,-1,100,-1,-1,-1,1,1,1,1,1,1,1,1,1,-1,-1,-1,-1,-1,0,-1,0,1,0,0,0,0,1,1,1,1,0,0,-1,0,[0|0|0|0],3,0.5,1,[0|0|0|0],-1,0,0,[0|0|0|0|0|0|0|0],-1,-1,-1,-1,-1,[0|0|0|0],-1,-1,-1,[0|0|0|0|0|0|0|0],-1,-1,-1,[0|0|0|0|0|0|0|0],0,0,0,[0|0|0|0],62,-1,99999,100,1,1,0,-1,1,0,0,1,95,0,-1,0,300,0,-1,[0|0|0|0],0,0,0,0,0,0,0,0,0,0,0,0,0,0,0,0,0,0,0,0,0,0,0,0,0,0,0,0,0,0,0,0,207,[0|0|0|0|0|0|0|0|0|0|0|0],0,0,0,0,0,0,0,0,0,0,0,0,0,0,-1,0,0,0,0,-1,-1,-1,-1,-1,-1,-1,-1,-1,-1,-1,-1,0,0,-1,0,1,0,0,0,0,0,0,[0|0],10080000,6.2,0.8,0.1,0.1,0,-1,1,1,1,1,1,1,1,1,0,0,0,0,0,0,0,0,0,0,0,0,0,0,0,0,0,0,0,0,0,0,0,0,0,[0|0],0.5,0,0,[0|0|0],0,0,0,-1,[0|0|0|0],15,300,0,0,0,-1,-1,-1,-1,-1,-1,-1,-1,-1,-1,0,0,0,0,0,0,0,0,0,-1,[0|0],360,0,0,0,[0|0|0],0,0,0,0,0,-1,-1,-1,-1,-1,-1,[0|0|0|0],0,0,0,0,0,[0|0|0],0,0,0,0,0,0,0,0,0,0,0,0,0,0,0,0,0,0,0,0,0,0,0,0,0,0,0,0,0,0,0,0,0,0,[0|0|0],0,0,0,0,2070,[0|0|0|0],1,0,1,1,0,[0|0|0],0,0,0,0,0,-1,-1,-1,-1,1,0,0,0,0,0,0,0,0,0,0,100,0,0,0,-1,0,2,0,0,0,1,1,2,2,2,0,2,0,0,1,1,0,1,-1,0,-1,1,0,0,0,1,1,1,1,1,0,1,0,0,1,1,0,0,0,0,-1,1,1,8022,0,0,0,0,0,0,1,-1,0,0,1,0,0,0,0,1,0,0,0,0,1,-1,[0|0|0|0|0|0|0|0|0|0|0|0|0|0|0|0|0|0|0|0|0|0|0|0|0|0|0|0]
10080100,NAPLAM BOMB LAUNCHER - MA-T-222 KYORAI (Right),0,0,0,[0|0|0],10810,1015000,0,2890,0,0,0,0,0,0,0,0,100,0,0,0,-1,-1,-1,-1,-1,-1,-1,-1,-1,-1,-1,-1,-1,-1,-1,-1,-1,-1,-1,-1,-1,-1,-1,1,1,1,1,0,0,0,2120,0,100,100,0,-1,0,0,100,0,100,0,0,0,0,0,-1,16,0,0,7,3,19,0,0,0,100,0,0,999,0,0,0,0,0,0,0,0,0,0,0,0,0,0,0,0,0,0,0,0,0,1,0,1,1,0,0,0,0,0,0,0,0,0,0,0,1,0,1,0,0,0,0,0,0,0,0,1,0,1,1,1,1,0,0,100,1,1,0,0,-1,-1,-1,-1,-1,-1,-1,-1,-1,-1,-1,-1,-1,-1,-1,-1,-1,-1,-1,-1,-1,-1,-1,-1,0,0,100,0,0,0,0,0,0,0,0,0,0,0,1,1,0,0,0,0,0,0,0,0,0,0,0,0,0,0,0,-1,-1,-1,-1,-1,-1,-1,-1,-1,0,-1,0,0,-1,0,1,0,0,0,-1,-1,-1,0,[0|0|0|0],-1,-1,-1,-1,100,-1,-1,-1,1,1,1,1,1,1,1,1,1,-1,-1,-1,-1,-1,0,-1,0,1,0,0,0,0,1,1,1,1,0,0,-1,0,[0|0|0|0],3,0.5,1,[0|0|0|0],-1,0,0,[0|0|0|0|0|0|0|0],-1,-1,-1,-1,-1,[0|0|0|0],-1,-1,-1,[0|0|0|0|0|0|0|0],-1,-1,-1,[0|0|0|0|0|0|0|0],0,0,0,[0|0|0|0],90,-1,99999,100,1,1,0,-1,1,0,0,1,60,0,-1,0,200,0,-1,[0|0|0|0],0,0,0,0,0,0,0,0,0,0,0,0,0,0,0,0,0,0,0,0,0,0,0,0,0,0,0,0,0,0,0,0,207,[0|0|0|0|0|0|0|0|0|0|0|0],0,0,0,0,0,0,0,0,0,0,0,0,0,0,-1,0,0,0,0,-1,-1,-1,-1,-1,-1,-1,-1,-1,-1,-1,-1,0,0,-1,0,1,0,0,0,0,0,0,[0|0],10080100,2.3,0.4,0.3,0.2,0,-1,1,1,1,1,1,1,1,1,0,0,0,0,0,0,0,0,0,0,0,0,0,0,0,0,0,0,0,0,0,0,0,0,0,[0|0],0.4,0,0,[0|0|0],0,0,0,-1,[0|0|0|0],15,300,0,0,0,-1,-1,-1,-1,-1,-1,-1,-1,-1,-1,0,0,0,0,0,0,0,0,0,-1,[0|0],360,0,0,0,[0|0|0],0,0,0,0,0,-1,-1,-1,-1,-1,-1,[0|0|0|0],0,0,0,0,0,[0|0|0],0,0,0,0,0,0,0,0,0,0,0,0,0,0,0,0,0,0,0,0,0,0,0,0,0,0,0,0,0,0,0,0,0,0,[0|0|0],0,0,0,0,2070,[0|0|0|0],1,0,1,1,0,[0|0|0],0,0,0,0,0,-1,-1,-1,-1,1,0,0,0,0,0,0,0,0,0,0,100,0,0,0,-1,0,1,2,0,0,1,1,1,1,1,1,1,0,0,1,1,0,0,-1,0,-1,0,0,0,0,1,0,0,0,0,0,0,0,0,1,1,0,0,0,0,-1,1,1,8023,0,0,1,0,0,0,1,-1,0,0,1,3,0,3,3,1,0,0,0,0,1,-1,[0|0|0|0|0|0|0|0|0|0|0|0|0|0|0|0|0|0|0|0|0|0|0|0|0|0|0|0]
10080600,TAR BOMB LAUNCHER - TAR (Right),0,0,0,[0|0|0],10845,1015020,0,2900,0,0,0,0,0,0,0,0,100,0,0,0,-1,-1,-1,-1,-1,-1,-1,-1,-1,-1,-1,-1,-1,-1,-1,-1,-1,-1,-1,-1,-1,-1,-1,1,1,1,1,0,0,0,1118,0,100,100,0,-1,100,0,100,0,100,0,0,0,0,0,-1,16,0,0,7,3,19,0,0,0,100,0,0,999,0,0,0,0,0,0,0,0,0,0,0,0,0,0,0,0,0,0,0,0,0,1,0,1,1,0,0,0,0,0,0,0,0,0,0,0,1,0,1,0,0,0,0,0,0,0,0,1,0,1,1,1,1,0,0,100,1,1,0,0,-1,-1,-1,-1,-1,-1,-1,-1,-1,-1,-1,-1,-1,-1,-1,-1,-1,-1,-1,-1,-1,-1,-1,-1,0,0,100,0,0,0,0,0,0,0,0,0,0,0,1,1,0,0,0,0,0,0,0,0,0,0,0,0,0,0,0,-1,-1,-1,-1,-1,-1,-1,-1,-1,0,-1,0,0,-1,0,1,0,0,0,-1,-1,-1,0,[0|0|0|0],-1,-1,-1,-1,100,-1,-1,-1,1,1,1,1,1,1,1,1,1,-1,-1,-1,-1,-1,0,-1,0,1,0,0,0,0,1,1,1,1,0,0,-1,0,[0|0|0|0],6,0.5,1,[0|0|0|0],-1,0,0,[0|0|0|0|0|0|0|0],-1,-1,-1,-1,-1,[0|0|0|0],-1,-1,-1,[0|0|0|0|0|0|0|0],-1,-1,-1,[0|0|0|0|0|0|0|0],0,0,0,[0|0|0|0],120,-1,99999,100,1,1,0,-1,1,0,0,1,88,0,-1,0,130,0,-1,[0|0|0|0],0,0,0,0,0,0,0,0,0,0,0,0,0,0,0,0,0,0,0,0,0,0,0,0,0,0,0,0,0,0,0,0,207,[0|0|0|0|0|0|0|0|0|0|0|0],0,0,0,0,0,0,0,0,0,0,0,0,0,0,-1,0,0,0,0,-1,-1,-1,-1,-1,-1,-1,-1,-1,-1,-1,-1,0,0,-1,0,1,0,0,0,0,0,0,[0|0],10080100,4,0.55,0.35,0.25,0,-1,1,1,1,1,1,1,1,1,0,0,0,0,0,0,0,0,0,0,0,0,0,0,0,0,0,0,0,0,0,0,0,0,0,[0|0],0.4,0,0,[0|0|0],0,0,0,-1,[0|0|0|0],1,301,0,0,0,-1,-1,-1,-1,-1,-1,-1,-1,-1,-1,0,0,0,0,0,0,0,0,0,-1,[0|0],360,0,0,0,[0|0|0],0,0,0,0,0,-1,-1,-1,-1,-1,-1,[0|0|0|0],0,0,0,0,0,[0|0|0],0,0,0,0,0,0,0,0,0,0,0,0,0,0,0,0,0,0,0,0,0,0,0,0,0,0,0,0,0,0,0,0,0,0,[0|0|0],0,0,0,0,2070,[0|0|0|0],1,0,1,1,0,[0|0|0],0,0,0,0,0,-1,-1,-1,-1,1,0,0,0,0,0,0,0,0,0,0,100,0,0,0,-1,0,1,2,0,0,1,1,1,1,1,1,1,0,0,1,1,0,0,-1,0,-1,0,0,0,0,1,0,0,0,0,0,0,0,0,1,1,0,0,0,0,-1,1,1,8023,0,0,1,0,0,0,1,-1,0,0,1,3,0,3,3,1,0,0,0,0,1,-1,[0|0|0|0|0|0|0|0|0|0|0|0|0|0|0|0|0|0|0|0|0|0|0|0|0|0|0|0]
10080200,STUN BOMB LAUNCHER - WS-1200 THERAPIST (Right),0,0,0,[0|0|0],10820,1017000,0,3180,0,0,0,0,0,0,0,0,100,0,0,0,-1,-1,-1,-1,-1,-1,-1,-1,-1,-1,-1,-1,-1,-1,-1,-1,-1,-1,-1,-1,-1,-1,-1,1,1,1,1,0,0,0,2130,0,100,100,0,-1,0,100,0,0,100,0,0,0,0,0,-1,16,0,0,7,3,19,0,0,0,100,0,0,999,0,0,0,0,0,0,0,0,0,0,0,0,0,0,0,0,0,0,0,0,0,1,0,1,1,0,0,0,0,0,0,0,0,0,0,0,1,0,1,0,0,0,0,0,0,0,0,1,0,1,1,1,1,0,0,100,1,1,0,0,-1,-1,-1,-1,-1,-1,-1,-1,-1,-1,-1,-1,-1,-1,-1,-1,-1,-1,-1,-1,-1,-1,-1,-1,0,0,100,0,0,0,0,0,0,0,0,0,0,0,1,1,0,0,0,0,0,0,0,0,0,0,0,0,0,0,0,-1,-1,-1,-1,-1,-1,-1,-1,-1,0,-1,0,0,-1,0,1,0,0,0,-1,-1,-1,0,[0|0|0|0],-1,-1,-1,-1,100,-1,-1,-1,1,1,1,1,1,1,1,1,1,-1,-1,-1,-1,-1,0,-1,0,1,0,0,0,0,1,1,1,1,0,0,-1,0,[0|0|0|0],3,0.5,1,[0|0|0|0],-1,0,0,[0|0|0|0|0|0|0|0],-1,-1,-1,-1,-1,[0|0|0|0],-1,-1,-1,[0|0|0|0|0|0|0|0],-1,-1,-1,[0|0|0|0|0|0|0|0],0,0,0,[0|0|0|0],108,-1,99999,100,1,1,0,-1,1,0,0,1,82,0,-1,0,150,0,-1,[0|0|0|0],0,0,0,0,0,0,0,0,0,0,0,0,0,0,0,0,0,0,0,0,0,0,0,0,0,0,0,0,0,0,0,0,207,[0|0|0|0|0|0|0|0|0|0|0|0],0,0,0,0,0,0,0,0,0,0,0,0,0,0,-1,0,0,0,0,-1,-1,-1,-1,-1,-1,-1,-1,-1,-1,-1,-1,0,0,-1,0,0,0,0,0,0,0,0,[0|0],10080200,2.5,0.4,0.3,0.2,0,-1,1,1,1,1,1,1,1,1,0,0,0,0,0,0,0,0,0,0,0,0,0,0,0,0,0,0,0,0,0,0,0,0,0,[0|0],0.3,0,0,[0|0|0],0,0,0,-1,[0|0|0|0],6,310,0,0,0,-1,-1,-1,-1,-1,-1,-1,-1,-1,-1,0,0,0,0,0,0,0,0,0,-1,[0|0],360,0,0,0,[0|0|0],0,0,0,0,0,-1,-1,-1,-1,-1,-1,[0|0|0|0],0,0,0,0,0,[0|0|0],0,0,0,0,0,0,0,0,0,0,0,0,0,0,0,0,0,0,0,0,0,0,0,0,0,0,0,0,0,0,0,0,0,0,[0|0|0],0,0,0,0,2070,[0|0|0|0],1,0,0,1,0,[0|0|0],0,0,0,0,0,-1,-1,-1,-1,1,0,0,0,0,0,0,0,0,0,0,100,0,0,0,-1,0,1,0,1,0,3,1,1,1,1,0,1,0,0,1,1,0,0,-1,0,-1,0,0,0,0,1,0,0,0,0,0,0,0,0,1,1,0,0,0,0,-1,1,1,8024,0,0,0,0,0,0,1,-1,0,0,1,0,0,0,0,1,0,0,0,0,1,-1,[0|0|0|0|0|0|0|0|0|0|0|0|0|0|0|0|0|0|0|0|0|0|0|0|0|0|0|0]
10080300,DRONE LAUNCHER - Vvc-761DL (Right),0,0,0,[0|0|0],10830,1016000,0,3170,0,0,0,0,0,0,0,0,100,0,0,0,-1,-1,-1,-1,-1,-1,-1,-1,-1,-1,-1,-1,-1,-1,-1,-1,-1,-1,-1,-1,-1,-1,-1,1,1,1,1,0,0,0,2111,0,100,100,0,-1,0,100,0,0,100,0,0,0,0,0,-1,16,0,0,7,0,19,0,0,0,100,0,0,222,0,0,0,0,0,0,0,0,0,0,0,0,0,0,0,0,0,0,0,0,0,1,0,1,1,0,0,0,0,0,0,0,0,0,0,0,1,0,1,0,0,0,0,0,0,0,0,1,0,1,1,1,1,0,0,100,1,1,0,0,-1,-1,-1,-1,-1,-1,-1,-1,-1,-1,-1,-1,-1,-1,-1,-1,-1,-1,-1,-1,-1,-1,-1,-1,0,0,100,0,0,0,0,0,0,0,0,0,0,0,1,1,0,0,0,0,0,0,0,0,0,0,0,0,0,0,0,-1,-1,-1,-1,-1,-1,-1,-1,-1,0,-1,0,0,-1,0,1,0,0,0,-1,-1,-1,0,[0|0|0|0],-1,-1,-1,-1,100,-1,-1,-1,1,1,1,1,1,1,1,1,1,-1,-1,-1,-1,-1,0,-1,0,1,0,0,0,0,1,1,1,1,0,0,-1,0,[0|0|0|0],5,0.5,1,[0|0|0|0],-1,0,0,[0|0|0|0|0|0|0|0],-1,-1,-1,-1,-1,[0|0|0|0],-1,-1,-1,[0|0|0|0|0|0|0|0],-1,-1,-1,[0|0|0|0|0|0|0|0],0,0,0,[0|0|0|0],120,-1,99999,100,1,1,0,-1,1,0,0,1,187,0,-1,0,100,0,-1,[0|0|0|0],0,0,0,0,0,0,0,0,0,0,0,0,0,0,0,0,0,0,0,0,0,0,0,0,0,0,0,0,0,0,0,0,207,[0|0|0|0|0|0|0|0|0|0|0|0],0,0,0,0,0,0,0,0,0,0,0,0,0,0,-1,0,0,0,0,-1,-1,-1,-1,-1,-1,-1,-1,-1,-1,-1,-1,0,0,-1,0,1,0,0,0,0,0,0,[0|0],10080000,9.8,0.4,0.3,0.2,0,-1,1,1,1,1,1,1,1,1,0,0,0,0,0,0,0,0,0,0,0,0,0,0,0,0,0,0,0,0,0,0,0,0,0,[0|0],0.5,0,0,[0|0|0],0,0,0,-1,[0|0|0|0],9,291,0,0,0,-1,-1,-1,-1,-1,-1,-1,-1,-1,-1,0,0,0,0,0,0,0,0,0,-1,[0|0],360,0,0,0,[0|0|0],0,0,0,0,0,-1,-1,-1,-1,-1,-1,[0|0|0|0],0,0,0,0,0,[0|0|0],0,0,0,0,0,0,0,0,0,0,0,0,0,0,0,0,0,0,0,0,0,0,0,0,0,0,0,0,0,0,0,0,0,0,[0|0|0],0,0,0,0,2070,[0|0|0|0],1,0,1,1,0,[0|0|0],0,0,0,0,0,-1,-1,-1,-1,1,0,0,0,0,0,0,0,0,0,0,100,0,0,0,-1,0,4,1,4,1,3,4,4,4,4,0,4,4,4,1,1,0,0,-1,0,100,4,2,0,1,1,4,4,4,0,0,0,0,0,1,1,0,0,0,0,-1,1,1,8022,0,0,0,0,0,0,1,-1,0,0,1,0,0,0,0,1,0,0,0,0,1,-1,[0|0|0|0|0|0|0|0|0|0|0|0|0|0|0|0|0|0|0|0|0|0|0|0|0|0|0|0]
10080400,PULSE BOMB LAUNCHER - HI-25: GU-B7 (Right),0,0,0,[0|0|0],10840,1016000,0,3110,0,0,0,0,0,0,0,0,100,0,0,0,-1,-1,-1,-1,-1,-1,-1,-1,-1,-1,-1,-1,-1,-1,-1,-1,-1,-1,-1,-1,-1,-1,-1,1,1,1,1,0,0,0,2112,0,100,100,0,-1,0,100,0,0,100,0,0,0,0,0,-1,16,0,0,7,0,19,0,0,0,100,0,0,222,0,0,0,0,0,0,0,0,0,0,0,0,0,0,0,0,0,0,0,0,0,1,0,1,1,0,0,0,0,0,0,0,0,0,0,0,1,0,1,0,0,0,0,0,0,0,0,1,0,1,1,1,1,0,0,100,1,1,0,0,-1,-1,-1,-1,-1,-1,-1,-1,-1,-1,-1,-1,-1,-1,-1,-1,-1,-1,-1,-1,-1,-1,-1,-1,0,0,100,0,0,0,0,0,0,0,0,0,0,0,1,1,0,0,0,0,0,0,0,0,0,0,0,0,0,0,0,-1,-1,-1,-1,-1,-1,-1,-1,-1,0,-1,0,0,-1,0,1,0,0,0,-1,-1,-1,0,[0|0|0|0],-1,-1,-1,-1,100,-1,-1,-1,1,1,1,1,1,1,1,1,1,-1,-1,-1,-1,-1,0,-1,0,1,0,0,0,0,1,1,1,1,0,0,-1,0,[0|0|0|0],1,0.5,1,[0|0|0|0],-1,0,0,[0|0|0|0|0|0|0|0],-1,-1,-1,-1,-1,[0|0|0|0],-1,-1,-1,[0|0|0|0|0|0|0|0],-1,-1,-1,[0|0|0|0|0|0|0|0],0,0,0,[0|0|0|0],19,-1,99999,100,1,1,0,-1,1,0,0,1,414,0,-1,0,100,0,-1,[0|0|0|0],0,0,0,0,0,0,0,0,0,0,0,0,0,0,0,0,0,0,0,0,0,0,0,0,0,0,0,0,0,0,0,0,207,[0|0|0|0|0|0|0|0|0|0|0|0],0,0,0,0,0,0,0,0,0,0,0,0,0,0,-1,0,0,0,0,-1,-1,-1,-1,-1,-1,-1,-1,-1,-1,-1,-1,0,0,-1,0,1,0,0,0,0,0,0,[0|0],10080000,6.5,1,0.3,0.2,0,-1,1,1,1,1,1,1,1,1,0,0,0,0,0,0,0,0,0,0,0,0,0,0,0,0,0,0,0,0,0,0,0,0,0,[0|0],0.5,0,0,[0|0|0],0,1,0,-1,[0|0|0|0],17,292,0,0,0,-1,-1,-1,-1,-1,-1,-1,-1,-1,-1,0,0,0,0,0,0,0,0,0,-1,[0|0],360,0,0,0,[0|0|0],0,0,0,0,0,-1,-1,-1,-1,-1,-1,[0|0|0|0],0,0,0,0,0,[0|0|0],0,0,0,0,0,0,0,0,0,0,0,0,0,0,0,0,0,0,0,0,0,0,0,0,0,0,0,0,0,0,0,0,0,0,[0|0|0],0,0,0,0,2070,[0|0|0|0],1,0,1,1,0,[0|0|0],0,0,0,0,0,-1,-1,-1,-1,1,0,0,0,0,0,0,0,0,0,0,100,0,0,0,-1,0,1,0,0,0,1,0,0,0,0,0,1,0,0,1,1,0,0,-1,0,-1,0,0,0,0,1,0,0,0,0,0,0,0,0,1,1,0,0,0,0,-1,1,1,8022,0,0,0,0,0,0,1,-1,0,0,1,0,0,0,0,1,0,0,0,0,1,-1,[0|0|0|0|0|0|0|0|0|0|0|0|0|0|0|0|0|0|0|0|0|0|0|0|0|0|0|0]
10090000,MISSILE LAUNCHER - HML-G2/P19MLT-04 (Right),0,0,0,[0|0|0],10900,1026000,0,3250,0,0,0,0,0,0,0,0,100,0,0,0,-1,-1,-1,-1,-1,-1,-1,-1,-1,-1,-1,-1,-1,-1,-1,-1,-1,-1,-1,-1,-1,-1,-1,1,1,1,1,0,0,0,2210,0,100,100,0,-1,0,0,100,0,100,0,0,0,0,0,-1,16,0,0,7,3,22,0,0,0,100,0,0,999,0,0,0,0,0,0,0,0,0,0,0,0,0,0,0,0,0,0,0,0,0,1,0,1,1,0,0,0,0,0,0,0,0,0,0,0,1,0,1,0,0,0,0,0,0,0,0,1,0,1,1,1,1,0,0,100,1,1,0,0,-1,-1,-1,-1,-1,-1,-1,-1,-1,-1,-1,-1,-1,-1,-1,-1,-1,-1,-1,-1,-1,-1,-1,-1,0,0,100,0,0,0,0,0,0,0,0,0,0,0,1,1,0,0,0,0,0,0,0,0,0,0,0,0,0,0,0,-1,-1,-1,-1,-1,-1,-1,-1,-1,0,-1,0,0,-1,0,1,0,0,0,-1,-1,-1,0,[0|0|0|0],-1,-1,-1,-1,220,-1,-1,-1,1,1,1,1,1,1,1,1,1,-1,-1,-1,-1,-1,0,-1,0,1,0,0,0,0,1,1,1,1,0,0,-1,0,[0|0|0|0],4,0.5,1,[0|0|0|0],-1,0,0,[0|0|0|0|0|0|0|0],-1,-1,-1,-1,-1,[0|0|0|0],-1,-1,-1,[0|0|0|0|0|0|0|0],-1,-1,-1,[0|0|0|0|0|0|0|0],0,0,0,[0|0|0|0],180,-1,500,100,1,1,0,-1,1,0,0,6,165,0,-1,0,150,0,-1,[0|0|0|0],0,0,0,0,0,0,0,0,0,0,0,0,0,0,0,0,0,0,0,0,0,0,0,0,0,0,0,0,0,0,0,0,209,[0|0|0|0|0|0|0|0|0|0|0|0],0,0,0,0,0,0,0,0,0,0,0,0,0,0,-1,0,0,0,0,-1,-1,-1,-1,-1,-1,-1,-1,-1,-1,-1,-1,0,0,-1,0,0,0,0,0,0,0,0,[0|0],10090000,3.6,0,-1,0,0,-1,1,1,1,1,1,1,1,1,0,0,0,0,0,0,0,0,0,0,0,0,0,0,0,0,0,0,0,0,0,0,0,0,0,[0|0],1.6,0,0,[0|0|0],0,0,0,-1,[0|0|0|0],16,250,0,0,0,-1,-1,-1,-1,-1,-1,-1,-1,-1,-1,0,0,0,0,0,0,0,0,0,-1,[0|0],360,0,0,0,[0|0|0],0,0,0,0,0,-1,-1,-1,-1,-1,-1,[0|0|0|0],0,0,0,0,0,[0|0|0],0,0,0,0,0,0,0,0,0,0,0,0,0,0,0,0,0,0,0,0,0,0,0,0,0,0,0,0,0,0,0,0,0,0,[0|0|0],0,0,0,0,2090,[0|0|0|0],1,0,0,1,0,[0|0|0],0,0,0,0,0,-1,-1,-1,-1,1,0,0,0,0,0,0,0,0,0,0,100,0,0,0,-1,0,0,3,0,0,1,0,0,0,0,0,0,0,0,1,1,0,0,-1,0,-1,0,2,0,0,1,0,0,0,0,0,0,0,0,1,1,0,0,0,0,-1,1,1,8025,0,0,0,0,0,0,1,-1,0,0,1,0,0,0,0,1,0,0,0,0,1,-1,[0|0|0|0|0|0|0|0|0|0|0|0|0|0|0|0|0|0|0|0|0|0|0|0|0|0|0|0]
10090100,SPLIT MISSILE LAUNCHER - HML-G3/P08SPL-06 (Right),0,0,0,[0|0|0],10910,1027000,0,4630,0,0,0,0,0,0,0,0,100,0,0,0,-1,-1,-1,-1,-1,-1,-1,-1,-1,-1,-1,-1,-1,-1,-1,-1,-1,-1,-1,-1,-1,-1,-1,1,1,1,1,0,0,0,2220,0,100,100,0,-1,0,0,100,0,100,0,0,0,0,0,-1,16,0,0,7,3,22,0,0,0,100,0,0,999,0,0,0,0,0,0,0,0,0,0,0,0,0,0,0,0,0,0,0,0,0,1,0,1,1,0,0,0,0,0,0,0,0,0,0,0,1,0,1,0,0,0,0,0,0,0,0,1,0,1,1,1,1,0,0,100,1,1,0,0,-1,-1,-1,-1,-1,-1,-1,-1,-1,-1,-1,-1,-1,-1,-1,-1,-1,-1,-1,-1,-1,-1,-1,-1,0,0,100,0,0,0,0,0,0,0,0,0,0,0,1,1,0,0,0,0,0,0,0,0,0,0,0,0,0,0,0,-1,-1,-1,-1,-1,-1,-1,-1,-1,0,-1,0,0,-1,0,1,0,0,0,-1,-1,-1,0,[0|0|0|0],-1,-1,-1,-1,220,-1,-1,-1,1,1,1,1,1,1,1,1,1,-1,-1,-1,-1,-1,0,-1,0,1,0,0,0,0,1,1,1,1,0,0,-1,0,[0|0|0|0],1,0.5,1,[0|0|0|0],-1,0,0,[0|0|0|0|0|0|0|0],-1,-1,-1,-1,-1,[0|0|0|0],-1,-1,-1,[0|0|0|0|0|0|0|0],-1,-1,-1,[0|0|0|0|0|0|0|0],0,0,0,[0|0|0|0],38,-1,500,100,1,1,0,-1,1,0,0,6,180,0,-1,0,650,0,-1,[0|0|0|0],0,0,0,0,0,0,0,0,0,0,0,0,0,0,0,0,0,0,0,0,0,0,0,0,0,0,0,0,0,0,0,0,210,[0|0|0|0|0|0|0|0|0|0|0|0],0,0,0,0,0,0,0,0,0,0,0,0,0,0,-1,0,0,0,0,-1,-1,-1,-1,-1,-1,-1,-1,-1,-1,-1,-1,0,0,-1,0,0,0,0,0,0,0,0,[0|0],10090100,4,0,-1,0,0,-1,1,1,1,1,1,1,1,1,0,0,0,0,0,0,0,0,0,0,0,0,0,0,0,0,0,0,0,0,0,0,0,0,0,[0|0],0,0,0,[0|0|0],0,0,0,-1,[0|0|0|0],16,260,0,0,0,-1,-1,-1,-1,-1,-1,-1,-1,-1,-1,0,0,0,0,0,0,0,0,0,-1,[0|0],360,0,0,0,[0|0|0],0,0,0,0,0,-1,-1,-1,-1,-1,-1,[0|0|0|0],0,0,0,0,0,[0|0|0],0,0,0,0,0,0,0,0,0,0,0,0,0,0,0,0,0,0,0,0,0,0,0,0,0,0,0,0,0,0,0,0,0,0,[0|0|0],0,0,0,0,2100,[0|0|0|0],1,0,0,1,0,[0|0|0],0,0,0,0,0,-1,-1,-1,-1,1,0,0,0,0,0,0,0,0,0,0,100,0,0,0,-1,0,1,0,1,1,1,1,1,1,1,1,1,1,1,1,1,0,0,-1,1,-1,1,0,1,1,1,0,0,0,0,0,0,0,0,1,1,0,0,0,0,-1,1,1,8026,0,0,0,0,0,0,1,-1,0,0,1,0,0,0,0,1,0,0,0,0,1,-1,[0|0|0|0|0|0|0|0|0|0|0|0|0|0|0|0|0|0|0|0|0|0|0|0|0|0|0|0]
10090200,PLASMA MISSILE LAUNCHER - M-MOD_3 VESTIGIUM (Right),0,0,0,[0|0|0],10920,1028011,0,3870,0,0,0,0,0,0,0,0,100,0,0,0,-1,-1,-1,-1,-1,-1,-1,-1,-1,-1,-1,-1,-1,-1,-1,-1,-1,-1,-1,-1,-1,-1,-1,1,1,1,1,0,0,0,2228,0,100,100,0,-1,0,100,0,0,100,0,0,0,0,0,-1,16,0,0,7,3,22,0,0,0,100,0,0,222,0,0,0,0,0,0,0,0,0,0,0,0,0,0,0,0,0,0,0,0,0,1,0,1,1,0,0,0,0,0,0,0,0,0,0,0,1,0,1,0,0,0,0,0,0,0,0,1,0,1,1,1,1,0,0,100,1,1,0,0,-1,-1,-1,-1,-1,-1,-1,-1,-1,-1,-1,-1,-1,-1,-1,-1,-1,-1,-1,-1,-1,-1,-1,-1,0,0,100,0,0,0,0,0,0,0,0,0,0,0,1,1,0,0,0,0,0,0,0,0,0,0,0,0,0,0,0,-1,-1,-1,-1,-1,-1,-1,-1,-1,0,-1,0,0,-1,0,1,0,0,0,-1,-1,-1,0,[0|0|0|0],-1,-1,-1,-1,220,-1,-1,-1,1,1,1,1,1,1,1,1,1,-1,-1,-1,-1,-1,0,-1,0,1,0,0,0,0,1,1,1,1,0,0,-1,0,[0|0|0|0],4,0.5,1,[0|0|0|0],-1,0,0,[0|0|0|0|0|0|0|0],-1,-1,-1,-1,-1,[0|0|0|0],-1,-1,-1,[0|0|0|0|0|0|0|0],-1,-1,-1,[0|0|0|0|0|0|0|0],0,0,0,[0|0|0|0],160,-1,500,100,1,1,0,-1,1,0,0,6,235,0,-1,0,100,0,-1,[0|0|0|0],0,0,0,0,0,0,0,0,0,0,0,0,0,0,0,0,0,0,0,0,0,0,0,0,0,0,0,0,0,0,0,0,207,[0|0|0|0|0|0|0|0|0|0|0|0],0,0,0,0,0,0,0,0,0,0,0,0,0,0,-1,0,0,0,0,-1,-1,-1,-1,-1,-1,-1,-1,-1,-1,-1,-1,0,0,-1,0,0,0,0,0,0,0,0,[0|0],10300000,3.7,1.2,0.2,0.3,0,-1,1,1,1,1,1,1,1,1,0,0,0,0,0,0,0,0,0,0,0,0,0,0,0,0,0,0,0,0,0,0,0,0,0,[0|0],0,0,0,[0|0|0],0,0,0,-1,[0|0|0|0],5,501,0,0,0,-1,-1,-1,-1,-1,-1,-1,-1,-1,-1,0,0,0,0,0,0,0,0,0,-1,[0|0],360,0,0,0,[0|0|0],0,0,0,0,0,-1,-1,-1,-1,-1,-1,[0|0|0|0],0,0,0,0,0,[0|0|0],0,0,0,0,0,0,0,0,0,0,0,0,0,0,0,0,0,0,0,0,0,0,0,0,0,0,0,0,0,0,0,0,0,0,[0|0|0],0,0,0,0,2090,[0|0|0|0],1,0,1,1,0,[0|0|0],0,0,0,0,0,-1,-1,-1,-1,1,0,0,0,0,0,0,0,0,0,0,130,0,0,0,-1,0,1,0,1,0,1,1,1,1,1,0,1,0,0,1,1,0,1,-1,2,100,1,0,1,0,1,0,1,1,1,0,1,0,0,1,1,0,0,0,0,-1,1,1,8025,0,0,0,0,0,0,1,-1,0,0,1,0,0,0,0,1,0,0,0,0,1,-1,[0|0|0|0|0|0|0|0|0|0|0|0|0|0|0|0|0|0|0|0|0|0|0|0|0|0|0|0]
10100000,GRENADE LAUNCHER - IRIDIUM (Right),0,0,0,[0|0|0],11000,1014020,0,2020,0,0,0,0,0,0,0,0,100,0,0,0,-1,-1,-1,-1,-1,-1,-1,-1,-1,-1,-1,-1,-1,-1,-1,-1,-1,-1,-1,-1,-1,-1,-1,1,1,1,1,0,0,0,2310,0,100,100,0,-1,0,0,100,0,100,0,0,0,0,0,-1,16,0,0,7,3,21,0,0,0,100,0,0,999,0,0,0,0,0,0,0,0,0,0,0,0,0,0,0,0,0,0,0,0,0,1,0,1,1,0,0,0,0,0,0,0,0,0,0,0,1,0,1,0,0,0,0,0,0,0,0,1,0,1,1,1,1,0,0,100,1,1,0,0,-1,-1,-1,-1,-1,-1,-1,-1,-1,-1,-1,-1,-1,-1,-1,-1,-1,-1,-1,-1,-1,-1,-1,-1,0,0,100,0,0,0,0,0,0,0,0,0,0,0,1,1,0,0,0,0,0,0,0,0,0,0,0,0,0,0,0,-1,-1,-1,-1,-1,-1,-1,-1,-1,0,-1,0,0,-1,0,1,0,0,0,-1,-1,-1,0,[0|0|0|0],-1,-1,-1,-1,200,-1,-1,-1,1,1,1,1,1,1,1,1,1,-1,-1,-1,-1,-1,0,-1,0,1,0,0,0,0,1,1,1,1,0,0,-1,0,[0|0|0|0],1,0.5,1,[0|0|0|0],-1,0,0,[0|0|0|0|0|0|0|0],-1,-1,-1,-1,-1,[0|0|0|0],-1,-1,-1,[0|0|0|0|0|0|0|0],-1,-1,-1,[0|0|0|0|0|0|0|0],0,0,0,[0|0|0|0],32,-1,200,100,1,1,0,-1,1,0,0,4,290,0,-1,0,800,0,-1,[0|0|0|0],0,0,0,0,0,0,0,0,0,0,0,0,0,0,0,0,0,0,0,0,0,0,0,0,0,0,0,0,0,0,0,0,206,[0|0|0|0|0|0|0|0|0|0|0|0],0,0,0,0,0,0,0,0,0,0,0,0,0,0,-1,0,0,0,0,-1,-1,-1,-1,-1,-1,-1,-1,-1,-1,-1,-1,0,0,-1,0,0,0,0,0,0,0,0,[0|0],10100000,3.7,0,-1,0,0,-1,1,1,1,1,1,1,1,1,0,0,0,0,0,0,0,0,0,0,0,0,0,0,0,0,0,0,0,0,0,0,0,0,0,[0|0],0,0,0,[0|0|0],0,0,0,-1,[0|0|0|0],18,220,0,0,0,-1,-1,-1,-1,-1,-1,-1,-1,-1,-1,0,0,0,0,0,0,0,0,0,-1,[0|0],360,0,0,0,[0|0|0],0,0,0,0,0,-1,-1,-1,-1,-1,-1,[0|0|0|0],0,0,0,0,0,[0|0|0],0,0,0,0,0,0,0,0,0,0,0,0,0,0,0,0,0,0,0,0,0,0,0,0,0,0,0,0,0,0,0,0,0,0,[0|0|0],0,0,0,0,2060,[0|0|0|0],1,0,0,0,0,[0|0|0],0,0,0,0,0,-1,-1,-1,-1,1,0,0,0,0,0,0,0,0,0,0,100,0,0,0,-1,0,0,0,0,0,1,0,0,0,0,0,1,0,0,1,1,0,0,-1,0,-1,0,0,0,0,1,0,0,0,0,0,0,0,0,1,1,0,0,0,0,-1,1,1,8027,0,0,0,0,0,0,1,-1,0,0,1,0,0,0,0,1,0,0,0,0,1,-1,[0|0|0|0|0|0|0|0|0|0|0|0|0|0|0|0|0|0|0|0|0|0|0|0|0|0|0|0]
10110000,LASER HANDGUN - VP-66LH (Right),0,0,0,[0|0|0],11100,1021000,0,2800,0,0,0,0,0,0,0,0,100,0,0,0,-1,-1,-1,200001977,-1,-1,-1,-1,-1,-1,-1,-1,-1,-1,-1,-1,-1,-1,-1,-1,-1,-1,-1,1,1,1,1,0,0,0,2710,0,100,100,0,-1,0,100,0,0,100,0,0,0,0,0,-1,16,0,0,7,0,24,0,0,0,100,0,0,218,0,0,0,0,0,0,0,0,0,0,0,0,0,0,0,0,0,0,0,0,0,1,0,1,1,0,0,0,0,0,0,0,0,0,0,0,1,0,1,0,0,0,0,0,0,0,0,1,0,1,1,1,1,0,0,100,1,1,0,0,-1,-1,-1,-1,-1,-1,-1,-1,-1,-1,-1,-1,-1,-1,-1,-1,-1,-1,-1,-1,-1,-1,-1,-1,0,0,100,0,0,0,0,0,0,0,0,0,0,0,1,1,0,0,0,0,0,0,0,0,0,0,0,0,0,0,0,-1,-1,-1,-1,-1,-1,-1,-1,-1,0,-1,0,0,-1,0,1,0,0,0,-1,-1,-1,0,[0|0|0|0],-1,-1,-1,-1,400,-1,-1,-1,1,1,1,1,1,1,1,1,1,-1,-1,-1,-1,-1,0,-1,0,1,0,0,0,0,1,1,1,1,0,0,-1,0,[0|0|0|0],-1,0.5,1,[0|0|0|0],-1,0,0,[0|0|0|0|0|0|0|0],-1,-1,-1,-1,-1,[0|0|0|0],-1,-1,-1,[0|0|0|0|0|0|0|0],-1,-1,-1,[0|0|0|0|0|0|0|0],0,0,0,[0|0|0|0],380,-1,200,100,1,1,0,-1,1,0,0,3,395,0,-1,0,80,0,-1,[0|0|0|0],0,0,0,0,0,0,0,0,0,0,0,0,0,0,0,0,0,0,0,0,0,0,0,0,0,0,0,0,0,0,0,0,211,[0|0|0|0|0|0|0|0|0|0|0|0],0,0,0,0,0,0,0,0,0,0,0,0,0,0,-1,0,0,0,0,-1,-1,-1,-1,-1,-1,-1,-1,-1,-1,-1,-1,0,0,-1,0,0,0,0,0,0,0,0,[0|0],10110000,0,0.4,0.1,0.04,0,-1,1,1,1,1,1,1,1,1,0,0,0,0,0,0,0,0,0,0,0,0,0,0,0,0,0,0,0,0,0,0,0,0,0,[0|0],4.7,0.3,0.3,[0|0|0],0,1,0,-1,[0|0|0|0],7,340,0,0,0,-1,-1,-1,-1,-1,-1,-1,-1,-1,-1,0,0,0,0,0,0,0,0,0,435,[0|0],360,0,0,0,[0|0|0],0,0,0,0,0,-1,-1,-1,-1,-1,-1,[0|0|0|0],0,0,0,0,0,[0|0|0],0,0,0,0,0,0,0,0,0,0,0,0,0,0,0,0,0,0,0,0,0,0,0,0,0,0,0,0,0,0,0,0,0,0,[0|0|0],0,0,0,0,2180,[0|0|0|0],1,0,0,1,0,[0|0|0],0,0,0,0,0,-1,-1,-1,-1,1,0,0,0,0,0,0,0,0,0,315,85,0.5,1.3,0,-1,0,0,0,0,0,1,0,0,0,0,0,0,0,0,1,1,0,0,-1,0,100,0,2,0,0,1,0,0,0,0,0,0,0,0,1,1,0,0,0,0,-1,1,1,8035,0,0,0,0,0,0,1,-1,0,0,1,0,0,0,0,1,0,0,0,0,1,-1,[0|0|0|0|0|0|0|0|0|0|0|0|0|0|0|0|0|0|0|0|0|0|0|0|0|0|0|0]
10110100,LASER RIFLE - VP-66LR (Right),0,0,0,[0|0|0],11110,1019000,0,3560,0,0,0,0,0,0,0,0,100,0,0,0,-1,-1,-1,200001977,-1,-1,-1,-1,-1,-1,-1,-1,-1,-1,-1,-1,-1,-1,-1,-1,-1,-1,-1,1,1,1,1,0,0,0,2720,0,100,100,0,-1,0,100,0,0,100,0,0,0,0,0,-1,16,0,0,7,0,24,0,0,0,100,0,0,999,0,0,0,0,0,0,0,0,0,0,0,0,0,0,0,0,0,0,0,0,0,1,0,1,1,0,0,0,0,0,0,0,0,0,0,0,1,0,1,0,0,0,0,0,0,0,0,1,0,1,1,1,1,0,0,100,1,1,0,0,-1,-1,-1,-1,-1,-1,-1,-1,-1,-1,-1,-1,-1,-1,-1,-1,-1,-1,-1,-1,-1,-1,-1,-1,0,0,100,0,0,0,0,0,0,0,0,0,0,0,1,1,0,0,0,0,0,0,0,0,0,0,0,0,0,0,0,-1,-1,-1,-1,-1,-1,-1,-1,-1,0,-1,0,0,-1,0,1,0,0,0,-1,-1,-1,0,[0|0|0|0],-1,-1,-1,-1,400,-1,-1,-1,1,1,1,1,1,1,1,1,1,-1,-1,-1,-1,-1,0,-1,0,1,0,0,0,0,1,1,1,1,0,0,-1,0,[0|0|0|0],-1,0.5,1,[0|0|0|0],-1,0,0,[0|0|0|0|0|0|0|0],-1,-1,-1,-1,-1,[0|0|0|0],-1,-1,-1,[0|0|0|0|0|0|0|0],-1,-1,-1,[0|0|0|0|0|0|0|0],0,0,0,[0|0|0|0],280,-1,200,100,1,1,0,-1,1,0,0,3,480,0,-1,0,150,0,-1,[0|0|0|0],0,0,0,0,0,0,0,0,0,0,0,0,0,0,0,0,0,0,0,0,0,0,0,0,0,0,0,0,0,0,0,0,211,[0|0|0|0|0|0|0|0|0|0|0|0],0,0,0,0,0,0,0,0,0,0,0,0,0,0,-1,0,0,0,0,-1,-1,-1,-1,-1,-1,-1,-1,-1,-1,-1,-1,0,0,-1,0,0,0,0,0,0,0,0,[0|0],10110100,0,1.6,0.4,0.8,0,-1,1,1,1,1,1,1,1,1,0,0,0,0,0,0,0,0,0,0,0,0,0,0,0,0,0,0,0,0,0,0,0,0,0,[0|0],3.3,0.4,0.6,[0|0|0],0,1,0,-1,[0|0|0|0],7,330,0,0,0,-1,-1,-1,-1,-1,-1,-1,-1,-1,-1,0,0,0,0,0,0,0,0,0,538,[0|0],360,0,0,0,[0|0|0],0,0,0,0,0,-1,-1,-1,-1,-1,-1,[0|0|0|0],0,0,0,0,0,[0|0|0],0,0,0,0,0,0,0,0,0,0,0,0,0,0,0,0,0,0,0,0,0,0,0,0,0,0,0,0,0,0,0,0,0,0,[0|0|0],0,0,0,0,2110,[0|0|0|0],1,0,0,1,0,[0|0|0],0,0,0,0,0,-1,-1,-1,-1,1,0,0,0,0,0,0,0,0,0,413,85,0.7,1.3,0,-1,0,0,0,0,0,1,0,0,0,0,0,0,0,0,1,1,0,0,-1,0,100,0,0,0,0,1,0,0,0,0,0,0,0,0,1,1,0,0,0,0,-1,1,1,8036,0,0,0,0,0,0,1,-1,0,0,1,0,0,0,0,1,0,0,0,0,1,-1,[0|0|0|0|0|0|0|0|0|0|0|0|0|0|0|0|0|0|0|0|0|0|0|0|0|0|0|0]
10110200,CORAL RIFLE - IB-C03W1: WLT 011 (Right),0,0,0,[0|0|0],11120,1022100,0,9030,0,0,0,0,0,0,0,0,100,0,0,0,-1,-1,-1,200001977,-1,-1,-1,-1,-1,-1,-1,-1,-1,-1,-1,-1,-1,-1,-1,-1,-1,-1,-1,1,1,1,1,0,0,0,2730,0,100,100,0,-1,0,0,0,100,100,0,0,0,0,0,-1,16,0,0,7,0,24,0,0,0,100,0,0,220,0,0,0,0,0,0,0,0,0,0,0,0,0,0,0,0,0,0,0,0,0,1,0,1,1,0,0,0,0,0,0,0,0,0,0,0,1,0,1,0,0,0,0,0,0,0,0,1,0,1,1,1,1,0,0,100,1,1,0,0,-1,-1,-1,-1,-1,-1,-1,-1,-1,-1,-1,-1,-1,-1,-1,-1,-1,-1,-1,-1,-1,-1,-1,-1,0,0,100,0,0,0,0,0,0,0,0,0,0,0,1,1,0,0,0,0,0,0,0,0,0,0,0,0,0,0,0,-1,-1,-1,-1,-1,-1,-1,-1,-1,0,-1,0,0,-1,0,1,0,0,0,-1,-1,-1,0,[0|0|0|0],-1,-1,-1,-1,400,-1,-1,-1,1,1,1,1,1,1,1,1,1,-1,-1,-1,-1,-1,0,-1,0,1,0,0,0,0,1,1,1,1,0,0,-1,0,[0|0|0|0],-1,0.5,1,[0|0|0|0],-1,0,0,[0|0|0|0|0|0|0|0],-1,-1,-1,-1,-1,[0|0|0|0],-1,-1,-1,[0|0|0|0|0|0|0|0],-1,-1,-1,[0|0|0|0|0|0|0|0],0,0,0,[0|0|0|0],90,-1,200,100,1,1,0,-1,1,0,0,3,850,0,-1,0,1200,0,-1,[0|0|0|0],0,0,0,0,0,0,0,0,0,0,0,0,0,0,0,0,0,0,0,0,0,0,0,0,0,0,0,0,0,0,0,0,211,[0|0|0|0|0|0|0|0|0|0|0|0],0,0,0,0,0,0,0,0,0,0,0,0,0,0,-1,0,0,0,0,-1,-1,-1,-1,-1,-1,-1,-1,-1,-1,-1,-1,0,0,-1,0,0,0,0,0,0,0,0,[0|0],10110200,0,2,0.5,1,0,-1,1,1,1,1,1,1,1,1,0,0,0,0,0,0,0,0,0,0,0,0,0,0,0,0,0,0,0,0,0,0,0,0,0,[0|0],1.2,0.2,0.4,[0|0|0],0,0,0,2.3,[0|0|0|0],2,370,0,0,0,-1,-1,-1,-1,-1,-1,-1,-1,-1,-1,0,0,0,0,0,0,0,0,0,1020,[0|0],360,0,0,0,[0|0|0],0,0,0,0,0,-1,-1,-1,-1,-1,-1,[0|0|0|0],0,0,0,0,0,[0|0|0],0,0,0,0,0,0,0,0,0,0,0,0,0,0,0,0,0,0,0,0,0,0,0,0,0,0,0,0,0,0,0,0,0,0,[0|0|0],0,0,0,0,2200,[0|0|0|0],1,0,0,1,0,[0|0|0],0,0,0,0,0,-1,-1,-1,-1,1,0,0,0,0,0,0,0,0,0,190,85,1,1.6,0,-1,0,1,0,1,0,1,1,1,1,1,1,1,0,0,1,1,0,0,-1,2,110,0,0,0,2,1,0,0,0,0,0,0,0,0,1,1,1,0,1,0,-1,1,1,8037,0,0,1,0,0,0,1,-1,0,0,1,0,0,0,0,1,0,0,0,0,1,-1,[0|0|0|0|0|0|0|0|0|0|0|0|0|0|0|0|0|0|0|0|0|0|0|0|0|0|0|0]
10110300,LASER RIFLE - VE-66LRA (Right),0,0,0,[0|0|0],11130,1019010,0,4940,0,0,0,0,0,0,0,0,100,0,0,0,-1,-1,-1,200001977,-1,-1,-1,-1,-1,-1,-1,-1,-1,-1,-1,-1,-1,-1,-1,-1,-1,-1,-1,1,1,1,1,0,0,0,2740,0,100,100,0,-1,0,100,0,0,100,0,0,0,0,0,-1,16,0,0,7,0,24,0,0,0,100,0,0,999,0,0,0,0,0,0,0,0,0,0,0,0,0,0,0,0,0,0,0,0,0,1,0,1,1,0,0,0,0,0,0,0,0,0,0,0,1,0,1,0,0,0,0,0,0,0,0,1,0,1,1,1,1,0,0,100,1,1,0,0,-1,-1,-1,-1,-1,-1,-1,-1,-1,-1,-1,-1,-1,-1,-1,-1,-1,-1,-1,-1,-1,-1,-1,-1,0,0,100,0,0,0,0,0,0,0,0,0,0,0,1,1,0,0,0,0,0,0,0,0,0,0,0,0,0,0,0,-1,-1,-1,-1,-1,-1,-1,-1,-1,0,-1,0,0,-1,0,1,0,0,0,-1,-1,-1,0,[0|0|0|0],-1,-1,-1,-1,400,-1,-1,-1,1,1,1,1,1,1,1,1,1,-1,-1,-1,-1,-1,0,-1,0,1,0,0,0,0,1,1,1,1,0,0,-1,0,[0|0|0|0],-1,0.5,1,[0|0|0|0],-1,0,0,[0|0|0|0|0|0|0|0],-1,-1,-1,-1,-1,[0|0|0|0],-1,-1,-1,[0|0|0|0|0|0|0|0],-1,-1,-1,[0|0|0|0|0|0|0|0],0,0,0,[0|0|0|0],90,-1,200,100,1,1,0,-1,1,0,0,3,532,0,-1,0,250,0,-1,[0|0|0|0],0,0,0,0,0,0,0,0,0,0,0,0,0,0,0,0,0,0,0,0,0,0,0,0,0,0,0,0,0,0,0,0,211,[0|0|0|0|0|0|0|0|0|0|0|0],0,0,0,0,0,0,0,0,0,0,0,0,0,0,-1,0,0,0,0,-1,-1,-1,-1,-1,-1,-1,-1,-1,-1,-1,-1,0,0,-1,0,1,0,0,0,0,0,0,[0|0],10110300,0,3.8,0.4,1.9,0,-1,1,1,1,1,1,1,1,1,0,0,0,0,0,0,0,0,0,0,0,0,0,0,0,0,0,0,0,0,0,0,0,0,0,[0|0],2.4,0.7,1.2,[0|0|0],0,1,0,-1,[0|0|0|0],20,330,0,0,0,-1,-1,-1,-1,-1,-1,-1,-1,-1,-1,0,0,0,0,0,0,0,0,0,628,[0|0],360,0,0,0,[0|0|0],0,0,0,0,0,-1,-1,-1,-1,-1,-1,[0|0|0|0],0,0,0,0,0,[0|0|0],0,0,0,0,0,0,0,0,0,0,0,0,0,0,0,0,0,0,0,0,0,0,0,0,0,0,0,0,0,0,0,0,0,0,[0|0|0],0,0,0,0,2110,[0|0|0|0],1,0,1,1,0,[0|0|0],0,0,0,0,0,-1,-1,-1,-1,1,0,0,0,0,0,0,0,0,0,281,85,1,1.6,0,-1,0,0,0,0,0,1,0,0,0,0,0,0,0,0,1,1,0,0,-1,0,100,0,0,0,0,1,0,0,0,0,0,0,0,0,1,1,0,0,0,0,-1,1,1,8038,0,0,0,0,0,0,1,-1,0,0,1,0,0,0,0,1,0,0,0,0,1,-1,[0|0|0|0|0|0|0|0|0|0|0|0|0|0|0|0|0|0|0|0|0|0|0|0|0|0|0|0]
10110400,LASER SNIPER RIFLE - VE-66SN (Right),0,0,0,[0|0|0],11140,1019010,0,4940,0,0,0,0,0,0,0,0,100,0,0,0,-1,-1,-1,200001977,-1,-1,-1,-1,-1,-1,-1,-1,-1,-1,-1,-1,-1,-1,-1,-1,-1,-1,-1,1,1,1,1,0,0,0,2121,0,100,100,0,-1,0,100,0,0,100,0,0,0,0,0,-1,16,0,0,7,3,24,0,0,0,100,0,0,999,0,0,0,0,0,0,0,0,0,0,0,0,0,0,0,0,0,0,0,0,0,1,0,1,1,0,0,0,0,0,0,0,0,0,0,0,1,0,1,0,0,0,0,0,0,0,0,1,0,1,1,1,1,0,0,100,1,1,0,0,-1,-1,-1,-1,-1,-1,-1,-1,-1,-1,-1,-1,-1,-1,-1,-1,-1,-1,-1,-1,-1,-1,-1,-1,0,0,100,0,0,0,0,0,0,0,0,0,0,0,1,1,0,0,0,0,0,0,0,0,0,0,0,0,0,0,0,-1,-1,-1,-1,-1,-1,-1,-1,-1,0,-1,0,0,-1,0,1,0,0,0,-1,-1,-1,0,[0|0|0|0],-1,-1,-1,-1,400,-1,-1,-1,1,1,1,1,1,1,1,1,1,-1,-1,-1,-1,-1,0,-1,0,1,0,0,0,0,1,1,1,1,0,0,-1,0,[0|0|0|0],-1,0.5,1,[0|0|0|0],-1,0,0,[0|0|0|0|0|0|0|0],-1,-1,-1,-1,-1,[0|0|0|0],-1,-1,-1,[0|0|0|0|0|0|0|0],-1,-1,-1,[0|0|0|0|0|0|0|0],0,0,0,[0|0|0|0],70,-1,200,100,1,1,0,-1,1,0,0,3,525,0,-1,0,250,0,-1,[0|0|0|0],0,0,0,0,0,0,0,0,0,0,0,0,0,0,0,0,0,0,0,0,0,0,0,0,0,0,0,0,0,0,0,0,207,[0|0|0|0|0|0|0|0|0|0|0|0],0,0,0,0,0,0,0,0,0,0,0,0,0,0,-1,0,0,0,0,-1,-1,-1,-1,-1,-1,-1,-1,-1,-1,-1,-1,0,0,-1,0,1,0,0,0,0,0,0,[0|0],10080100,0,2.2,0.4,0.5,0,-1,1,1,1,1,1,1,1,1,0,0,0,0,0,0,0,0,0,0,0,0,0,0,0,0,0,0,0,0,0,0,0,0,0,[0|0],2.4,0.7,1.2,[0|0|0],0,1,0,-1,[0|0|0|0],20,102,0,0,0,-1,-1,-1,-1,-1,-1,-1,-1,-1,-1,0,0,0,0,0,0,0,0,0,628,[0|0],360,0,0,0,[0|0|0],0,0,0,0,0,-1,-1,-1,-1,-1,-1,[0|0|0|0],0,0,0,0,0,[0|0|0],0,0,0,0,0,0,0,0,0,0,0,0,0,0,0,0,0,0,0,0,0,0,0,0,0,0,0,0,0,0,0,0,0,0,[0|0|0],0,0,0,0,2110,[0|0|0|0],1,0,1,1,0,[0|0|0],0,0,0,0,0,-1,-1,-1,-1,1,0,0,0,0,0,0,0,0,0,200,100,1.2,1.2,0,-1,0,0,0,0,0,1,0,0,0,0,0,0,0,0,1,1,0,0,-1,1,100,0,0,0,0,1,0,0,0,0,0,0,0,0,1,1,0,0,0,0,-1,1,1,8038,0,0,0,0,0,0,1,-1,0,0,1,0,0,0,0,1,0,0,0,0,1,-1,[0|0|0|0|0|0|0|0|0|0|0|0|0|0|0|0|0|0|0|0|0|0|0|0|0|0|0|0]
10110500,LASER RIFLE - IB-C03W1: WLT 011/EN (Right),0,0,0,[0|0|0],11150,1022100,0,9010,0,0,0,0,0,0,0,0,100,0,0,0,-1,-1,-1,200001977,-1,-1,-1,-1,-1,-1,-1,-1,-1,-1,-1,-1,-1,-1,-1,-1,-1,-1,-1,1,1,1,1,0,0,0,2732,0,100,100,0,-1,0,100,0,0,100,0,0,0,0,0,-1,16,0,0,7,0,24,0,0,0,100,0,0,999,0,0,0,0,0,0,0,0,0,0,0,0,0,0,0,0,0,0,0,0,0,1,0,1,1,0,0,0,0,0,0,0,0,0,0,0,1,0,1,0,0,0,0,0,0,0,0,1,0,1,1,1,1,0,0,100,1,1,0,0,-1,-1,-1,-1,-1,-1,-1,-1,-1,-1,-1,-1,-1,-1,-1,-1,-1,-1,-1,-1,-1,-1,-1,-1,0,0,100,0,0,0,0,0,0,0,0,0,0,0,1,1,0,0,0,0,0,0,0,0,0,0,0,0,0,0,0,-1,-1,-1,-1,-1,-1,-1,-1,-1,0,-1,0,0,-1,0,1,0,0,0,-1,-1,-1,0,[0|0|0|0],-1,-1,-1,-1,400,-1,-1,-1,1,1,1,1,1,1,1,1,1,-1,-1,-1,-1,-1,0,-1,0,1,0,0,0,0,1,1,1,1,0,0,-1,0,[0|0|0|0],-1,0.5,1,[0|0|0|0],-1,0,0,[0|0|0|0|0|0|0|0],-1,-1,-1,-1,-1,[0|0|0|0],-1,-1,-1,[0|0|0|0|0|0|0|0],-1,-1,-1,[0|0|0|0|0|0|0|0],0,0,0,[0|0|0|0],245,-1,150,100,1,1,0,-1,1,0,0,3,750,0,-1,0,100,0,-1,[0|0|0|0],0,0,0,0,0,0,0,0,0,0,0,0,0,0,0,0,0,0,0,0,0,0,0,0,0,0,0,0,0,0,0,0,211,[0|0|0|0|0|0|0|0|0|0|0|0],0,0,0,0,0,0,0,0,0,0,0,0,0,0,-1,0,0,0,0,-1,-1,-1,-1,-1,-1,-1,-1,-1,-1,-1,-1,0,0,-1,0,0,0,0,0,0,0,0,[0|0],10120100,0,2.2,0,0.4,0,-1,1,1,1,1,1,1,1,1,0,0,0,0,0,0,0,0,0,0,0,0,0,0,0,0,0,0,0,0,0,0,0,0,0,[0|0],1.2,0.2,0.4,[0|0|0],0,1,0,2.3,[0|0|0|0],13,330,0,0,0,-1,-1,-1,-1,-1,-1,-1,-1,-1,-1,0,0,0,0,0,0,0,0,0,940,[0|0],360,0,0,0,[0|0|0],0,0,0,0,0,-1,-1,-1,-1,-1,-1,[0|0|0|0],0,0,0,0,0,[0|0|0],0,0,0,0,0,0,0,0,0,0,0,0,0,0,0,0,0,0,0,0,0,0,0,0,0,0,0,0,0,0,0,0,0,0,[0|0|0],0,0,0,0,2200,[0|0|0|0],1,0,0,1,0,[0|0|0],0,0,0,0,0,-1,-1,-1,-1,1,0,0,0,0,0,0,0,0,0,210,85,0.9,1.4,0,-1,0,0,0,0,0,1,0,0,0,0,0,0,0,0,1,1,0,0,-1,0,100,0,0,0,0,1,0,0,0,0,0,0,0,0,1,1,1,0,0,0,-1,1,1,8037,0,0,1,0,0,0,1,-1,0,0,1,0,0,0,0,1,0,0,0,0,1,-1,[0|0|0|0|0|0|0|0|0|0|0|0|0|0|0|0|0|0|0|0|0|0|0|0|0|0|0|0]
10110800,CORAL HANDGUN - IB-C03W6: CLA 020 (Right),0,0,0,[0|0|0],11180,1021000,0,3210,0,0,0,0,0,0,0,0,100,0,0,0,-1,-1,-1,200001977,-1,-1,-1,-1,-1,-1,-1,-1,-1,-1,-1,-1,-1,-1,-1,-1,-1,-1,-1,1,1,1,1,0,0,0,2731,0,100,100,0,-1,0,0,0,100,100,0,0,0,0,0,-1,16,0,0,7,0,24,0,0,0,100,0,0,218,0,0,0,0,0,0,0,0,0,0,0,0,0,0,0,0,0,0,0,0,0,1,0,1,1,0,0,0,0,0,0,0,0,0,0,0,1,0,1,0,0,0,0,0,0,0,0,1,0,1,1,1,1,0,0,100,1,1,0,0,-1,-1,-1,-1,-1,-1,-1,-1,-1,-1,-1,-1,-1,-1,-1,-1,-1,-1,-1,-1,-1,-1,-1,-1,0,0,100,0,0,0,0,0,0,0,0,0,0,0,1,1,0,0,0,0,0,0,0,0,0,0,0,0,0,0,0,-1,-1,-1,-1,-1,-1,-1,-1,-1,0,-1,0,0,-1,0,1,0,0,0,-1,-1,-1,0,[0|0|0|0],-1,-1,-1,-1,400,-1,-1,-1,1,1,1,1,1,1,1,1,1,-1,-1,-1,-1,-1,0,-1,0,1,0,0,0,0,1,1,1,1,0,0,-1,0,[0|0|0|0],-1,0.5,1,[0|0|0|0],-1,0,0,[0|0|0|0|0|0|0|0],-1,-1,-1,-1,-1,[0|0|0|0],-1,-1,-1,[0|0|0|0|0|0|0|0],-1,-1,-1,[0|0|0|0|0|0|0|0],0,0,0,[0|0|0|0],95,-1,200,100,1,1,0,-1,1,0,0,3,445,0,-1,0,360,0,-1,[0|0|0|0],0,0,0,0,0,0,0,0,0,0,0,0,0,0,0,0,0,0,0,0,0,0,0,0,0,0,0,0,0,0,0,0,211,[0|0|0|0|0|0|0|0|0|0|0|0],0,0,0,0,0,0,0,0,0,0,0,0,0,0,-1,0,0,0,0,-1,-1,-1,-1,-1,-1,-1,-1,-1,-1,-1,-1,0,0,-1,0,0,0,0,0,0,0,0,[0|0],10110000,0,1,0.4,0.8,0,-1,1,1,1,1,1,1,1,1,0,0,0,0,0,0,0,0,0,0,0,0,0,0,0,0,0,0,0,0,0,0,0,0,0,[0|0],4.7,0.3,0.3,[0|0|0],0,0,0,-1,[0|0|0|0],2,366,0,0,0,-1,-1,-1,-1,-1,-1,-1,-1,-1,-1,0,0,0,0,0,0,0,0,0,610,[0|0],360,0,0,0,[0|0|0],0,0,0,0,0,-1,-1,-1,-1,-1,-1,[0|0|0|0],0,0,0,0,0,[0|0|0],0,0,0,0,0,0,0,0,0,0,0,0,0,0,0,0,0,0,0,0,0,0,0,0,0,0,0,0,0,0,0,0,0,0,[0|0|0],0,0,0,0,2180,[0|0|0|0],1,0,0,1,0,[0|0|0],0,0,0,0,0,-1,-1,-1,-1,1,0,0,0,0,0,0,0,0,0,190,85,0.8,1.35,0,-1,0,0,0,0,0,1,0,0,0,0,0,1,0,0,1,1,0,0,-1,0,100,0,2,0,0,1,0,0,0,0,0,1,0,0,1,1,0,0,0,0,-1,1,1,8035,0,0,0,0,0,0,1,-1,0,0,1,0,0,0,0,1,0,0,0,0,1,-1,[0|0|0|0|0|0|0|0|0|0|0|0|0|0|0|0|0|0|0|0|0|0|0|0|0|0|0|0]
10120000,PLASMA RIFLE - Vvc-760PR (Right),0,0,0,[0|0|0],11200,1022000,0,3330,0,0,0,0,0,0,0,0,100,0,0,0,-1,-1,-1,-1,-1,-1,-1,-1,-1,-1,-1,-1,-1,-1,-1,-1,-1,-1,-1,-1,-1,-1,-1,1,1,1,1,0,0,0,2410,0,100,100,0,-1,0,100,0,0,100,0,0,0,0,0,-1,16,0,0,7,0,24,0,0,0,100,0,0,999,0,0,0,0,0,0,0,0,0,0,0,0,0,0,0,0,0,0,0,0,0,1,0,1,1,0,0,0,0,0,0,0,0,0,0,0,1,0,1,0,0,0,0,0,0,0,0,1,0,1,1,1,1,0,0,100,1,1,0,0,-1,-1,-1,-1,-1,-1,-1,-1,-1,-1,-1,-1,-1,-1,-1,-1,-1,-1,-1,-1,-1,-1,-1,-1,0,0,100,0,0,0,0,0,0,0,0,0,0,0,1,1,0,0,0,0,0,0,0,0,0,0,0,0,0,0,0,-1,-1,-1,-1,-1,-1,-1,-1,-1,0,-1,0,0,-1,0,1,0,0,0,-1,-1,-1,0,[0|0|0|0],-1,-1,-1,-1,350,-1,-1,-1,1,1,1,1,1,1,1,1,1,-1,-1,-1,-1,-1,0,-1,0,1,0,0,0,0,1,1,1,1,0,0,-1,0,[0|0|0|0],-1,0.5,1,[0|0|0|0],-1,0,0,[0|0|0|0|0|0|0|0],-1,-1,-1,-1,-1,[0|0|0|0],-1,-1,-1,[0|0|0|0|0|0|0|0],-1,-1,-1,[0|0|0|0|0|0|0|0],0,0,0,[0|0|0|0],90,-1,200,100,1,1,0,-1,1,0,0,4,490,0,-1,0,360,0,-1,[0|0|0|0],0,0,0,0,0,0,0,0,0,0,0,0,0,0,0,0,0,0,0,0,0,0,0,0,0,0,0,0,0,0,0,0,212,[0|0|0|0|0|0|0|0|0|0|0|0],0,0,0,0,0,0,0,0,0,0,0,0,0,0,-1,0,0,0,0,-1,-1,-1,-1,-1,-1,-1,-1,-1,-1,-1,-1,0,0,-1,0,1,0,0,0,0,0,0,[0|0],10120000,0,1.5,0.4,0.75,0,-1,1,1,1,1,1,1,1,1,0,0,0,0,0,0,0,0,0,0,0,0,0,0,0,0,0,0,0,0,0,0,0,0,0,[0|0],1.7,0.2,2,[0|0|0],0,1,0,-1,[0|0|0|0],9,360,0,0,0,-1,-1,-1,-1,-1,-1,-1,-1,-1,-1,0,0,0,0,0,0,0,0,0,593,[0|0],360,0,0,0,[0|0|0],0,0,0,0,0,-1,-1,-1,-1,-1,-1,[0|0|0|0],0,0,0,0,0,[0|0|0],0,0,0,0,0,0,0,0,0,0,0,0,0,0,0,0,0,0,0,0,0,0,0,0,0,0,0,0,0,0,0,0,0,0,[0|0|0],0,0,0,0,2120,[0|0|0|0],1,0,1,1,0,[0|0|0],0,0,0,0,0,-1,-1,-1,-1,1,0,0,0,0,0,0,0,0,0,254,85,1.6,1.6,0,-1,0,1,0,1,0,1,1,1,1,1,1,1,0,0,1,1,0,0,-1,2,100,1,0,1,2,1,1,1,1,1,1,1,1,0,1,1,0,0,0,0,-1,1,1,8029,0,0,0,0,0,0,1,-1,0,0,1,0,0,0,0,1,0,0,0,0,1,-1,[0|0|0|0|0|0|0|0|0|0|0|0|0|0|0|0|0|0|0|0|0|0|0|0|0|0|0|0]
10120100,MULTI ENERGY RIFLE - 44-142 KRSV (Right),0,0,0,[0|0|0],11210,1023000,0,10120,0,0,0,0,0,0,0,0,100,0,0,0,-1,-1,-1,200001977,-1,-1,-1,-1,-1,-1,-1,-1,-1,-1,-1,-1,-1,-1,-1,-1,-1,-1,-1,1,1,1,1,0,0,0,2420,0,100,100,0,-1,0,100,0,0,100,0,0,0,0,0,-1,16,0,0,7,3,24,0,0,0,100,0,0,999,0,0,0,0,0,0,0,0,0,0,0,0,0,0,0,0,0,0,0,0,0,1,0,1,1,0,0,0,0,0,0,0,0,0,0,0,1,0,1,0,0,0,0,0,0,0,0,1,0,1,1,1,1,0,0,100,1,1,0,0,-1,-1,-1,-1,-1,-1,-1,-1,-1,-1,-1,-1,-1,-1,-1,-1,-1,-1,-1,-1,-1,-1,-1,-1,0,0,100,0,0,0,0,0,0,0,0,0,0,0,1,1,0,0,0,0,0,0,0,0,0,0,0,0,0,0,0,-1,-1,-1,-1,-1,-1,-1,-1,-1,0,-1,0,0,-1,0,1,0,0,0,-1,-1,-1,0,[0|0|0|0],-1,-1,-1,-1,400,-1,-1,-1,1,1,1,1,1,1,1,1,1,-1,-1,-1,-1,-1,0,-1,0,1,0,0,0,0,1,1,1,1,0,0,-1,0,[0|0|0|0],-1,0,1,[0|0|0|0],-1,0,0,[0|0|0|0|0|0|0|0],-1,-1,-1,-1,-1,[0|0|0|0],-1,-1,-1,[0|0|0|0|0|0|0|0],-1,-1,-1,[0|0|0|0|0|0|0|0],0,0,0,[0|0|0|0],160,-1,200,100,1,1,0,-1,1,0,0,4,707,0,-1,0,400,0,-1,[0|0|0|0],0,0,0,0,0,0,0,0,0,0,0,0,0,0,0,0,0,0,0,0,0,0,0,0,0,0,0,0,0,0,0,0,211,[0|0|0|0|0|0|0|0|0|0|0|0],0,0,0,0,0,0,0,0,0,0,0,0,0,0,-1,0,0,0,0,-1,-1,-1,-1,-1,-1,-1,-1,-1,-1,-1,-1,0,0,-1,0,0,0,0,0,0,0,0,[0|0],10120100,0,0.5,0.5,0.25,0,-1,1,1,1,1,1,1,1,1,0,0,0,0,0,0,0,0,0,0,0,0,0,0,0,0,0,0,0,0,0,0,0,0,0,[0|0],0,0,0,[0|0|0],0,1,0,4,[0|0|0|0],4,380,0,0,0,-1,-1,-1,-1,-1,-1,-1,-1,-1,-1,0,0,0,0,0,0,0,0,0,955,[0|0],360,0,0,0,[0|0|0],0,0,0,0,0,-1,-1,-1,-1,-1,-1,[0|0|0|0],0,0,0,0,0,[0|0|0],0,0,0,0,0,0,0,0,0,0,0,0,0,0,0,0,0,0,0,0,0,0,0,0,0,0,0,0,0,0,0,0,0,0,[0|0|0],0,0,0,0,2110,[0|0|0|0],1,0,0,1,0,[0|0|0],0,0,0,0,0,-1,-1,-1,-1,1,0,0,0,0,0,0,0,0,0,177,80,0.7,2,0,-1,0,1,0,1,255,1,1,1,1,1,1,1,0,0,1,1,0,0,-1,2,110,2,1,2,2,1,2,2,2,2,2,2,0,0,1,1,0,0,1,0,-1,1,1,8028,0,0,0,1,0,0,1,-1,0,0,1,0,0,0,0,1,0,0,0,0,1,-1,[0|0|0|0|0|0|0|0|0|0|0|0|0|0|0|0|0|0|0|0|0|0|0|0|0|0|0|0]
10120200,PLASMA SHOTGUN - Vvc-710PS (Right),0,0,0,[0|0|0],11220,1022000,0,5630,0,0,0,0,0,0,0,0,100,0,0,0,-1,-1,-1,-1,-1,-1,-1,-1,-1,-1,-1,-1,-1,-1,-1,-1,-1,-1,-1,-1,-1,-1,-1,1,1,1,1,0,0,0,2430,0,100,100,0,-1,0,100,0,0,100,0,0,0,0,0,-1,16,0,0,7,0,24,0,0,0,100,0,0,999,0,0,0,0,0,0,0,0,0,0,0,0,0,0,0,0,0,0,0,0,0,1,0,1,1,0,0,0,0,0,0,0,0,0,0,0,1,0,1,0,0,0,0,0,0,0,0,1,0,1,1,1,1,0,0,100,1,1,0,0,-1,-1,-1,-1,-1,-1,-1,-1,-1,-1,-1,-1,-1,-1,-1,-1,-1,-1,-1,-1,-1,-1,-1,-1,0,0,100,0,0,0,0,0,0,0,0,0,0,0,1,1,0,0,0,0,0,0,0,0,0,0,0,0,0,0,0,-1,-1,-1,-1,-1,-1,-1,-1,-1,0,-1,0,0,-1,0,1,0,0,0,-1,-1,-1,0,[0|0|0|0],-1,-1,-1,-1,350,-1,-1,-1,1,1,1,1,1,1,1,1,1,-1,-1,-1,-1,-1,0,-1,0,1,0,0,0,0,1,1,1,1,0,0,-1,0,[0|0|0|0],-1,0.5,1,[0|0|0|0],-1,0,0,[0|0|0|0|0|0|0|0],-1,-1,-1,-1,-1,[0|0|0|0],-1,-1,-1,[0|0|0|0|0|0|0|0],-1,-1,-1,[0|0|0|0|0|0|0|0],0,0,0,[0|0|0|0],51,-1,1,100,1,1,0,-1,1,0,0,4,500,0,-1,0,500,0,-1,[0|0|0|0],0,0,0,0,0,0,0,0,0,0,0,0,0,0,0,0,0,0,0,0,0,0,0,0,0,0,0,0,0,0,0,0,215,[0|0|0|0|0|0|0|0|0|0|0|0],0,0,0,0,0,0,0,0,0,0,0,0,0,0,-1,0,0,0,0,-1,-1,-1,-1,-1,-1,-1,-1,-1,-1,-1,-1,0,0,-1,0,1,0,0,0,0,0,0,[0|0],10120000,0,2,0.4,0.75,0,-1,1,1,1,1,1,1,1,1,0,0,0,0,0,0,0,0,0,0,0,0,0,0,0,0,0,0,0,0,0,0,0,0,0,[0|0],1.7,0.2,2,[0|0|0],0,1,0,-1,[0|0|0|0],5,361,0,0,0,-1,-1,-1,-1,-1,-1,-1,-1,-1,-1,0,0,0,0,0,0,0,0,0,710,[0|0],360,0,0,0,[0|0|0],0,0,0,0,0,-1,-1,-1,-1,-1,-1,[0|0|0|0],0,0,0,0,0,[0|0|0],0,0,0,0,0,0,0,0,0,0,0,0,0,0,0,0,0,0,0,0,0,0,0,0,0,0,0,0,0,0,0,0,0,0,[0|0|0],0,0,0,0,2120,[0|0|0|0],1,0,1,1,0,[0|0|0],0,0,0,0,0,-1,-1,-1,-1,1,0,0,0,0,0,0,0,0,0,225,89,2,1.6,0,-1,0,1,0,1,0,1,1,1,1,1,1,1,0,0,1,1,0,0,-1,2,100,2,0,2,2,1,2,2,2,2,2,2,2,0,1,1,0,0,0,0,-1,1,1,8029,0,0,0,0,0,0,1,-1,0,0,1,0,0,0,0,1,0,0,0,0,1,-1,[0|0|0|0|0|0|0|0|0|0|0|0|0|0|0|0|0|0|0|0|0|0|0|0|0|0|0|0]
10120300,WEAPON ARMS - A-MOD_3[0] IANITOR (Right),0,0,0,[0|0|0],11230,1016000,0,0,0,0,0,0,0,0,0,0,100,0,0,0,-1,-1,-1,-1,-1,-1,-1,-1,-1,-1,-1,-1,-1,-1,-1,-1,-1,-1,-1,-1,-1,-1,-1,1,1,1,1,0,0,0,2110,0,100,100,0,-1,0,100,0,0,100,0,0,0,0,0,-1,16,0,0,7,0,19,0,0,0,100,0,0,222,0,0,0,0,0,0,0,0,0,0,0,0,0,0,0,0,0,0,0,0,0,1,0,1,1,0,0,0,0,0,0,0,0,0,0,0,1,0,1,0,0,0,0,0,0,0,0,1,0,1,1,1,1,0,0,100,1,1,0,0,-1,-1,-1,-1,-1,-1,-1,-1,-1,-1,-1,-1,-1,-1,-1,-1,-1,-1,-1,-1,-1,-1,-1,-1,0,0,100,0,0,0,0,0,0,0,0,0,0,0,1,1,0,0,0,0,0,0,0,0,0,0,0,0,0,0,0,-1,-1,-1,-1,-1,-1,-1,-1,-1,0,-1,0,0,-1,0,1,0,0,0,-1,-1,-1,0,[0|0|0|0],-1,-1,-1,-1,100,-1,-1,-1,1,1,1,1,1,1,1,1,1,-1,-1,-1,-1,-1,0,-1,0,1,0,0,0,0,1,1,1,1,0,0,-1,0,[0|0|0|0],-1,0.5,1,[0|0|0|0],-1,0,0,[0|0|0|0|0|0|0|0],-1,-1,-1,-1,-1,[0|0|0|0],-1,-1,-1,[0|0|0|0|0|0|0|0],-1,-1,-1,[0|0|0|0|0|0|0|0],0,0,0,[0|0|0|0],320,-1,200,100,1,1,0,-1,1,0,0,1,0,0,-1,0,200,0,-1,[0|0|0|0],0,0,0,0,0,0,0,0,0,0,0,0,0,0,0,0,0,0,0,0,0,0,0,0,0,0,0,0,0,0,0,0,210,[0|0|0|0|0|0|0|0|0|0|0|0],0,0,0,0,0,0,0,0,0,0,0,0,0,0,-1,0,0,0,0,-1,-1,-1,-1,-1,-1,-1,-1,-1,-1,-1,-1,0,0,-1,0,1,0,0,0,0,0,0,[0|0],10080100,-1,1,1,1,0,-1,1,1,1,1,1,1,1,1,0,0,0,0,0,0,0,0,0,0,0,0,0,0,0,0,0,0,0,0,0,0,0,0,0,[0|0],3.3,0.4,0.6,[0|0|0],0,1,0,-1,[0|0|0|0],5,360,0,0,0,-1,-1,-1,-1,-1,-1,-1,-1,-1,-1,0,0,0,0,0,0,0,0,0,-1,[0|0],360,0,0,0,[0|0|0],0,0,0,0,0,-1,-1,-1,-1,-1,-1,[0|0|0|0],0,0,0,0,0,[0|0|0],0,0,0,0,0,0,0,0,0,0,0,0,0,0,0,0,0,0,0,0,0,0,0,0,0,0,0,0,0,0,0,0,0,0,[0|0|0],0,0,0,0,2070,[0|0|0|0],1,0,1,1,0,[0|0|0],0,0,0,0,0,-1,-1,-1,-1,1,0,0,0,0,0,0,0,0,0,250,85,2.6,1.3,0,-1,0,0,0,0,0,1,0,0,0,0,0,0,0,0,1,1,0,0,-1,0,100,0,0,0,0,1,0,0,0,0,0,0,0,0,1,1,0,0,0,0,-1,1,1,8022,0,0,0,0,0,0,1,-1,0,0,1,0,0,0,0,1,0,0,0,0,1,-1,[0|0|0|0|0|0|0|0|0|0|0|0|0|0|0|0|0|0|0|0|0|0|0|0|0|0|0|0]
10120400,HEAVY PLASMA RIFLE - R-MOD_13 TURRIS (Right),0,0,0,[0|0|0],11240,1022011,0,9820,0,0,0,0,0,0,0,0,100,0,0,0,-1,-1,-1,200001977,-1,-1,-1,-1,-1,-1,-1,-1,-1,-1,-1,-1,-1,-1,-1,-1,-1,-1,-1,1,1,1,1,0,0,0,9224,0,100,100,0,-1,0,100,0,0,100,0,0,0,0,0,-1,16,0,0,7,0,24,0,0,0,100,0,0,999,0,0,0,0,0,0,0,0,0,0,0,0,0,0,0,0,0,0,0,0,0,1,0,1,1,0,0,0,0,0,0,0,0,0,0,0,1,0,1,0,0,0,0,0,0,0,0,1,0,1,1,1,1,0,0,100,1,1,0,0,-1,-1,-1,-1,-1,-1,-1,-1,-1,-1,-1,-1,-1,-1,-1,-1,-1,-1,-1,-1,-1,-1,-1,-1,0,0,100,0,0,0,0,0,0,0,0,0,0,0,1,1,0,0,0,0,0,0,0,0,0,0,0,0,0,0,0,-1,-1,-1,-1,-1,-1,-1,-1,-1,0,-1,0,0,-1,0,1,0,0,0,-1,-1,-1,0,[0|0|0|0],-1,-1,-1,-1,400,-1,-1,-1,1,1,1,1,1,1,1,1,1,-1,-1,-1,-1,-1,0,-1,0,1,0,0,0,0,1,1,1,1,0,0,-1,0,[0|0|0|0],-1,0,1,[0|0|0|0],-1,0,0,[0|0|0|0|0|0|0|0],-1,-1,-1,-1,-1,[0|0|0|0],-1,-1,-1,[0|0|0|0|0|0|0|0],-1,-1,-1,[0|0|0|0|0|0|0|0],0,0,0,[0|0|0|0],109,-1,200,100,1,1,0,-1,1,0,0,4,805,0,-1,0,300,0,-1,[0|0|0|0],0,0,0,0,0,0,0,0,0,0,0,0,0,0,0,0,0,0,0,0,0,0,0,0,0,0,0,0,0,0,0,0,211,[0|0|0|0|0|0|0|0|0|0|0|0],0,0,0,0,0,0,0,0,0,0,0,0,0,0,-1,0,0,0,0,-1,-1,-1,-1,-1,-1,-1,-1,-1,-1,-1,-1,0,0,-1,0,0,0,0,0,0,0,0,[0|0],10120100,0,2.3,0.5,0.3,0,-1,1,1,1,1,1,1,1,1,0,0,0,0,0,0,0,0,0,0,0,0,0,0,0,0,0,0,0,0,0,0,0,0,0,[0|0],0,0,0,[0|0|0],0,1,0,4,[0|0|0|0],5,381,0,0,0,-1,-1,-1,-1,-1,-1,-1,-1,-1,-1,0,0,0,0,0,0,0,0,0,1010,[0|0],360,0,0,0,[0|0|0],0,0,0,0,0,-1,-1,-1,-1,-1,-1,[0|0|0|0],0,0,0,0,0,[0|0|0],0,0,0,0,0,0,0,0,0,0,0,0,0,0,0,0,0,0,0,0,0,0,0,0,0,0,0,0,0,0,0,0,0,0,[0|0|0],0,0,0,0,2110,[0|0|0|0],1,0,0,1,0,[0|0|0],0,0,0,0,0,-1,-1,-1,-1,1,0,0,0,0,0,0,0,0,0,160,80,0.7,2,0,-1,0,1,0,1,255,1,1,1,1,1,1,1,0,0,1,1,0,0,-1,2,110,1,2,0,0,1,0,0,0,0,0,0,0,0,1,1,0,0,1,0,-1,1,1,8028,0,0,0,1,0,0,1,-1,0,0,1,0,0,0,0,1,0,0,0,0,1,-1,[0|0|0|0|0|0|0|0|0|0|0|0|0|0|0|0|0|0|0|0|0|0|0|0|0|0|0|0]
10130000,PULSE GUN - HI-16: GU-Q1 (Right),0,0,0,[0|0|0],11300,1024000,0,2110,0,0,0,0,0,0,0,0,100,0,0,0,-1,-1,-1,-1,-1,-1,-1,-1,-1,-1,-1,-1,-1,-1,-1,-1,-1,-1,-1,-1,-1,-1,-1,1,1,1,1,0,0,0,2810,0,100,100,0,-1,0,100,0,0,100,0,0,0,0,0,-1,16,0,0,7,0,19,0,0,0,100,0,0,999,0,0,0,0,0,0,0,0,0,0,0,0,0,0,0,0,0,0,0,0,0,1,0,1,1,0,0,0,0,0,0,0,0,0,0,0,1,0,1,0,0,0,0,0,0,0,0,1,0,1,1,1,1,0,0,100,1,1,0,0,-1,-1,-1,-1,-1,-1,-1,-1,-1,-1,-1,-1,-1,-1,-1,-1,-1,-1,-1,-1,-1,-1,-1,-1,0,0,100,0,0,0,0,0,0,0,0,0,0,0,1,1,0,0,0,0,0,0,0,0,0,0,0,0,0,0,0,-1,-1,-1,-1,-1,-1,-1,-1,-1,0,-1,0,0,-1,0,1,0,0,0,-1,-1,-1,0,[0|0|0|0],-1,-1,-1,-1,150,-1,-1,-1,1,1,1,1,1,1,1,1,1,-1,-1,-1,-1,-1,0,-1,0,1,0,0,0,0,1,1,1,1,0,0,-1,0,[0|0|0|0],-1,0.5,1,[0|0|0|0],-1,0,0,[0|0|0|0|0|0|0|0],-1,-1,-1,-1,-1,[0|0|0|0],-1,-1,-1,[0|0|0|0|0|0|0|0],-1,-1,-1,[0|0|0|0|0|0|0|0],0,0,0,[0|0|0|0],560,-1,200,100,1,1,0,-1,1,0,0,1,368,0,-1,0,30,0,-1,[0|0|0|0],0,0,0,0,0,0,0,0,0,0,0,0,0,0,0,0,0,0,0,0,0,0,0,0,0,0,0,0,0,0,0,0,213,[0|0|0|0|0|0|0|0|0|0|0|0],0,0,0,0,0,0,0,0,0,0,0,0,0,0,-1,0,0,0,0,-1,-1,-1,-1,-1,-1,-1,-1,-1,-1,-1,-1,0,0,-1,0,1,0,0,0,0,0,0,[0|0],10130000,0,0,-1,0,0,-1,1,1,1,1,1,1,1,1,0,0,0,0,0,0,0,0,0,0,0,0,0,0,0,0,0,0,0,0,0,0,0,0,0,[0|0],20,0.1,0.1,[0|0|0],0,1,0,-1,[0|0|0|0],17,320,0,0,0,-1,-1,-1,-1,-1,-1,-1,-1,-1,-1,0,0,0,0,0,0,0,0,0,-1,[0|0],360,0,0,0,[0|0|0],0,0,0,0,0,-1,-1,-1,-1,-1,-1,[0|0|0|0],0,0,0,0,0,[0|0|0],0,0,0,0,0,0,0,0,0,0,0,0,0,0,0,0,0,0,0,0,0,0,0,0,0,0,0,0,0,0,0,0,0,0,[0|0|0],0,0,0,0,2130,[0|0|0|0],1,0,1,1,0,[0|0|0],0,0,0,0,0,-1,-1,-1,-1,1,0,0,0,0,0,0,0,0,0,623,85,0.4,1.3,0,-1,0,0,0,0,0,1,0,0,0,0,0,0,0,0,1,1,0,0,-1,0,-1,0,0,0,0,1,0,0,0,0,0,0,0,0,1,1,0,0,0,0,-1,1,1,8039,0,0,0,0,0,0,1,-1,0,0,1,0,0,0,0,1,0,0,0,0,1,-1,[0|0|0|0|0|0|0|0|0|0|0|0|0|0|0|0|0|0|0|0|0|0|0|0|0|0|0|0]
10130100,PULSE GUN - HI-18: GU-A2 (Right),0,0,0,[0|0|0],11310,1024010,0,2650,0,0,0,0,0,0,0,0,100,0,0,0,-1,-1,-1,-1,-1,-1,-1,-1,-1,-1,-1,-1,-1,-1,-1,-1,-1,-1,-1,-1,-1,-1,-1,1,1,1,1,0,0,0,2820,0,100,100,0,-1,0,100,0,0,100,0,0,0,0,0,-1,16,0,0,7,0,19,0,0,0,100,0,0,999,0,0,0,0,0,0,0,0,0,0,0,0,0,0,0,0,0,0,0,0,0,1,0,1,1,0,0,0,0,0,0,0,0,0,0,0,1,0,1,0,0,0,0,0,0,0,0,1,0,1,1,1,1,0,0,100,1,1,0,0,-1,-1,-1,-1,-1,-1,-1,-1,-1,-1,-1,-1,-1,-1,-1,-1,-1,-1,-1,-1,-1,-1,-1,-1,0,0,100,0,0,0,0,0,0,0,0,0,0,0,1,1,0,0,0,0,0,0,0,0,0,0,0,0,0,0,0,-1,-1,-1,-1,-1,-1,-1,-1,-1,0,-1,0,0,-1,0,1,0,0,0,-1,-1,-1,0,[0|0|0|0],-1,-1,-1,-1,150,-1,-1,-1,1,1,1,1,1,1,1,1,1,-1,-1,-1,-1,-1,0,-1,0,1,0,0,0,0,1,1,1,1,0,0,-1,0,[0|0|0|0],-1,0.5,1,[0|0|0|0],-1,0,0,[0|0|0|0|0|0|0|0],-1,-1,-1,-1,-1,[0|0|0|0],-1,-1,-1,[0|0|0|0|0|0|0|0],-1,-1,-1,[0|0|0|0|0|0|0|0],0,0,0,[0|0|0|0],380,-1,200,100,1,1,0,-1,1,0,0,1,446,0,-1,0,60,0,-1,[0|0|0|0],0,0,0,0,0,0,0,0,0,0,0,0,0,0,0,0,0,0,0,0,0,0,0,0,0,0,0,0,0,0,0,0,213,[0|0|0|0|0|0|0|0|0|0|0|0],0,0,0,0,0,0,0,0,0,0,0,0,0,0,-1,0,0,0,0,-1,-1,-1,-1,-1,-1,-1,-1,-1,-1,-1,-1,0,0,-1,0,1,0,0,0,0,0,0,[0|0],10130100,0,0,-1,0,0,-1,1,1,1,1,1,1,1,1,0,0,0,0,0,0,0,0,0,0,0,0,0,0,0,0,0,0,0,0,0,0,0,0,0,[0|0],11,0.2,0.1,[0|0|0],0,1,0,-1,[0|0|0|0],17,320,0,0,0,-1,-1,-1,-1,-1,-1,-1,-1,-1,-1,0,0,0,0,0,0,0,0,0,-1,[0|0],360,0,0,0,[0|0|0],0,0,0,0,0,-1,-1,-1,-1,-1,-1,[0|0|0|0],0,0,0,0,0,[0|0|0],0,0,0,0,0,0,0,0,0,0,0,0,0,0,0,0,0,0,0,0,0,0,0,0,0,0,0,0,0,0,0,0,0,0,[0|0|0],0,0,0,0,2130,[0|0|0|0],1,0,1,1,0,[0|0|0],0,0,0,0,0,-1,-1,-1,-1,1,0,0,0,0,0,0,0,0,0,295,85,0.4,1.3,0,-1,0,0,0,0,0,1,0,0,0,0,0,0,0,0,1,1,0,0,-1,0,-1,0,0,0,0,1,0,0,0,0,0,0,0,0,1,1,0,0,0,0,-1,1,1,8040,0,0,0,0,0,0,1,-1,0,0,1,0,0,0,0,1,0,0,0,0,1,-1,[0|0|0|0|0|0|0|0|0|0|0|0|0|0|0|0|0|0|0|0|0|0|0|0|0|0|0|0]
10132000,PULSE SHOTGUN - HI-17: GU-S4 (Right),0,0,0,[0|0|0],11320,1015999,0,2910,0,0,0,0,0,0,0,0,100,0,0,0,-1,-1,-1,-1,-1,-1,-1,-1,-1,-1,-1,-1,-1,-1,-1,-1,-1,-1,-1,-1,-1,-1,-1,1,1,1,1,0,0,0,2850,0,100,100,0,-1,0,100,0,0,100,0,0,0,0,0,-1,16,0,0,7,0,19,0,0,0,100,0,0,999,0,0,0,0,0,0,0,0,0,0,0,0,0,0,0,0,0,0,0,0,0,1,0,1,1,0,0,0,0,0,0,0,0,0,0,0,1,0,1,0,0,0,0,0,0,0,0,1,0,1,1,1,1,0,0,100,1,1,0,0,-1,-1,-1,-1,-1,-1,-1,-1,-1,-1,-1,-1,-1,-1,-1,-1,-1,-1,-1,-1,-1,-1,-1,-1,0,0,100,0,0,0,0,0,0,0,0,0,0,0,1,1,0,0,0,0,0,0,0,0,0,0,0,0,0,0,0,-1,-1,-1,-1,-1,-1,-1,-1,-1,0,-1,0,0,-1,0,1,0,0,0,-1,-1,-1,0,[0|0|0|0],-1,-1,-1,-1,150,-1,-1,-1,1,1,1,1,1,1,1,1,1,-1,-1,-1,-1,-1,0,-1,0,1,0,0,0,0,1,1,1,1,0,0,-1,0,[0|0|0|0],-1,0.5,1,[0|0|0|0],-1,0,0,[0|0|0|0|0|0|0|0],-1,-1,-1,-1,-1,[0|0|0|0],-1,-1,-1,[0|0|0|0|0|0|0|0],-1,-1,-1,[0|0|0|0|0|0|0|0],0,0,0,[0|0|0|0],70,-1,200,100,1,1,0,-1,1,0,0,1,471,0,-1,0,180,0,-1,[0|0|0|0],0,0,0,0,0,0,0,0,0,0,0,0,0,0,0,0,0,0,0,0,0,0,0,0,0,0,0,0,0,0,0,0,205,[0|0|0|0|0|0|0|0|0|0|0|0],0,0,0,0,0,0,0,0,0,0,0,0,0,0,-1,0,0,0,0,-1,-1,-1,-1,-1,-1,-1,-1,-1,-1,-1,-1,0,0,-1,0,1,0,0,0,0,0,0,[0|0],10130000,0,0,-1,0,0,-1,1,1,1,1,1,1,1,1,0,0,0,0,0,0,0,0,0,0,0,0,0,0,0,0,0,0,0,0,0,0,0,0,0,[0|0],20,0.1,0.1,[0|0|0],0,1,0,-1,[0|0|0|0],17,321,0,0,0,-1,-1,-1,-1,-1,-1,-1,-1,-1,-1,0,0,0,0,0,0,0,0,0,-1,[0|0],360,0,0,0,[0|0|0],0,0,0,0,0,-1,-1,-1,-1,-1,-1,[0|0|0|0],0,0,0,0,0,[0|0|0],0,0,0,0,0,0,0,0,0,0,0,0,0,0,0,0,0,0,0,0,0,0,0,0,0,0,0,0,0,0,0,0,0,0,[0|0|0],0,0,0,0,2130,[0|0|0|0],1,0,1,1,0,[0|0|0],0,0,0,0,0,-1,-1,-1,-1,1,0,0,0,0,0,0,0,0,0,600,85,0.4,1.3,0,-1,0,0,0,0,0,1,0,0,0,0,0,0,0,0,1,1,0,0,-1,1,-1,0,0,0,0,1,0,0,0,0,0,0,0,0,1,1,0,0,0,0,-1,1,1,8039,0,0,0,0,0,0,1,-1,0,0,1,0,0,0,0,1,0,0,0,0,1,-1,[0|0|0|0|0|0|0|0|0|0|0|0|0|0|0|0|0|0|0|0|0|0|0|0|0|0|0|0]
10140000,LASER RIFLE - VE-66LRB (Right),0,0,0,[0|0|0],11400,1019020,0,7760,0,0,0,0,0,0,0,0,100,0,0,0,-1,-1,-1,-1,-1,-1,-1,-1,-1,-1,-1,-1,-1,-1,-1,-1,-1,-1,-1,-1,-1,-1,-1,1,1,1,1,0,0,0,2510,0,100,100,0,-1,0,100,0,0,100,0,0,0,0,0,-1,16,0,0,7,0,24,0,0,0,100,0,0,999,0,0,0,0,0,0,0,0,0,0,0,0,0,0,0,0,0,0,0,0,0,1,0,1,1,0,0,0,0,0,0,0,0,0,0,0,1,0,1,0,0,0,0,0,0,0,0,1,0,1,1,1,1,0,0,100,1,1,0,0,-1,-1,-1,-1,-1,-1,-1,-1,-1,-1,-1,-1,-1,-1,-1,-1,-1,-1,-1,-1,-1,-1,-1,-1,0,0,100,0,0,0,0,0,0,0,0,0,0,0,1,1,0,0,0,0,0,0,0,0,0,0,0,0,0,0,0,-1,-1,-1,-1,-1,-1,-1,-1,-1,0,-1,0,0,-1,0,1,0,0,0,-1,-1,-1,0,[0|0|0|0],-1,-1,-1,-1,400,-1,-1,-1,1,1,1,1,1,1,1,1,1,-1,-1,-1,-1,-1,0,-1,0,1,0,0,0,0,1,1,1,1,0,0,-1,0,[0|0|0|0],-1,0.5,1,[0|0|0|0],-1,0,0,[0|0|0|0|0|0|0|0],-1,-1,-1,-1,-1,[0|0|0|0],-1,-1,-1,[0|0|0|0|0|0|0|0],-1,-1,-1,[0|0|0|0|0|0|0|0],0,0,0,[0|0|0|0],108,-1,200,100,1,1,0,-1,1,0,0,3,604,0,-1,0,400,0,-1,[0|0|0|0],0,0,0,0,0,0,0,0,0,0,0,0,0,0,0,0,0,0,0,0,0,0,0,0,0,0,0,0,0,0,0,0,211,[0|0|0|0|0|0|0|0|0|0|0|0],0,0,0,0,0,0,0,0,0,0,0,0,0,0,-1,0,0,0,0,-1,-1,-1,-1,-1,-1,-1,-1,-1,-1,-1,-1,0,0,-1,0,1,0,0,0,0,0,0,[0|0],10140000,0,2.3,1,1.15,0,-1,1,1,1,1,1,1,1,1,0,0,0,0,0,0,0,0,0,0,0,0,0,0,0,0,0,0,0,0,0,0,0,0,0,[0|0],2,0.1,0.6,[0|0|0],0,1,0,-1,[0|0|0|0],20,330,0,0,0,-1,-1,-1,-1,-1,-1,-1,-1,-1,-1,0,0,0,0,0,0,0,0,0,737,[0|0],360,0,0,0,[0|0|0],0,0,0,0,0,-1,-1,-1,-1,-1,-1,[0|0|0|0],0,0,0,0,0,[0|0|0],0,0,0,0,0,0,0,0,0,0,0,0,0,0,0,0,0,0,0,0,0,0,0,0,0,0,0,0,0,0,0,0,0,0,[0|0|0],0,0,0,0,2110,[0|0|0|0],1,0,1,1,0,[0|0|0],0,0,0,0,0,-1,-1,-1,-1,1,0,0,0,0,0,0,0,0,0,246,85,1.7,1.7,0,-1,0,0,0,0,0,1,0,0,0,0,0,0,0,0,1,1,0,0,-1,1,100,0,0,0,1,1,0,0,0,0,0,0,0,0,1,1,0,0,0,0,-1,1,1,8030,0,0,0,0,0,0,1,-1,0,0,1,0,0,0,0,1,0,0,0,0,1,-1,[0|0|0|0|0|0|0|0|0|0|0|0|0|0|0|0|0|0|0|0|0|0|0|0|0|0|0|0]
10150000,LASER SHOTGUN - WUERGER/66E (Right),0,0,0,[0|0|0],11500,1020010,0,2880,0,0,0,0,0,0,0,0,100,0,0,0,-1,-1,-1,-1,-1,-1,-1,-1,-1,-1,-1,-1,-1,-1,-1,-1,-1,-1,-1,-1,-1,-1,-1,1,1,1,1,0,0,0,2610,0,100,100,0,-1,0,100,0,0,100,0,0,0,0,0,-1,16,0,0,7,0,16,0,0,0,100,0,0,999,0,0,0,0,0,0,0,0,0,0,0,0,0,0,0,0,0,0,0,0,0,1,0,1,1,0,0,0,0,0,0,0,0,0,0,0,1,0,1,0,0,0,0,0,0,0,0,1,0,1,1,1,1,0,0,100,1,1,0,0,-1,-1,-1,-1,-1,-1,-1,-1,-1,-1,-1,-1,-1,-1,-1,-1,-1,-1,-1,-1,-1,-1,-1,-1,0,0,100,0,0,0,0,0,0,0,0,0,0,0,1,1,0,0,0,0,0,0,0,0,0,0,0,0,0,0,0,-1,-1,-1,-1,-1,-1,-1,-1,-1,0,-1,0,0,-1,0,1,0,0,0,-1,-1,-1,0,[0|0|0|0],-1,-1,-1,-1,400,-1,-1,-1,1,1,1,1,1,1,1,1,1,-1,-1,-1,-1,-1,0,-1,0,1,0,0,0,0,1,1,1,1,0,0,-1,0,[0|0|0|0],-1,0.5,1,[0|0|0|0],-1,0,0,[0|0|0|0|0|0|0|0],-1,-1,-1,-1,-1,[0|0|0|0],-1,-1,-1,[0|0|0|0|0|0|0|0],-1,-1,-1,[0|0|0|0|0|0|0|0],0,0,0,[0|0|0|0],66,-1,200,100,1,1,0,-1,1,0,0,2,440,0,-1,0,200,0,-1,[0|0|0|0],0,0,0,0,0,0,0,0,0,0,0,0,0,0,0,0,0,0,0,0,0,0,0,0,0,0,0,0,0,0,0,0,215,[0|0|0|0|0|0|0|0|0|0|0|0],0,0,0,0,0,0,0,0,0,0,0,0,0,0,-1,0,0,0,0,-1,-1,-1,-1,-1,-1,-1,-1,-1,-1,-1,-1,0,0,-1,0,0,0,0,0,0,0,0,[0|0],10150000,0,0.4,0.2,0.2,0,-1,1,1,1,1,1,1,1,1,0,0,0,0,0,0,0,0,0,0,0,0,0,0,0,0,0,0,0,0,0,0,0,0,0,[0|0],3,0.2,1.1,[0|0|0],0,1,0,-1,[0|0|0|0],8,350,0,0,0,-1,-1,-1,-1,-1,-1,-1,-1,-1,-1,0,0,0,0,0,0,0,0,0,484,[0|0],360,0,0,0,[0|0|0],0,0,0,0,0,-1,-1,-1,-1,-1,-1,[0|0|0|0],0,0,0,0,0,[0|0|0],0,0,0,0,0,0,0,0,0,0,0,0,0,0,0,0,0,0,0,0,0,0,0,0,0,0,0,0,0,0,0,0,0,0,[0|0|0],0,0,0,0,2150,[0|0|0|0],1,0,0,1,0,[0|0|0],0,0,0,0,0,-1,-1,-1,-1,1,0,0,0,0,0,0,0,0,0,291,85,1,1,0,-1,0,0,0,0,0,1,0,0,0,0,0,0,0,0,1,1,0,0,-1,1,100,0,0,0,0,1,0,0,0,0,0,0,0,0,1,1,0,0,0,0,-1,1,1,8031,0,0,0,0,0,0,1,-1,0,0,1,0,0,0,0,1,0,0,0,0,1,-1,[0|0|0|0|0|0|0|0|0|0|0|0|0|0|0|0|0|0|0|0|0|0|0|0|0|0|0|0]
10150100,LASER SHOTGUN - VP-66LS (Right),0,0,0,[0|0|0],11510,1020000,0,3540,0,0,0,0,0,0,0,0,100,0,0,0,-1,-1,-1,-1,-1,-1,-1,-1,-1,-1,-1,-1,-1,-1,-1,-1,-1,-1,-1,-1,-1,-1,-1,1,1,1,1,0,0,0,2620,0,100,100,0,-1,0,100,0,0,100,0,0,0,0,0,-1,16,0,0,7,0,16,0,0,0,100,0,0,219,0,0,0,0,0,0,0,0,0,0,0,0,0,0,0,0,0,0,0,0,0,1,0,1,1,0,0,0,0,0,0,0,0,0,0,0,1,0,1,0,0,0,0,0,0,0,0,1,0,1,1,1,1,0,0,100,1,1,0,0,-1,-1,-1,-1,-1,-1,-1,-1,-1,-1,-1,-1,-1,-1,-1,-1,-1,-1,-1,-1,-1,-1,-1,-1,0,0,100,0,0,0,0,0,0,0,0,0,0,0,1,1,0,0,0,0,0,0,0,0,0,0,0,0,0,0,0,-1,-1,-1,-1,-1,-1,-1,-1,-1,0,-1,0,0,-1,0,1,0,0,0,-1,-1,-1,0,[0|0|0|0],-1,-1,-1,-1,400,-1,-1,-1,1,1,1,1,1,1,1,1,1,-1,-1,-1,-1,-1,0,-1,0,1,0,0,0,0,1,1,1,1,0,0,-1,0,[0|0|0|0],-1,0.5,1,[0|0|0|0],-1,0,0,[0|0|0|0|0|0|0|0],-1,-1,-1,-1,-1,[0|0|0|0],-1,-1,-1,[0|0|0|0|0|0|0|0],-1,-1,-1,[0|0|0|0|0|0|0|0],0,0,0,[0|0|0|0],60,-1,200,100,1,1,0,-1,1,0,0,2,510,0,-1,0,300,0,-1,[0|0|0|0],0,0,0,0,0,0,0,0,0,0,0,0,0,0,0,0,0,0,0,0,0,0,0,0,0,0,0,0,0,0,0,0,215,[0|0|0|0|0|0|0|0|0|0|0|0],0,0,0,0,0,0,0,0,0,0,0,0,0,0,-1,0,0,0,0,-1,-1,-1,-1,-1,-1,-1,-1,-1,-1,-1,-1,0,0,-1,0,0,0,0,0,0,0,0,[0|0],10150100,0,0.7,0.4,0.35,0,-1,1,1,1,1,1,1,1,1,0,0,0,0,0,0,0,0,0,0,0,0,0,0,0,0,0,0,0,0,0,0,0,0,0,[0|0],3,0.2,0.4,[0|0|0],0,1,0,-1,[0|0|0|0],7,351,0,0,0,-1,-1,-1,-1,-1,-1,-1,-1,-1,-1,0,0,0,0,0,0,0,0,0,582,[0|0],360,0,0,0,[0|0|0],0,0,0,0,0,-1,-1,-1,-1,-1,-1,[0|0|0|0],0,0,0,0,0,[0|0|0],0,0,0,0,0,0,0,0,0,0,0,0,0,0,0,0,0,0,0,0,0,0,0,0,0,0,0,0,0,0,0,0,0,0,[0|0|0],0,0,0,0,2190,[0|0|0|0],1,0,0,1,0,[0|0|0],0,0,0,0,0,-1,-1,-1,-1,1,0,0,0,0,0,0,0,0,0,263,85,1.4,1.6,0,-1,0,0,0,0,0,1,0,0,0,0,0,0,0,0,1,1,0,0,-1,1,100,0,0,0,0,1,0,0,0,0,0,1,0,0,1,1,0,0,0,0,-1,1,1,8032,0,0,0,0,0,0,1,-1,0,0,1,0,0,0,0,1,0,0,0,0,1,-1,[0|0|0|0|0|0|0|0|0|0|0|0|0|0|0|0|0|0|0|0|0|0|0|0|0|0|0|0]
10150200,PLASMA RIFLE - IA-C01W1: NEBULA (Right),0,0,0,[0|0|0],11520,1022010,0,3890,0,0,0,0,0,0,0,0,100,0,0,0,-1,-1,-1,-1,-1,-1,-1,-1,-1,-1,-1,-1,-1,-1,-1,-1,-1,-1,-1,-1,-1,-1,-1,1,1,1,1,0,0,0,2630,0,100,100,0,-1,0,100,0,0,100,0,0,0,0,0,-1,16,0,0,7,0,24,0,0,0,100,0,0,999,0,0,0,0,0,0,0,0,0,0,0,0,0,0,0,0,0,0,0,0,0,1,0,1,1,0,0,0,0,0,0,0,0,0,0,0,1,0,1,0,0,0,0,0,0,0,0,1,0,1,1,1,1,0,0,100,1,1,0,0,-1,-1,-1,-1,-1,-1,-1,-1,-1,-1,-1,-1,-1,-1,-1,-1,-1,-1,-1,-1,-1,-1,-1,-1,0,0,100,0,0,0,0,0,0,0,0,0,0,0,1,1,0,0,0,0,0,0,0,0,0,0,0,0,0,0,0,-1,-1,-1,-1,-1,-1,-1,-1,-1,0,-1,0,0,-1,0,1,0,0,0,-1,-1,-1,0,[0|0|0|0],-1,-1,-1,-1,350,-1,-1,-1,1,1,1,1,1,1,1,1,1,-1,-1,-1,-1,-1,0,-1,0,1,0,0,0,0,1,1,1,1,0,0,-1,0,[0|0|0|0],-1,0.5,1,[0|0|0|0],-1,0,0,[0|0|0|0|0|0|0|0],-1,-1,-1,-1,-1,[0|0|0|0],-1,-1,-1,[0|0|0|0|0|0|0|0],-1,-1,-1,[0|0|0|0|0|0|0|0],0,0,0,[0|0|0|0],58,-1,200,100,1,1,0,-1,1,0,0,2,609,0,-1,0,600,0,-1,[0|0|0|0],0,0,0,0,0,0,0,0,0,0,0,0,0,0,0,0,0,0,0,0,0,0,0,0,0,0,0,0,0,0,0,0,212,[0|0|0|0|0|0|0|0|0|0|0|0],0,0,0,0,0,0,0,0,0,0,0,0,0,0,-1,0,0,0,0,-1,-1,-1,-1,-1,-1,-1,-1,-1,-1,-1,-1,0,0,-1,0,1,0,0,0,0,0,0,[0|0],10150200,0,2.7,0.4,1.35,0,-1,1,1,1,1,1,1,1,1,0,0,0,0,0,0,0,0,0,0,0,0,0,0,0,0,0,0,0,0,0,0,0,0,0,[0|0],1.1,0.2,1.5,[0|0|0],0,1,0,-1,[0|0|0|0],2,360,0,0,0,-1,-1,-1,-1,-1,-1,-1,-1,-1,-1,0,0,0,0,0,0,0,0,0,737,[0|0],360,0,0,0,[0|0|0],0,0,0,0,0,-1,-1,-1,-1,-1,-1,[0|0|0|0],0,0,0,0,0,[0|0|0],0,0,0,0,0,0,0,0,0,0,0,0,0,0,0,0,0,0,0,0,0,0,0,0,0,0,0,0,0,0,0,0,0,0,[0|0|0],0,0,0,0,2120,[0|0|0|0],1,0,1,1,0,[0|0|0],0,0,0,0,0,-1,-1,-1,-1,1,0,0,0,0,0,0,0,0,0,238,85,1.2,1.6,0,-1,0,1,0,1,0,1,1,1,1,1,1,1,0,0,1,1,0,0,-1,2,100,1,0,1,2,1,1,1,1,1,1,1,1,0,1,1,0,0,0,0,-1,1,1,8033,0,0,0,0,0,0,1,-1,0,0,1,0,0,0,0,1,0,0,0,0,1,-1,[0|0|0|0|0|0|0|0|0|0|0|0|0|0|0|0|0|0|0|0|0|0|0|0|0|0|0|0]
10150300,CORAL RIFLE - IA-C01W6: NB-REDSHIFT (Right),0,0,0,[0|0|0],11530,1022020,0,4040,0,0,0,0,0,0,0,0,100,0,0,0,-1,-1,-1,-1,-1,-1,-1,-1,-1,-1,-1,-1,-1,-1,-1,-1,-1,-1,-1,-1,-1,-1,-1,1,1,1,1,0,0,0,2631,0,100,100,0,-1,0,0,0,100,100,0,0,0,0,0,-1,16,0,0,7,0,24,0,0,0,100,0,0,999,0,0,0,0,0,0,0,0,0,0,0,0,0,0,0,0,0,0,0,0,0,1,0,1,1,0,0,0,0,0,0,0,0,0,0,0,1,0,1,0,0,0,0,0,0,0,0,1,0,1,1,1,1,0,0,100,1,1,0,0,-1,-1,-1,-1,-1,-1,-1,-1,-1,-1,-1,-1,-1,-1,-1,-1,-1,-1,-1,-1,-1,-1,-1,-1,0,0,100,0,0,0,0,0,0,0,0,0,0,0,1,1,0,0,0,0,0,0,0,0,0,0,0,0,0,0,0,-1,-1,-1,-1,-1,-1,-1,-1,-1,0,-1,0,0,-1,0,1,0,0,0,-1,-1,-1,0,[0|0|0|0],-1,-1,-1,-1,350,-1,-1,-1,1,1,1,1,1,1,1,1,1,-1,-1,-1,-1,-1,0,-1,0,1,0,0,0,0,1,1,1,1,0,0,-1,0,[0|0|0|0],-1,0.5,1,[0|0|0|0],-1,0,0,[0|0|0|0|0|0|0|0],-1,-1,-1,-1,-1,[0|0|0|0],-1,-1,-1,[0|0|0|0|0|0|0|0],-1,-1,-1,[0|0|0|0|0|0|0|0],0,0,0,[0|0|0|0],26,-1,200,100,1,1,0,-1,1,0,0,2,667,0,-1,0,1500,0,-1,[0|0|0|0],0,0,0,0,0,0,0,0,0,0,0,0,0,0,0,0,0,0,0,0,0,0,0,0,0,0,0,0,0,0,0,0,212,[0|0|0|0|0|0|0|0|0|0|0|0],0,0,0,0,0,0,0,0,0,0,0,0,0,0,-1,0,0,0,0,-1,-1,-1,-1,-1,-1,-1,-1,-1,-1,-1,-1,0,0,-1,0,1,0,0,0,0,0,0,[0|0],10150300,0,1.7,0.4,0.85,0,-1,1,1,1,1,1,1,1,1,0,0,0,0,0,0,0,0,0,0,0,0,0,0,0,0,0,0,0,0,0,0,0,0,0,[0|0],1.1,0.2,1.5,[0|0|0],0,0,0,-1,[0|0|0|0],2,365,0,0,0,-1,-1,-1,-1,-1,-1,-1,-1,-1,-1,0,0,0,0,0,0,0,0,0,808,[0|0],360,0,0,0,[0|0|0],0,0,0,0,0,-1,-1,-1,-1,-1,-1,[0|0|0|0],0,0,0,0,0,[0|0|0],0,0,0,0,0,0,0,0,0,0,0,0,0,0,0,0,0,0,0,0,0,0,0,0,0,0,0,0,0,0,0,0,0,0,[0|0|0],0,0,0,0,2120,[0|0|0|0],1,0,1,1,0,[0|0|0],0,0,0,0,0,-1,-1,-1,-1,1,0,0,0,0,0,0,0,0,0,186,85,1.2,1.6,0,-1,0,1,0,1,0,1,1,1,1,1,1,1,0,0,1,1,0,0,-1,2,100,1,0,1,2,1,1,1,1,1,1,1,1,0,1,1,0,0,0,0,-1,1,1,8034,0,0,1,1,0,0,1,-1,0,0,1,0,0,0,0,1,0,0,0,0,1,-1,[0|0|0|0|0|0|0|0|0|0|0|0|0|0|0|0|0|0|0|0|0|0|0|0|0|0|0|0]
10150400,CONCENTRATED PLASMA RIFLE - Vvc-780CR (Right),0,0,0,[0|0|0],11540,1022010,0,5240,0,0,0,0,0,0,0,0,100,0,0,0,-1,-1,-1,-1,-1,-1,-1,-1,-1,-1,-1,-1,-1,-1,-1,-1,-1,-1,-1,-1,-1,-1,-1,1,1,1,1,0,0,0,2733,0,100,100,0,-1,0,100,0,0,100,0,0,0,0,0,-1,16,0,0,7,0,24,0,0,0,100,0,0,999,0,0,0,0,0,0,0,0,0,0,0,0,0,0,0,0,0,0,0,0,0,1,0,1,1,0,0,0,0,0,0,0,0,0,0,0,1,0,1,0,0,0,0,0,0,0,0,1,0,1,1,1,1,0,0,100,1,1,0,0,-1,-1,-1,-1,-1,-1,-1,-1,-1,-1,-1,-1,-1,-1,-1,-1,-1,-1,-1,-1,-1,-1,-1,-1,0,0,100,0,0,0,0,0,0,0,0,0,0,0,1,1,0,0,0,0,0,0,0,0,0,0,0,0,0,0,0,-1,-1,-1,-1,-1,-1,-1,-1,-1,0,-1,0,0,-1,0,1,0,0,0,-1,-1,-1,0,[0|0|0|0],-1,-1,-1,-1,350,-1,-1,-1,1,1,1,1,1,1,1,1,1,-1,-1,-1,-1,-1,0,-1,0,1,0,0,0,0,1,1,1,1,0,0,-1,0,[0|0|0|0],-1,0.5,1,[0|0|0|0],-1,0,0,[0|0|0|0|0|0|0|0],-1,-1,-1,-1,-1,[0|0|0|0],-1,-1,-1,[0|0|0|0|0|0|0|0],-1,-1,-1,[0|0|0|0|0|0|0|0],0,0,0,[0|0|0|0],45,-1,1000,100,1,1,0,-1,1,0,0,2,640,0,-1,0,800,0,-1,[0|0|0|0],0,0,0,0,0,0,0,0,0,0,0,0,0,0,0,0,0,0,0,0,0,0,0,0,0,0,0,0,0,0,0,0,212,[0|0|0|0|0|0|0|0|0|0|0|0],0,0,0,0,0,0,0,0,0,0,0,0,0,0,-1,0,0,0,0,-1,-1,-1,-1,-1,-1,-1,-1,-1,-1,-1,-1,0,0,-1,0,1,0,0,0,0,0,0,[0|0],10150200,0,2.1,0.4,1.35,0,-1,1,1,1,1,1,1,1,1,0,0,0,0,0,0,0,0,0,0,0,0,0,0,0,0,0,0,0,0,0,0,0,0,0,[0|0],1.1,0.2,1.5,[0|0|0],0,1,0,-1,[0|0|0|0],9,362,0,0,0,-1,-1,-1,-1,-1,-1,-1,-1,-1,-1,0,0,0,0,0,0,0,0,0,900,[0|0],360,0,0,0,[0|0|0],0,0,0,0,0,-1,-1,-1,-1,-1,-1,[0|0|0|0],0,0,0,0,0,[0|0|0],0,0,0,0,0,0,0,0,0,0,0,0,0,0,0,0,0,0,0,0,0,0,0,0,0,0,0,0,0,0,0,0,0,0,[0|0|0],0,0,0,0,2120,[0|0|0|0],1,0,1,1,0,[0|0|0],0,0,0,0,0,-1,-1,-1,-1,1,0,0,0,0,0,0,0,0,0,210,100,1.5,4,0,-1,0,4,0,0,4,1,4,4,4,4,4,4,4,4,1,1,0,0,-1,0,100,1,0,1,2,1,1,1,1,1,1,1,1,0,1,1,0,0,0,0,-1,1,1,8033,0,0,0,0,0,0,1,-1,0,0,1,0,0,0,0,1,0,0,0,0,1,-1,[0|0|0|0|0|0|0|0|0|0|0|0|0|0|0|0|0|0|0|0|0|0|0|0|0|0|0|0]
10150500,PLASMA RIFLE - R-MOD_9 SARISSA (Right),0,0,0,[0|0|0],11550,1022010,0,4000,0,0,0,0,0,0,0,0,100,0,0,0,-1,-1,-1,-1,-1,-1,-1,-1,-1,-1,-1,-1,-1,-1,-1,-1,-1,-1,-1,-1,-1,-1,-1,1,1,1,1,0,0,0,2635,0,100,100,0,-1,0,100,0,0,100,0,0,0,0,0,-1,16,0,0,7,0,24,0,0,0,100,0,0,999,0,0,0,0,0,0,0,0,0,0,0,0,0,0,0,0,0,0,0,0,0,1,0,1,1,0,0,0,0,0,0,0,0,0,0,0,1,0,1,0,0,0,0,0,0,0,0,1,0,1,1,1,1,0,0,100,1,1,0,0,-1,-1,-1,-1,-1,-1,-1,-1,-1,-1,-1,-1,-1,-1,-1,-1,-1,-1,-1,-1,-1,-1,-1,-1,0,0,100,0,0,0,0,0,0,0,0,0,0,0,1,1,0,0,0,0,0,0,0,0,0,0,0,0,0,0,0,-1,-1,-1,-1,-1,-1,-1,-1,-1,0,-1,0,0,-1,0,1,0,0,0,-1,-1,-1,0,[0|0|0|0],-1,-1,-1,-1,350,-1,-1,-1,1,1,1,1,1,1,1,1,1,-1,-1,-1,-1,-1,0,-1,0,1,0,0,0,0,1,1,1,1,0,0,-1,0,[0|0|0|0],-1,0.5,1,[0|0|0|0],-1,0,0,[0|0|0|0|0|0|0|0],-1,-1,-1,-1,-1,[0|0|0|0],-1,-1,-1,[0|0|0|0|0|0|0|0],-1,-1,-1,[0|0|0|0|0|0|0|0],0,0,0,[0|0|0|0],63,-1,200,100,1,1,0,-1,1,0,0,2,704,0,-1,0,700,0,-1,[0|0|0|0],0,0,0,0,0,0,0,0,0,0,0,0,0,0,0,0,0,0,0,0,0,0,0,0,0,0,0,0,0,0,0,0,212,[0|0|0|0|0|0|0|0|0|0|0|0],0,0,0,0,0,0,0,0,0,0,0,0,0,0,-1,0,0,0,0,-1,-1,-1,-1,-1,-1,-1,-1,-1,-1,-1,-1,0,0,-1,0,1,0,0,0,0,0,0,[0|0],10150200,0,2.5,0.4,1.35,0,-1,1,1,1,1,1,1,1,1,0,0,0,0,0,0,0,0,0,0,0,0,0,0,0,0,0,0,0,0,0,0,0,0,0,[0|0],1.1,0.2,1.5,[0|0|0],0,1,0,-1,[0|0|0|0],5,360,0,0,0,-1,-1,-1,-1,-1,-1,-1,-1,-1,-1,0,0,0,0,0,0,0,0,0,1080,[0|0],360,0,0,0,[0|0|0],0,0,0,0,0,-1,-1,-1,-1,-1,-1,[0|0|0|0],0,0,0,0,0,[0|0|0],0,0,0,0,0,0,0,0,0,0,0,0,0,0,0,0,0,0,0,0,0,0,0,0,0,0,0,0,0,0,0,0,0,0,[0|0|0],0,0,0,0,2120,[0|0|0|0],1,0,1,1,0,[0|0|0],0,0,0,0,0,-1,-1,-1,-1,1,0,0,0,0,0,0,0,0,0,222,86,2.1,2.2,0,-1,0,1,0,1,0,1,1,1,1,1,1,1,0,0,1,1,0,0,-1,2,100,1,0,1,2,1,1,1,1,1,1,1,1,0,1,1,0,0,0,0,-1,1,1,8033,0,0,0,0,0,0,1,-1,0,0,1,0,0,0,0,1,0,0,0,0,1,-1,[0|0|0|0|0|0|0|0|0|0|0|0|0|0|0|0|0|0|0|0|0|0|0|0|0|0|0|0]
10160000,FLAMETHROWER - WB-0000 BAD COOK (Right),0,0,0,[0|0|0],11600,1018000,0,5370,0,0,0,0,0,0,0,0,100,0,0,0,-1,-1,-1,-1,-1,-1,-1,-1,-1,-1,-1,-1,-1,-1,-1,-1,-1,-1,-1,-1,-1,-1,-1,1,1,1,1,0,0,0,2910,0,100,100,0,-1,0,0,100,0,100,0,0,0,0,0,-1,16,0,0,7,0,15,0,0,0,100,0,0,999,0,0,0,0,0,0,0,0,0,0,0,0,0,0,0,0,0,0,0,0,0,1,0,1,1,0,0,0,0,0,0,0,0,0,0,0,1,0,1,0,0,0,0,0,0,0,0,1,0,1,1,1,1,0,0,100,1,1,0,0,-1,-1,-1,-1,-1,-1,-1,-1,-1,-1,-1,-1,-1,-1,-1,-1,-1,-1,-1,-1,-1,-1,-1,-1,0,0,100,0,0,0,0,0,0,0,0,0,0,0,1,1,0,0,0,0,0,0,0,0,0,0,0,0,0,0,0,-1,-1,-1,-1,-1,-1,-1,-1,-1,0,-1,0,0,-1,0,1,0,0,0,-1,-1,-1,0,[0|0|0|0],-1,-1,-1,-1,100,-1,-1,-1,1,1,1,1,1,1,1,1,1,-1,-1,-1,-1,-1,0,-1,0,1,0,0,0,0,1,1,1,1,0,0,-1,0,[0|0|0|0],-1,0.5,1,[0|0|0|0],-1,0,0,[0|0|0|0|0|0|0|0],-1,-1,-1,-1,-1,[0|0|0|0],-1,-1,-1,[0|0|0|0|0|0|0|0],-1,-1,-1,[0|0|0|0|0|0|0|0],0,0,0,[0|0|0|0],1200,-1,200,100,1,1,0,-1,1,0,0,3,403,0,-1,0,40,0,-1,[0|0|0|0],0,0,0,0,0,0,0,0,0,0,0,0,0,0,0,0,0,0,0,0,0,0,0,0,0,0,0,0,0,0,0,0,214,[0|0|0|0|0|0|0|0|0|0|0|0],0,0,0,0,0,0,0,0,0,0,0,0,0,0,-1,0,0,0,0,-1,-1,-1,-1,-1,-1,-1,-1,-1,-1,-1,-1,0,0,-1,0,0,0,0,0,0,0,0,[0|0],10160000,0,0,-1,0,0,-1,1,1,1,1,1,1,1,1,0,0,0,0,0,0,0,0,0,0,0,0,0,0,0,0,0,0,0,0,0,0,0,0,0,[0|0],10,0.2,2,[0|0|0],0,0,0,-1,[0|0|0|0],6,280,0,0,0,-1,-1,-1,-1,-1,-1,-1,-1,-1,-1,0,0,0,0,0,0,0,0,0,-1,[0|0],360,0,0,0,[0|0|0],0,0,0,0,0,-1,-1,-1,-1,-1,-1,[0|0|0|0],0,0,0,0,0,[0|0|0],0,0,0,0,0,0,0,0,0,0,0,0,0,0,0,0,0,0,0,0,0,0,0,0,0,0,0,0,0,0,0,0,0,0,[0|0|0],0,0,0,0,2140,[0|0|0|0],1,0,0,1,0,[0|0|0],0,0,0,0,0,-1,-1,-1,-1,1,0,0,0,0,0,0,0,0,0,250,85,0.8,1.3,0,-1,0,0,0,0,0,1,0,0,0,0,0,0,0,0,1,1,0,0,-1,0,-1,0,0,0,0,1,0,0,0,0,0,0,0,0,1,1,0,0,0,0,-1,1,1,8041,0,0,0,0,0,0,1,-1,0,0,1,0,0,0,0,1,0,0,0,0,1,-1,[0|0|0|0|0|0|0|0|0|0|0|0|0|0|0|0|0|0|0|0|0|0|0|0|0|0|0|0]
10170000,DETONATING BAZOOKA - 44-141 JVLN ALPHA (Right),0,0,0,[0|0|0],11700,1013000,0,5920,0,0,0,0,0,0,0,0,100,0,0,0,-1,-1,-1,-1,-1,-1,-1,-1,-1,-1,-1,-1,-1,-1,-1,-1,-1,-1,-1,-1,-1,-1,-1,1,1,1,1,0,0,0,3010,0,100,100,0,-1,0,0,100,0,100,0,0,0,0,0,-1,16,0,0,7,0,18,0,0,0,100,0,0,999,0,0,0,0,0,0,0,0,0,0,0,0,0,0,0,0,0,0,0,0,0,1,0,1,1,0,0,0,0,0,0,0,0,0,0,0,1,0,1,0,0,0,0,0,0,0,0,1,0,1,1,1,1,0,0,100,1,1,0,0,-1,-1,-1,-1,-1,-1,-1,-1,-1,-1,-1,-1,-1,-1,-1,-1,-1,-1,-1,-1,-1,-1,-1,-1,0,0,100,0,0,0,0,0,0,0,0,0,0,0,1,1,0,0,0,0,0,0,0,0,0,0,0,0,0,0,0,-1,-1,-1,-1,-1,-1,-1,-1,-1,0,-1,0,0,-1,0,1,0,0,0,-1,-1,-1,0,[0|0|0|0],-1,-1,-1,-1,250,-1,-1,-1,1,1,1,1,1,1,1,1,1,-1,-1,-1,-1,-1,0,-1,0,1,0,0,0,0,1,1,1,1,0,0,-1,0,[0|0|0|0],1,0.5,1,[0|0|0|0],-1,0,0,[0|0|0|0|0|0|0|0],-1,-1,-1,-1,-1,[0|0|0|0],-1,-1,-1,[0|0|0|0|0|0|0|0],-1,-1,-1,[0|0|0|0|0|0|0|0],0,0,0,[0|0|0|0],44,-1,200,100,1,1,0,-1,1,0,0,4,299,0,-1,0,750,0,-1,[0|0|0|0],0,0,0,0,0,0,0,0,0,0,0,0,0,0,0,0,0,0,0,0,0,0,0,0,0,0,0,0,0,0,0,0,204,[0|0|0|0|0|0|0|0|0|0|0|0],0,0,0,0,0,0,0,0,0,0,0,0,0,0,-1,0,0,0,0,-1,-1,-1,-1,-1,-1,-1,-1,-1,-1,-1,-1,0,0,-1,0,0,0,0,0,0,0,0,[0|0],10170000,4.1,0,-1,0,0,-1,1,1,1,1,1,1,1,1,0,0,0,0,0,0,0,0,0,0,0,0,0,0,0,0,0,0,0,0,0,0,0,0,0,[0|0],0,0,0,[0|0|0],0,0,0,-1,[0|0|0|0],4,240,0,0,0,-1,-1,-1,-1,-1,-1,-1,-1,-1,-1,0,0,0,0,0,0,0,0,0,-1,[0|0],360,0,0,0,[0|0|0],0,0,0,0,0,-1,-1,-1,-1,-1,-1,[0|0|0|0],0,0,0,0,0,[0|0|0],0,0,0,0,0,0,0,0,0,0,0,0,0,0,0,0,0,0,0,0,0,0,0,0,0,0,0,0,0,0,0,0,0,0,[0|0|0],0,0,0,0,2040,[0|0|0|0],1,0,0,0,0,[0|0|0],0,0,0,0,0,-1,-1,-1,-1,1,0,0,0,0,0,0,0,0,0,0,100,0,0,0,-1,0,4,0,4,255,1,4,4,4,1,1,2,1,0,1,1,0,0,-1,2,-1,0,0,0,0,1,0,0,0,0,0,0,0,0,1,1,0,0,0,0,-1,1,1,8042,0,0,1,0,0,0,1,-1,0,0,1,2,0,2,2,1,0,0,0,0,1,-1,[0|0|0|0|0|0|0|0|0|0|0|0|0|0|0|0|0|0|0|0|0|0|0|0|0|0|0|0]
10180000,STUN GUN - VP-66EG (Right),0,0,0,[0|0|0],11800,1011000,0,980,0,0,0,0,0,0,0,0,100,0,0,0,-1,-1,-1,-1,-1,-1,-1,-1,-1,-1,-1,-1,-1,-1,-1,-1,-1,-1,-1,-1,-1,-1,-1,1,1,1,1,0,0,0,3020,0,100,100,0,-1,100,100,0,0,100,0,0,0,0,0,-1,16,0,0,7,0,19,0,0,0,100,0,0,999,0,0,0,0,0,0,0,0,0,0,0,0,0,0,0,0,0,0,0,0,0,1,0,1,1,0,0,0,0,0,0,0,0,0,0,0,1,0,1,0,0,0,0,0,0,0,0,1,0,1,1,1,1,0,0,100,1,1,0,0,-1,-1,-1,-1,-1,-1,-1,-1,-1,-1,-1,-1,-1,-1,-1,-1,-1,-1,-1,-1,-1,-1,-1,-1,0,0,100,0,0,0,0,0,0,0,0,0,0,0,1,1,0,0,0,0,0,0,0,0,0,0,0,0,0,0,0,-1,-1,-1,-1,-1,-1,-1,-1,-1,0,-1,0,0,-1,0,1,0,0,0,-1,-1,-1,0,[0|0|0|0],-1,-1,-1,-1,210,-1,-1,-1,1,1,1,1,1,1,1,1,1,-1,-1,-1,-1,-1,0,-1,0,1,0,0,0,0,1,1,1,1,0,0,-1,0,[0|0|0|0],7,0.5,1,[0|0|0|0],-1,0,0,[0|0|0|0|0|0|0|0],-1,-1,-1,-1,-1,[0|0|0|0],-1,-1,-1,[0|0|0|0|0|0|0|0],-1,-1,-1,[0|0|0|0|0|0|0|0],0,0,0,[0|0|0|0],133,-1,200,100,1,1,0,-1,1,0,0,1,247,0,-1,0,150,0,-1,[0|0|0|0],0,0,0,0,0,0,0,0,0,0,0,0,0,0,0,0,0,0,0,0,0,0,0,0,0,0,0,0,0,0,0,0,207,[0|0|0|0|0|0|0|0|0|0|0|0],0,0,0,0,0,0,0,0,0,0,0,0,0,0,-1,0,0,0,0,-1,-1,-1,-1,-1,-1,-1,-1,-1,-1,-1,-1,0,0,-1,0,1,0,0,0,0,0,0,[0|0],10180000,1.8,0,-1,0,0,-1,1,1,1,1,1,1,1,1,0,0,0,0,0,0,0,0,0,0,0,0,0,0,0,0,0,0,0,0,0,0,0,0,0,[0|0],0,0,0,[0|0|0],0,0,0,-1,[0|0|0|0],7,210,0,0,0,-1,-1,-1,-1,-1,-1,-1,-1,-1,-1,0,0,0,0,0,0,0,0,0,-1,[0|0],360,0,0,0,[0|0|0],0,0,0,0,0,-1,-1,-1,-1,-1,-1,[0|0|0|0],0,0,0,0,0,[0|0|0],0,0,0,0,0,0,0,0,0,0,0,0,0,0,0,0,0,0,0,0,0,0,0,0,0,0,0,0,0,0,0,0,0,0,[0|0|0],0,0,0,0,2070,[0|0|0|0],1,0,1,1,0,[0|0|0],0,0,0,0,0,-1,-1,-1,-1,1,0,0,0,0,0,0,0,0,0,0,100,0,0,0,-1,0,0,0,0,0,1,0,0,0,0,0,0,0,0,1,1,0,0,-1,0,-1,0,0,0,0,1,0,0,0,0,0,0,0,0,1,1,0,0,0,0,-1,1,1,8043,0,0,1,0,0,0,1,-1,0,0,1,2,0,2,2,2,0,0,0,0,1,-1,[0|0|0|0|0|0|0|0|0|0|0|0|0|0|0|0|0|0|0|0|0|0|0|0|0|0|0|0]
10190000,SIEGE MISSILE LAUNCHER - WS-5000 APERITIF (Right),0,0,0,[0|0|0],11900,1028000,0,4600,0,0,0,0,0,0,0,0,100,0,0,0,-1,-1,-1,-1,-1,-1,-1,-1,-1,-1,-1,-1,-1,-1,-1,-1,-1,-1,-1,-1,-1,-1,-1,1,1,1,1,0,0,0,3030,0,100,100,0,-1,0,0,100,0,100,0,0,0,0,0,-1,16,0,0,7,0,22,0,0,0,100,0,0,999,0,0,0,0,0,0,0,0,0,0,0,0,0,0,0,0,0,0,0,0,0,1,0,1,1,0,0,0,0,0,0,0,0,0,0,0,1,0,1,0,0,0,0,0,0,0,0,1,0,1,1,1,1,0,0,100,1,1,0,0,-1,-1,-1,-1,-1,-1,-1,-1,-1,-1,-1,-1,-1,-1,-1,-1,-1,-1,-1,-1,-1,-1,-1,-1,0,0,100,0,0,0,0,0,0,0,0,0,0,0,1,1,0,0,0,0,0,0,0,0,0,0,0,0,0,0,0,-1,-1,-1,-1,-1,-1,-1,-1,-1,0,-1,0,0,-1,0,1,0,0,0,-1,-1,-1,0,[0|0|0|0],-1,-1,-1,-1,220,-1,-1,-1,1,1,1,1,1,1,1,1,1,-1,-1,-1,-1,-1,0,-1,0,1,0,0,0,0,1,1,1,1,0,0,-1,0,[0|0|0|0],13,0.5,1,[0|0|0|0],-1,0,0,[0|0|0|0|0|0|0|0],-1,-1,-1,-1,-1,[0|0|0|0],-1,-1,-1,[0|0|0|0|0|0|0|0],-1,-1,-1,[0|0|0|0|0|0|0|0],0,0,0,[0|0|0|0],338,-1,500,100,1,1,0,-1,1,0,0,6,165,0,-1,0,70,0,-1,[0|0|0|0],0,0,0,0,0,0,0,0,0,0,0,0,0,0,0,0,0,0,0,0,0,0,0,0,0,0,0,0,0,0,0,0,209,[0|0|0|0|0|0|0|0|0|0|0|0],0,0,0,0,0,0,0,0,0,0,0,0,0,0,-1,0,0,0,0,-1,-1,-1,-1,-1,-1,-1,-1,-1,-1,-1,-1,0,0,-1,0,1,0,0,0,0,0,0,[0|0],10190000,6,0,-1,0,0,-1,1,1,1,1,1,1,1,1,0,0,0,0,0,0,0,0,0,0,0,0,0,0,0,0,0,0,0,0,0,0,0,0,0,[0|0],0,0,0,[0|0|0],0,0,0,-1,[0|0|0|0],6,270,0,0,0,-1,-1,-1,-1,-1,-1,-1,-1,-1,-1,0,0,0,0,0,0,0,0,0,-1,[0|0],360,0,0,0,[0|0|0],0,0,0,0,0,-1,-1,-1,-1,-1,-1,[0|0|0|0],0,0,0,0,0,[0|0|0],0,0,0,0,0,0,0,0,0,0,0,0,0,0,0,0,0,0,0,0,0,0,0,0,0,0,0,0,0,0,0,0,0,0,[0|0|0],0,0,0,0,2090,[0|0|0|0],1,0,1,1,0,[0|0|0],0,0,0,0,0,-1,-1,-1,-1,1,0,0,0,0,0,0,0,0,0,0,100,0,0,0,-1,0,1,2,0,0,1,1,1,1,1,1,1,1,0,1,1,0,0,-1,0,-1,1,0,0,0,1,1,1,1,1,1,1,1,0,1,1,0,0,0,0,-1,1,1,8044,0,0,0,0,0,0,1,-1,0,0,1,0,0,0,0,1,0,0,0,0,1,-1,[0|0|0|0|0|0|0|0|0|0|0|0|0|0|0|0|0|0|0|0|0|0|0|0|0|0|0|0]
10200000,MACHINE GUN [Inherited] - MG-014 LUDLOW (Escape Mission) (Right),0,0,0,[0|0|0],12000,1020010,0,3140,0,0,0,0,0,0,0,0,100,0,0,0,-1,-1,-1,-1,-1,-1,-1,-1,-1,-1,-1,-1,-1,-1,-1,-1,-1,-1,-1,-1,-1,-1,-1,1,1,1,1,0,0,0,1820,0,100,100,0,-1,18,0,0,0,100,0,0,0,0,0,-1,16,0,0,7,3,17,0,0,0,100,0,0,999,0,0,0,0,0,0,0,0,0,0,0,0,0,0,0,0,0,0,0,0,0,1,0,1,1,0,0,0,0,0,0,0,0,0,0,0,1,0,1,0,0,0,0,0,0,0,0,1,0,1,1,1,1,0,0,100,1,1,0,0,-1,-1,-1,-1,-1,-1,-1,-1,-1,-1,-1,-1,-1,-1,-1,-1,-1,-1,-1,-1,-1,-1,-1,-1,0,0,100,0,0,0,0,0,0,0,0,0,0,0,1,1,0,0,0,0,0,0,0,0,0,0,0,0,0,0,0,-1,-1,-1,-1,-1,-1,-1,-1,-1,0,-1,0,0,-1,0,1,0,0,0,-1,-1,-1,0,[0|0|0|0],-1,-1,-1,-1,150,-1,-1,-1,1,1,1,1,1,1,1,1,1,-1,-1,-1,-1,-1,0,-1,0,1,0,0,0,0,1,1,1,1,0,0,-1,0,[0|0|0|0],20,0.5,1,[0|0|0|0],-1,0,0,[0|0|0|0|0|0|0|0],-1,-1,-1,-1,-1,[0|0|0|0],-1,-1,-1,[0|0|0|0|0|0|0|0],-1,-1,-1,[0|0|0|0|0|0|0|0],0,0,0,[0|0|0|0],300,-1,200,100,1,1,0,-1,0,0,0,3,40,0,-1,0,0,0,-1,[0|0|0|0],0,0,0,0,0,0,0,0,0,0,0,0,0,0,0,0,0,0,0,0,0,0,0,0,0,0,0,0,0,0,0,0,202,[0|0|0|0|0|0|0|0|0|0|0|0],0,0,0,0,0,0,0,0,0,0,0,0,0,0,-1,0,0,0,0,-1,-1,-1,-1,-1,-1,-1,-1,-1,-1,-1,-1,0,0,-1,0,0,0,0,0,0,0,0,[0|0],10020100,1.6,0,-1,0,0,-1,1,1,1,1,1,1,1,1,0,0,0,0,0,0,0,0,0,0,0,0,0,0,0,0,0,0,0,0,0,0,0,0,0,[0|0],0,0,0,[0|0|0],0,0,0,-1,[0|0|0|0],11,140,0,0,0,-1,-1,-1,-1,-1,-1,-1,-1,-1,-1,0,0,0,0,0,0,0,0,0,-1,[0|0],360,0,0,0,[0|0|0],0,0,0,0,0,-1,-1,-1,-1,-1,-1,[0|0|0|0],0,0,0,0,0,[0|0|0],0,0,0,0,0,0,0,0,0,0,0,0,0,0,0,0,0,0,0,0,0,0,0,0,0,0,0,0,0,0,0,0,0,0,[0|0|0],0,0,0,0,2020,[0|0|0|0],1,0,0,0,0,[0|0|0],0,0,0,0,0,-1,-1,-1,-1,1,0,0,0,0,0,0,0,0,0,0,100,0,0,0,-1,0,0,0,0,0,1,0,0,0,0,0,0,0,0,1,1,0,0,-1,0,-1,0,0,0,0,1,0,0,0,0,0,0,0,0,1,1,0,0,0,0,-1,1,1,0,0,0,0,0,0,0,1,-1,0,0,1,0,0,0,0,1,0,0,0,0,1,-1,[0|0|0|0|0|0|0|0|0|0|0|0|0|0|0|0|0|0|0|0|0|0|0|0|0|0|0|0]
10300000,PULSE MISSILE LAUNCHER - PFAU/66D (Right),0,0,0,[0|0|0],13000,1028010,0,3630,0,0,0,0,0,0,0,0,100,0,0,0,-1,-1,-1,-1,-1,-1,-1,-1,-1,-1,-1,-1,-1,-1,-1,-1,-1,-1,-1,-1,-1,-1,-1,1,1,1,1,0,0,0,4360,0,100,100,0,-1,0,100,0,0,100,0,0,0,0,0,-1,16,0,0,7,3,22,0,0,0,100,0,0,223,0,0,0,0,0,0,0,0,0,0,0,0,0,0,0,0,0,0,0,0,0,1,0,1,1,0,0,0,0,0,0,0,0,0,0,0,1,0,1,0,0,0,0,0,0,0,0,1,0,1,1,1,1,0,0,100,1,1,0,0,-1,-1,-1,-1,-1,-1,-1,-1,-1,-1,-1,-1,-1,-1,-1,-1,-1,-1,-1,-1,-1,-1,-1,-1,0,0,100,0,0,0,0,0,0,0,0,0,0,0,1,1,0,0,0,0,0,0,0,0,0,0,0,0,0,0,0,-1,-1,-1,-1,-1,-1,-1,-1,-1,0,-1,0,0,-1,0,1,0,0,0,-1,-1,-1,0,[0|0|0|0],-1,-1,-1,-1,300,-1,-1,-1,1,1,1,1,1,1,1,1,1,-1,-1,-1,-1,-1,0,-1,0,1,0,0,0,0,1,1,1,1,0,0,-1,0,[0|0|0|0],6,0.5,1,[0|0|0|0],-1,0,0,[0|0|0|0|0|0|0|0],-1,-1,-1,-1,-1,[0|0|0|0],-1,-1,-1,[0|0|0|0|0|0|0|0],-1,-1,-1,[0|0|0|0|0|0|0|0],0,0,0,[0|0|0|0],228,-1,500,100,1,1,0,-1,1,0,0,6,392,0,-1,0,300,0,-1,[0|0|0|0],0,0,0,0,0,0,0,0,0,0,0,0,0,0,0,0,0,0,0,0,0,0,0,0,0,0,0,0,0,0,0,0,210,[0|0|0|0|0|0|0|0|0|0|0|0],0,0,0,0,0,0,0,0,0,0,0,0,0,0,-1,0,0,0,0,-1,-1,-1,-1,-1,-1,-1,-1,-1,-1,-1,-1,0,0,-1,0,0,0,0,0,0,0,0,[0|0],10300000,3.7,1.6,0.2,0.3,0,-1,1,1,1,1,1,1,1,1,0,0,0,0,0,0,0,0,0,0,0,0,0,0,0,0,0,0,0,0,0,0,0,0,0,[0|0],0,0,0,[0|0|0],0,0,0,-1,[0|0|0|0],8,275,0,0,0,-1,-1,-1,-1,-1,-1,-1,-1,-1,-1,0,0,0,0,0,0,0,0,0,-1,[0|0],360,0,0,0,[0|0|0],0,0,0,0,0,-1,-1,-1,-1,-1,-1,[0|0|0|0],0,0,0,0,0,[0|0|0],0,0,0,0,0,0,0,0,0,0,0,0,0,0,0,0,0,0,0,0,0,0,0,0,0,0,0,0,0,0,0,0,0,0,[0|0|0],0,0,0,0,2170,[0|0|0|0],1,0,1,1,0,[0|0|0],0,0,0,0,0,-1,-1,-1,-1,1,0,0,0,0,0,0,0,0,0,0,130,0,0,0,-1,0,1,1,0,1,1,1,1,1,1,0,1,0,0,1,1,0,0,-1,0,100,1,2,0,0,1,1,1,1,1,0,1,0,0,1,1,0,0,0,0,-1,1,1,8046,0,0,0,0,0,0,1,-1,0,0,1,0,0,0,0,1,0,0,0,0,1,-1,[0|0|0|0|0|0|0|0|0|0|0|0|0|0|0|0|0|0|0|0|0|0|0|0|0|0|0|0]
15000000,BURST RIFLE - MA-J-200 RANSETSU-RF (Left),0,0,0,[0|0|0],10000,1000000,0,4210,0,0,0,0,0,0,0,0,100,0,0,0,-1,-1,-1,-1,-1,-1,-1,-1,-1,-1,-1,-1,-1,-1,-1,-1,-1,-1,-1,-1,-1,-1,-1,1,1,1,1,0,0,0,1610,0,100,100,0,-1,100,0,0,0,100,0,0,0,0,0,-1,16,0,0,7,3,15,0,0,0,100,0,0,217,0,0,0,0,0,0,0,0,0,0,0,0,0,0,0,0,0,0,0,0,0,0,1,1,0,1,0,0,0,0,0,0,0,0,0,0,1,0,1,0,0,0,0,0,0,0,0,1,0,1,1,1,1,0,0,100,1,1,0,0,-1,-1,-1,-1,-1,-1,-1,-1,-1,-1,-1,-1,-1,-1,-1,-1,-1,-1,-1,-1,-1,-1,-1,-1,0,0,100,0,0,0,0,0,0,0,0,0,0,0,1,1,0,0,0,0,0,0,0,0,0,0,0,0,0,0,0,-1,-1,-1,-1,-1,-1,-1,-1,-1,0,-1,0,0,-1,0,1,0,0,0,-1,-1,-1,0,[0|0|0|0],-1,-1,-1,-1,300,-1,-1,-1,1,1,1,1,1,1,1,1,1,-1,-1,-1,-1,-1,0,-1,0,1,0,0,0,0,1,1,1,1,0,0,-1,0,[0|0|0|0],15,0.5,1,[0|0|0|0],-1,0,0,[0|0|0|0|0|0|0|0],-1,-1,-1,-1,-1,[0|0|0|0],-1,-1,-1,[0|0|0|0|0|0|0|0],-1,-1,-1,[0|0|0|0|0|0|0|0],0,0,0,[0|0|0|0],375,-1,200,100,1,1,0,-1,1,0,0,3,158,0,-1,0,100,0,-1,[0|0|0|0],0,0,0,0,0,0,0,0,0,0,0,0,0,0,0,0,0,0,0,0,0,0,0,0,0,0,0,0,0,0,0,0,200,[0|0|0|0|0|0|0|0|0|0|0|0],0,0,0,0,0,0,0,0,0,0,0,0,0,0,-1,0,0,0,0,-1,-1,-1,-1,-1,-1,-1,-1,-1,-1,-1,-1,0,0,-1,0,0,0,0,0,0,0,0,[0|0],10000000,1.8,0.7,0.3,0.35,0,-1,1,1,1,1,1,1,1,1,0,0,0,0,0,0,0,0,0,0,0,0,0,0,0,0,0,0,0,0,0,0,0,0,0,[0|0],0,0,0,[0|0|0],0,0,0,-1,[0|0|0|0],15,130,0,0,0,-1,-1,-1,-1,-1,-1,-1,-1,-1,-1,0,0,0,0,0,0,0,0,0,-1,[0|0],360,0,0,0,[0|0|0],0,0,0,0,0,-1,-1,-1,-1,-1,-1,[0|0|0|0],0,0,0,0,0,[0|0|0],0,0,0,0,0,0,0,0,0,0,0,0,0,0,0,0,0,0,0,0,0,0,0,0,0,0,0,0,0,0,0,0,0,0,[0|0|0],0,0,0,0,2170,[0|0|0|0],1,0,0,1,0,[0|0|0],0,0,0,0,0,-1,-1,-1,-1,1,0,0,0,0,0,0,0,0,0,165,130,0.6,0.8,0,-1,0,0,0,0,0,1,0,0,0,0,0,0,0,0,1,1,0,0,-1,0,100,0,2,0,0,1,0,0,0,0,0,0,0,0,1,1,0,0,0,0,-1,1,1,8008,0,0,0,0,0,0,1,-1,0,0,1,0,0,0,0,1,0,0,0,0,1,-1,[0|0|0|0|0|0|0|0|0|0|0|0|0|0|0|0|0|0|0|0|0|0|0|0|0|0|0|0]
15000100,LINEAR RIFLE - LR-036 CURTIS (Left),0,0,0,[0|0|0],10010,1001000,0,4150,0,0,0,0,0,0,0,0,100,0,0,0,-1,-1,-1,-1,-1,-1,-1,-1,-1,-1,-1,-1,-1,-1,-1,-1,-1,-1,-1,-1,-1,-1,-1,1,1,1,1,0,0,0,1620,0,100,100,0,-1,100,0,0,0,100,0,0,0,0,0,-1,16,0,0,7,3,15,0,0,0,100,0,0,999,0,0,0,0,0,0,0,0,0,0,0,0,0,0,0,0,0,0,0,0,0,0,1,1,0,1,0,0,0,0,0,0,0,0,0,0,1,0,1,0,0,0,0,0,0,0,0,1,0,1,1,1,1,0,0,100,1,1,0,0,-1,-1,-1,-1,-1,-1,-1,-1,-1,-1,-1,-1,-1,-1,-1,-1,-1,-1,-1,-1,-1,-1,-1,-1,0,0,100,0,0,0,0,0,0,0,0,0,0,0,1,1,0,0,0,0,0,0,0,0,0,0,0,0,0,0,0,-1,-1,-1,-1,-1,-1,-1,-1,-1,0,-1,0,0,-1,0,1,0,0,0,-1,-1,-1,0,[0|0|0|0],-1,-1,-1,-1,300,-1,-1,-1,1,1,1,1,1,1,1,1,1,-1,-1,-1,-1,-1,0,-1,0,1,0,0,0,0,1,1,1,1,0,0,-1,0,[0|0|0|0],12,0.5,1,[0|0|0|0],-1,0,0,[0|0|0|0|0|0|0|0],-1,-1,-1,-1,-1,[0|0|0|0],-1,-1,-1,[0|0|0|0|0|0|0|0],-1,-1,-1,[0|0|0|0|0|0|0|0],0,0,0,[0|0|0|0],420,-1,200,100,1,1,0,-1,1,0,0,3,289,0,-1,0,100,0,-1,[0|0|0|0],0,0,0,0,0,0,0,0,0,0,0,0,0,0,0,0,0,0,0,0,0,0,0,0,0,0,0,0,0,0,0,0,200,[0|0|0|0|0|0|0|0|0|0|0|0],0,0,0,0,0,0,0,0,0,0,0,0,0,0,-1,0,0,0,0,-1,-1,-1,-1,-1,-1,-1,-1,-1,-1,-1,-1,0,0,-1,0,0,0,0,0,0,0,0,[0|0],10000100,2.2,0.5,0.2,0.3,0,-1,1,1,1,1,1,1,1,1,0,0,0,0,0,0,0,0,0,0,0,0,0,0,0,0,0,0,0,0,0,0,0,0,0,[0|0],0,0,0,[0|0|0],0,0,0,-1,[0|0|0|0],11,100,0,0,0,-1,-1,-1,-1,-1,-1,-1,-1,-1,-1,0,0,0,0,0,0,0,0,0,-1,[0|0],360,0,0,0,[0|0|0],0,0,0,0,0,-1,-1,-1,-1,-1,-1,[0|0|0|0],0,0,0,0,0,[0|0|0],0,0,0,0,0,0,0,0,0,0,0,0,0,0,0,0,0,0,0,0,0,0,0,0,0,0,0,0,0,0,0,0,0,0,[0|0|0],0,0,0,0,2000,[0|0|0|0],1,0,0,1,0,[0|0|0],0,0,0,0,0,-1,-1,-1,-1,1,0,0,0,0,0,0,0,0,0,155,130,0.6,0.8,0,-1,0,0,0,0,0,1,0,0,0,0,0,0,0,0,1,1,0,0,-1,0,100,0,0,0,0,1,0,0,0,0,0,0,0,0,1,1,0,0,0,0,-1,1,1,8009,0,0,0,0,0,0,1,-1,0,0,1,0,0,0,0,1,0,0,0,0,1,-1,[0|0|0|0|0|0|0|0|0|0|0|0|0|0|0|0|0|0|0|0|0|0|0|0|0|0|0|0]
15000200,LINEAR RIFLE - LR-037 HARRIS (Left),0,0,0,[0|0|0],10020,1001010,0,4840,0,0,0,0,0,0,0,0,100,0,0,0,-1,-1,-1,-1,-1,-1,-1,-1,-1,-1,-1,-1,-1,-1,-1,-1,-1,-1,-1,-1,-1,-1,-1,1,1,1,1,0,0,0,1630,0,100,100,0,-1,100,0,0,0,100,0,0,0,0,0,-1,16,0,0,7,3,15,0,0,0,100,0,0,999,0,0,0,0,0,0,0,0,0,0,0,0,0,0,0,0,0,0,0,0,0,0,1,1,0,1,0,0,0,0,0,0,0,0,0,0,1,0,1,0,0,0,0,0,0,0,0,1,0,1,1,1,1,0,0,100,1,1,0,0,-1,-1,-1,-1,-1,-1,-1,-1,-1,-1,-1,-1,-1,-1,-1,-1,-1,-1,-1,-1,-1,-1,-1,-1,0,0,100,0,0,0,0,0,0,0,0,0,0,0,1,1,0,0,0,0,0,0,0,0,0,0,0,0,0,0,0,-1,-1,-1,-1,-1,-1,-1,-1,-1,0,-1,0,0,-1,0,1,0,0,0,-1,-1,-1,0,[0|0|0|0],-1,-1,-1,-1,300,-1,-1,-1,1,1,1,1,1,1,1,1,1,-1,-1,-1,-1,-1,0,-1,0,1,0,0,0,0,1,1,1,1,0,0,-1,0,[0|0|0|0],10,0.5,1,[0|0|0|0],-1,0,0,[0|0|0|0|0|0|0|0],-1,-1,-1,-1,-1,[0|0|0|0],-1,-1,-1,[0|0|0|0|0|0|0|0],-1,-1,-1,[0|0|0|0|0|0|0|0],0,0,0,[0|0|0|0],360,-1,200,100,1,1,0,-1,1,0,0,3,441,0,-1,0,200,0,-1,[0|0|0|0],0,0,0,0,0,0,0,0,0,0,0,0,0,0,0,0,0,0,0,0,0,0,0,0,0,0,0,0,0,0,0,0,200,[0|0|0|0|0|0|0|0|0|0|0|0],0,0,0,0,0,0,0,0,0,0,0,0,0,0,-1,0,0,0,0,-1,-1,-1,-1,-1,-1,-1,-1,-1,-1,-1,-1,0,0,-1,0,0,0,0,0,0,0,0,[0|0],10000200,3,0.8,0.2,0.3,0,-1,1,1,1,1,1,1,1,1,0,0,0,0,0,0,0,0,0,0,0,0,0,0,0,0,0,0,0,0,0,0,0,0,0,[0|0],0,0,0,[0|0|0],0,0,0,-1,[0|0|0|0],11,100,0,0,0,-1,-1,-1,-1,-1,-1,-1,-1,-1,-1,0,0,0,0,0,0,0,0,0,-1,[0|0],360,0,0,0,[0|0|0],0,0,0,0,0,-1,-1,-1,-1,-1,-1,[0|0|0|0],0,0,0,0,0,[0|0|0],0,0,0,0,0,0,0,0,0,0,0,0,0,0,0,0,0,0,0,0,0,0,0,0,0,0,0,0,0,0,0,0,0,0,[0|0|0],0,0,0,0,2000,[0|0|0|0],1,0,0,1,0,[0|0|0],0,0,0,0,0,-1,-1,-1,-1,1,0,0,0,0,0,0,0,0,0,350,100,0.6,0.8,0,-1,0,0,0,0,0,1,0,0,0,0,0,0,0,0,1,1,0,0,-1,0,100,0,0,0,0,1,0,0,0,0,0,0,0,0,1,1,0,0,0,0,-1,1,1,8010,0,0,0,0,0,0,1,-1,0,0,1,0,0,0,0,1,0,0,0,0,1,-1,[0|0|0|0|0|0|0|0|0|0|0|0|0|0|0|0|0|0|0|0|0|0|0|0|0|0|0|0]
15000300,LINEAR RIFLE - LR-038 FABRICIUS (Left),0,0,0,[0|0|0],10030,1001010,0,7425,0,0,0,0,0,0,0,0,100,0,0,0,-1,-1,-1,-1,-1,-1,-1,-1,-1,-1,-1,-1,-1,-1,-1,-1,-1,-1,-1,-1,-1,-1,-1,1,1,1,1,0,0,0,1636,0,100,100,0,-1,100,0,0,0,100,0,0,0,0,0,-1,16,0,0,7,0,15,0,0,0,100,0,0,999,0,0,0,0,0,0,0,0,0,0,0,0,0,0,0,0,0,0,0,0,0,0,1,1,0,1,0,0,0,0,0,0,0,0,0,0,1,0,1,0,0,0,0,0,0,0,0,1,0,1,1,1,1,0,0,100,1,1,0,0,-1,-1,-1,-1,-1,-1,-1,-1,-1,-1,-1,-1,-1,-1,-1,-1,-1,-1,-1,-1,-1,-1,-1,-1,0,0,100,0,0,0,0,0,0,0,0,0,0,0,1,1,0,0,0,0,0,0,0,0,0,0,0,0,0,0,0,-1,-1,-1,-1,-1,-1,-1,-1,-1,0,-1,0,0,-1,0,1,0,0,0,-1,-1,-1,0,[0|0|0|0],-1,-1,-1,-1,300,-1,-1,-1,1,1,1,1,1,1,1,1,1,-1,-1,-1,-1,-1,0,-1,0,1,0,0,0,0,1,1,1,1,0,0,-1,0,[0|0|0|0],6,0.5,1,[0|0|0|0],-1,0,0,[0|0|0|0|0|0|0|0],-1,-1,-1,-1,-1,[0|0|0|0],-1,-1,-1,[0|0|0|0|0|0|0|0],-1,-1,-1,[0|0|0|0|0|0|0|0],0,0,0,[0|0|0|0],233,-1,200,100,1,1,0,-1,1,0,0,3,575,0,-1,0,300,0,-1,[0|0|0|0],0,0,0,0,0,0,0,0,0,0,0,0,0,0,0,0,0,0,0,0,0,0,0,0,0,0,0,0,0,0,0,0,200,[0|0|0|0|0|0|0|0|0|0|0|0],0,0,0,0,0,0,0,0,0,0,0,0,0,0,-1,0,0,0,0,-1,-1,-1,-1,-1,-1,-1,-1,-1,-1,-1,-1,0,0,-1,0,0,0,0,0,0,0,0,[0|0],10000200,4.2,1.1,0.2,0.3,0,-1,1,1,1,1,1,1,1,1,0,0,0,0,0,0,0,0,0,0,0,0,0,0,0,0,0,0,0,0,0,0,0,0,0,[0|0],0,0,0,[0|0|0],0,0,0,-1,[0|0|0|0],11,100,0,0,0,-1,-1,-1,-1,-1,-1,-1,-1,-1,-1,0,0,0,0,0,0,0,0,0,-1,[0|0],360,0,0,0,[0|0|0],0,0,0,0,0,-1,-1,-1,-1,-1,-1,[0|0|0|0],0,0,0,0,0,[0|0|0],0,0,0,0,0,0,0,0,0,0,0,0,0,0,0,0,0,0,0,0,0,0,0,0,0,0,0,0,0,0,0,0,0,0,[0|0|0],0,0,0,0,2000,[0|0|0|0],1,0,0,1,0,[0|0|0],0,0,0,0,0,-1,-1,-1,-1,1,0,0,0,0,0,0,0,0,0,325,90,0.6,0.8,0,-1,0,0,0,0,0,1,0,0,0,0,0,0,0,0,1,1,0,0,-1,0,100,0,0,0,0,1,0,0,0,0,0,0,0,0,1,1,0,0,0,0,-1,1,1,8010,0,0,0,0,0,0,1,-1,0,0,1,0,0,0,0,1,0,0,0,0,1,-1,[0|0|0|0|0|0|0|0|0|0|0|0|0|0|0|0|0|0|0|0|0|0|0|0|0|0|0|0]
15000400,MACHINE GUN - MX-12 NUMBER (Left),0,0,0,[0|0|0],10040,1001010,0,4010,0,0,0,0,0,0,0,0,100,0,-1,0,-1,-1,-1,-1,-1,-1,-1,-1,-1,-1,-1,-1,-1,-1,-1,-1,-1,-1,-1,-1,-1,-1,-1,1,1,1,1,0,0,0,1821,0,100,100,0,-1,100,0,0,0,100,0,0,0,0,0,-1,16,0,0,7,3,17,0,0,0,100,0,0,999,0,0,0,0,0,0,0,0,0,0,0,0,0,0,0,0,0,0,0,0,0,0,1,1,0,1,0,0,0,0,0,0,0,0,0,0,1,0,1,0,0,0,0,0,0,0,0,1,0,1,1,1,1,0,0,100,1,1,0,0,-1,-1,-1,-1,-1,-1,-1,-1,-1,-1,-1,-1,-1,-1,-1,-1,-1,-1,-1,-1,-1,-1,-1,-1,0,0,100,0,0,0,0,0,0,0,0,0,0,0,1,1,0,0,0,0,0,0,0,0,0,0,0,0,0,0,0,-1,-1,-1,-1,-1,-1,-1,-1,-1,0,-1,0,0,-1,0,1,0,0,0,-1,-1,-1,0,[0|0|0|0],-1,-1,-1,-1,300,-1,-1,-1,1,1,1,1,1,1,1,1,1,-1,-1,-1,-1,-1,0,-1,0,1,0,0,0,0,1,1,1,1,0,0,-1,0,[0|0|0|0],-1,0.5,1,[0|0|0|0],-1,0,0,[0|0|0|0|0|0|0|0],-1,-1,-1,-1,-1,[0|0|0|0],-1,-1,-1,[0|0|0|0|0|0|0|0],-1,-1,-1,[0|0|0|0|0|0|0|0],0,0,0,[0|0|0|0],420,-1,200,100,1,1,0,-1,1,0,0,3,120,0,-1,0,15,0,-1,[0|0|0|0],0,0,0,0,0,0,0,0,0,0,0,0,0,0,0,0,0,0,0,0,0,0,0,0,0,0,0,0,0,0,0,0,202,[0|0|0|0|0|0|0|0|0|0|0|0],0,0,0,0,0,0,0,0,0,0,0,0,0,0,-1,0,0,0,0,-1,-1,-1,-1,-1,-1,-1,-1,-1,-1,-1,-1,0,0,-1,0,1,0,0,0,0,0,0,[0|0],10020200,0,0,-1,0,0,-1,1,1,1,1,1,1,1,1,0,0,0,0,0,0,0,0,0,0,0,0,0,0,0,0,0,0,0,0,0,0,0,0,0,[0|0],0,0,0,[0|0|0],0,0,0,-1,[0|0|0|0],10,142,0,0,0,-1,-1,-1,-1,-1,-1,-1,-1,-1,-1,0,0,0,0,0,0,0,0,0,-1,[0|0],360,0,0,0,[0|0|0],0,0,0,0,0,-1,-1,-1,-1,-1,-1,[0|0|0|0],0,0,0,0,0,[0|0|0],0,0,0,0,0,0,0,0,0,0,0,0,0,0,0,0,0,0,0,0,0,0,0,0,0,0,0,0,0,0,0,0,0,0,[0|0|0],0,0,0,0,2020,[0|0|0|0],1,0,1,1,0,[0|0|0],0,0,0,0,0,-1,-1,-1,-1,1,0,0,0,0,0,0,0,0,0,0,100,0,0,0,-1,0,0,0,0,0,1,0,0,0,0,0,0,0,0,1,1,0,0,-1,0,-1,0,0,0,0,1,0,0,0,0,0,0,0,0,1,1,0,0,0,0,-1,1,1,8016,0,0,0,0,0,0,1,-1,0,0,1,0,0,0,0,1,0,0,0,0,1,-1,[0|0|0|0|0|0|0|0|0|0|0|0|0|0|0|0|0|0|0|0|0|0|0|0|0|0|0|0]
15000500,INCENDIARY RIFLE - CRAZ-E-B-09-SL "SIMPLEPUNK" (Left),0,0,0,[0|0|0],10160,1000000,0,3990,0,0,0,0,0,0,0,0,100,0,0,0,-1,-1,-1,-1,-1,-1,-1,-1,-1,-1,-1,-1,-1,-1,-1,-1,-1,-1,-1,-1,-1,-1,-1,1,1,1,1,0,0,0,1616,0,100,100,0,-1,100,0,40,0,100,0,0,0,0,0,-1,16,0,0,7,3,15,0,0,0,100,0,0,217,0,0,0,0,0,0,0,0,0,0,0,0,0,0,0,0,0,0,0,0,0,0,1,1,0,1,0,0,0,0,0,0,0,0,0,0,1,0,1,0,0,0,0,0,0,0,0,1,0,1,1,1,1,0,0,100,1,1,0,0,-1,-1,-1,-1,-1,-1,-1,-1,-1,-1,-1,-1,-1,-1,-1,-1,-1,-1,-1,-1,-1,-1,-1,-1,0,0,100,0,0,0,0,0,0,0,0,0,0,0,1,1,0,0,0,0,0,0,0,0,0,0,0,0,0,0,0,-1,-1,-1,-1,-1,-1,-1,-1,-1,0,-1,0,0,-1,0,1,0,0,0,-1,-1,-1,0,[0|0|0|0],-1,-1,-1,-1,300,-1,-1,-1,1,1,1,1,1,1,1,1,1,-1,-1,-1,-1,-1,0,-1,0,1,0,0,0,0,1,1,1,1,0,0,-1,0,[0|0|0|0],12,0.5,1,[0|0|0|0],-1,0,0,[0|0|0|0|0|0|0|0],-1,-1,-1,-1,-1,[0|0|0|0],-1,-1,-1,[0|0|0|0|0|0|0|0],-1,-1,-1,[0|0|0|0|0|0|0|0],0,0,0,[0|0|0|0],324,-1,200,100,1,1,0,-1,1,0,0,3,119,0,-1,0,65,0,-1,[0|0|0|0],0,0,0,0,0,0,0,0,0,0,0,0,0,0,0,0,0,0,0,0,0,0,0,0,0,0,0,0,0,0,0,0,200,[0|0|0|0|0|0|0|0|0|0|0|0],0,0,0,0,0,0,0,0,0,0,0,0,0,0,-1,0,0,0,0,-1,-1,-1,-1,-1,-1,-1,-1,-1,-1,-1,-1,0,0,-1,0,0,0,0,0,0,0,0,[0|0],10010001,2.15,0.7,0.3,0.35,0,-1,1,1,1,1,1,1,1,1,0,0,0,0,0,0,0,0,0,0,0,0,0,0,0,0,0,0,0,0,0,0,0,0,0,[0|0],0,0,0,[0|0|0],0,0,0,-1,[0|0|0|0],1,130,0,0,0,-1,-1,-1,-1,-1,-1,-1,-1,-1,-1,0,0,0,0,0,0,0,0,0,-1,[0|0],360,0,0,0,[0|0|0],0,0,0,0,0,-1,-1,-1,-1,-1,-1,[0|0|0|0],0,0,0,0,0,[0|0|0],0,0,0,0,0,0,0,0,0,0,0,0,0,0,0,0,0,0,0,0,0,0,0,0,0,0,0,0,0,0,0,0,0,0,[0|0|0],0,0,0,0,2170,[0|0|0|0],1,0,0,1,0,[0|0|0],0,0,0,0,0,-1,-1,-1,-1,1,0,0,0,0,0,0,0,0,0,0,100,0,0,0,-1,0,0,2,0,0,1,0,0,0,0,0,0,0,0,1,1,0,0,-1,0,100,0,2,0,0,1,0,0,0,0,0,0,0,0,1,1,0,0,0,0,-1,1,1,8008,0,0,0,0,0,0,1,-1,0,0,1,0,0,0,0,1,0,0,0,0,1,-1,[0|0|0|0|0|0|0|0|0|0|0|0|0|0|0|0|0|0|0|0|0|0|0|0|0|0|0|0]
15010000,BURST ASSAULT RIFLE - MA-J-201 RANSETSU-AR (Left),0,0,0,[0|0|0],10100,1003000,0,3620,0,0,0,0,0,0,0,0,100,0,0,0,-1,-1,-1,-1,-1,-1,-1,-1,-1,-1,-1,-1,-1,-1,-1,-1,-1,-1,-1,-1,-1,-1,-1,1,1,1,1,0,0,0,1710,0,100,100,0,-1,100,0,0,0,100,0,0,0,0,0,-1,16,0,0,7,3,15,0,0,0,100,0,0,216,0,0,0,0,0,0,0,0,0,0,0,0,0,0,0,0,0,0,0,0,0,0,1,1,0,1,0,0,0,0,0,0,0,0,0,0,1,0,1,0,0,0,0,0,0,0,0,1,0,1,1,1,1,0,0,100,1,1,0,0,-1,-1,-1,-1,-1,-1,-1,-1,-1,-1,-1,-1,-1,-1,-1,-1,-1,-1,-1,-1,-1,-1,-1,-1,0,0,100,0,0,0,0,0,0,0,0,0,0,0,1,1,0,0,0,0,0,0,0,0,0,0,0,0,0,0,0,-1,-1,-1,-1,-1,-1,-1,-1,-1,0,-1,0,0,-1,0,1,0,0,0,-1,-1,-1,0,[0|0|0|0],-1,-1,-1,-1,300,-1,-1,-1,1,1,1,1,1,1,1,1,1,-1,-1,-1,-1,-1,0,-1,0,1,0,0,0,0,1,1,1,1,0,0,-1,0,[0|0|0|0],27,0.5,1,[0|0|0|0],-1,0,0,[0|0|0|0|0|0|0|0],-1,-1,-1,-1,-1,[0|0|0|0],-1,-1,-1,[0|0|0|0|0|0|0|0],-1,-1,-1,[0|0|0|0|0|0|0|0],0,0,0,[0|0|0|0],450,-1,200,100,1,1,0,-1,1,0,0,3,132,0,-1,0,40,0,-1,[0|0|0|0],0,0,0,0,0,0,0,0,0,0,0,0,0,0,0,0,0,0,0,0,0,0,0,0,0,0,0,0,0,0,0,0,201,[0|0|0|0|0|0|0|0|0|0|0|0],0,0,0,0,0,0,0,0,0,0,0,0,0,0,-1,0,0,0,0,-1,-1,-1,-1,-1,-1,-1,-1,-1,-1,-1,-1,0,0,-1,0,0,0,0,0,0,0,0,[0|0],10010000,1.9,0,-1,0,0,-1,1,1,1,1,1,1,1,1,0,0,0,0,0,0,0,0,0,0,0,0,0,0,0,0,0,0,0,0,0,0,0,0,0,[0|0],0,0,0,[0|0|0],0,0,0,-1,[0|0|0|0],15,120,0,0,0,-1,-1,-1,-1,-1,-1,-1,-1,-1,-1,0,0,0,0,0,0,0,0,0,-1,[0|0],360,0,0,0,[0|0|0],0,0,0,0,0,-1,-1,-1,-1,-1,-1,[0|0|0|0],0,0,0,0,0,[0|0|0],0,0,0,0,0,0,0,0,0,0,0,0,0,0,0,0,0,0,0,0,0,0,0,0,0,0,0,0,0,0,0,0,0,0,[0|0|0],0,0,0,0,2160,[0|0|0|0],1,0,0,1,0,[0|0|0],0,0,0,0,0,-1,-1,-1,-1,1,0,0,0,0,0,0,0,0,0,0,100,0,0,0,-1,0,0,2,0,0,1,0,0,0,0,0,0,0,0,1,1,0,0,-1,0,-1,0,0,0,0,1,0,0,0,0,0,0,0,0,1,1,0,0,0,0,-1,1,1,8011,0,0,0,0,0,0,1,-1,0,0,1,0,0,0,0,1,0,0,0,0,1,-1,[0|0|0|0|0|0|0|0|0|0|0|0|0|0|0|0|0|0|0|0|0|0|0|0|0|0|0|0]
15010100,ASSAULT RIFLE - RF-024 TURNER (Left),0,0,0,[0|0|0],10110,1002000,0,3560,0,0,0,0,0,0,0,0,100,0,0,0,-1,-1,-1,19,-1,-1,-1,-1,-1,-1,-1,-1,-1,-1,-1,-1,-1,-1,-1,-1,-1,-1,-1,1,1,1,1,0,0,0,1720,0,100,100,0,-1,100,0,0,0,100,0,0,0,0,0,-1,16,0,0,7,3,15,0,0,0,100,0,0,999,0,0,0,0,0,0,0,0,0,0,0,0,0,0,0,0,0,0,0,0,0,0,1,1,0,1,0,0,0,0,0,0,0,0,0,0,1,0,1,0,0,0,0,0,0,0,0,1,0,1,1,1,1,0,0,100,1,1,0,0,-1,-1,-1,-1,-1,-1,-1,-1,-1,-1,-1,-1,-1,-1,-1,-1,-1,-1,-1,-1,-1,-1,-1,-1,0,0,100,0,0,0,0,0,0,0,0,0,0,0,1,1,0,0,0,0,0,0,0,0,0,0,0,0,0,0,0,-1,-1,-1,-1,-1,-1,-1,-1,-1,0,-1,0,0,-1,0,1,0,0,0,-1,-1,-1,0,[0|0|0|0],-1,-1,-1,-1,300,-1,-1,-1,1,1,1,1,1,1,1,1,1,-1,-1,-1,-1,-1,0,-1,0,1,0,0,0,0,1,1,1,1,0,0,-1,0,[0|0|0|0],24,0.5,1,[0|0|0|0],-1,0,0,[0|0|0|0|0|0|0|0],-1,-1,-1,-1,-1,[0|0|0|0],-1,-1,-1,[0|0|0|0|0|0|0|0],-1,-1,-1,[0|0|0|0|0|0|0|0],0,0,0,[0|0|0|0],540,-1,200,100,1,1,0,-1,1,0,0,3,102,0,-1,0,40,0,-1,[0|0|0|0],0,0,0,0,0,0,0,0,0,0,0,0,0,0,0,0,0,0,0,0,0,0,0,0,0,0,0,0,0,0,0,0,201,[0|0|0|0|0|0|0|0|0|0|0|0],0,0,0,0,0,0,0,0,0,0,0,0,0,0,-1,0,0,0,0,-1,-1,-1,-1,-1,-1,-1,-1,-1,-1,-1,-1,0,0,-1,0,0,0,0,0,0,0,0,[0|0],10010100,2.2,0,-1,0,0,-1,1,1,1,1,1,1,1,1,0,0,0,0,0,0,0,0,0,0,0,0,0,0,0,0,0,0,0,0,0,0,0,0,0,[0|0],0,0,0,[0|0|0],0,0,0,-1,[0|0|0|0],11,110,0,0,0,-1,-1,-1,-1,-1,-1,-1,-1,-1,-1,0,0,0,0,0,0,0,0,0,-1,[0|0],360,0,0,0,[0|0|0],0,0,0,0,0,-1,-1,-1,-1,-1,-1,[0|0|0|0],0,0,0,0,0,[0|0|0],0,0,0,0,0,0,0,0,0,0,0,0,0,0,0,0,0,0,0,0,0,0,0,0,0,0,0,0,0,0,0,0,0,0,[0|0|0],0,0,0,0,2010,[0|0|0|0],1,0,0,1,0,[0|0|0],0,0,0,0,0,-1,-1,-1,-1,1,0,0,0,0,0,0,0,0,0,0,100,0,0,0,-1,0,0,0,0,0,1,0,0,0,0,0,0,0,0,1,1,0,0,-1,0,-1,0,0,0,0,1,0,0,0,0,0,0,0,0,1,1,0,0,0,0,-1,1,1,8012,0,0,0,0,0,0,1,-1,0,0,1,0,0,0,0,1,0,0,0,0,1,-1,[0|0|0|0|0|0|0|0|0|0|0|0|0|0|0|0|0|0|0|0|0|0|0|0|0|0|0|0]
15010600,HYPERPULSE RIFLE - HI-11: GU-RR/F (Left),0,0,0,[0|0|0],10170,1002000,0,2910,0,0,0,0,0,0,0,0,100,0,0,0,-1,-1,-1,-1,-1,-1,-1,-1,-1,-1,-1,-1,-1,-1,-1,-1,-1,-1,-1,-1,-1,-1,-1,1,1,1,1,0,0,0,1001,0,100,100,0,-1,0,100,0,0,100,0,0,0,0,0,-1,16,0,0,7,0,15,0,0,0,100,0,0,999,0,0,0,0,0,0,0,0,0,0,0,0,0,0,0,0,0,0,0,0,0,0,1,1,0,1,0,0,0,0,0,0,0,0,0,0,1,0,1,0,0,0,0,0,0,0,0,1,0,1,1,1,1,0,0,100,1,1,0,0,-1,-1,-1,-1,-1,-1,-1,-1,-1,-1,-1,-1,-1,-1,-1,-1,-1,-1,-1,-1,-1,-1,-1,-1,0,0,100,0,0,0,0,0,0,0,0,0,0,0,1,1,0,0,0,0,0,0,0,0,0,0,0,0,0,0,0,-1,-1,-1,-1,-1,-1,-1,-1,-1,0,-1,0,0,-1,0,1,0,0,0,-1,-1,-1,0,[0|0|0|0],-1,-1,-1,-1,300,-1,-1,-1,1,1,1,1,1,1,1,1,1,-1,-1,-1,-1,-1,0,-1,0,1,0,0,0,0,1,1,1,1,0,0,-1,0,[0|0|0|0],-1,0,1,[0|0|0|0],-1,0,0,[0|0|0|0|0|0|0|0],-1,-1,-1,-1,-1,[0|0|0|0],-1,-1,-1,[0|0|0|0|0|0|0|0],-1,-1,-1,[0|0|0|0|0|0|0|0],0,0,0,[0|0|0|0],200,-1,200,100,1,1,0,-1,1,0,0,3,468,0,-1,0,70,0,-1,[0|0|0|0],0,0,0,0,0,0,0,0,0,0,0,0,0,0,0,0,0,0,0,0,0,0,0,0,0,0,0,0,0,0,0,0,201,[0|0|0|0|0|0|0|0|0|0|0|0],0,0,0,0,0,0,0,0,0,0,0,0,0,0,-1,0,0,0,0,-1,-1,-1,-1,-1,-1,-1,-1,-1,-1,-1,-1,0,0,-1,0,0,0,0,0,0,0,0,[0|0],10010100,0,0,-1,0,0,-1,1,1,1,1,1,1,1,1,0,0,0,0,0,0,0,0,0,0,0,0,0,0,0,0,0,0,0,0,0,0,0,0,0,[0|0],11,0.2,0.1,[0|0|0],0,1,0,-1,[0|0|0|0],17,320,0,0,0,-1,-1,-1,-1,-1,-1,-1,-1,-1,-1,0,0,0,0,0,0,0,0,0,-1,[0|0],360,0,0,0,[0|0|0],0,0,0,0,0,-1,-1,-1,-1,-1,-1,[0|0|0|0],0,0,0,0,0,[0|0|0],0,0,0,0,0,0,0,0,0,0,0,0,0,0,0,0,0,0,0,0,0,0,0,0,0,0,0,0,0,0,0,0,0,0,[0|0|0],0,0,0,0,2010,[0|0|0|0],1,0,0,1,0,[0|0|0],0,0,0,0,0,-1,-1,-1,-1,1,0,0,0,0,0,0,0,0,0,255,90,0.4,1,0,-1,0,0,0,0,0,1,0,0,0,0,0,0,0,0,1,1,0,0,-1,0,-1,0,0,0,0,1,0,0,0,0,0,0,0,0,1,1,0,0,0,0,-1,1,1,8012,0,0,0,0,0,0,1,-1,0,0,1,0,0,0,0,1,0,0,0,0,1,-1,[0|0|0|0|0|0|0|0|0|0|0|0|0|0|0|0|0|0|0|0|0|0|0|0|0|0|0|0]
15010200,ASSAULT RIFLE - RF-025 SCUDDER (Left),0,0,0,[0|0|0],10120,1002010,0,3830,0,0,0,0,0,0,0,0,100,0,0,0,-1,-1,-1,-1,-1,-1,-1,-1,-1,-1,-1,-1,-1,-1,-1,-1,-1,-1,-1,-1,-1,-1,-1,1,1,1,1,0,0,0,1730,0,100,100,0,-1,100,0,0,0,100,0,0,0,0,0,-1,16,0,0,7,3,15,0,0,0,100,0,0,999,0,0,0,0,0,0,0,0,0,0,0,0,0,0,0,0,0,0,0,0,0,0,1,1,0,1,0,0,0,0,0,0,0,0,0,0,1,0,1,0,0,0,0,0,0,0,0,1,0,1,1,1,1,0,0,100,1,1,0,0,-1,-1,-1,-1,-1,-1,-1,-1,-1,-1,-1,-1,-1,-1,-1,-1,-1,-1,-1,-1,-1,-1,-1,-1,0,0,100,0,0,0,0,0,0,0,0,0,0,0,1,1,0,0,0,0,0,0,0,0,0,0,0,0,0,0,0,-1,-1,-1,-1,-1,-1,-1,-1,-1,0,-1,0,0,-1,0,1,0,0,0,-1,-1,-1,0,[0|0|0|0],-1,-1,-1,-1,300,-1,-1,-1,1,1,1,1,1,1,1,1,1,-1,-1,-1,-1,-1,0,-1,0,1,0,0,0,0,1,1,1,1,0,0,-1,0,[0|0|0|0],21,0.5,1,[0|0|0|0],-1,0,0,[0|0|0|0|0|0|0|0],-1,-1,-1,-1,-1,[0|0|0|0],-1,-1,-1,[0|0|0|0|0|0|0|0],-1,-1,-1,[0|0|0|0|0|0|0|0],0,0,0,[0|0|0|0],450,-1,200,100,1,1,0,-1,1,0,0,3,153,0,-1,0,50,0,-1,[0|0|0|0],0,0,0,0,0,0,0,0,0,0,0,0,0,0,0,0,0,0,0,0,0,0,0,0,0,0,0,0,0,0,0,0,201,[0|0|0|0|0|0|0|0|0|0|0|0],0,0,0,0,0,0,0,0,0,0,0,0,0,0,-1,0,0,0,0,-1,-1,-1,-1,-1,-1,-1,-1,-1,-1,-1,-1,0,0,-1,0,0,0,0,0,0,0,0,[0|0],10010200,2.4,0,-1,0,0,-1,1,1,1,1,1,1,1,1,0,0,0,0,0,0,0,0,0,0,0,0,0,0,0,0,0,0,0,0,0,0,0,0,0,[0|0],0,0,0,[0|0|0],0,0,0,-1,[0|0|0|0],11,110,0,0,0,-1,-1,-1,-1,-1,-1,-1,-1,-1,-1,0,0,0,0,0,0,0,0,0,-1,[0|0],360,0,0,0,[0|0|0],0,0,0,0,0,-1,-1,-1,-1,-1,-1,[0|0|0|0],0,0,0,0,0,[0|0|0],0,0,0,0,0,0,0,0,0,0,0,0,0,0,0,0,0,0,0,0,0,0,0,0,0,0,0,0,0,0,0,0,0,0,[0|0|0],0,0,0,0,2010,[0|0|0|0],1,0,0,1,0,[0|0|0],0,0,0,0,0,-1,-1,-1,-1,1,0,0,0,0,0,0,0,0,0,0,100,0,0,0,-1,0,0,0,0,0,1,0,0,0,0,0,0,0,0,1,1,0,0,-1,0,-1,0,0,0,0,1,0,0,0,0,0,0,0,0,1,1,0,0,0,0,-1,1,1,8013,0,0,0,0,0,0,1,-1,0,0,1,0,0,0,0,1,0,0,0,0,1,-1,[0|0|0|0|0|0|0|0|0|0|0|0|0|0|0|0|0|0|0|0|0|0|0|0|0|0|0|0]
15010300,LIGHT WAVE RIFLE - IA-C01A1: LUNAR (Left),0,0,0,[0|0|0],10130,1035011,0,3620,0,0,0,0,0,0,0,0,100,0,0,0,-1,-1,-1,-1,-1,-1,-1,-1,-1,-1,-1,-1,-1,-1,-1,-1,-1,-1,-1,-1,-1,-1,-1,1,1,1,1,0,0,0,2840,0,100,100,0,-1,0,100,0,0,100,0,0,0,0,0,-1,16,0,0,7,0,15,0,0,0,100,0,0,999,0,0,0,0,0,0,0,0,0,0,0,0,0,0,0,0,0,0,0,0,0,0,1,1,0,1,0,0,0,0,0,0,0,0,0,0,1,0,1,0,0,0,0,0,0,0,0,1,0,1,1,1,1,0,0,100,1,1,0,0,-1,-1,-1,-1,-1,-1,-1,-1,-1,-1,-1,-1,-1,-1,-1,-1,-1,-1,-1,-1,-1,-1,-1,-1,0,0,100,0,0,0,0,0,0,0,0,0,0,0,1,1,0,0,0,0,0,0,0,0,0,0,0,0,0,0,0,-1,-1,-1,-1,-1,-1,-1,-1,-1,0,-1,0,0,-1,0,1,0,0,0,-1,-1,-1,0,[0|0|0|0],-1,-1,-1,-1,300,-1,-1,-1,1,1,1,1,1,1,1,1,1,-1,-1,-1,-1,-1,0,-1,0,1,0,0,0,0,1,1,1,1,0,0,-1,0,[0|0|0|0],-1,0.5,1,[0|0|0|0],-1,0,0,[0|0|0|0|0|0|0|0],-1,-1,-1,-1,-1,[0|0|0|0],-1,-1,-1,[0|0|0|0|0|0|0|0],-1,-1,-1,[0|0|0|0|0|0|0|0],0,0,0,[0|0|0|0],360,-1,800,100,1,1,0,-1,1,0,0,3,502,0,-1,0,50,0,-1,[0|0|0|0],0,0,0,0,0,0,0,0,0,0,0,0,0,0,0,0,0,0,0,0,0,0,0,0,0,0,0,0,0,0,0,0,201,[0|0|0|0|0|0|0|0|0|0|0|0],0,0,0,0,0,0,0,0,0,0,0,0,0,0,-1,0,0,0,0,-1,-1,-1,-1,-1,-1,-1,-1,-1,-1,-1,-1,0,0,-1,0,0,0,0,0,0,0,0,[0|0],10010200,2.4,0,-1,0,0,-1,1,1,1,1,1,1,1,1,0,0,0,0,0,0,0,0,0,0,0,0,0,0,0,0,0,0,0,0,0,0,0,0,0,[0|0],0,0,0,[0|0|0],0,1,0,-1,[0|0|0|0],2,111,0,0,0,-1,-1,-1,-1,-1,-1,-1,-1,-1,-1,0,0,0,0,0,0,0,0,0,-1,[0|0],360,0,0,0,[0|0|0],0,0,0,0,0,-1,-1,-1,-1,-1,-1,[0|0|0|0],0,0,0,0,0,[0|0|0],0,0,0,0,0,0,0,0,0,0,0,0,0,0,0,0,0,0,0,0,0,0,0,0,0,0,0,0,0,0,0,0,0,0,[0|0|0],0,0,0,0,2010,[0|0|0|0],1,0,0,1,0,[0|0|0],0,0,0,0,0,-1,-1,-1,-1,1,0,0,0,0,0,0,0,0,0,400,100,0.7,0.3,0,-1,0,0,0,0,0,1,0,0,0,0,0,0,0,0,1,1,0,0,-1,0,-1,0,0,0,0,1,0,0,0,0,0,0,0,0,1,1,0,0,0,0,-1,1,1,8013,0,0,0,0,0,0,1,-1,0,0,1,0,0,0,0,1,0,0,0,0,1,-1,[0|0|0|0|0|0|0|0|0|0|0|0|0|0|0|0|0|0|0|0|0|0|0|0|0|0|0|0]
15010400,LINEAR SNIPER RIFLE - LSN-039 ADRIAN (Left),0,0,0,[0|0|0],10140,1002000,0,4910,0,0,0,0,0,0,0,0,100,0,0,0,-1,-1,-1,-1,-1,-1,-1,-1,-1,-1,-1,-1,-1,-1,-1,-1,-1,-1,-1,-1,-1,-1,-1,1,1,1,1,0,0,0,1690,0,100,100,0,-1,100,0,0,0,100,0,0,0,0,0,-1,16,0,0,7,0,21,0,0,0,100,0,0,999,0,0,0,0,0,0,0,0,0,0,0,0,0,0,0,0,0,0,0,0,0,0,1,1,0,1,0,0,0,0,0,0,0,0,0,0,1,0,1,0,0,0,0,0,0,0,0,1,0,1,1,1,1,0,0,100,1,1,0,0,-1,-1,-1,-1,-1,-1,-1,-1,-1,-1,-1,-1,-1,-1,-1,-1,-1,-1,-1,-1,-1,-1,-1,-1,0,0,100,0,0,0,0,0,0,0,0,0,0,0,1,1,0,0,0,0,0,0,0,0,0,0,0,0,0,0,0,-1,-1,-1,-1,-1,-1,-1,-1,-1,0,-1,0,0,-1,0,1,0,0,0,-1,-1,-1,0,[0|0|0|0],-1,-1,-1,-1,300,-1,-1,-1,1,1,1,1,1,1,1,1,1,-1,-1,-1,-1,-1,0,-1,0,1,0,0,0,0,1,1,1,1,0,0,-1,0,[0|0|0|0],1,0.5,1,[0|0|0|0],-1,0,0,[0|0|0|0|0|0|0|0],-1,-1,-1,-1,-1,[0|0|0|0],-1,-1,-1,[0|0|0|0|0|0|0|0],-1,-1,-1,[0|0|0|0|0|0|0|0],0,0,0,[0|0|0|0],64,-1,200,100,1,1,0,-1,1,0,0,4,102,0,-1,0,500,0,-1,[0|0|0|0],0,0,0,0,0,0,0,0,0,0,0,0,0,0,0,0,0,0,0,0,0,0,0,0,0,0,0,0,0,0,0,0,206,[0|0|0|0|0|0|0|0|0|0|0|0],0,0,0,0,0,0,0,0,0,0,0,0,0,0,-1,0,0,0,0,-1,-1,-1,-1,-1,-1,-1,-1,-1,-1,-1,-1,0,0,-1,0,0,0,0,0,0,0,0,[0|0],10060000,2.6,0,-1,0,0,-1,1,1,1,1,1,1,1,1,0,0,0,0,0,0,0,0,0,0,0,0,0,0,0,0,0,0,0,0,0,0,0,0,0,[0|0],0,0,0,[0|0|0],0,0,0,-1,[0|0|0|0],11,101,0,0,0,-1,-1,-1,-1,-1,-1,-1,-1,-1,-1,0,0,0,0,0,0,0,0,0,-1,[0|0],360,0,0,0,[0|0|0],0,0,0,0,0,-1,-1,-1,-1,-1,-1,[0|0|0|0],0,0,0,0,0,[0|0|0],0,0,0,0,0,0,0,0,0,0,0,0,0,0,0,0,0,0,0,0,0,0,0,0,0,0,0,0,0,0,0,0,0,0,[0|0|0],0,0,0,0,2010,[0|0|0|0],1,0,0,0,0,[0|0|0],0,0,0,0,0,-1,-1,-1,-1,1,0,0,0,0,0,0,0,0,0,0,100,0,0,0,-1,0,0,0,0,0,1,0,0,0,0,0,0,0,0,1,1,0,0,-1,0,-1,0,0,0,0,1,0,0,0,0,0,0,0,0,1,1,0,0,0,0,-1,1,1,8012,0,0,0,0,0,0,1,-1,0,0,1,0,0,0,0,1,0,0,0,0,1,-1,[0|0|0|0|0|0|0|0|0|0|0|0|0|0|0|0|0|0|0|0|0|0|0|0|0|0|0|0]
15010500,DOUBLE ASSAULT RIFLE - AX-24 GENESIS (Left),0,0,0,[0|0|0],10150,1002010,0,5110,0,0,0,0,0,0,0,0,100,0,0,0,-1,-1,-1,-1,-1,-1,-1,-1,-1,-1,-1,-1,-1,-1,-1,-1,-1,-1,-1,-1,-1,-1,-1,1,1,1,1,0,0,0,1740,0,100,100,0,-1,100,0,0,0,100,0,0,0,0,0,-1,16,0,0,7,3,15,0,0,0,100,0,0,999,0,0,0,0,0,0,0,0,0,0,0,0,0,0,0,0,0,0,0,0,0,0,1,1,0,1,0,0,0,0,0,0,0,0,0,0,1,0,1,0,0,0,0,0,0,0,0,1,0,1,1,1,1,0,0,100,1,1,0,0,-1,-1,-1,-1,-1,-1,-1,-1,-1,-1,-1,-1,-1,-1,-1,-1,-1,-1,-1,-1,-1,-1,-1,-1,0,0,100,0,0,0,0,0,0,0,0,0,0,0,1,1,0,0,0,0,0,0,0,0,0,0,0,0,0,0,0,-1,-1,-1,-1,-1,-1,-1,-1,-1,0,-1,0,0,-1,0,1,0,0,0,-1,-1,-1,0,[0|0|0|0],-1,-1,-1,-1,300,-1,-1,-1,1,1,1,1,1,1,1,1,1,-1,-1,-1,-1,-1,0,-1,0,1,0,0,0,0,1,1,1,1,0,0,-1,0,[0|0|0|0],26,0.5,1,[0|0|0|0],-1,0,0,[0|0|0|0|0|0|0|0],-1,-1,-1,-1,-1,[0|0|0|0],-1,-1,-1,[0|0|0|0|0|0|0|0],-1,-1,-1,[0|0|0|0|0|0|0|0],0,0,0,[0|0|0|0],510,-1,200,100,1,1,0,-1,1,0,0,3,277,0,-1,0,30,0,-1,[0|0|0|0],0,0,0,0,0,0,0,0,0,0,0,0,0,0,0,0,0,0,0,0,0,0,0,0,0,0,0,0,0,0,0,0,201,[0|0|0|0|0|0|0|0|0|0|0|0],0,0,0,0,0,0,0,0,0,0,0,0,0,0,-1,0,0,0,0,-1,-1,-1,-1,-1,-1,-1,-1,-1,-1,-1,-1,0,0,-1,0,0,0,0,0,0,0,0,[0|0],10010200,3.5,0,-1,0,0,-1,1,1,1,1,1,1,1,1,0,0,0,0,0,0,0,0,0,0,0,0,0,0,0,0,0,0,0,0,0,0,0,0,0,[0|0],0,0,0,[0|0|0],0,0,0,-1,[0|0|0|0],10,110,0,0,0,-1,-1,-1,-1,-1,-1,-1,-1,-1,-1,0,0,0,0,0,0,0,0,0,-1,[0|0],360,0,0,0,[0|0|0],0,0,0,0,0,-1,-1,-1,-1,-1,-1,[0|0|0|0],0,0,0,0,0,[0|0|0],0,0,0,0,0,0,0,0,0,0,0,0,0,0,0,0,0,0,0,0,0,0,0,0,0,0,0,0,0,0,0,0,0,0,[0|0|0],0,0,0,0,2010,[0|0|0|0],1,0,0,1,0,[0|0|0],0,0,0,0,0,-1,-1,-1,-1,1,0,0,0,0,0,0,0,0,0,0,100,0,0,0,-1,0,0,2,0,0,1,0,0,0,0,0,0,0,0,1,1,0,0,-1,0,-1,0,0,0,0,1,0,0,0,0,0,0,0,0,1,1,0,0,0,0,-1,1,1,8013,0,0,0,0,0,0,1,-1,0,0,1,0,0,0,0,1,0,0,0,0,1,-1,[0|0|0|0|0|0|0|0|0|0|0|0|0|0|0|0|0|0|0|0|0|0|0|0|0|0|0|0]
15020000,BURST MACHINE GUN - MA-E-210 ETSUJIN (Left),0,0,0,[0|0|0],10200,1005000,0,2810,0,0,0,0,0,0,0,0,100,0,0,0,-1,-1,-1,-1,-1,-1,-1,-1,-1,-1,-1,-1,-1,-1,-1,-1,-1,-1,-1,-1,-1,-1,-1,1,1,1,1,0,0,0,1810,0,100,100,0,-1,100,0,0,0,100,0,0,0,0,0,-1,16,0,0,7,3,17,0,0,0,100,0,0,999,0,0,0,0,0,0,0,0,0,0,0,0,0,0,0,0,0,0,0,0,0,0,1,1,0,1,0,0,0,0,0,0,0,0,0,0,1,0,1,0,0,0,0,0,0,0,0,1,0,1,1,1,1,0,0,100,1,1,0,0,-1,-1,-1,-1,-1,-1,-1,-1,-1,-1,-1,-1,-1,-1,-1,-1,-1,-1,-1,-1,-1,-1,-1,-1,0,0,100,0,0,0,0,0,0,0,0,0,0,0,1,1,0,0,0,0,0,0,0,0,0,0,0,0,0,0,0,-1,-1,-1,-1,-1,-1,-1,-1,-1,0,-1,0,0,-1,0,1,0,0,0,-1,-1,-1,0,[0|0|0|0],-1,-1,-1,-1,300,-1,-1,-1,1,1,1,1,1,1,1,1,1,-1,-1,-1,-1,-1,0,-1,0,1,0,0,0,0,1,1,1,1,0,0,-1,0,[0|0|0|0],28,0.5,1,[0|0|0|0],-1,0,0,[0|0|0|0|0|0|0|0],-1,-1,-1,-1,-1,[0|0|0|0],-1,-1,-1,[0|0|0|0|0|0|0|0],-1,-1,-1,[0|0|0|0|0|0|0|0],0,0,0,[0|0|0|0],700,-1,200,100,1,1,0,-1,1,0,0,3,98,0,-1,0,30,0,-1,[0|0|0|0],0,0,0,0,0,0,0,0,0,0,0,0,0,0,0,0,0,0,0,0,0,0,0,0,0,0,0,0,0,0,0,0,202,[0|0|0|0|0|0|0|0|0|0|0|0],0,0,0,0,0,0,0,0,0,0,0,0,0,0,-1,0,0,0,0,-1,-1,-1,-1,-1,-1,-1,-1,-1,-1,-1,-1,0,0,-1,0,0,0,0,0,0,0,0,[0|0],10020000,1.5,0,-1,0,0,-1,1,1,1,1,1,1,1,1,0,0,0,0,0,0,0,0,0,0,0,0,0,0,0,0,0,0,0,0,0,0,0,0,0,[0|0],0,0,0,[0|0|0],0,0,0,-1,[0|0|0|0],15,150,0,0,0,-1,-1,-1,-1,-1,-1,-1,-1,-1,-1,0,0,0,0,0,0,0,0,0,-1,[0|0],360,0,0,0,[0|0|0],0,0,0,0,0,-1,-1,-1,-1,-1,-1,[0|0|0|0],0,0,0,0,0,[0|0|0],0,0,0,0,0,0,0,0,0,0,0,0,0,0,0,0,0,0,0,0,0,0,0,0,0,0,0,0,0,0,0,0,0,0,[0|0|0],0,0,0,0,2020,[0|0|0|0],1,0,0,1,0,[0|0|0],0,0,0,0,0,-1,-1,-1,-1,1,0,0,0,0,0,0,0,0,0,0,100,0,0,0,-1,0,0,2,0,0,1,0,0,0,0,0,0,0,0,1,1,0,0,-1,0,-1,0,0,0,0,1,0,0,0,0,0,0,0,0,1,1,0,0,0,0,-1,1,1,8014,0,0,0,0,0,0,1,-1,0,0,1,0,0,0,0,1,0,0,0,0,1,-1,[0|0|0|0|0|0|0|0|0|0|0|0|0|0|0|0|0|0|0|0|0|0|0|0|0|0|0|0]
15020600,MACHINE HANDGUN - WD-6767 MACKIE (Left),0,0,0,[0|0|0],10260,1005000,0,1650,0,0,0,0,0,0,0,0,100,0,0,0,-1,-1,-1,-1,-1,-1,-1,-1,-1,-1,-1,-1,-1,-1,-1,-1,-1,-1,-1,-1,-1,-1,-1,1,1,1,1,0,0,0,1810,0,100,100,0,-1,100,0,0,0,100,0,0,0,0,0,-1,16,0,0,7,3,19,0,0,0,100,0,0,999,0,0,0,0,0,0,0,0,0,0,0,0,0,0,0,0,0,0,0,0,0,0,1,1,0,1,0,0,0,0,0,0,0,0,0,0,1,0,1,0,0,0,0,0,0,0,0,1,0,1,1,1,1,0,0,100,1,1,0,0,-1,-1,-1,-1,-1,-1,-1,-1,-1,-1,-1,-1,-1,-1,-1,-1,-1,-1,-1,-1,-1,-1,-1,-1,0,0,100,0,0,0,0,0,0,0,0,0,0,0,1,1,0,0,0,0,0,0,0,0,0,0,0,0,0,0,0,-1,-1,-1,-1,-1,-1,-1,-1,-1,0,-1,0,0,-1,0,1,0,0,0,-1,-1,-1,0,[0|0|0|0],-1,-1,-1,-1,300,-1,-1,-1,1,1,1,1,1,1,1,1,1,-1,-1,-1,-1,-1,0,-1,0,1,0,0,0,0,1,1,1,1,0,0,-1,0,[0|0|0|0],60,0.2,1,[0|0|0|0],-1,0,0,[0|0|0|0|0|0|0|0],-1,-1,-1,-1,-1,[0|0|0|0],-1,-1,-1,[0|0|0|0|0|0|0|0],-1,-1,-1,[0|0|0|0|0|0|0|0],0,0,0,[0|0|0|0],420,-1,200,100,1,1,0,-1,1,0,0,1,104,0,-1,0,25,0,-1,[0|0|0|0],0,0,0,0,0,0,0,0,0,0,0,0,0,0,0,0,0,0,0,0,0,0,0,0,0,0,0,0,0,0,0,0,207,[0|0|0|0|0|0|0|0|0|0|0|0],0,0,0,0,0,0,0,0,0,0,0,0,0,0,-1,0,0,0,0,-1,-1,-1,-1,-1,-1,-1,-1,-1,-1,-1,-1,0,0,-1,0,0,0,0,0,0,0,0,[0|0],10020000,1.2,0,-1,0,0,-1,1,1,1,1,1,1,1,1,0,0,0,0,0,0,0,0,0,0,0,0,0,0,0,0,0,0,0,0,0,0,0,0,0,[0|0],0,0,0,[0|0|0],0,0,0,-1,[0|0|0|0],6,140,0,0,0,-1,-1,-1,-1,-1,-1,-1,-1,-1,-1,0,0,0,0,0,0,0,0,0,-1,[0|0],360,0,0,0,[0|0|0],0,0,0,0,0,-1,-1,-1,-1,-1,-1,[0|0|0|0],0,0,0,0,0,[0|0|0],0,0,0,0,0,0,0,0,0,0,0,0,0,0,0,0,0,0,0,0,0,0,0,0,0,0,0,0,0,0,0,0,0,0,[0|0|0],0,0,0,0,2020,[0|0|0|0],1,0,0,1,0,[0|0|0],0,0,0,0,0,-1,-1,-1,-1,1,0,0,0,0,0,0,0,0,0,0,100,0,0,0,-1,0,0,0,0,0,1,0,0,0,0,0,0,0,0,1,1,0,0,-1,0,-1,0,0,0,0,1,0,0,0,0,0,0,0,0,1,1,0,0,0,0,-1,1,1,8014,0,0,0,0,0,0,1,-1,0,0,1,0,0,0,0,1,0,0,0,0,1,-1,[0|0|0|0|0|0|0|0|0|0|0|0|0|0|0|0|0|0|0|0|0|0|0|0|0|0|0|0]
15020100,MACHINE GUN - MG-014 LUDLOW (Left),0,0,0,[0|0|0],10210,1004000,0,2350,0,0,0,0,0,0,0,0,100,0,0,0,-1,-1,-1,-1,-1,-1,-1,-1,-1,-1,-1,-1,-1,-1,-1,-1,-1,-1,-1,-1,-1,-1,-1,1,1,1,1,0,0,0,1820,0,100,100,0,-1,100,0,0,0,100,0,0,0,0,0,-1,16,0,0,7,3,17,0,0,0,100,0,0,999,0,0,0,0,0,0,0,0,0,0,0,0,0,0,0,0,0,0,0,0,0,0,1,1,0,1,0,0,0,0,0,0,0,0,0,0,1,0,1,0,0,0,0,0,0,0,0,1,0,1,1,1,1,0,0,100,1,1,0,0,-1,-1,-1,-1,-1,-1,-1,-1,-1,-1,-1,-1,-1,-1,-1,-1,-1,-1,-1,-1,-1,-1,-1,-1,0,0,100,0,0,0,0,0,0,0,0,0,0,0,1,1,0,0,0,0,0,0,0,0,0,0,0,0,0,0,0,-1,-1,-1,-1,-1,-1,-1,-1,-1,0,-1,0,0,-1,0,1,0,0,0,-1,-1,-1,0,[0|0|0|0],-1,-1,-1,-1,300,-1,-1,-1,1,1,1,1,1,1,1,1,1,-1,-1,-1,-1,-1,0,-1,0,1,0,0,0,0,1,1,1,1,0,0,-1,0,[0|0|0|0],30,0.5,1,[0|0|0|0],-1,0,0,[0|0|0|0|0|0|0|0],-1,-1,-1,-1,-1,[0|0|0|0],-1,-1,-1,[0|0|0|0|0|0|0|0],-1,-1,-1,[0|0|0|0|0|0|0|0],0,0,0,[0|0|0|0],720,-1,200,100,1,1,0,-1,1,0,0,3,82,0,-1,0,20,0,-1,[0|0|0|0],0,0,0,0,0,0,0,0,0,0,0,0,0,0,0,0,0,0,0,0,0,0,0,0,0,0,0,0,0,0,0,0,202,[0|0|0|0|0|0|0|0|0|0|0|0],0,0,0,0,0,0,0,0,0,0,0,0,0,0,-1,0,0,0,0,-1,-1,-1,-1,-1,-1,-1,-1,-1,-1,-1,-1,0,0,-1,0,0,0,0,0,0,0,0,[0|0],10020100,1.5,0,-1,0,0,-1,1,1,1,1,1,1,1,1,0,0,0,0,0,0,0,0,0,0,0,0,0,0,0,0,0,0,0,0,0,0,0,0,0,[0|0],0,0,0,[0|0|0],0,0,0,-1,[0|0|0|0],11,140,0,0,0,-1,-1,-1,-1,-1,-1,-1,-1,-1,-1,0,0,0,0,0,0,0,0,0,-1,[0|0],360,0,0,0,[0|0|0],0,0,0,0,0,-1,-1,-1,-1,-1,-1,[0|0|0|0],0,0,0,0,0,[0|0|0],0,0,0,0,0,0,0,0,0,0,0,0,0,0,0,0,0,0,0,0,0,0,0,0,0,0,0,0,0,0,0,0,0,0,[0|0|0],0,0,0,0,2020,[0|0|0|0],1,0,0,1,0,[0|0|0],0,0,0,0,0,-1,-1,-1,-1,1,0,0,0,0,0,0,0,0,0,0,100,0,0,0,-1,0,0,0,0,0,1,0,0,0,0,0,0,0,0,1,1,0,0,-1,0,-1,0,0,0,0,1,0,0,0,0,0,0,0,0,1,1,0,0,0,0,-1,1,1,8015,0,0,0,0,0,0,1,-1,0,0,1,0,0,0,0,1,0,0,0,0,1,-1,[0|0|0|0|0|0|0|0|0|0|0|0|0|0|0|0|0|0|0|0|0|0|0|0|0|0|0|0]
15020200,MACHINE GUN - DF-MG-02 CHANG-CHEN (Left),0,0,0,[0|0|0],10220,1004010,0,3280,0,0,0,0,0,0,0,0,100,0,0,0,-1,-1,-1,-1,-1,-1,-1,-1,-1,-1,-1,-1,-1,-1,-1,-1,-1,-1,-1,-1,-1,-1,-1,1,1,1,1,0,0,0,1830,0,100,100,0,-1,100,0,0,0,100,0,0,0,0,0,-1,16,0,0,7,3,17,0,0,0,100,0,0,999,0,0,0,0,0,0,0,0,0,0,0,0,0,0,0,0,0,0,0,0,0,0,1,1,0,1,0,0,0,0,0,0,0,0,0,0,1,0,1,0,0,0,0,0,0,0,0,1,0,1,1,1,1,0,0,100,1,1,0,0,-1,-1,-1,-1,-1,-1,-1,-1,-1,-1,-1,-1,-1,-1,-1,-1,-1,-1,-1,-1,-1,-1,-1,-1,0,0,100,0,0,0,0,0,0,0,0,0,0,0,1,1,0,0,0,0,0,0,0,0,0,0,0,0,0,0,0,-1,-1,-1,-1,-1,-1,-1,-1,-1,0,-1,0,0,-1,0,1,0,0,0,-1,-1,-1,0,[0|0|0|0],-1,-1,-1,-1,300,-1,-1,-1,1,1,1,1,1,1,1,1,1,-1,-1,-1,-1,-1,0,-1,0,1,0,0,0,0,1,1,1,1,0,0,-1,0,[0|0|0|0],45,0.5,1,[0|0|0|0],-1,0,0,[0|0|0|0|0|0|0|0],-1,-1,-1,-1,-1,[0|0|0|0],-1,-1,-1,[0|0|0|0|0|0|0|0],-1,-1,-1,[0|0|0|0|0|0|0|0],0,0,0,[0|0|0|0],990,-1,200,100,1,1,0,-1,1,0,0,3,143,0,-1,0,20,0,-1,[0|0|0|0],0,0,0,0,0,0,0,0,0,0,0,0,0,0,0,0,0,0,0,0,0,0,0,0,0,0,0,0,0,0,0,0,202,[0|0|0|0|0|0|0|0|0|0|0|0],0,0,0,0,0,0,0,0,0,0,0,0,0,0,-1,0,0,0,0,-1,-1,-1,-1,-1,-1,-1,-1,-1,-1,-1,-1,0,0,-1,0,1,0,0,0,0,0,0,[0|0],10020200,2.2,0,-1,0,0,-1,1,1,1,1,1,1,1,1,0,0,0,0,0,0,0,0,0,0,0,0,0,0,0,0,0,0,0,0,0,0,0,0,0,[0|0],0,0,0,[0|0|0],0,0,0,-1,[0|0|0|0],12,140,0,0,0,-1,-1,-1,-1,-1,-1,-1,-1,-1,-1,0,0,0,0,0,0,0,0,0,-1,[0|0],360,0,0,0,[0|0|0],0,0,0,0,0,-1,-1,-1,-1,-1,-1,[0|0|0|0],0,0,0,0,0,[0|0|0],0,0,0,0,0,0,0,0,0,0,0,0,0,0,0,0,0,0,0,0,0,0,0,0,0,0,0,0,0,0,0,0,0,0,[0|0|0],0,0,0,0,2020,[0|0|0|0],1,0,1,1,0,[0|0|0],0,0,0,0,0,-1,-1,-1,-1,1,0,0,0,0,0,0,0,0,0,0,100,0,0,0,-1,0,0,0,0,0,1,0,0,0,0,0,0,0,0,1,1,0,0,-1,0,-1,0,0,0,0,1,0,0,0,0,0,0,0,0,1,1,0,0,0,0,-1,1,1,8016,0,0,0,0,0,0,1,-1,0,0,1,0,0,0,0,1,0,0,0,0,1,-1,[0|0|0|0|0|0|0|0|0|0|0|0|0|0|0|0|0|0|0|0|0|0|0|0|0|0|0|0]
15020300,HEAVY MACHINE GUN - WR-0555 ATTACHE (Left),0,0,0,[0|0|0],10230,1004050,0,5110,0,0,0,0,0,0,0,0,100,0,0,0,-1,-1,-1,-1,-1,-1,-1,-1,-1,-1,-1,-1,-1,-1,-1,-1,-1,-1,-1,-1,-1,-1,-1,1,1,1,1,0,0,0,1840,0,100,100,0,-1,100,0,0,0,100,0,0,0,0,0,-1,16,0,0,7,3,17,0,0,0,100,0,0,224,0,0,0,0,0,0,0,0,0,0,0,0,0,0,0,0,0,0,0,0,0,0,1,1,0,1,0,0,0,0,0,0,0,0,0,0,1,0,1,0,0,0,0,0,0,0,0,1,0,1,1,1,1,0,0,100,1,1,0,0,-1,-1,-1,-1,-1,-1,-1,-1,-1,-1,-1,-1,-1,-1,-1,-1,-1,-1,-1,-1,-1,-1,-1,-1,0,0,100,0,0,0,0,0,0,0,0,0,0,0,1,1,0,0,0,0,0,0,0,0,0,0,0,0,0,0,0,-1,-1,-1,-1,-1,-1,-1,-1,-1,0,-1,0,0,-1,0,1,0,0,0,-1,-1,-1,0,[0|0|0|0],-1,-1,-1,-1,300,-1,-1,-1,1,1,1,1,1,1,1,1,1,-1,-1,-1,-1,-1,0,-1,0,1,0,0,0,0,1,1,1,1,0,0,-1,0,[0|0|0|0],40,0.5,1,[0|0|0|0],-1,0,0,[0|0|0|0|0|0|0|0],-1,-1,-1,-1,-1,[0|0|0|0],-1,-1,-1,[0|0|0|0|0|0|0|0],-1,-1,-1,[0|0|0|0|0|0|0|0],0,0,0,[0|0|0|0],920,-1,200,100,1,1,0,-1,1,0,0,3,303,0,-1,0,40,0,-1,[0|0|0|0],0,0,0,0,0,0,0,0,0,0,0,0,0,0,0,0,0,0,0,0,0,0,0,0,0,0,0,0,0,0,0,0,201,[0|0|0|0|0|0|0|0|0|0|0|0],0,0,0,0,0,0,0,0,0,0,0,0,0,0,-1,0,0,0,0,-1,-1,-1,-1,-1,-1,-1,-1,-1,-1,-1,-1,0,0,-1,0,0,0,0,0,0,0,0,[0|0],10020300,2.1,0,-1,0,0,-1,1,1,1,1,1,1,1,1,0,0,0,0,0,0,0,0,0,0,0,0,0,0,0,0,0,0,0,0,0,0,0,0,0,[0|0],0,0,0,[0|0|0],0,0,0,-1,[0|0|0|0],6,155,0,0,0,-1,-1,-1,-1,-1,-1,-1,-1,-1,-1,0,0,0,0,0,0,0,0,0,-1,[0|0],360,0,0,0,[0|0|0],0,0,0,0,0,-1,-1,-1,-1,-1,-1,[0|0|0|0],0,0,0,0,0,[0|0|0],0,0,0,0,0,0,0,0,0,0,0,0,0,0,0,0,0,0,0,0,0,0,0,0,0,0,0,0,0,0,0,0,0,0,[0|0|0],0,0,0,0,2020,[0|0|0|0],1,0,1,1,0,[0|0|0],0,0,0,0,0,-1,-1,-1,-1,1,0,0,0,0,0,0,0,0,0,0,100,0,0,0,-1,0,0,0,0,0,1,0,0,0,0,0,0,0,0,1,1,0,0,-1,0,-1,0,0,0,0,1,0,0,0,0,0,0,0,0,1,1,0,0,0,0,-1,1,1,8045,0,0,0,0,0,0,1,-1,0,0,1,0,0,0,0,1,0,0,0,0,1,-1,[0|0|0|0|0|0|0|0|0|0|0|0|0|0|0|0|0|0|0|0|0|0|0|0|0|0|0|0]
15020500,HEAVY MACHINE GUN - MG-016 THOMSON (Left),0,0,0,[0|0|0],10250,1004050,0,6450,0,0,0,0,0,0,0,0,100,0,0,0,-1,-1,-1,-1,-1,-1,-1,-1,-1,-1,-1,-1,-1,-1,-1,-1,-1,-1,-1,-1,-1,-1,-1,1,1,1,1,0,0,0,1845,0,100,100,0,-1,100,0,0,0,100,0,0,0,0,0,-1,16,0,0,7,3,17,0,0,0,100,0,0,224,0,0,0,0,0,0,0,0,0,0,0,0,0,0,0,0,0,0,0,0,0,0,1,1,0,1,0,0,0,0,0,0,0,0,0,0,1,0,1,0,0,0,0,0,0,0,0,1,0,1,1,1,1,0,0,100,1,1,0,0,-1,-1,-1,-1,-1,-1,-1,-1,-1,-1,-1,-1,-1,-1,-1,-1,-1,-1,-1,-1,-1,-1,-1,-1,0,0,100,0,0,0,0,0,0,0,0,0,0,0,1,1,0,0,0,0,0,0,0,0,0,0,0,0,0,0,0,-1,-1,-1,-1,-1,-1,-1,-1,-1,0,-1,0,0,-1,0,1,0,0,0,-1,-1,-1,0,[0|0|0|0],-1,-1,-1,-1,300,-1,-1,-1,1,1,1,1,1,1,1,1,1,-1,-1,-1,-1,-1,0,-1,0,1,0,0,0,0,1,1,1,1,0,0,-1,0,[0|0|0|0],50,0.4,1,[0|0|0|0],-1,0,0,[0|0|0|0|0|0|0|0],-1,-1,-1,-1,-1,[0|0|0|0],-1,-1,-1,[0|0|0|0|0|0|0|0],-1,-1,-1,[0|0|0|0|0|0|0|0],0,0,0,[0|0|0|0],750,-1,200,100,1,1,0,-1,1,0,0,3,214,0,-1,0,50,0,-1,[0|0|0|0],0,0,0,0,0,0,0,0,0,0,0,0,0,0,0,0,0,0,0,0,0,0,0,0,0,0,0,0,0,0,0,0,202,[0|0|0|0|0|0|0|0|0|0|0|0],0,0,0,0,0,0,0,0,0,0,0,0,0,0,-1,0,0,0,0,-1,-1,-1,-1,-1,-1,-1,-1,-1,-1,-1,-1,0,0,-1,0,0,0,0,0,0,0,0,[0|0],10020300,4.2,0,-1,0,0,-1,1,1,1,1,1,1,1,1,0,0,0,0,0,0,0,0,0,0,0,0,0,0,0,0,0,0,0,0,0,0,0,0,0,[0|0],0,0,0,[0|0|0],0,0,0,-1,[0|0|0|0],6,155,0,0,0,-1,-1,-1,-1,-1,-1,-1,-1,-1,-1,0,0,0,0,0,0,0,0,0,-1,[0|0],360,0,0,0,[0|0|0],0,0,0,0,0,-1,-1,-1,-1,-1,-1,[0|0|0|0],0,0,0,0,0,[0|0|0],0,0,0,0,0,0,0,0,0,0,0,0,0,0,0,0,0,0,0,0,0,0,0,0,0,0,0,0,0,0,0,0,0,0,[0|0|0],0,0,0,0,2020,[0|0|0|0],1,0,1,1,0,[0|0|0],0,0,0,0,0,-1,-1,-1,-1,1,0,0,0,0,0,0,0,0,0,0,100,0,0,0,-1,0,0,0,0,0,1,0,0,0,0,0,0,0,0,1,1,0,0,-1,0,-1,0,0,0,0,1,0,0,0,0,0,0,0,0,1,1,0,0,0,0,-1,1,1,8045,0,0,0,0,0,0,1,-1,0,0,1,0,0,0,0,1,0,0,0,0,1,-1,[0|0|0|0|0|0|0|0|0|0|0|0|0|0|0|0|0|0|0|0|0|0|0|0|0|0|0|0]
15020400,LASER MACHINE GUN - VP-66LM (Left),0,0,0,[0|0|0],10240,1004000,0,2090,0,0,0,0,0,0,0,0,100,0,0,0,-1,-1,-1,-1,-1,-1,-1,-1,-1,-1,-1,-1,-1,-1,-1,-1,-1,-1,-1,-1,-1,-1,-1,1,1,1,1,0,0,0,1850,0,100,100,0,-1,0,100,0,0,100,0,0,0,0,0,-1,16,0,0,7,3,17,0,0,0,100,0,0,999,0,0,0,0,0,0,0,0,0,0,0,0,0,0,0,0,0,0,0,0,0,0,1,1,0,1,0,0,0,0,0,0,0,0,0,0,1,0,1,0,0,0,0,0,0,0,0,1,0,1,1,1,1,0,0,100,1,1,0,0,-1,-1,-1,-1,-1,-1,-1,-1,-1,-1,-1,-1,-1,-1,-1,-1,-1,-1,-1,-1,-1,-1,-1,-1,0,0,100,0,0,0,0,0,0,0,0,0,0,0,1,1,0,0,0,0,0,0,0,0,0,0,0,0,0,0,0,-1,-1,-1,-1,-1,-1,-1,-1,-1,0,-1,0,0,-1,0,1,0,0,0,-1,-1,-1,0,[0|0|0|0],-1,-1,-1,-1,300,-1,-1,-1,1,1,1,1,1,1,1,1,1,-1,-1,-1,-1,-1,0,-1,0,1,0,0,0,0,1,1,1,1,0,0,-1,0,[0|0|0|0],-1,0.5,1,[0|0|0|0],-1,0,0,[0|0|0|0|0|0|0|0],-1,-1,-1,-1,-1,[0|0|0|0],-1,-1,-1,[0|0|0|0|0|0|0|0],-1,-1,-1,[0|0|0|0|0|0|0|0],0,0,0,[0|0|0|0],1100,-1,200,100,1,1,0,-1,1,0,0,3,515,0,-1,0,40,0,-1,[0|0|0|0],0,0,0,0,0,0,0,0,0,0,0,0,0,0,0,0,0,0,0,0,0,0,0,0,0,0,0,0,0,0,0,0,202,[0|0|0|0|0|0|0|0|0|0|0|0],0,0,0,0,0,0,0,0,0,0,0,0,0,0,-1,0,0,0,0,-1,-1,-1,-1,-1,-1,-1,-1,-1,-1,-1,-1,0,0,-1,0,0,0,0,0,0,0,0,[0|0],10020100,0,0,-1,0,0,-1,1,1,1,1,1,1,1,1,0,0,0,0,0,0,0,0,0,0,0,0,0,0,0,0,0,0,0,0,0,0,0,0,0,[0|0],0,0,0,[0|0|0],0,1,0,-1,[0|0|0|0],7,141,0,0,0,-1,-1,-1,-1,-1,-1,-1,-1,-1,-1,0,0,0,0,0,0,0,0,0,-1,[0|0],360,0,0,0,[0|0|0],0,0,0,0,0,-1,-1,-1,-1,-1,-1,[0|0|0|0],0,0,0,0,0,[0|0|0],0,0,0,0,0,0,0,0,0,0,0,0,0,0,0,0,0,0,0,0,0,0,0,0,0,0,0,0,0,0,0,0,0,0,[0|0|0],0,0,0,0,2020,[0|0|0|0],1,0,0,1,0,[0|0|0],0,0,0,0,0,-1,-1,-1,-1,1,0,0,0,0,0,0,0,0,0,400,104,0.5,1.3,0,-1,0,0,0,0,0,1,0,0,0,0,0,0,0,0,1,1,0,0,-1,0,-1,0,0,0,0,1,0,0,0,0,0,0,0,0,1,1,0,0,0,0,-1,1,1,8015,0,0,0,0,0,0,1,-1,0,0,1,0,0,0,0,1,0,0,0,0,1,-1,[0|0|0|0|0|0|0|0|0|0|0|0|0|0|0|0|0|0|0|0|0|0|0|0|0|0|0|0]
15030000,GATLING GUN - DF-GA-08 HU-BEN (Left),0,0,0,[0|0|0],10300,1006000,0,5800,0,0,0,0,0,0,0,0,100,0,0,0,-1,-1,-1,-1,-1,-1,-1,-1,-1,-1,-1,-1,-1,-1,-1,-1,-1,-1,-1,-1,-1,-1,-1,1,1,1,1,0,0,0,1910,0,100,100,0,-1,100,0,0,0,100,0,0,0,0,0,-1,16,0,0,7,3,17,0,0,0,100,0,0,999,0,0,0,0,0,0,0,0,0,0,0,0,0,0,0,0,0,0,0,0,0,0,1,1,0,1,0,0,0,0,0,0,0,0,0,0,1,0,1,0,0,0,0,0,0,0,0,1,0,1,1,1,1,0,0,100,1,1,0,0,-1,-1,-1,-1,-1,-1,-1,-1,-1,-1,-1,-1,-1,-1,-1,-1,-1,-1,-1,-1,-1,-1,-1,-1,0,0,100,0,0,0,0,0,0,0,0,0,0,0,1,1,0,0,0,0,0,0,0,0,0,0,0,0,0,0,0,-1,-1,-1,-1,-1,-1,-1,-1,-1,0,-1,0,0,-1,0,1,0,0,0,-1,-1,-1,0,[0|0|0|0],-1,-1,-1,-1,300,-1,-1,-1,1,1,1,1,1,1,1,1,1,-1,-1,-1,-1,-1,0,-1,0,1,0,0,0,0,1,1,1,1,0,0,-1,0,[0|0|0|0],-1,0.5,1,[0|0|0|0],-1,0,0,[0|0|0|0|0|0|0|0],-1,-1,-1,-1,-1,[0|0|0|0],-1,-1,-1,[0|0|0|0|0|0|0|0],-1,-1,-1,[0|0|0|0|0|0|0|0],0,0,0,[0|0|0|0],1300,-1,200,100,1,1,0,-1,1,0,0,3,425,0,-1,0,30,0,-1,[0|0|0|0],0,0,0,0,0,0,0,0,0,0,0,0,0,0,0,0,0,0,0,0,0,0,0,0,0,0,0,0,0,0,0,0,203,[0|0|0|0|0|0|0|0|0|0|0|0],0,0,0,0,0,0,0,0,0,0,0,0,0,0,-1,0,0,0,0,-1,-1,-1,-1,-1,-1,-1,-1,-1,-1,-1,-1,0,0,-1,0,1,0,0,0,0,0,0,[0|0],10030000,0,0,-1,0,0,-1,1,1,1,1,1,1,1,1,0,0,0,0,0,0,0,0,0,0,0,0,0,0,0,0,0,0,0,0,0,0,0,0,0,[0|0],0,0,0,[0|0|0],0,0,0,-1,[0|0|0|0],12,160,0,0,0,-1,-1,-1,-1,-1,-1,-1,-1,-1,-1,0,0,0,0,0,0,0,0,0,-1,[0|0],360,0,0,0,[0|0|0],0,0,0,0,0,-1,-1,-1,-1,-1,-1,[0|0|0|0],0,0,0,0,0,[0|0|0],0,0,0,0,0,0,0,0,0,0,0,0,0,0,0,0,0,0,0,0,0,0,0,0,0,0,0,0,0,0,0,0,0,0,[0|0|0],0,0,0,0,2030,[0|0|0|0],1,0,1,1,0,[0|0|0],0,0,0,0,0,-1,-1,-1,-1,1,0,0,0,0,0,0,0,0,0,220,85,1,1.3,0,-1,0,0,0,0,0,1,0,0,0,0,0,0,0,0,1,1,0,0,-1,0,-1,0,0,0,0,1,0,0,0,0,0,0,0,0,1,1,0,0,0,0,-1,1,1,8017,0,0,0,0,0,0,1,-1,0,0,1,0,0,0,0,1,0,0,0,0,1,-1,[0|0|0|0|0|0|0|0|0|0|0|0|0|0|0|0|0|0|0|0|0|0|0|0|0|0|0|0]
15030100,SIMPLE GATLING GUN - DF-SC-01 HAI-DAN (Left),0,0,0,[0|0|0],10301,1006000,0,4800,0,0,0,0,0,0,0,0,100,0,0,0,-1,-1,-1,-1,-1,-1,-1,-1,-1,-1,-1,-1,-1,-1,-1,-1,-1,-1,-1,-1,-1,-1,-1,1,1,1,1,0,0,0,1911,0,100,100,0,-1,100,0,0,0,100,0,0,0,0,0,-1,16,0,0,7,3,17,0,0,0,100,0,0,999,0,0,0,0,0,0,0,0,0,0,0,0,0,0,0,0,0,0,0,0,0,0,1,1,0,1,0,0,0,0,0,0,0,0,0,0,1,0,1,0,0,0,0,0,0,0,0,1,0,1,1,1,1,0,0,100,1,1,0,0,-1,-1,-1,-1,-1,-1,-1,-1,-1,-1,-1,-1,-1,-1,-1,-1,-1,-1,-1,-1,-1,-1,-1,-1,0,0,100,0,0,0,0,0,0,0,0,0,0,0,1,1,0,0,0,0,0,0,0,0,0,0,0,0,0,0,0,-1,-1,-1,-1,-1,-1,-1,-1,-1,0,-1,0,0,-1,0,1,0,0,0,-1,-1,-1,0,[0|0|0|0],-1,-1,-1,-1,300,-1,-1,-1,1,1,1,1,1,1,1,1,1,-1,-1,-1,-1,-1,0,-1,0,1,0,0,0,0,1,1,1,1,0,0,-1,0,[0|0|0|0],-1,0.5,1,[0|0|0|0],-1,0,0,[0|0|0|0|0|0|0|0],-1,-1,-1,-1,-1,[0|0|0|0],-1,-1,-1,[0|0|0|0|0|0|0|0],-1,-1,-1,[0|0|0|0|0|0|0|0],0,0,0,[0|0|0|0],980,-1,200,100,1,1,0,-1,1,0,0,3,393,0,-1,0,25,0,-1,[0|0|0|0],0,0,0,0,0,0,0,0,0,0,0,0,0,0,0,0,0,0,0,0,0,0,0,0,0,0,0,0,0,0,0,0,203,[0|0|0|0|0|0|0|0|0|0|0|0],0,0,0,0,0,0,0,0,0,0,0,0,0,0,-1,0,0,0,0,-1,-1,-1,-1,-1,-1,-1,-1,-1,-1,-1,-1,0,0,-1,0,1,0,0,0,0,0,0,[0|0],10030000,0,0,-1,0,0,-1,1,1,1,1,1,1,1,1,0,0,0,0,0,0,0,0,0,0,0,0,0,0,0,0,0,0,0,0,0,0,0,0,0,[0|0],0,0,0,[0|0|0],0,0,0,-1,[0|0|0|0],12,163,0,0,0,-1,-1,-1,-1,-1,-1,-1,-1,-1,-1,0,0,0,0,0,0,0,0,0,-1,[0|0],360,0,0,0,[0|0|0],0,0,0,0,0,-1,-1,-1,-1,-1,-1,[0|0|0|0],0,0,0,0,0,[0|0|0],0,0,0,0,0,0,0,0,0,0,0,0,0,0,0,0,0,0,0,0,0,0,0,0,0,0,0,0,0,0,0,0,0,0,[0|0|0],0,0,0,0,2030,[0|0|0|0],1,0,1,1,0,[0|0|0],0,0,0,0,0,-1,-1,-1,-1,1,0,0,0,0,0,0,0,0,0,550,88,0.4,0.8,0,-1,0,0,0,0,0,1,0,0,0,0,0,0,0,0,1,1,0,0,-1,0,-1,0,0,0,0,1,0,0,0,0,0,0,0,0,1,1,0,0,0,0,-1,1,1,8017,0,0,0,0,0,0,1,-1,0,0,1,0,0,0,0,1,0,0,0,0,1,-1,[0|0|0|0|0|0|0|0|0|0|0|0|0|0|0|0|0|0|0|0|0|0|0|0|0|0|0|0]
15030300,DIFFUSION GATLING GUN - GX-68 LAMENTATION (Left),0,0,0,[0|0|0],10330,1006000,0,7340,0,0,0,0,0,0,0,0,100,0,0,0,-1,-1,-1,-1,-1,-1,-1,-1,-1,-1,-1,-1,-1,-1,-1,-1,-1,-1,-1,-1,-1,-1,-1,1,1,1,1,0,0,0,1915,0,100,100,0,-1,100,0,0,0,100,0,0,0,0,0,-1,16,0,0,7,3,17,0,0,0,100,0,0,999,0,0,0,0,0,0,0,0,0,0,0,0,0,0,0,0,0,0,0,0,0,0,1,1,0,1,0,0,0,0,0,0,0,0,0,0,1,0,1,0,0,0,0,0,0,0,0,1,0,1,1,1,1,0,0,100,1,1,0,0,-1,-1,-1,-1,-1,-1,-1,-1,-1,-1,-1,-1,-1,-1,-1,-1,-1,-1,-1,-1,-1,-1,-1,-1,0,0,100,0,0,0,0,0,0,0,0,0,0,0,1,1,0,0,0,0,0,0,0,0,0,0,0,0,0,0,0,-1,-1,-1,-1,-1,-1,-1,-1,-1,0,-1,0,0,-1,0,1,0,0,0,-1,-1,-1,0,[0|0|0|0],-1,-1,-1,-1,300,-1,-1,-1,1,1,1,1,1,1,1,1,1,-1,-1,-1,-1,-1,0,-1,0,1,0,0,0,0,1,1,1,1,0,0,-1,0,[0|0|0|0],-1,0.5,1,[0|0|0|0],-1,0,0,[0|0|0|0|0|0|0|0],-1,-1,-1,-1,-1,[0|0|0|0],-1,-1,-1,[0|0|0|0|0|0|0|0],-1,-1,-1,[0|0|0|0|0|0|0|0],0,0,0,[0|0|0|0],3960,-1,200,100,1,1,0,-1,1,0,0,3,602,0,-1,0,15,0,-1,[0|0|0|0],0,0,0,0,0,0,0,0,0,0,0,0,0,0,0,0,0,0,0,0,0,0,0,0,0,0,0,0,0,0,0,0,203,[0|0|0|0|0|0|0|0|0|0|0|0],0,0,0,0,0,0,0,0,0,0,0,0,0,0,-1,0,0,0,0,-1,-1,-1,-1,-1,-1,-1,-1,-1,-1,-1,-1,0,0,-1,0,1,0,0,0,0,0,0,[0|0],10030000,0,0,-1,0,0,-1,1,1,1,1,1,1,1,1,0,0,0,0,0,0,0,0,0,0,0,0,0,0,0,0,0,0,0,0,0,0,0,0,0,[0|0],0,0,0,[0|0|0],0,0,0,-1,[0|0|0|0],10,164,0,0,0,-1,-1,-1,-1,-1,-1,-1,-1,-1,-1,0,0,0,0,0,0,0,0,0,-1,[0|0],360,0,0,0,[0|0|0],0,0,0,0,0,-1,-1,-1,-1,-1,-1,[0|0|0|0],0,0,0,0,0,[0|0|0],0,0,0,0,0,0,0,0,0,0,0,0,0,0,0,0,0,0,0,0,0,0,0,0,0,0,0,0,0,0,0,0,0,0,[0|0|0],0,0,0,0,2030,[0|0|0|0],1,0,1,1,0,[0|0|0],0,0,0,0,0,-1,-1,-1,-1,1,0,0,0,0,0,0,0,0,0,233,80,1.3,2,0,-1,0,0,1,0,0,1,0,0,0,0,0,0,0,0,1,1,0,0,-1,0,-1,0,0,0,0,1,0,0,0,0,0,0,0,0,1,1,0,0,0,0,-1,1,1,8017,0,0,0,0,0,0,1,-1,0,0,1,0,0,0,0,1,0,0,0,0,1,-1,[0|0|0|0|0|0|0|0|0|0|0|0|0|0|0|0|0|0|0|0|0|0|0|0|0|0|0|0]
15031000,BURST GATLING GUN - MA-G-102 MADO (Left),0,0,0,[0|0|0],10310,1006000,0,5500,0,0,0,0,0,0,0,0,100,0,0,0,-1,-1,-1,-1,-1,-1,-1,-1,-1,-1,-1,-1,-1,-1,-1,-1,-1,-1,-1,-1,-1,-1,-1,1,1,1,1,0,0,0,1930,0,100,100,0,-1,100,0,0,0,100,0,0,0,0,0,-1,16,0,0,7,3,17,0,0,0,100,0,0,999,0,0,0,0,0,0,0,0,0,0,0,0,0,0,0,0,0,0,0,0,0,0,1,1,0,1,0,0,0,0,0,0,0,0,0,0,1,0,1,0,0,0,0,0,0,0,0,1,0,1,1,1,1,0,0,100,1,1,0,0,-1,-1,-1,-1,-1,-1,-1,-1,-1,-1,-1,-1,-1,-1,-1,-1,-1,-1,-1,-1,-1,-1,-1,-1,0,0,100,0,0,0,0,0,0,0,0,0,0,0,1,1,0,0,0,0,0,0,0,0,0,0,0,0,0,0,0,-1,-1,-1,-1,-1,-1,-1,-1,-1,0,-1,0,0,-1,0,1,0,0,0,-1,-1,-1,0,[0|0|0|0],-1,-1,-1,-1,300,-1,-1,-1,1,1,1,1,1,1,1,1,1,-1,-1,-1,-1,-1,0,-1,0,1,0,0,0,0,1,1,1,1,0,0,-1,0,[0|0|0|0],-1,0.5,1,[0|0|0|0],-1,0,0,[0|0|0|0|0|0|0|0],-1,-1,-1,-1,-1,[0|0|0|0],-1,-1,-1,[0|0|0|0|0|0|0|0],-1,-1,-1,[0|0|0|0|0|0|0|0],0,0,0,[0|0|0|0],1250,-1,200,100,1,1,0,-1,1,0,0,3,444,0,-1,0,25,0,-1,[0|0|0|0],0,0,0,0,0,0,0,0,0,0,0,0,0,0,0,0,0,0,0,0,0,0,0,0,0,0,0,0,0,0,0,0,203,[0|0|0|0|0|0|0|0|0|0|0|0],0,0,0,0,0,0,0,0,0,0,0,0,0,0,-1,0,0,0,0,-1,-1,-1,-1,-1,-1,-1,-1,-1,-1,-1,-1,0,0,-1,0,1,0,0,0,0,0,0,[0|0],10030000,0,0,-1,0,0,-1,1,1,1,1,1,1,1,1,0,0,0,0,0,0,0,0,0,0,0,0,0,0,0,0,0,0,0,0,0,0,0,0,0,[0|0],0,0,0,[0|0|0],0,0,0,-1,[0|0|0|0],15,161,0,0,0,-1,-1,-1,-1,-1,-1,-1,-1,-1,-1,0,0,0,0,0,0,0,0,0,-1,[0|0],360,0,0,0,[0|0|0],0,0,0,0,0,-1,-1,-1,-1,-1,-1,[0|0|0|0],0,0,0,0,0,[0|0|0],0,0,0,0,0,0,0,0,0,0,0,0,0,0,0,0,0,0,0,0,0,0,0,0,0,0,0,0,0,0,0,0,0,0,[0|0|0],0,0,0,0,2030,[0|0|0|0],1,0,1,1,0,[0|0|0],0,0,0,0,0,-1,-1,-1,-1,1,0,0,0,0,0,0,0,0,0,240,88,1.1,1.3,0,-1,0,0,2,0,0,1,0,0,0,0,0,0,0,0,1,1,0,0,-1,0,-1,0,0,0,0,1,0,0,0,0,0,0,0,0,1,1,0,0,0,0,-1,1,1,8017,0,0,0,0,0,0,1,-1,0,0,1,0,0,0,0,1,0,0,0,0,1,-1,[0|0|0|0|0|0|0|0|0|0|0|0|0|0|0|0|0|0|0|0|0|0|0|0|0|0|0|0]
15032000,STANCE GUN - GX-61 REVELATION (Left),0,0,0,[0|0|0],10320,2000010,0,10120,0,0,0,0,0,0,0,0,100,0,0,0,-1,-1,-1,-1,-1,-1,-1,-1,-1,-1,-1,-1,-1,-1,-1,-1,-1,-1,-1,-1,-1,-1,-1,1,1,1,1,0,0,0,1990,0,100,100,0,-1,100,0,0,0,100,0,0,0,0,0,-1,16,0,0,7,3,17,0,0,0,100,0,0,999,0,0,0,0,0,0,0,0,0,0,0,0,0,0,0,0,0,0,0,0,0,0,1,1,0,1,0,0,0,0,0,0,0,0,0,0,1,0,1,0,0,0,0,0,0,0,0,1,0,1,1,1,1,0,0,100,1,1,0,0,-1,-1,-1,-1,-1,-1,-1,-1,-1,-1,-1,-1,-1,-1,-1,-1,-1,-1,-1,-1,-1,-1,-1,-1,0,0,100,0,0,0,0,0,0,0,0,0,0,0,1,1,0,0,0,0,0,0,0,0,0,0,0,0,0,0,0,-1,-1,-1,-1,-1,-1,-1,-1,-1,0,-1,0,0,-1,0,1,0,0,0,-1,-1,-1,0,[0|0|0|0],-1,-1,-1,-1,300,-1,-1,-1,1,1,1,1,1,1,1,1,1,-1,-1,-1,-1,-1,0,-1,0,1,0,0,0,0,1,1,1,1,0,0,-1,0,[0|0|0|0],-1,0.5,1,[0|0|0|0],-1,0,0,[0|0|0|0|0|0|0|0],-1,-1,-1,-1,-1,[0|0|0|0],-1,-1,-1,[0|0|0|0|0|0|0|0],-1,-1,-1,[0|0|0|0|0|0|0|0],0,0,0,[0|0|0|0],1300,-1,200,100,1,1,0,-1,1,0,0,3,555,0,-1,0,30,0,-1,[0|0|0|0],0,0,0,0,0,0,0,0,0,0,0,0,0,0,0,0,0,0,0,0,0,0,0,0,0,0,0,0,0,0,0,0,206,[0|0|0|0|0|0|0|0|0|0|0|0],0,0,0,0,0,0,0,0,0,0,0,0,0,0,-1,0,0,0,0,-1,-1,-1,-1,-1,-1,-1,-1,-1,-1,-1,-1,0,0,-1,0,1,0,0,0,0,0,0,[0|0],10060001,0,0,-1,0,0,-1,1,1,1,1,1,1,1,1,0,0,0,0,0,0,0,0,0,0,0,0,0,0,0,0,0,0,0,0,0,0,0,0,0,[0|0],0,0,0,[0|0|0],0,0,0,-1,[0|0|0|0],10,162,0,0,0,-1,-1,-1,-1,-1,-1,-1,-1,-1,-1,0,0,0,0,0,0,0,0,0,-1,[0|0],360,0,0,0,[0|0|0],0,0,0,0,0,-1,-1,-1,-1,-1,-1,[0|0|0|0],0,0,0,0,0,[0|0|0],0,0,0,0,0,0,0,0,0,0,0,0,0,0,0,0,0,0,0,0,0,0,0,0,0,0,0,0,0,0,0,0,0,0,[0|0|0],0,0,0,0,2030,[0|0|0|0],1,0,1,0,0,[0|0|0],0,0,0,0,0,-1,-1,-1,-1,1,0,0,0,0,0,0,0,0,0,82,120,1,1.3,0,-1,0,0,0,0,0,1,0,0,0,0,0,0,0,0,1,1,0,0,-1,0,-1,0,0,0,0,1,0,0,0,0,0,0,0,0,1,1,0,0,0,0,-1,1,1,8017,0,0,0,0,0,0,1,-1,0,0,1,0,0,0,0,1,0,0,0,0,1,-1,[0|0|0|0|0|0|0|0|0|0|0|0|0|0|0|0|0|0|0|0|0|0|0|0|0|0|0|0]
15040000,BAZOOKA - LITTLE GEM (Left),0,0,0,[0|0|0],10400,1012020,0,2940,0,0,0,0,0,0,0,0,100,0,0,0,-1,-1,-1,-1,-1,-1,-1,-1,-1,-1,-1,-1,-1,-1,-1,-1,-1,-1,-1,-1,-1,-1,-1,1,1,1,1,0,0,0,1410,0,100,100,0,-1,0,0,100,0,100,0,0,0,0,0,-1,16,0,0,7,0,18,0,0,0,100,0,0,999,0,0,0,0,0,0,0,0,0,0,0,0,0,0,0,0,0,0,0,0,0,0,1,1,0,1,0,0,0,0,0,0,0,0,0,0,1,0,1,0,0,0,0,0,0,0,0,1,0,1,1,1,1,0,0,100,1,1,0,0,-1,-1,-1,-1,-1,-1,-1,-1,-1,-1,-1,-1,-1,-1,-1,-1,-1,-1,-1,-1,-1,-1,-1,-1,0,0,100,0,0,0,0,0,0,0,0,0,0,0,1,1,0,0,0,0,0,0,0,0,0,0,0,0,0,0,0,-1,-1,-1,-1,-1,-1,-1,-1,-1,0,-1,0,0,-1,0,1,0,0,0,-1,-1,-1,0,[0|0|0|0],-1,-1,-1,-1,200,-1,-1,-1,1,1,1,1,1,1,1,1,1,-1,-1,-1,-1,-1,0,-1,0,1,0,0,0,0,1,1,1,1,0,0,-1,0,[0|0|0|0],1,0.5,1,[0|0|0|0],-1,0,0,[0|0|0|0|0|0|0|0],-1,-1,-1,-1,-1,[0|0|0|0],-1,-1,-1,[0|0|0|0|0|0|0|0],-1,-1,-1,[0|0|0|0|0|0|0|0],0,0,0,[0|0|0|0],36,-1,200,100,1,1,0,-1,1,0,0,4,169,0,-1,0,450,0,-1,[0|0|0|0],0,0,0,0,0,0,0,0,0,0,0,0,0,0,0,0,0,0,0,0,0,0,0,0,0,0,0,0,0,0,0,0,204,[0|0|0|0|0|0|0|0|0|0|0|0],0,0,0,0,0,0,0,0,0,0,0,0,0,0,-1,0,0,0,0,-1,-1,-1,-1,-1,-1,-1,-1,-1,-1,-1,-1,0,0,-1,0,0,0,0,0,0,0,0,[0|0],10040000,3.2,0,-1,0,0,-1,1,1,1,1,1,1,1,1,0,0,0,0,0,0,0,0,0,0,0,0,0,0,0,0,0,0,0,0,0,0,0,0,0,[0|0],0,0,0,[0|0|0],0,0,0,-1,[0|0|0|0],18,230,0,0,0,-1,-1,-1,-1,-1,-1,-1,-1,-1,-1,0,0,0,0,0,0,0,0,0,-1,[0|0],360,0,0,0,[0|0|0],0,0,0,0,0,-1,-1,-1,-1,-1,-1,[0|0|0|0],0,0,0,0,0,[0|0|0],0,0,0,0,0,0,0,0,0,0,0,0,0,0,0,0,0,0,0,0,0,0,0,0,0,0,0,0,0,0,0,0,0,0,[0|0|0],0,0,0,0,2040,[0|0|0|0],1,0,0,0,0,[0|0|0],0,0,0,0,0,-1,-1,-1,-1,1,0,0,0,0,0,0,0,0,0,0,100,0,0,0,-1,0,4,0,4,0,1,4,4,4,4,0,4,1,1,1,1,0,0,-1,0,-1,0,0,0,0,1,0,0,0,0,0,0,0,0,1,1,0,0,0,0,-1,1,1,8002,0,0,0,0,0,0,1,-1,0,0,1,0,0,0,0,1,0,0,0,0,1,-1,[0|0|0|0|0|0|0|0|0|0|0|0|0|0|0|0|0|0|0|0|0|0|0|0|0|0|0|0]
15040100,BAZOOKA - MAJESTIC (Left),0,0,0,[0|0|0],10410,1012010,0,4660,0,0,0,0,0,0,0,0,100,0,0,0,-1,-1,-1,-1,-1,-1,-1,-1,-1,-1,-1,-1,-1,-1,-1,-1,-1,-1,-1,-1,-1,-1,-1,1,1,1,1,0,0,0,1420,0,100,100,0,-1,0,0,100,0,100,0,0,0,0,0,-1,16,0,0,7,3,18,0,0,0,100,0,0,999,0,0,0,0,0,0,0,0,0,0,0,0,0,0,0,0,0,0,0,0,0,0,1,1,0,1,0,0,0,0,0,0,0,0,0,0,1,0,1,0,0,0,0,0,0,0,0,1,0,1,1,1,1,0,0,100,1,1,0,0,-1,-1,-1,-1,-1,-1,-1,-1,-1,-1,-1,-1,-1,-1,-1,-1,-1,-1,-1,-1,-1,-1,-1,-1,0,0,100,0,0,0,0,0,0,0,0,0,0,0,1,1,0,0,0,0,0,0,0,0,0,0,0,0,0,0,0,-1,-1,-1,-1,-1,-1,-1,-1,-1,0,-1,0,0,-1,0,1,0,0,0,-1,-1,-1,0,[0|0|0|0],-1,-1,-1,-1,200,-1,-1,-1,1,1,1,1,1,1,1,1,1,-1,-1,-1,-1,-1,0,-1,0,1,0,0,0,0,1,1,1,1,0,0,-1,0,[0|0|0|0],1,0.5,1,[0|0|0|0],-1,0,0,[0|0|0|0|0|0|0|0],-1,-1,-1,-1,-1,[0|0|0|0],-1,-1,-1,[0|0|0|0|0|0|0|0],-1,-1,-1,[0|0|0|0|0|0|0|0],0,0,0,[0|0|0|0],52,-1,200,100,1,1,0,-1,1,0,0,4,178,0,-1,0,600,0,-1,[0|0|0|0],0,0,0,0,0,0,0,0,0,0,0,0,0,0,0,0,0,0,0,0,0,0,0,0,0,0,0,0,0,0,0,0,204,[0|0|0|0|0|0|0|0|0|0|0|0],0,0,0,0,0,0,0,0,0,0,0,0,0,0,-1,0,0,0,0,-1,-1,-1,-1,-1,-1,-1,-1,-1,-1,-1,-1,0,0,-1,0,0,0,0,0,0,0,0,[0|0],10040100,4.2,0,-1,0,0,-1,1,1,1,1,1,1,1,1,0,0,0,0,0,0,0,0,0,0,0,0,0,0,0,0,0,0,0,0,0,0,0,0,0,[0|0],0,0,0,[0|0|0],0,0,0,-1,[0|0|0|0],18,230,0,0,0,-1,-1,-1,-1,-1,-1,-1,-1,-1,-1,0,0,0,0,0,0,0,0,0,-1,[0|0],360,0,0,0,[0|0|0],0,0,0,0,0,-1,-1,-1,-1,-1,-1,[0|0|0|0],0,0,0,0,0,[0|0|0],0,0,0,0,0,0,0,0,0,0,0,0,0,0,0,0,0,0,0,0,0,0,0,0,0,0,0,0,0,0,0,0,0,0,[0|0|0],0,0,0,0,2040,[0|0|0|0],1,0,0,0,0,[0|0|0],0,0,0,0,0,-1,-1,-1,-1,1,0,0,0,0,0,0,0,0,0,0,100,0,0,0,-1,0,4,0,4,0,1,4,4,4,4,0,4,1,1,1,1,0,0,-1,0,-1,0,0,0,0,1,0,0,0,0,0,0,0,0,1,1,0,0,0,0,-1,1,1,8003,0,0,0,0,0,0,1,-1,0,0,1,0,0,0,0,1,0,0,0,0,1,-1,[0|0|0|0|0|0|0|0|0|0|0|0|0|0|0|0|0|0|0|0|0|0|0|0|0|0|0|0]
15040200,BAZOOKA - DF-BA-06 XUAN-GE (Left),0,0,0,[0|0|0],10420,1012000,0,5480,0,0,0,0,0,0,0,0,100,0,0,0,-1,-1,-1,-1,-1,-1,-1,-1,-1,-1,-1,-1,-1,-1,-1,-1,-1,-1,-1,-1,-1,-1,-1,1,1,1,1,0,0,0,1430,0,100,100,0,-1,0,0,100,0,100,0,0,0,0,0,-1,16,0,0,7,0,18,0,0,0,100,0,0,999,0,0,0,0,0,0,0,0,0,0,0,0,0,0,0,0,0,0,0,0,0,0,1,1,0,1,0,0,0,0,0,0,0,0,0,0,1,0,1,0,0,0,0,0,0,0,0,1,0,1,1,1,1,0,0,100,1,1,0,0,-1,-1,-1,-1,-1,-1,-1,-1,-1,-1,-1,-1,-1,-1,-1,-1,-1,-1,-1,-1,-1,-1,-1,-1,0,0,100,0,0,0,0,0,0,0,0,0,0,0,1,1,0,0,0,0,0,0,0,0,0,0,0,0,0,0,0,-1,-1,-1,-1,-1,-1,-1,-1,-1,0,-1,0,0,-1,0,1,0,0,0,-1,-1,-1,0,[0|0|0|0],-1,-1,-1,-1,200,-1,-1,-1,1,1,1,1,1,1,1,1,1,-1,-1,-1,-1,-1,0,-1,0,1,0,0,0,0,1,1,1,1,0,0,-1,0,[0|0|0|0],1,0.5,1,[0|0|0|0],-1,0,0,[0|0|0|0|0|0|0|0],-1,-1,-1,-1,-1,[0|0|0|0],-1,-1,-1,[0|0|0|0|0|0|0|0],-1,-1,-1,[0|0|0|0|0|0|0|0],0,0,0,[0|0|0|0],78,-1,200,100,1,1,0,-1,1,0,0,4,240,0,-1,0,450,0,-1,[0|0|0|0],0,0,0,0,0,0,0,0,0,0,0,0,0,0,0,0,0,0,0,0,0,0,0,0,0,0,0,0,0,0,0,0,204,[0|0|0|0|0|0|0|0|0|0|0|0],0,0,0,0,0,0,0,0,0,0,0,0,0,0,-1,0,0,0,0,-1,-1,-1,-1,-1,-1,-1,-1,-1,-1,-1,-1,0,0,-1,0,0,0,0,0,0,0,0,[0|0],10040200,3.4,0,-1,0,0,-1,1,1,1,1,1,1,1,1,0,0,0,0,0,0,0,0,0,0,0,0,0,0,0,0,0,0,0,0,0,0,0,0,0,[0|0],0,0,0,[0|0|0],0,0,0,-1,[0|0|0|0],12,230,0,0,0,-1,-1,-1,-1,-1,-1,-1,-1,-1,-1,0,0,0,0,0,0,0,0,0,-1,[0|0],360,0,0,0,[0|0|0],0,0,0,0,0,-1,-1,-1,-1,-1,-1,[0|0|0|0],0,0,0,0,0,[0|0|0],0,0,0,0,0,0,0,0,0,0,0,0,0,0,0,0,0,0,0,0,0,0,0,0,0,0,0,0,0,0,0,0,0,0,[0|0|0],0,0,0,0,2040,[0|0|0|0],1,0,0,0,0,[0|0|0],0,0,0,0,0,-1,-1,-1,-1,1,0,0,0,0,0,0,0,0,0,0,100,0,0,0,-1,0,4,0,4,0,1,4,4,4,4,0,4,1,1,1,1,0,0,-1,0,-1,0,0,0,0,1,0,0,0,0,0,0,0,0,1,1,0,0,0,0,-1,1,1,8004,0,0,0,0,0,0,1,-1,0,0,1,0,0,0,0,1,0,0,0,0,1,-1,[0|0|0|0|0|0|0|0|0|0|0|0|0|0|0|0|0|0|0|0|0|0|0|0|0|0|0|0]
15040300,PILE LAUNCHER - PB-034 ALLARD (Left),0,0,0,[0|0|0],10430,1004050,0,4510,0,0,0,0,0,0,0,0,100,0,0,0,-1,-1,-1,-1,-1,-1,-1,-1,-1,-1,-1,-1,-1,-1,-1,-1,-1,-1,-1,-1,-1,-1,-1,1,1,1,1,0,0,0,1841,0,100,100,0,-1,100,0,100,0,100,0,0,0,0,0,-1,16,0,0,7,3,17,0,0,0,100,0,0,224,0,0,0,0,0,0,0,0,0,0,0,0,0,0,0,0,0,0,0,0,0,0,1,1,0,1,0,0,0,0,0,0,0,0,0,0,1,0,1,0,0,0,0,0,0,0,0,1,0,1,1,1,1,0,0,100,1,1,0,0,-1,-1,-1,-1,-1,-1,-1,-1,-1,-1,-1,-1,-1,-1,-1,-1,-1,-1,-1,-1,-1,-1,-1,-1,0,0,100,0,0,0,0,0,0,0,0,0,0,0,1,1,0,0,0,0,0,0,0,0,0,0,0,0,0,0,0,-1,-1,-1,-1,-1,-1,-1,-1,-1,0,-1,0,0,-1,0,1,0,0,0,-1,-1,-1,0,[0|0|0|0],-1,-1,-1,-1,300,-1,-1,-1,1,1,1,1,1,1,1,1,1,-1,-1,-1,-1,-1,0,-1,0,1,0,0,0,0,1,1,1,1,0,0,-1,0,[0|0|0|0],1,0.5,1,[0|0|0|0],-1,0,0,[0|0|0|0|0|0|0|0],-1,-1,-1,-1,-1,[0|0|0|0],-1,-1,-1,[0|0|0|0|0|0|0|0],-1,-1,-1,[0|0|0|0|0|0|0|0],0,0,0,[0|0|0|0],49,-1,200,100,1,1,0,-1,1,0,0,3,262,0,-1,0,1250,0,-1,[0|0|0|0],0,0,0,0,0,0,0,0,0,0,0,0,0,0,0,0,0,0,0,0,0,0,0,0,0,0,0,0,0,0,0,0,201,[0|0|0|0|0|0|0|0|0|0|0|0],0,0,0,0,0,0,0,0,0,0,0,0,0,0,-1,0,0,0,0,-1,-1,-1,-1,-1,-1,-1,-1,-1,-1,-1,-1,0,0,-1,0,0,0,0,0,0,0,0,[0|0],10020300,3.8,0,-1,0,0,-1,1,1,1,1,1,1,1,1,0,0,0,0,0,0,0,0,0,0,0,0,0,0,0,0,0,0,0,0,0,0,0,0,0,[0|0],0,0,0,[0|0|0],0,0,0,-1,[0|0|0|0],1,181,0,0,0,-1,-1,-1,-1,-1,-1,-1,-1,-1,-1,0,0,0,0,0,0,0,0,0,-1,[0|0],360,0,0,0,[0|0|0],0,0,0,0,0,-1,-1,-1,-1,-1,-1,[0|0|0|0],0,0,0,0,0,[0|0|0],0,0,0,0,0,0,0,0,0,0,0,0,0,0,0,0,0,0,0,0,0,0,0,0,0,0,0,0,0,0,0,0,0,0,[0|0|0],0,0,0,0,2020,[0|0|0|0],1,0,1,1,0,[0|0|0],0,0,0,0,0,-1,-1,-1,-1,1,0,0,0,0,0,0,0,0,0,0,100,0,0,0,-1,0,0,0,0,0,1,0,0,0,0,0,0,0,0,1,1,0,0,-1,0,-1,0,0,0,0,1,0,0,0,0,0,0,0,0,1,1,0,0,0,0,-1,1,1,8045,0,0,0,0,0,0,1,-1,0,0,1,0,0,0,0,1,0,0,0,0,1,-1,[0|0|0|0|0|0|0|0|0|0|0|0|0|0|0|0|0|0|0|0|0|0|0|0|0|0|0|0]
15040400,HEAVY LASER RIFLE - VP-66LRH (Left),0,0,0,[0|0|0],10440,1019021,0,5000,0,0,0,0,0,0,0,0,100,0,0,0,-1,-1,-1,-1,-1,-1,-1,-1,-1,-1,-1,-1,-1,-1,-1,-1,-1,-1,-1,-1,-1,-1,-1,1,1,1,1,0,0,0,2623,0,100,100,0,-1,0,100,0,0,100,0,0,0,0,0,-1,16,0,0,7,0,24,0,0,0,100,0,0,999,0,0,0,0,0,0,0,0,0,0,0,0,0,0,0,0,0,0,0,0,0,0,1,1,0,1,0,0,0,0,0,0,0,0,0,0,1,0,1,0,0,0,0,0,0,0,0,1,0,1,1,1,1,0,0,100,1,1,0,0,-1,-1,-1,-1,-1,-1,-1,-1,-1,-1,-1,-1,-1,-1,-1,-1,-1,-1,-1,-1,-1,-1,-1,-1,0,0,100,0,0,0,0,0,0,0,0,0,0,0,1,1,0,0,0,0,0,0,0,0,0,0,0,0,0,0,0,-1,-1,-1,-1,-1,-1,-1,-1,-1,0,-1,0,0,-1,0,1,0,0,0,-1,-1,-1,0,[0|0|0|0],-1,-1,-1,-1,200,-1,-1,-1,1,1,1,1,1,1,1,1,1,-1,-1,-1,-1,-1,0,-1,0,1,0,0,0,0,1,1,1,1,0,0,-1,0,[0|0|0|0],-1,0.5,1,[0|0|0|0],-1,0,0,[0|0|0|0|0|0|0|0],-1,-1,-1,-1,-1,[0|0|0|0],-1,-1,-1,[0|0|0|0|0|0|0|0],-1,-1,-1,[0|0|0|0|0|0|0|0],0,0,0,[0|0|0|0],81,-1,200,100,1,1,0,-1,1,0,0,4,566,0,-1,0,425,0,-1,[0|0|0|0],0,0,0,0,0,0,0,0,0,0,0,0,0,0,0,0,0,0,0,0,0,0,0,0,0,0,0,0,0,0,0,0,204,[0|0|0|0|0|0|0|0|0|0|0|0],0,0,0,0,0,0,0,0,0,0,0,0,0,0,-1,0,0,0,0,-1,-1,-1,-1,-1,-1,-1,-1,-1,-1,-1,-1,0,0,-1,0,0,0,0,0,0,0,0,[0|0],10040200,0,0,-1,0,0,-1,1,1,1,1,1,1,1,1,0,0,0,0,0,0,0,0,0,0,0,0,0,0,0,0,0,0,0,0,0,0,0,0,0,[0|0],0,0,0,[0|0|0],0,1,0,-1,[0|0|0|0],7,282,0,0,0,-1,-1,-1,-1,-1,-1,-1,-1,-1,-1,0,0,0,0,0,0,0,0,0,-1,[0|0],360,0,0,0,[0|0|0],0,0,0,0,0,-1,-1,-1,-1,-1,-1,[0|0|0|0],0,0,0,0,0,[0|0|0],0,0,0,0,0,0,0,0,0,0,0,0,0,0,0,0,0,0,0,0,0,0,0,0,0,0,0,0,0,0,0,0,0,0,[0|0|0],0,0,0,0,2040,[0|0|0|0],1,0,0,0,0,[0|0|0],0,0,0,0,0,-1,-1,-1,-1,1,0,0,0,0,0,0,0,0,0,263,85,2,2,0,-1,0,4,0,4,0,1,4,4,4,4,0,4,0,0,1,1,0,0,-1,0,-1,0,0,0,0,1,0,0,0,0,0,0,0,0,1,1,0,0,0,0,-1,1,1,8004,0,0,0,0,0,0,1,-1,0,0,1,0,0,0,0,1,0,0,0,0,1,-1,[0|0|0|0|0|0|0|0|0|0|0|0|0|0|0|0|0|0|0|0|0|0|0|0|0|0|0|0]
15050000,SHOTGUN - WR-0777 SWEET SIXTEEN (Left),0,0,0,[0|0|0],10500,1007020,0,1640,0,0,0,0,0,0,0,0,100,0,0,0,-1,-1,-1,-1,-1,-1,-1,-1,-1,-1,-1,-1,-1,-1,-1,-1,-1,-1,-1,-1,-1,-1,-1,1,1,1,1,0,0,0,1510,0,100,100,0,-1,100,0,0,0,100,0,0,0,0,0,-1,16,0,0,7,3,16,0,0,0,100,0,0,221,0,0,0,0,0,0,0,0,0,0,0,0,0,0,0,0,0,0,0,0,0,0,1,1,0,1,0,0,0,0,0,0,0,0,0,0,1,0,1,0,0,0,0,0,0,0,0,1,0,1,1,1,1,0,0,100,1,1,0,0,-1,-1,-1,-1,-1,-1,-1,-1,-1,-1,-1,-1,-1,-1,-1,-1,-1,-1,-1,-1,-1,-1,-1,-1,0,0,100,0,0,0,0,0,0,0,0,0,0,0,1,1,0,0,0,0,0,0,0,0,0,0,0,0,0,0,0,-1,-1,-1,-1,-1,-1,-1,-1,-1,0,-1,0,0,-1,0,1,0,0,0,-1,-1,-1,0,[0|0|0|0],-1,-1,-1,-1,200,-1,-1,-1,1,1,1,1,1,1,1,1,1,-1,-1,-1,-1,-1,0,-1,0,1,0,0,0,0,1,1,1,1,0,0,-1,0,[0|0|0|0],13,0.5,1,[0|0|0|0],-1,0,0,[0|0|0|0|0|0|0|0],-1,-1,-1,-1,-1,[0|0|0|0],-1,-1,-1,[0|0|0|0|0|0|0|0],-1,-1,-1,[0|0|0|0|0|0|0|0],0,0,0,[0|0|0|0],546,-1,200,100,1,1,0,-1,1,0,0,2,268,0,-1,0,30,0,-1,[0|0|0|0],0,0,0,0,0,0,0,0,0,0,0,0,0,0,0,0,0,0,0,0,0,0,0,0,0,0,0,0,0,0,0,0,205,[0|0|0|0|0|0|0|0|0|0|0|0],0,0,0,0,0,0,0,0,0,0,0,0,0,0,-1,0,0,0,0,-1,-1,-1,-1,-1,-1,-1,-1,-1,-1,-1,-1,0,0,-1,0,1,0,0,0,0,0,0,[0|0],10050000,3,0,-1,0,0,-1,1,1,1,1,1,1,1,1,0,0,0,0,0,0,0,0,0,0,0,0,0,0,0,0,0,0,0,0,0,0,0,0,0,[0|0],0.33,0,0,[0|0|0],0,0,0,-1,[0|0|0|0],6,170,0,0,0,-1,-1,-1,-1,-1,-1,-1,-1,-1,-1,0,0,0,0,0,0,0,0,0,-1,[0|0],360,0,0,0,[0|0|0],0,0,0,0,0,-1,-1,-1,-1,-1,-1,[0|0|0|0],0,0,0,0,0,[0|0|0],0,0,0,0,0,0,0,0,0,0,0,0,0,0,0,0,0,0,0,0,0,0,0,0,0,0,0,0,0,0,0,0,0,0,[0|0|0],0,0,0,0,2210,[0|0|0|0],1,0,1,1,0,[0|0|0],0,0,0,0,0,-1,-1,-1,-1,1,0,0,0,0,0,0,0,0,0,0,100,0,0,0,-1,0,0,1,0,0,1,0,0,0,0,0,0,0,0,1,1,0,0,-1,0,-1,0,0,0,0,1,0,0,0,0,0,0,0,0,1,1,0,0,0,0,-1,1,1,8005,0,0,0,0,0,0,1,-1,0,0,1,0,0,0,0,1,0,0,0,0,1,-1,[0|0|0|0|0|0|0|0|0|0|0|0|0|0|0|0|0|0|0|0|0|0|0|0|0|0|0|0]
15050100,SHOTGUN - SG-026 HALDEMAN (Left),0,0,0,[0|0|0],10510,1007000,0,3660,0,0,0,0,0,0,0,0,100,0,0,0,-1,-1,-1,-1,-1,-1,-1,-1,-1,-1,-1,-1,-1,-1,-1,-1,-1,-1,-1,-1,-1,-1,-1,1,1,1,1,0,0,0,1520,0,100,100,0,-1,100,0,0,0,100,0,0,0,0,0,-1,16,0,0,7,3,16,0,0,0,100,0,0,999,0,0,0,0,0,0,0,0,0,0,0,0,0,0,0,0,0,0,0,0,0,0,1,1,0,1,0,0,0,0,0,0,0,0,0,0,1,0,1,0,0,0,0,0,0,0,0,1,0,1,1,1,1,0,0,100,1,1,0,0,-1,-1,-1,-1,-1,-1,-1,-1,-1,-1,-1,-1,-1,-1,-1,-1,-1,-1,-1,-1,-1,-1,-1,-1,0,0,100,0,0,0,0,0,0,0,0,0,0,0,1,1,0,0,0,0,0,0,0,0,0,0,0,0,0,0,0,-1,-1,-1,-1,-1,-1,-1,-1,-1,0,-1,0,0,-1,0,1,0,0,0,-1,-1,-1,0,[0|0|0|0],-1,-1,-1,-1,200,-1,-1,-1,1,1,1,1,1,1,1,1,1,-1,-1,-1,-1,-1,0,-1,0,1,0,0,0,0,1,1,1,1,0,0,-1,0,[0|0|0|0],1,0.5,1,[0|0|0|0],-1,0,0,[0|0|0|0|0|0|0|0],-1,-1,-1,-1,-1,[0|0|0|0],-1,-1,-1,[0|0|0|0|0|0|0|0],-1,-1,-1,[0|0|0|0|0|0|0|0],0,0,0,[0|0|0|0],66,-1,200,100,1,1,0,-1,1,0,0,2,185,0,-1,0,200,0,-1,[0|0|0|0],0,0,0,0,0,0,0,0,0,0,0,0,0,0,0,0,0,0,0,0,0,0,0,0,0,0,0,0,0,0,0,0,205,[0|0|0|0|0|0|0|0|0|0|0|0],0,0,0,0,0,0,0,0,0,0,0,0,0,0,-1,0,0,0,0,-1,-1,-1,-1,-1,-1,-1,-1,-1,-1,-1,-1,0,0,-1,0,0,0,0,0,0,0,0,[0|0],10050100,1.3,0,-1,0,0,-1,1,1,1,1,1,1,1,1,0,0,0,0,0,0,0,0,0,0,0,0,0,0,0,0,0,0,0,0,0,0,0,0,0,[0|0],0.76,0,0,[0|0|0],0,0,0,-1,[0|0|0|0],11,170,0,0,0,-1,-1,-1,-1,-1,-1,-1,-1,-1,-1,0,0,0,0,0,0,0,0,0,-1,[0|0],360,0,0,0,[0|0|0],0,0,0,0,0,-1,-1,-1,-1,-1,-1,[0|0|0|0],0,0,0,0,0,[0|0|0],0,0,0,0,0,0,0,0,0,0,0,0,0,0,0,0,0,0,0,0,0,0,0,0,0,0,0,0,0,0,0,0,0,0,[0|0|0],0,0,0,0,2050,[0|0|0|0],1,0,0,1,0,[0|0|0],0,0,0,0,0,-1,-1,-1,-1,1,0,0,0,0,0,0,0,0,0,0,100,0,0,0,-1,0,0,0,0,0,1,0,0,0,0,0,0,0,0,1,1,0,0,-1,1,-1,0,0,0,0,1,0,0,0,0,0,0,0,0,1,1,0,0,0,0,-1,1,1,8006,0,0,0,0,0,0,1,-1,0,0,1,0,0,0,0,1,0,0,0,0,1,-1,[0|0|0|0|0|0|0|0|0|0|0|0|0|0|0|0|0|0|0|0|0|0|0|0|0|0|0|0]
15050200,SHOTGUN - SG-027 ZIMMERMAN (Left),0,0,0,[0|0|0],10520,1007010,0,4400,0,0,0,0,0,0,0,0,100,0,0,0,-1,-1,-1,-1,-1,-1,-1,-1,-1,-1,-1,-1,-1,-1,-1,-1,-1,-1,-1,-1,-1,-1,-1,1,1,1,1,0,0,0,1530,0,100,100,0,-1,100,0,0,0,100,0,0,0,0,0,-1,16,0,0,7,3,16,0,0,0,100,0,0,999,0,0,0,0,0,0,0,0,0,0,0,0,0,0,0,0,0,0,0,0,0,0,1,1,0,1,0,0,0,0,0,0,0,0,0,0,1,0,1,0,0,0,0,0,0,0,0,1,0,1,1,1,1,0,0,100,1,1,0,0,-1,-1,-1,-1,-1,-1,-1,-1,-1,-1,-1,-1,-1,-1,-1,-1,-1,-1,-1,-1,-1,-1,-1,-1,0,0,100,0,0,0,0,0,0,0,0,0,0,0,1,1,0,0,0,0,0,0,0,0,0,0,0,0,0,0,0,-1,-1,-1,-1,-1,-1,-1,-1,-1,0,-1,0,0,-1,0,1,0,0,0,-1,-1,-1,0,[0|0|0|0],-1,-1,-1,-1,200,-1,-1,-1,1,1,1,1,1,1,1,1,1,-1,-1,-1,-1,-1,0,-1,0,1,0,0,0,0,1,1,1,1,0,0,-1,0,[0|0|0|0],1,0.5,1,[0|0|0|0],-1,0,0,[0|0|0|0|0|0|0|0],-1,-1,-1,-1,-1,[0|0|0|0],-1,-1,-1,[0|0|0|0|0|0|0|0],-1,-1,-1,[0|0|0|0|0|0|0|0],0,0,0,[0|0|0|0],53,-1,200,100,1,1,0,-1,1,0,0,2,242,0,-1,0,350,0,-1,[0|0|0|0],0,0,0,0,0,0,0,0,0,0,0,0,0,0,0,0,0,0,0,0,0,0,0,0,0,0,0,0,0,0,0,0,205,[0|0|0|0|0|0|0|0|0|0|0|0],0,0,0,0,0,0,0,0,0,0,0,0,0,0,-1,0,0,0,0,-1,-1,-1,-1,-1,-1,-1,-1,-1,-1,-1,-1,0,0,-1,0,0,0,0,0,0,0,0,[0|0],10050200,2,0,-1,0,0,-1,1,1,1,1,1,1,1,1,0,0,0,0,0,0,0,0,0,0,0,0,0,0,0,0,0,0,0,0,0,0,0,0,0,[0|0],0.5,0,0,[0|0|0],0,0,0,-1,[0|0|0|0],11,170,0,0,0,-1,-1,-1,-1,-1,-1,-1,-1,-1,-1,0,0,0,0,0,0,0,0,0,-1,[0|0],360,0,0,0,[0|0|0],0,0,0,0,0,-1,-1,-1,-1,-1,-1,[0|0|0|0],0,0,0,0,0,[0|0|0],0,0,0,0,0,0,0,0,0,0,0,0,0,0,0,0,0,0,0,0,0,0,0,0,0,0,0,0,0,0,0,0,0,0,[0|0|0],0,0,0,0,2050,[0|0|0|0],1,0,0,1,0,[0|0|0],0,0,0,0,0,-1,-1,-1,-1,1,0,0,0,0,0,0,0,0,0,0,100,0,0,0,-1,0,0,0,0,0,1,0,0,0,0,0,0,0,0,1,1,0,0,-1,1,-1,0,0,0,0,1,0,0,0,0,0,0,0,0,1,1,0,0,0,0,-1,1,1,8007,0,0,0,0,0,0,1,-1,0,0,1,0,0,0,0,1,0,0,0,0,1,-1,[0|0|0|0|0|0|0|0|0|0|0|0|0|0|0|0|0|0|0|0|0|0|0|0|0|0|0|0]
15050400,SHOTGUN - SG-028 SPIELMAN (Left),0,0,0,[0|0|0],10540,1007040,0,5120,0,0,0,0,0,0,0,0,100,0,0,0,-1,-1,-1,-1,-1,-1,-1,-1,-1,-1,-1,-1,-1,-1,-1,-1,-1,-1,-1,-1,-1,-1,-1,1,1,1,1,0,0,0,1530,0,100,100,0,-1,100,0,0,0,100,0,0,0,0,0,-1,16,0,0,7,3,16,0,0,0,100,0,0,999,0,0,0,0,0,0,0,0,0,0,0,0,0,0,0,0,0,0,0,0,0,0,1,1,0,1,0,0,0,0,0,0,0,0,0,0,1,0,1,0,0,0,0,0,0,0,0,1,0,1,1,1,1,0,0,100,1,1,0,0,-1,-1,-1,-1,-1,-1,-1,-1,-1,-1,-1,-1,-1,-1,-1,-1,-1,-1,-1,-1,-1,-1,-1,-1,0,0,100,0,0,0,0,0,0,0,0,0,0,0,1,1,0,0,0,0,0,0,0,0,0,0,0,0,0,0,0,-1,-1,-1,-1,-1,-1,-1,-1,-1,0,-1,0,0,-1,0,1,0,0,0,-1,-1,-1,0,[0|0|0|0],-1,-1,-1,-1,200,-1,-1,-1,1,1,1,1,1,1,1,1,1,-1,-1,-1,-1,-1,0,-1,0,1,0,0,0,0,1,1,1,1,0,0,-1,0,[0|0|0|0],1,0.5,1,[0|0|0|0],-1,0,0,[0|0|0|0|0|0|0|0],-1,-1,-1,-1,-1,[0|0|0|0],-1,-1,-1,[0|0|0|0|0|0|0|0],-1,-1,-1,[0|0|0|0|0|0|0|0],0,0,0,[0|0|0|0],43,-1,200,100,1,1,0,-1,1,0,0,2,367,0,-1,0,450,0,-1,[0|0|0|0],0,0,0,0,0,0,0,0,0,0,0,0,0,0,0,0,0,0,0,0,0,0,0,0,0,0,0,0,0,0,0,0,200,[0|0|0|0|0|0|0|0|0|0|0|0],0,0,0,0,0,0,0,0,0,0,0,0,0,0,-1,0,0,0,0,-1,-1,-1,-1,-1,-1,-1,-1,-1,-1,-1,-1,0,0,-1,0,0,0,0,0,0,0,0,[0|0],10050400,2.8,0.9,0.2,0.3,0,-1,1,1,1,1,1,1,1,1,0,0,0,0,0,0,0,0,0,0,0,0,0,0,0,0,0,0,0,0,0,0,0,0,0,[0|0],0.5,0,0,[0|0|0],0,0,0,-1,[0|0|0|0],11,170,0,0,0,-1,-1,-1,-1,-1,-1,-1,-1,-1,-1,0,0,0,0,0,0,0,0,0,-1,[0|0],360,0,0,0,[0|0|0],0,0,0,0,0,-1,-1,-1,-1,-1,-1,[0|0|0|0],0,0,0,0,0,[0|0|0],0,0,0,0,0,0,0,0,0,0,0,0,0,0,0,0,0,0,0,0,0,0,0,0,0,0,0,0,0,0,0,0,0,0,[0|0|0],0,0,0,0,2050,[0|0|0|0],1,0,0,1,0,[0|0|0],0,0,0,0,0,-1,-1,-1,-1,1,0,0,0,0,0,0,0,0,0,205,100,4.2,0.8,0,-1,0,0,0,0,0,1,0,0,0,0,0,0,0,0,1,1,0,0,-1,1,100,0,0,0,0,1,0,0,0,0,0,0,0,0,1,1,0,0,0,0,-1,1,1,8007,0,0,0,0,0,0,1,-1,0,0,1,0,0,0,0,1,0,0,0,0,1,-1,[0|0|0|0|0|0|0|0|0|0|0|0|0|0|0|0|0|0|0|0|0|0|0|0|0|0|0|0]
15050300,BURST SHOTGUN - MA-G-103 TAMURA (Left),0,0,0,[0|0|0],10530,1007050,0,4110,0,0,0,0,0,0,0,0,100,0,0,0,-1,-1,-1,-1,-1,-1,-1,-1,-1,-1,-1,-1,-1,-1,-1,-1,-1,-1,-1,-1,-1,-1,-1,1,1,1,1,0,0,0,1540,0,100,100,0,-1,100,0,0,0,100,0,0,0,0,0,-1,16,0,0,7,3,16,0,0,0,100,0,0,999,0,0,0,0,0,0,0,0,0,0,0,0,0,0,0,0,0,0,0,0,0,0,1,1,0,1,0,0,0,0,0,0,0,0,0,0,1,0,1,0,0,0,0,0,0,0,0,1,0,1,1,1,1,0,0,100,1,1,0,0,-1,-1,-1,-1,-1,-1,-1,-1,-1,-1,-1,-1,-1,-1,-1,-1,-1,-1,-1,-1,-1,-1,-1,-1,0,0,100,0,0,0,0,0,0,0,0,0,0,0,1,1,0,0,0,0,0,0,0,0,0,0,0,0,0,0,0,-1,-1,-1,-1,-1,-1,-1,-1,-1,0,-1,0,0,-1,0,1,0,0,0,-1,-1,-1,0,[0|0|0|0],-1,-1,-1,-1,200,-1,-1,-1,1,1,1,1,1,1,1,1,1,-1,-1,-1,-1,-1,0,-1,0,1,0,0,0,0,1,1,1,1,0,0,-1,0,[0|0|0|0],5,0.5,1,[0|0|0|0],-1,0,0,[0|0|0|0|0|0|0|0],-1,-1,-1,-1,-1,[0|0|0|0],-1,-1,-1,[0|0|0|0|0|0|0|0],-1,-1,-1,[0|0|0|0|0|0|0|0],0,0,0,[0|0|0|0],60,-1,200,100,1,1,0,-1,1,0,0,2,202,0,-1,0,175,0,-1,[0|0|0|0],0,0,0,0,0,0,0,0,0,0,0,0,0,0,0,0,0,0,0,0,0,0,0,0,0,0,0,0,0,0,0,0,205,[0|0|0|0|0|0|0|0|0|0|0|0],0,0,0,0,0,0,0,0,0,0,0,0,0,0,-1,0,0,0,0,-1,-1,-1,-1,-1,-1,-1,-1,-1,-1,-1,-1,0,0,-1,0,0,0,0,0,0,0,0,[0|0],10070100,4.3,0,-1,0,0,-1,1,1,1,1,1,1,1,1,0,0,0,0,0,0,0,0,0,0,0,0,0,0,0,0,0,0,0,0,0,0,0,0,0,[0|0],0.76,0,0,[0|0|0],0,0,0,-1,[0|0|0|0],15,171,0,0,0,-1,-1,-1,-1,-1,-1,-1,-1,-1,-1,0,0,0,0,0,0,0,0,0,-1,[0|0],360,0,0,0,[0|0|0],0,0,0,0,0,-1,-1,-1,-1,-1,-1,[0|0|0|0],0,0,0,0,0,[0|0|0],0,0,0,0,0,0,0,0,0,0,0,0,0,0,0,0,0,0,0,0,0,0,0,0,0,0,0,0,0,0,0,0,0,0,[0|0|0],0,0,0,0,2050,[0|0|0|0],1,0,0,1,0,[0|0|0],0,0,0,0,0,-1,-1,-1,-1,1,0,0,0,0,0,0,0,0,0,0,100,0,0,0,-1,0,0,2,0,0,1,0,0,0,0,0,0,0,0,1,1,0,0,-1,1,-1,0,0,0,0,1,0,0,0,0,0,0,0,0,1,1,0,0,0,0,-1,1,1,8006,0,0,0,0,0,0,1,-1,0,0,1,0,0,0,0,1,0,0,0,0,1,-1,[0|0|0|0|0|0|0|0|0|0|0|0|0|0|0|0|0|0|0|0|0|0|0|0|0|0|0|0]
15060000,GRENADE LAUNCHER - DF-GR-07 GOU-CHEN (Left),0,0,0,[0|0|0],10600,1014000,0,4841,0,0,0,0,0,0,0,0,100,0,0,0,-1,-1,-1,-1,-1,-1,-1,-1,-1,-1,-1,-1,-1,-1,-1,-1,-1,-1,-1,-1,-1,-1,-1,1,1,1,1,0,0,0,1310,0,100,100,0,-1,0,0,100,0,100,0,0,0,0,0,-1,16,0,0,7,3,21,0,0,0,100,0,0,999,0,0,0,0,0,0,0,0,0,0,0,0,0,0,0,0,0,0,0,0,0,0,1,1,0,1,0,0,0,0,0,0,0,0,0,0,1,0,1,0,0,0,0,0,0,0,0,1,0,1,1,1,1,0,0,100,1,1,0,0,-1,-1,-1,-1,-1,-1,-1,-1,-1,-1,-1,-1,-1,-1,-1,-1,-1,-1,-1,-1,-1,-1,-1,-1,0,0,100,0,0,0,0,0,0,0,0,0,0,0,1,1,0,0,0,0,0,0,0,0,0,0,0,0,0,0,0,-1,-1,-1,-1,-1,-1,-1,-1,-1,0,-1,0,0,-1,0,1,0,0,0,-1,-1,-1,0,[0|0|0|0],-1,-1,-1,-1,200,-1,-1,-1,1,1,1,1,1,1,1,1,1,-1,-1,-1,-1,-1,0,-1,0,1,0,0,0,0,1,1,1,1,0,0,-1,0,[0|0|0|0],1,0.5,1,[0|0|0|0],-1,0,0,[0|0|0|0|0|0|0|0],-1,-1,-1,-1,-1,[0|0|0|0],-1,-1,-1,[0|0|0|0|0|0|0|0],-1,-1,-1,[0|0|0|0|0|0|0|0],0,0,0,[0|0|0|0],40,-1,200,100,1,1,0,-1,1,0,0,4,308,0,-1,0,1200,0,-1,[0|0|0|0],0,0,0,0,0,0,0,0,0,0,0,0,0,0,0,0,0,0,0,0,0,0,0,0,0,0,0,0,0,0,0,0,206,[0|0|0|0|0|0|0|0|0|0|0|0],0,0,0,0,0,0,0,0,0,0,0,0,0,0,-1,0,0,0,0,-1,-1,-1,-1,-1,-1,-1,-1,-1,-1,-1,-1,0,0,-1,0,0,0,0,0,0,0,0,[0|0],10060000,5.9,0,-1,0,0,-1,1,1,1,1,1,1,1,1,0,0,0,0,0,0,0,0,0,0,0,0,0,0,0,0,0,0,0,0,0,0,0,0,0,[0|0],0,0,0,[0|0|0],0,0,0,-1,[0|0|0|0],12,220,0,0,0,-1,-1,-1,-1,-1,-1,-1,-1,-1,-1,0,0,0,0,0,0,0,0,0,-1,[0|0],360,0,0,0,[0|0|0],0,0,0,0,0,-1,-1,-1,-1,-1,-1,[0|0|0|0],0,0,0,0,0,[0|0|0],0,0,0,0,0,0,0,0,0,0,0,0,0,0,0,0,0,0,0,0,0,0,0,0,0,0,0,0,0,0,0,0,0,0,[0|0|0],0,0,0,0,2060,[0|0|0|0],1,0,0,0,0,[0|0|0],0,0,0,0,0,-1,-1,-1,-1,1,0,0,0,0,0,0,0,0,0,0,100,0,0,0,-1,0,0,0,0,0,1,0,0,0,0,0,1,0,0,1,1,0,0,-1,0,-1,0,0,0,0,1,0,0,0,0,0,0,0,0,1,1,0,0,0,0,-1,1,1,8000,0,0,0,0,0,0,1,-1,0,0,1,0,0,0,0,1,0,0,0,0,1,-1,[0|0|0|0|0|0|0|0|0|0|0|0|0|0|0|0|0|0|0|0|0|0|0|0|0|0|0|0]
15060100,GRENADE LAUNCHER - DIZZY (Left),0,0,0,[0|0|0],10610,1014010,0,5590,0,0,0,0,0,0,0,0,100,0,0,0,-1,-1,-1,-1,-1,-1,-1,-1,-1,-1,-1,-1,-1,-1,-1,-1,-1,-1,-1,-1,-1,-1,-1,1,1,1,1,0,0,0,1320,0,100,100,0,-1,0,0,100,0,100,0,0,0,0,0,-1,16,0,0,7,3,21,0,0,0,100,0,0,999,0,0,0,0,0,0,0,0,0,0,0,0,0,0,0,0,0,0,0,0,0,0,1,1,0,1,0,0,0,0,0,0,0,0,0,0,1,0,1,0,0,0,0,0,0,0,0,1,0,1,1,1,1,0,0,100,1,1,0,0,-1,-1,-1,-1,-1,-1,-1,-1,-1,-1,-1,-1,-1,-1,-1,-1,-1,-1,-1,-1,-1,-1,-1,-1,0,0,100,0,0,0,0,0,0,0,0,0,0,0,1,1,0,0,0,0,0,0,0,0,0,0,0,0,0,0,0,-1,-1,-1,-1,-1,-1,-1,-1,-1,0,-1,0,0,-1,0,1,0,0,0,-1,-1,-1,0,[0|0|0|0],-1,-1,-1,-1,200,-1,-1,-1,1,1,1,1,1,1,1,1,1,-1,-1,-1,-1,-1,0,-1,0,1,0,0,0,0,1,1,1,1,0,0,-1,0,[0|0|0|0],1,0.5,1,[0|0|0|0],-1,0,0,[0|0|0|0|0|0|0|0],-1,-1,-1,-1,-1,[0|0|0|0],-1,-1,-1,[0|0|0|0|0|0|0|0],-1,-1,-1,[0|0|0|0|0|0|0|0],0,0,0,[0|0|0|0],38,-1,200,100,1,1,0,-1,1,0,0,4,364,0,-1,0,1500,0,-1,[0|0|0|0],0,0,0,0,0,0,0,0,0,0,0,0,0,0,0,0,0,0,0,0,0,0,0,0,0,0,0,0,0,0,0,0,206,[0|0|0|0|0|0|0|0|0|0|0|0],0,0,0,0,0,0,0,0,0,0,0,0,0,0,-1,0,0,0,0,-1,-1,-1,-1,-1,-1,-1,-1,-1,-1,-1,-1,0,0,-1,0,0,0,0,0,0,0,0,[0|0],10060100,5.6,0,-1,0,0,-1,1,1,1,1,1,1,1,1,0,0,0,0,0,0,0,0,0,0,0,0,0,0,0,0,0,0,0,0,0,0,0,0,0,[0|0],0,0,0,[0|0|0],0,0,0,-1,[0|0|0|0],18,220,0,0,0,-1,-1,-1,-1,-1,-1,-1,-1,-1,-1,0,0,0,0,0,0,0,0,0,-1,[0|0],360,0,0,0,[0|0|0],0,0,0,0,0,-1,-1,-1,-1,-1,-1,[0|0|0|0],0,0,0,0,0,[0|0|0],0,0,0,0,0,0,0,0,0,0,0,0,0,0,0,0,0,0,0,0,0,0,0,0,0,0,0,0,0,0,0,0,0,0,[0|0|0],0,0,0,0,2060,[0|0|0|0],1,0,0,0,0,[0|0|0],0,0,0,0,0,-1,-1,-1,-1,1,0,0,0,0,0,0,0,0,0,0,100,0,0,0,-1,0,0,0,0,0,1,0,0,0,0,0,1,0,0,1,1,0,0,-1,0,-1,0,0,0,0,1,0,0,0,0,0,0,0,0,1,1,0,0,0,0,-1,1,1,8001,0,0,0,0,0,0,1,-1,0,0,1,0,0,0,0,1,0,0,0,0,1,-1,[0|0|0|0|0|0|0|0|0|0|0|0|0|0|0|0|0|0|0|0|0|0|0|0|0|0|0|0]
15060200,GRENADE SHOTGUN - DF-GR-10 BAO-ZHA (Left),0,0,0,[0|0|0],10620,1014001,0,7296,0,0,0,0,0,0,0,0,100,0,0,0,-1,-1,-1,-1,-1,-1,-1,-1,-1,-1,-1,-1,-1,-1,-1,-1,-1,-1,-1,-1,-1,-1,-1,1,1,1,1,0,0,0,1311,0,100,100,0,-1,0,0,100,0,100,0,0,0,0,0,-1,16,0,0,7,0,21,0,0,0,100,0,0,999,0,0,0,0,0,0,0,0,0,0,0,0,0,0,0,0,0,0,0,0,0,0,1,1,0,1,0,0,0,0,0,0,0,0,0,0,1,0,1,0,0,0,0,0,0,0,0,1,0,1,1,1,1,0,0,100,1,1,0,0,-1,-1,-1,-1,-1,-1,-1,-1,-1,-1,-1,-1,-1,-1,-1,-1,-1,-1,-1,-1,-1,-1,-1,-1,0,0,100,0,0,0,0,0,0,0,0,0,0,0,1,1,0,0,0,0,0,0,0,0,0,0,0,0,0,0,0,-1,-1,-1,-1,-1,-1,-1,-1,-1,0,-1,0,0,-1,0,1,0,0,0,-1,-1,-1,0,[0|0|0|0],-1,-1,-1,-1,200,-1,-1,-1,1,1,1,1,1,1,1,1,1,-1,-1,-1,-1,-1,0,-1,0,1,0,0,0,0,1,1,1,1,0,0,-1,0,[0|0|0|0],1,0.5,1,[0|0|0|0],-1,0,0,[0|0|0|0|0|0|0|0],-1,-1,-1,-1,-1,[0|0|0|0],-1,-1,-1,[0|0|0|0|0|0|0|0],-1,-1,-1,[0|0|0|0|0|0|0|0],0,0,0,[0|0|0|0],18,-1,200,100,1,1,0,-1,1,0,0,4,391,0,-1,0,2100,0,-1,[0|0|0|0],0,0,0,0,0,0,0,0,0,0,0,0,0,0,0,0,0,0,0,0,0,0,0,0,0,0,0,0,0,0,0,0,206,[0|0|0|0|0|0|0|0|0|0|0|0],0,0,0,0,0,0,0,0,0,0,0,0,0,0,-1,0,0,0,0,-1,-1,-1,-1,-1,-1,-1,-1,-1,-1,-1,-1,0,0,-1,0,0,0,0,0,0,0,0,[0|0],10060000,6.6,0,-1,0,0,-1,1,1,1,1,1,1,1,1,0,0,0,0,0,0,0,0,0,0,0,0,0,0,0,0,0,0,0,0,0,0,0,0,0,[0|0],0,0,0,[0|0|0],0,0,0,-1,[0|0|0|0],12,220,0,0,0,-1,-1,-1,-1,-1,-1,-1,-1,-1,-1,0,0,0,0,0,0,0,0,0,-1,[0|0],360,0,0,0,[0|0|0],0,0,0,0,0,-1,-1,-1,-1,-1,-1,[0|0|0|0],0,0,0,0,0,[0|0|0],0,0,0,0,0,0,0,0,0,0,0,0,0,0,0,0,0,0,0,0,0,0,0,0,0,0,0,0,0,0,0,0,0,0,[0|0|0],0,0,0,0,2060,[0|0|0|0],1,0,0,0,0,[0|0|0],0,0,0,0,0,-1,-1,-1,-1,1,0,0,0,0,0,0,0,0,0,0,100,0,0,0,-1,0,0,1,0,0,1,0,0,0,0,0,1,0,0,1,1,0,0,-1,0,-1,0,0,0,0,1,0,0,0,0,0,0,0,0,1,1,0,0,0,0,-1,1,1,8000,0,0,0,0,0,0,1,-1,0,0,1,0,0,0,0,1,0,0,0,0,1,-1,[0|0|0|0|0|0|0|0|0|0|0|0|0|0|0|0|0|0|0|0|0|0|0|0|0|0|0|0]
15060300,NAPALM GRENADE LAUNCHER - CRAZ-B-0-00-OM "BOOMERPUNK" (Left),0,0,0,[0|0|0],10630,1014012,0,5120,0,0,0,0,0,0,0,0,100,0,0,0,-1,-1,-1,-1,-1,-1,-1,-1,-1,-1,-1,-1,-1,-1,-1,-1,-1,-1,-1,-1,-1,-1,-1,1,1,1,1,0,0,0,1434,0,100,100,0,-1,0,0,100,0,100,0,0,0,0,0,-1,16,0,0,7,0,21,0,0,0,100,0,0,999,0,0,0,0,0,0,0,0,0,0,0,0,0,0,0,0,0,0,0,0,0,0,1,1,0,1,0,0,0,0,0,0,0,0,0,0,1,0,1,0,0,0,0,0,0,0,0,1,0,1,1,1,1,0,0,100,1,1,0,0,-1,-1,-1,-1,-1,-1,-1,-1,-1,-1,-1,-1,-1,-1,-1,-1,-1,-1,-1,-1,-1,-1,-1,-1,0,0,100,0,0,0,0,0,0,0,0,0,0,0,1,1,0,0,0,0,0,0,0,0,0,0,0,0,0,0,0,-1,-1,-1,-1,-1,-1,-1,-1,-1,0,-1,0,0,-1,0,1,0,0,0,-1,-1,-1,0,[0|0|0|0],-1,-1,-1,-1,200,-1,-1,-1,1,1,1,1,1,1,1,1,1,-1,-1,-1,-1,-1,0,-1,0,1,0,0,0,0,1,1,1,1,0,0,-1,0,[0|0|0|0],1,0.5,1,[0|0|0|0],-1,0,0,[0|0|0|0|0|0|0|0],-1,-1,-1,-1,-1,[0|0|0|0],-1,-1,-1,[0|0|0|0|0|0|0|0],-1,-1,-1,[0|0|0|0|0|0|0|0],0,0,0,[0|0|0|0],36,-1,200,100,1,1,0,-1,1,0,0,4,326,0,-1,0,1750,0,-1,[0|0|0|0],0,0,0,0,0,0,0,0,0,0,0,0,0,0,0,0,0,0,0,0,0,0,0,0,0,0,0,0,0,0,0,0,206,[0|0|0|0|0|0|0|0|0|0|0|0],0,0,0,0,0,0,0,0,0,0,0,0,0,0,-1,0,0,0,0,-1,-1,-1,-1,-1,-1,-1,-1,-1,-1,-1,-1,0,0,-1,0,0,0,0,0,0,0,0,[0|0],10060100,6.1,0,-1,0,0,-1,1,1,1,1,1,1,1,1,0,0,0,0,0,0,0,0,0,0,0,0,0,0,0,0,0,0,0,0,0,0,0,0,0,[0|0],0,0,0,[0|0|0],0,0,0,-1,[0|0|0|0],1,220,0,0,0,-1,-1,-1,-1,-1,-1,-1,-1,-1,-1,0,0,0,0,0,0,0,0,0,-1,[0|0],360,0,0,0,[0|0|0],0,0,0,0,0,-1,-1,-1,-1,-1,-1,[0|0|0|0],0,0,0,0,0,[0|0|0],0,0,0,0,0,0,0,0,0,0,0,0,0,0,0,0,0,0,0,0,0,0,0,0,0,0,0,0,0,0,0,0,0,0,[0|0|0],0,0,0,0,2060,[0|0|0|0],1,0,0,0,0,[0|0|0],0,0,0,0,0,-1,-1,-1,-1,1,0,0,0,0,0,0,0,0,0,0,100,0,0,0,-1,0,1,0,0,0,1,0,0,0,0,0,1,0,0,1,1,0,0,-1,0,-1,0,0,0,0,1,0,0,0,0,0,0,0,0,1,1,0,0,0,0,-1,1,1,8001,0,0,0,0,0,0,1,-1,0,0,1,0,0,0,0,1,0,0,0,0,1,-1,[0|0|0|0|0|0|0|0|0|0|0|0|0|0|0|0|0|0|0|0|0|0|0|0|0|0|0|0]
15070000,NEEDLE GUN - EL-PW-00 VIENTO (Left),0,0,0,[0|0|0],10700,1010000,0,1180,0,0,0,0,0,0,0,0,100,0,0,0,-1,-1,-1,-1,-1,-1,-1,-1,-1,-1,-1,-1,-1,-1,-1,-1,-1,-1,-1,-1,-1,-1,-1,1,1,1,1,0,0,0,2010,0,100,100,0,-1,100,0,0,0,100,0,0,0,0,0,-1,16,0,0,7,3,19,0,0,0,100,0,0,999,0,0,0,0,0,0,0,0,0,0,0,0,0,0,0,0,0,0,0,0,0,0,1,1,0,1,0,0,0,0,0,0,0,0,0,0,1,0,1,0,0,0,0,0,0,0,0,1,0,1,1,1,1,0,0,100,1,1,0,0,-1,-1,-1,-1,-1,-1,-1,-1,-1,-1,-1,-1,-1,-1,-1,-1,-1,-1,-1,-1,-1,-1,-1,-1,0,0,100,0,0,0,0,0,0,0,0,0,0,0,1,1,0,0,0,0,0,0,0,0,0,0,0,0,0,0,0,-1,-1,-1,-1,-1,-1,-1,-1,-1,0,-1,0,0,-1,0,1,0,0,0,-1,-1,-1,0,[0|0|0|0],-1,-1,-1,-1,250,-1,-1,-1,1,1,1,1,1,1,1,1,1,-1,-1,-1,-1,-1,0,-1,0,1,0,0,0,0,1,1,1,1,0,0,-1,0,[0|0|0|0],5,0.5,1,[0|0|0|0],-1,0,0,[0|0|0|0|0|0|0|0],-1,-1,-1,-1,-1,[0|0|0|0],-1,-1,-1,[0|0|0|0|0|0|0|0],-1,-1,-1,[0|0|0|0|0|0|0|0],0,0,0,[0|0|0|0],160,-1,200,100,1,1,0,-1,1,0,0,1,215,0,-1,0,80,0,-1,[0|0|0|0],0,0,0,0,0,0,0,0,0,0,0,0,0,0,0,0,0,0,0,0,0,0,0,0,0,0,0,0,0,0,0,0,207,[0|0|0|0|0|0|0|0|0|0|0|0],0,0,0,0,0,0,0,0,0,0,0,0,0,0,-1,0,0,0,0,-1,-1,-1,-1,-1,-1,-1,-1,-1,-1,-1,-1,0,0,-1,0,0,0,0,0,0,0,0,[0|0],10070000,2.4,0,-1,0,0,-1,1,1,1,1,1,1,1,1,0,0,0,0,0,0,0,0,0,0,0,0,0,0,0,0,0,0,0,0,0,0,0,0,0,[0|0],0,0,0,[0|0|0],0,0,0,-1,[0|0|0|0],19,180,0,0,0,-1,-1,-1,-1,-1,-1,-1,-1,-1,-1,0,0,0,0,0,0,0,0,0,-1,[0|0],360,0,0,0,[0|0|0],0,0,0,0,0,-1,-1,-1,-1,-1,-1,[0|0|0|0],0,0,0,0,0,[0|0|0],0,0,0,0,0,0,0,0,0,0,0,0,0,0,0,0,0,0,0,0,0,0,0,0,0,0,0,0,0,0,0,0,0,0,[0|0|0],0,0,0,0,2070,[0|0|0|0],1,0,0,1,0,[0|0|0],0,0,0,0,0,-1,-1,-1,-1,1,0,0,0,0,0,0,0,0,0,0,100,0,0,0,-1,0,0,0,0,0,1,0,0,0,0,0,0,0,0,1,1,0,0,-1,0,-1,0,0,0,0,1,0,0,0,0,0,0,0,0,1,1,0,0,0,0,-1,1,1,8018,0,0,0,0,0,0,1,-1,0,0,1,0,0,0,0,1,0,0,0,0,1,-1,[0|0|0|0|0|0|0|0|0|0|0|0|0|0|0|0|0|0|0|0|0|0|0|0|0|0|0|0]
15070100,BURST HANDGUN - MA-E-211 SAMPU (Left),0,0,0,[0|0|0],10710,1009000,0,960,0,0,0,0,0,0,0,0,100,0,0,0,-1,-1,-1,-1,-1,-1,-1,-1,-1,-1,-1,-1,-1,-1,-1,-1,-1,-1,-1,-1,-1,-1,-1,1,1,1,1,0,0,0,2020,0,100,100,0,-1,100,0,0,0,100,0,0,0,0,0,-1,16,0,0,7,3,19,0,0,0,100,0,0,999,0,0,0,0,0,0,0,0,0,0,0,0,0,0,0,0,0,0,0,0,0,0,1,1,0,1,0,0,0,0,0,0,0,0,0,0,1,0,1,0,0,0,0,0,0,0,0,1,0,1,1,1,1,0,0,100,1,1,0,0,-1,-1,-1,-1,-1,-1,-1,-1,-1,-1,-1,-1,-1,-1,-1,-1,-1,-1,-1,-1,-1,-1,-1,-1,0,0,100,0,0,0,0,0,0,0,0,0,0,0,1,1,0,0,0,0,0,0,0,0,0,0,0,0,0,0,0,-1,-1,-1,-1,-1,-1,-1,-1,-1,0,-1,0,0,-1,0,1,0,0,0,-1,-1,-1,0,[0|0|0|0],-1,-1,-1,-1,250,-1,-1,-1,1,1,1,1,1,1,1,1,1,-1,-1,-1,-1,-1,0,-1,0,1,0,0,0,0,1,1,1,1,0,0,-1,0,[0|0|0|0],14,0.5,1,[0|0|0|0],-1,0,0,[0|0|0|0|0|0|0|0],-1,-1,-1,-1,-1,[0|0|0|0],-1,-1,-1,[0|0|0|0|0|0|0|0],-1,-1,-1,[0|0|0|0|0|0|0|0],0,0,0,[0|0|0|0],350,-1,200,100,1,1,0,-1,1,0,0,1,62,0,-1,0,40,0,-1,[0|0|0|0],0,0,0,0,0,0,0,0,0,0,0,0,0,0,0,0,0,0,0,0,0,0,0,0,0,0,0,0,0,0,0,0,207,[0|0|0|0|0|0|0|0|0|0|0|0],0,0,0,0,0,0,0,0,0,0,0,0,0,0,-1,0,0,0,0,-1,-1,-1,-1,-1,-1,-1,-1,-1,-1,-1,-1,0,0,-1,0,0,0,0,0,0,0,0,[0|0],10070100,1.8,0,-1,0,0,-1,1,1,1,1,1,1,1,1,0,0,0,0,0,0,0,0,0,0,0,0,0,0,0,0,0,0,0,0,0,0,0,0,0,[0|0],0,0,0,[0|0|0],0,0,0,-1,[0|0|0|0],15,200,0,0,0,-1,-1,-1,-1,-1,-1,-1,-1,-1,-1,0,0,0,0,0,0,0,0,0,-1,[0|0],360,0,0,0,[0|0|0],0,0,0,0,0,-1,-1,-1,-1,-1,-1,[0|0|0|0],0,0,0,0,0,[0|0|0],0,0,0,0,0,0,0,0,0,0,0,0,0,0,0,0,0,0,0,0,0,0,0,0,0,0,0,0,0,0,0,0,0,0,[0|0|0],0,0,0,0,2070,[0|0|0|0],1,0,0,1,0,[0|0|0],0,0,0,0,0,-1,-1,-1,-1,1,0,0,0,0,0,0,0,0,0,0,100,0,0,0,-1,0,0,2,0,0,1,0,0,0,0,0,0,0,0,1,1,0,0,-1,0,-1,0,0,0,0,1,0,0,0,0,0,0,0,0,1,1,0,0,0,0,-1,1,1,8019,0,0,0,0,0,0,1,-1,0,0,1,0,0,0,0,1,0,0,0,0,1,-1,[0|0|0|0|0|0|0|0|0|0|0|0|0|0|0|0|0|0|0|0|0|0|0|0|0|0|0|0]
15070200,HANDGUN - HG-003 COQUILLETT (Left),0,0,0,[0|0|0],10720,1008000,0,1200,0,0,0,0,0,0,0,0,100,0,0,0,-1,-1,-1,-1,-1,-1,-1,-1,-1,-1,-1,-1,-1,-1,-1,-1,-1,-1,-1,-1,-1,-1,-1,1,1,1,1,0,0,0,2030,0,100,100,0,-1,100,0,0,0,100,0,0,0,0,0,-1,16,0,0,7,3,19,0,0,0,100,0,0,999,0,0,0,0,0,0,0,0,0,0,0,0,0,0,0,0,0,0,0,0,0,0,1,1,0,1,0,0,0,0,0,0,0,0,0,0,1,0,1,0,0,0,0,0,0,0,0,1,0,1,1,1,1,0,0,100,1,1,0,0,-1,-1,-1,-1,-1,-1,-1,-1,-1,-1,-1,-1,-1,-1,-1,-1,-1,-1,-1,-1,-1,-1,-1,-1,0,0,100,0,0,0,0,0,0,0,0,0,0,0,1,1,0,0,0,0,0,0,0,0,0,0,0,0,0,0,0,-1,-1,-1,-1,-1,-1,-1,-1,-1,0,-1,0,0,-1,0,1,0,0,0,-1,-1,-1,0,[0|0|0|0],-1,-1,-1,-1,250,-1,-1,-1,1,1,1,1,1,1,1,1,1,-1,-1,-1,-1,-1,0,-1,0,1,0,0,0,0,1,1,1,1,0,0,-1,0,[0|0|0|0],7,0.5,1,[0|0|0|0],-1,0,0,[0|0|0|0|0|0|0|0],-1,-1,-1,-1,-1,[0|0|0|0],-1,-1,-1,[0|0|0|0|0|0|0|0],-1,-1,-1,[0|0|0|0|0|0|0|0],0,0,0,[0|0|0|0],196,-1,200,100,1,1,0,-1,1,0,0,1,122,0,-1,0,100,0,-1,[0|0|0|0],0,0,0,0,0,0,0,0,0,0,0,0,0,0,0,0,0,0,0,0,0,0,0,0,0,0,0,0,0,0,0,0,208,[0|0|0|0|0|0|0|0|0|0|0|0],0,0,0,0,0,0,0,0,0,0,0,0,0,0,-1,0,0,0,0,-1,-1,-1,-1,-1,-1,-1,-1,-1,-1,-1,-1,0,0,-1,0,0,0,0,0,0,0,0,[0|0],10070200,2.1,0,-1,0,0,-1,1,1,1,1,1,1,1,1,0,0,0,0,0,0,0,0,0,0,0,0,0,0,0,0,0,0,0,0,0,0,0,0,0,[0|0],0,0,0,[0|0|0],0,0,0,-1,[0|0|0|0],11,190,0,0,0,-1,-1,-1,-1,-1,-1,-1,-1,-1,-1,0,0,0,0,0,0,0,0,0,-1,[0|0],360,0,0,0,[0|0|0],0,0,0,0,0,-1,-1,-1,-1,-1,-1,[0|0|0|0],0,0,0,0,0,[0|0|0],0,0,0,0,0,0,0,0,0,0,0,0,0,0,0,0,0,0,0,0,0,0,0,0,0,0,0,0,0,0,0,0,0,0,[0|0|0],0,0,0,0,2080,[0|0|0|0],1,0,0,1,0,[0|0|0],0,0,0,0,0,-1,-1,-1,-1,1,0,0,0,0,0,0,0,0,0,0,100,0,0,0,-1,0,0,0,0,0,1,0,0,0,0,0,0,0,0,1,1,0,0,-1,0,-1,0,0,0,0,1,0,0,0,0,0,0,0,0,1,1,0,0,0,0,-1,1,1,8020,0,0,0,0,0,0,1,-1,0,0,1,0,0,0,0,1,0,0,0,0,1,-1,[0|0|0|0|0|0|0|0|0|0|0|0|0|0|0|0|0|0|0|0|0|0|0|0|0|0|0|0]
15070300,HANDGUN - HG-004 DUCKETT (Left),0,0,0,[0|0|0],10730,1008010,0,1650,0,0,0,0,0,0,0,0,100,0,0,0,-1,-1,-1,-1,-1,-1,-1,-1,-1,-1,-1,-1,-1,-1,-1,-1,-1,-1,-1,-1,-1,-1,-1,1,1,1,1,0,0,0,2040,0,100,100,0,-1,100,0,0,0,100,0,0,0,0,0,-1,16,0,0,7,3,19,0,0,0,100,0,0,999,0,0,0,0,0,0,0,0,0,0,0,0,0,0,0,0,0,0,0,0,0,0,1,1,0,1,0,0,0,0,0,0,0,0,0,0,1,0,1,0,0,0,0,0,0,0,0,1,0,1,1,1,1,0,0,100,1,1,0,0,-1,-1,-1,-1,-1,-1,-1,-1,-1,-1,-1,-1,-1,-1,-1,-1,-1,-1,-1,-1,-1,-1,-1,-1,0,0,100,0,0,0,0,0,0,0,0,0,0,0,1,1,0,0,0,0,0,0,0,0,0,0,0,0,0,0,0,-1,-1,-1,-1,-1,-1,-1,-1,-1,0,-1,0,0,-1,0,1,0,0,0,-1,-1,-1,0,[0|0|0|0],-1,-1,-1,-1,250,-1,-1,-1,1,1,1,1,1,1,1,1,1,-1,-1,-1,-1,-1,0,-1,0,1,0,0,0,0,1,1,1,1,0,0,-1,0,[0|0|0|0],8,0.5,1,[0|0|0|0],-1,0,0,[0|0|0|0|0|0|0|0],-1,-1,-1,-1,-1,[0|0|0|0],-1,-1,-1,[0|0|0|0|0|0|0|0],-1,-1,-1,[0|0|0|0|0|0|0|0],0,0,0,[0|0|0|0],208,-1,200,100,1,1,0,-1,1,0,0,1,158,0,-1,0,120,0,-1,[0|0|0|0],0,0,0,0,0,0,0,0,0,0,0,0,0,0,0,0,0,0,0,0,0,0,0,0,0,0,0,0,0,0,0,0,208,[0|0|0|0|0|0|0|0|0|0|0|0],0,0,0,0,0,0,0,0,0,0,0,0,0,0,-1,0,0,0,0,-1,-1,-1,-1,-1,-1,-1,-1,-1,-1,-1,-1,0,0,-1,0,0,0,0,0,0,0,0,[0|0],10070300,3,0,-1,0,0,-1,1,1,1,1,1,1,1,1,0,0,0,0,0,0,0,0,0,0,0,0,0,0,0,0,0,0,0,0,0,0,0,0,0,[0|0],0,0,0,[0|0|0],0,0,0,-1,[0|0|0|0],11,190,0,0,0,-1,-1,-1,-1,-1,-1,-1,-1,-1,-1,0,0,0,0,0,0,0,0,0,-1,[0|0],360,0,0,0,[0|0|0],0,0,0,0,0,-1,-1,-1,-1,-1,-1,[0|0|0|0],0,0,0,0,0,[0|0|0],0,0,0,0,0,0,0,0,0,0,0,0,0,0,0,0,0,0,0,0,0,0,0,0,0,0,0,0,0,0,0,0,0,0,[0|0|0],0,0,0,0,2080,[0|0|0|0],1,0,0,1,0,[0|0|0],0,0,0,0,0,-1,-1,-1,-1,1,0,0,0,0,0,0,0,0,0,0,100,0,0,0,-1,0,0,0,0,0,1,0,0,0,0,0,0,0,0,1,1,0,0,-1,0,-1,0,0,0,0,1,0,0,0,0,0,0,0,0,1,1,0,0,0,0,-1,1,1,8021,0,0,0,0,0,0,1,-1,0,0,1,0,0,0,0,1,0,0,0,0,1,-1,[0|0|0|0|0|0|0|0|0|0|0|0|0|0|0|0|0|0|0|0|0|0|0|0|0|0|0|0]
15070400,SINGLE MISSILE LAUNCHER - WM-6000 HORNET (Left),0,0,0,[0|0|0],10740,1008000,0,1450,0,0,0,0,0,0,0,0,100,0,0,0,-1,-1,-1,-1,-1,-1,-1,-1,-1,-1,-1,-1,-1,-1,-1,-1,-1,-1,-1,-1,-1,-1,-1,1,1,1,1,0,0,0,3011,0,100,100,0,-1,0,0,100,0,100,0,0,0,0,0,-1,16,0,0,7,0,19,0,0,0,100,0,0,999,0,0,0,0,0,0,0,0,0,0,0,0,0,0,0,0,0,0,0,0,0,0,1,1,0,1,0,0,0,0,0,0,0,0,0,0,1,0,1,0,0,0,0,0,0,0,0,1,0,1,1,1,1,0,0,100,1,1,0,0,-1,-1,-1,-1,-1,-1,-1,-1,-1,-1,-1,-1,-1,-1,-1,-1,-1,-1,-1,-1,-1,-1,-1,-1,0,0,100,0,0,0,0,0,0,0,0,0,0,0,1,1,0,0,0,0,0,0,0,0,0,0,0,0,0,0,0,-1,-1,-1,-1,-1,-1,-1,-1,-1,0,-1,0,0,-1,0,1,0,0,0,-1,-1,-1,0,[0|0|0|0],-1,-1,-1,-1,250,-1,-1,-1,1,1,1,1,1,1,1,1,1,-1,-1,-1,-1,-1,0,-1,0,1,0,0,0,0,1,1,1,1,0,0,-1,0,[0|0|0|0],8,0.5,1,[0|0|0|0],-1,0,0,[0|0|0|0|0|0|0|0],-1,-1,-1,-1,-1,[0|0|0|0],-1,-1,-1,[0|0|0|0|0|0|0|0],-1,-1,-1,[0|0|0|0|0|0|0|0],0,0,0,[0|0|0|0],200,-1,1000,100,1,1,0,-1,1,0,0,1,131,0,-1,0,100,0,-1,[0|0|0|0],0,0,0,0,0,0,0,0,0,0,0,0,0,0,0,0,0,0,0,0,0,0,0,0,0,0,0,0,0,0,0,0,201,[0|0|0|0|0|0|0|0|0|0|0|0],0,0,0,0,0,0,0,0,0,0,0,0,0,0,-1,0,0,0,0,-1,-1,-1,-1,-1,-1,-1,-1,-1,-1,-1,-1,0,0,-1,0,0,0,0,0,0,0,0,[0|0],10070200,5.2,0,-1,0,0,-1,1,1,1,1,1,1,1,1,0,0,0,0,0,0,0,0,0,0,0,0,0,0,0,0,0,0,0,0,0,0,0,0,0,[0|0],0,0,0,[0|0|0],0,0,0,-1,[0|0|0|0],1,250,0,0,0,-1,-1,-1,-1,-1,-1,-1,-1,-1,-1,0,0,0,0,0,0,0,0,0,-1,[0|0],360,0,0,0,[0|0|0],0,0,0,0,0,-1,-1,-1,-1,-1,-1,[0|0|0|0],0,0,0,0,0,[0|0|0],0,0,0,0,0,0,0,0,0,0,0,0,0,0,0,0,0,0,0,0,0,0,0,0,0,0,0,0,0,0,0,0,0,0,[0|0|0],0,0,0,0,2080,[0|0|0|0],1,0,0,1,0,[0|0|0],0,0,0,0,0,-1,-1,-1,-1,1,0,0,0,0,0,0,0,0,0,0,100,0,0,0,-1,0,0,0,0,0,1,0,0,0,0,0,0,1,1,1,1,0,0,-1,0,-1,0,0,0,0,1,0,0,0,0,0,0,0,0,1,1,0,0,0,0,-1,1,1,8020,0,0,0,0,0,0,1,-1,0,0,1,0,0,0,0,1,0,0,0,0,1,-1,[0|0|0|0|0|0|0|0|0|0|0|0|0|0|0|0|0|0|0|0|0|0|0|0|0|0|0|0]
15070500,HANDGUN - HG-005 ARNETT (Left),0,0,0,[0|0|0],10750,1008030,0,1790,0,0,0,0,0,0,0,0,100,0,0,0,-1,-1,-1,-1,-1,-1,-1,-1,-1,-1,-1,-1,-1,-1,-1,-1,-1,-1,-1,-1,-1,-1,-1,1,1,1,1,0,0,0,1521,0,100,100,0,-1,100,0,0,0,100,0,0,0,0,0,-1,16,0,0,7,3,19,0,0,0,100,0,0,999,0,0,0,0,0,0,0,0,0,0,0,0,0,0,0,0,0,0,0,0,0,0,1,1,0,1,0,0,0,0,0,0,0,0,0,0,1,0,1,0,0,0,0,0,0,0,0,1,0,1,1,1,1,0,0,100,1,1,0,0,-1,-1,-1,-1,-1,-1,-1,-1,-1,-1,-1,-1,-1,-1,-1,-1,-1,-1,-1,-1,-1,-1,-1,-1,0,0,100,0,0,0,0,0,0,0,0,0,0,0,1,1,0,0,0,0,0,0,0,0,0,0,0,0,0,0,0,-1,-1,-1,-1,-1,-1,-1,-1,-1,0,-1,0,0,-1,0,1,0,0,0,-1,-1,-1,0,[0|0|0|0],-1,-1,-1,-1,250,-1,-1,-1,1,1,1,1,1,1,1,1,1,-1,-1,-1,-1,-1,0,-1,0,1,0,0,0,0,1,1,1,1,0,0,-1,0,[0|0|0|0],6,0.5,1,[0|0|0|0],-1,0,0,[0|0|0|0|0|0|0|0],-1,-1,-1,-1,-1,[0|0|0|0],-1,-1,-1,[0|0|0|0|0|0|0|0],-1,-1,-1,[0|0|0|0|0|0|0|0],0,0,0,[0|0|0|0],185,-1,200,100,1,1,0,-1,1,0,0,1,170,0,-1,0,150,0,-1,[0|0|0|0],0,0,0,0,0,0,0,0,0,0,0,0,0,0,0,0,0,0,0,0,0,0,0,0,0,0,0,0,0,0,0,0,208,[0|0|0|0|0|0|0|0|0|0|0|0],0,0,0,0,0,0,0,0,0,0,0,0,0,0,-1,0,0,0,0,-1,-1,-1,-1,-1,-1,-1,-1,-1,-1,-1,-1,0,0,-1,0,0,0,0,0,0,0,0,[0|0],10070300,2.3,0,-1,0,0,-1,1,1,1,1,1,1,1,1,0,0,0,0,0,0,0,0,0,0,0,0,0,0,0,0,0,0,0,0,0,0,0,0,0,[0|0],0,0,0,[0|0|0],0,0,0,-1,[0|0|0|0],11,190,0,0,0,-1,-1,-1,-1,-1,-1,-1,-1,-1,-1,0,0,0,0,0,0,0,0,0,-1,[0|0],360,0,0,0,[0|0|0],0,0,0,0,0,-1,-1,-1,-1,-1,-1,[0|0|0|0],0,0,0,0,0,[0|0|0],0,0,0,0,0,0,0,0,0,0,0,0,0,0,0,0,0,0,0,0,0,0,0,0,0,0,0,0,0,0,0,0,0,0,[0|0|0],0,0,0,0,2080,[0|0|0|0],1,0,0,1,0,[0|0|0],0,0,0,0,0,-1,-1,-1,-1,1,0,0,0,0,0,0,0,0,0,0,100,0,0,0,-1,0,0,0,0,0,1,0,0,0,0,0,0,0,0,1,1,0,0,-1,0,-1,0,0,0,0,1,0,0,0,0,0,0,0,0,1,1,0,0,0,0,-1,1,1,8021,0,0,0,0,0,0,1,-1,0,0,1,0,0,0,0,1,0,0,0,0,1,-1,[0|0|0|0|0|0|0|0|0|0|0|0|0|0|0|0|0|0|0|0|0|0|0|0|0|0|0|0]
15070600,TESLA GUN - VX-660TG (Left),0,0,0,[0|0|0],10760,1021001,0,2670,0,0,0,0,0,0,0,0,100,0,0,0,-1,-1,-1,-1,-1,-1,-1,-1,-1,-1,-1,-1,-1,-1,-1,-1,-1,-1,-1,-1,-1,-1,-1,1,1,1,1,0,0,0,2222,0,100,100,0,-1,0,50,50,0,100,0,0,0,0,0,-1,16,0,0,7,0,19,0,0,0,100,0,0,999,0,0,0,0,0,0,0,0,0,0,0,0,0,0,0,0,0,0,0,0,0,0,1,1,0,1,0,0,0,0,0,0,0,0,0,0,1,0,1,0,0,0,0,0,0,0,0,1,0,1,1,1,1,0,0,100,1,1,0,0,-1,-1,-1,-1,-1,-1,-1,-1,-1,-1,-1,-1,-1,-1,-1,-1,-1,-1,-1,-1,-1,-1,-1,-1,0,0,100,0,0,0,0,0,0,0,0,0,0,0,1,1,0,0,0,0,0,0,0,0,0,0,0,0,0,0,0,-1,-1,-1,-1,-1,-1,-1,-1,-1,0,-1,0,0,-1,0,1,0,0,0,-1,-1,-1,0,[0|0|0|0],-1,-1,-1,-1,250,-1,-1,-1,1,1,1,1,1,1,1,1,1,-1,-1,-1,-1,-1,0,-1,0,1,0,0,0,0,1,1,1,1,0,0,-1,0,[0|0|0|0],-1,0.5,1,[0|0|0|0],-1,0,0,[0|0|0|0|0|0|0|0],-1,-1,-1,-1,-1,[0|0|0|0],-1,-1,-1,[0|0|0|0|0|0|0|0],-1,-1,-1,[0|0|0|0|0|0|0|0],0,0,0,[0|0|0|0],88,-1,9999,100,1,1,0,-1,1,0,0,1,601,0,-1,0,200,0,-1,[0|0|0|0],0,0,0,0,0,0,0,0,0,0,0,0,0,0,0,0,0,0,0,0,0,0,0,0,0,0,0,0,0,0,0,0,207,[0|0|0|0|0|0|0|0|0|0|0|0],0,0,0,0,0,0,0,0,0,0,0,0,0,0,-1,0,0,0,0,-1,-1,-1,-1,-1,-1,-1,-1,-1,-1,-1,-1,0,0,-1,0,0,0,0,0,0,0,0,[0|0],10070300,-1,0,-1,0,0,-1,1,1,1,1,1,1,1,1,0,0,0,0,0,0,0,0,0,0,0,0,0,0,0,0,0,0,0,0,0,0,0,0,0,[0|0],0,0,0,[0|0|0],0,0,0,-1,[0|0|0|0],20,281,0,0,0,-1,-1,-1,-1,-1,-1,-1,-1,-1,-1,0,0,0,0,0,0,0,0,0,-1,[0|0],360,0,0,0,[0|0|0],0,0,0,0,0,-1,-1,-1,-1,-1,-1,[0|0|0|0],0,0,0,0,0,[0|0|0],0,0,0,0,0,0,0,0,0,0,0,0,0,0,0,0,0,0,0,0,0,0,0,0,0,0,0,0,0,0,0,0,0,0,[0|0|0],0,0,0,0,2080,[0|0|0|0],1,0,0,1,0,[0|0|0],0,0,0,0,0,-1,-1,-1,-1,1,0,0,0,0,0,0,0,0,0,155,96,1,1.6,0,-1,0,0,0,0,0,1,0,0,0,0,0,0,0,0,1,1,0,0,-1,0,-1,0,0,0,0,1,0,0,0,0,0,0,0,0,1,1,0,0,0,0,-1,1,1,8021,0,0,0,0,0,0,1,-1,0,0,1,0,0,0,0,1,0,0,0,0,1,-1,[0|0|0|0|0|0|0|0|0|0|0|0|0|0|0|0|0|0|0|0|0|0|0|0|0|0|0|0]
15070700,HANDGUN - DF-HG-040 BING-CHILING (Left),0,0,0,[0|0|0],10770,1007999,0,620,0,0,0,0,0,0,0,0,100,0,0,0,-1,-1,-1,-1,-1,-1,-1,-1,-1,-1,-1,-1,-1,-1,-1,-1,-1,-1,-1,-1,-1,-1,-1,1,1,1,1,0,0,0,1831,0,100,100,0,-1,100,0,0,0,100,0,0,0,0,0,-1,16,0,0,7,3,19,0,0,0,100,0,0,999,0,0,0,0,0,0,0,0,0,0,0,0,0,0,0,0,0,0,0,0,0,0,1,1,0,1,0,0,0,0,0,0,0,0,0,0,1,0,1,0,0,0,0,0,0,0,0,1,0,1,1,1,1,0,0,100,1,1,0,0,-1,-1,-1,-1,-1,-1,-1,-1,-1,-1,-1,-1,-1,-1,-1,-1,-1,-1,-1,-1,-1,-1,-1,-1,0,0,100,0,0,0,0,0,0,0,0,0,0,0,1,1,0,0,0,0,0,0,0,0,0,0,0,0,0,0,0,-1,-1,-1,-1,-1,-1,-1,-1,-1,0,-1,0,0,-1,0,1,0,0,0,-1,-1,-1,0,[0|0|0|0],-1,-1,-1,-1,250,-1,-1,-1,1,1,1,1,1,1,1,1,1,-1,-1,-1,-1,-1,0,-1,0,1,0,0,0,0,1,1,1,1,0,0,-1,0,[0|0|0|0],10,0.5,1,[0|0|0|0],-1,0,0,[0|0|0|0|0|0|0|0],-1,-1,-1,-1,-1,[0|0|0|0],-1,-1,-1,[0|0|0|0|0|0|0|0],-1,-1,-1,[0|0|0|0|0|0|0|0],0,0,0,[0|0|0|0],2021,-1,200,100,1,1,0,-1,1,0,0,1,144,0,-1,0,5,0,-1,[0|0|0|0],0,0,0,0,0,0,0,0,0,0,0,0,0,0,0,0,0,0,0,0,0,0,0,0,0,0,0,0,0,0,0,0,207,[0|0|0|0|0|0|0|0|0|0|0|0],0,0,0,0,0,0,0,0,0,0,0,0,0,0,-1,0,0,0,0,-1,-1,-1,-1,-1,-1,-1,-1,-1,-1,-1,-1,0,0,-1,0,0,0,0,0,0,0,0,[0|0],10070200,1,0,-1,0,0,-1,1,1,1,1,1,1,1,1,0,0,0,0,0,0,0,0,0,0,0,0,0,0,0,0,0,0,0,0,0,0,0,0,0,[0|0],0,0,0,[0|0|0],0,0,0,-1,[0|0|0|0],12,190,0,0,0,-1,-1,-1,-1,-1,-1,-1,-1,-1,-1,0,0,0,0,0,0,0,0,0,-1,[0|0],360,0,0,0,[0|0|0],0,0,0,0,0,-1,-1,-1,-1,-1,-1,[0|0|0|0],0,0,0,0,0,[0|0|0],0,0,0,0,0,0,0,0,0,0,0,0,0,0,0,0,0,0,0,0,0,0,0,0,0,0,0,0,0,0,0,0,0,0,[0|0|0],0,0,0,0,2080,[0|0|0|0],1,0,0,1,0,[0|0|0],0,0,0,0,0,-1,-1,-1,-1,1,0,0,0,0,0,0,0,0,0,0,100,0,0,0,-1,0,0,0,0,0,1,0,0,0,0,0,0,0,0,1,1,0,0,-1,0,-1,0,0,0,0,1,0,0,0,0,0,0,0,0,1,1,0,0,0,0,-1,1,1,8020,0,0,0,0,0,0,1,-1,0,0,1,0,0,0,0,1,0,0,0,0,1,-1,[0|0|0|0|0|0|0|0|0|0|0|0|0|0|0|0|0|0|0|0|0|0|0|0|0|0|0|0]
15080000,JAMMING BOMB LAUNCHER - MA-T-223 KYORIKU (Left),0,0,0,[0|0|0],10800,1016000,0,2110,0,0,0,0,0,0,0,0,100,0,0,0,-1,-1,-1,-1,-1,-1,-1,-1,-1,-1,-1,-1,-1,-1,-1,-1,-1,-1,-1,-1,-1,-1,-1,1,1,1,1,0,0,0,2110,0,100,100,0,-1,0,0,100,0,100,0,0,0,0,0,-1,16,0,0,7,3,19,0,0,0,100,0,0,222,0,0,0,0,0,0,0,0,0,0,0,0,0,0,0,0,0,0,0,0,0,0,1,1,0,1,0,0,0,0,0,0,0,0,0,0,1,0,1,0,0,0,0,0,0,0,0,1,0,1,1,1,1,0,0,100,1,1,0,0,-1,-1,-1,-1,-1,-1,-1,-1,-1,-1,-1,-1,-1,-1,-1,-1,-1,-1,-1,-1,-1,-1,-1,-1,0,0,100,0,0,0,0,0,0,0,0,0,0,0,1,1,0,0,0,0,0,0,0,0,0,0,0,0,0,0,0,-1,-1,-1,-1,-1,-1,-1,-1,-1,0,-1,0,0,-1,0,1,0,0,0,-1,-1,-1,0,[0|0|0|0],-1,-1,-1,-1,100,-1,-1,-1,1,1,1,1,1,1,1,1,1,-1,-1,-1,-1,-1,0,-1,0,1,0,0,0,0,1,1,1,1,0,0,-1,0,[0|0|0|0],1,0.5,1,[0|0|0|0],-1,0,0,[0|0|0|0|0|0|0|0],-1,-1,-1,-1,-1,[0|0|0|0],-1,-1,-1,[0|0|0|0|0|0|0|0],-1,-1,-1,[0|0|0|0|0|0|0|0],0,0,0,[0|0|0|0],95,-1,99999,100,1,1,0,-1,1,0,0,1,52,0,-1,0,100,0,-1,[0|0|0|0],0,0,0,0,0,0,0,0,0,0,0,0,0,0,0,0,0,0,0,0,0,0,0,0,0,0,0,0,0,0,0,0,207,[0|0|0|0|0|0|0|0|0|0|0|0],0,0,0,0,0,0,0,0,0,0,0,0,0,0,-1,0,0,0,0,-1,-1,-1,-1,-1,-1,-1,-1,-1,-1,-1,-1,0,0,-1,0,1,0,0,0,0,0,0,[0|0],10080000,5.5,0.4,0.3,0.2,0,-1,1,1,1,1,1,1,1,1,0,0,0,0,0,0,0,0,0,0,0,0,0,0,0,0,0,0,0,0,0,0,0,0,0,[0|0],0.5,0,0,[0|0|0],0,0,0,-1,[0|0|0|0],15,290,0,0,0,-1,-1,-1,-1,-1,-1,-1,-1,-1,-1,0,0,0,0,0,0,0,0,0,-1,[0|0],360,0,0,0,[0|0|0],0,0,0,0,0,-1,-1,-1,-1,-1,-1,[0|0|0|0],0,0,0,0,0,[0|0|0],0,0,0,0,0,0,0,0,0,0,0,0,0,0,0,0,0,0,0,0,0,0,0,0,0,0,0,0,0,0,0,0,0,0,[0|0|0],0,0,0,0,2070,[0|0|0|0],1,0,1,1,0,[0|0|0],0,0,0,0,0,-1,-1,-1,-1,1,0,0,0,0,0,0,0,0,0,0,100,0,0,0,-1,0,0,2,0,0,1,0,0,0,0,0,1,0,0,1,1,0,0,-1,0,-1,0,0,0,0,1,0,0,0,0,0,0,0,0,1,1,0,0,0,0,-1,1,1,8022,0,0,0,0,0,0,1,-1,0,0,1,0,0,0,0,1,0,0,0,0,1,-1,[0|0|0|0|0|0|0|0|0|0|0|0|0|0|0|0|0|0|0|0|0|0|0|0|0|0|0|0]
15080500,BOMB LAUNCHER - MA-T-220 MORI (Left),0,0,0,[0|0|0],10850,1016000,0,2890,0,0,0,0,0,0,0,0,100,0,0,0,-1,-1,-1,-1,-1,-1,-1,-1,-1,-1,-1,-1,-1,-1,-1,-1,-1,-1,-1,-1,-1,-1,-1,1,1,1,1,0,0,0,2110,0,100,100,0,-1,0,0,100,0,100,0,0,0,0,0,-1,16,0,0,7,3,19,0,0,0,100,0,0,222,0,0,0,0,0,0,0,0,0,0,0,0,0,0,0,0,0,0,0,0,0,0,1,1,0,1,0,0,0,0,0,0,0,0,0,0,1,0,1,0,0,0,0,0,0,0,0,1,0,1,1,1,1,0,0,100,1,1,0,0,-1,-1,-1,-1,-1,-1,-1,-1,-1,-1,-1,-1,-1,-1,-1,-1,-1,-1,-1,-1,-1,-1,-1,-1,0,0,100,0,0,0,0,0,0,0,0,0,0,0,1,1,0,0,0,0,0,0,0,0,0,0,0,0,0,0,0,-1,-1,-1,-1,-1,-1,-1,-1,-1,0,-1,0,0,-1,0,1,0,0,0,-1,-1,-1,0,[0|0|0|0],-1,-1,-1,-1,100,-1,-1,-1,1,1,1,1,1,1,1,1,1,-1,-1,-1,-1,-1,0,-1,0,1,0,0,0,0,1,1,1,1,0,0,-1,0,[0|0|0|0],3,0.5,1,[0|0|0|0],-1,0,0,[0|0|0|0|0|0|0|0],-1,-1,-1,-1,-1,[0|0|0|0],-1,-1,-1,[0|0|0|0|0|0|0|0],-1,-1,-1,[0|0|0|0|0|0|0|0],0,0,0,[0|0|0|0],62,-1,99999,100,1,1,0,-1,1,0,0,1,95,0,-1,0,300,0,-1,[0|0|0|0],0,0,0,0,0,0,0,0,0,0,0,0,0,0,0,0,0,0,0,0,0,0,0,0,0,0,0,0,0,0,0,0,207,[0|0|0|0|0|0|0|0|0|0|0|0],0,0,0,0,0,0,0,0,0,0,0,0,0,0,-1,0,0,0,0,-1,-1,-1,-1,-1,-1,-1,-1,-1,-1,-1,-1,0,0,-1,0,1,0,0,0,0,0,0,[0|0],10080000,6.2,0.8,0.1,0.1,0,-1,1,1,1,1,1,1,1,1,0,0,0,0,0,0,0,0,0,0,0,0,0,0,0,0,0,0,0,0,0,0,0,0,0,[0|0],0.5,0,0,[0|0|0],0,0,0,-1,[0|0|0|0],15,300,0,0,0,-1,-1,-1,-1,-1,-1,-1,-1,-1,-1,0,0,0,0,0,0,0,0,0,-1,[0|0],360,0,0,0,[0|0|0],0,0,0,0,0,-1,-1,-1,-1,-1,-1,[0|0|0|0],0,0,0,0,0,[0|0|0],0,0,0,0,0,0,0,0,0,0,0,0,0,0,0,0,0,0,0,0,0,0,0,0,0,0,0,0,0,0,0,0,0,0,[0|0|0],0,0,0,0,2070,[0|0|0|0],1,0,1,1,0,[0|0|0],0,0,0,0,0,-1,-1,-1,-1,1,0,0,0,0,0,0,0,0,0,0,100,0,0,0,-1,0,2,0,0,0,1,1,2,2,2,0,2,0,0,1,1,0,1,-1,0,-1,1,0,0,0,1,1,1,1,1,0,1,0,0,1,1,0,0,0,0,-1,1,1,8022,0,0,0,0,0,0,1,-1,0,0,1,0,0,0,0,1,0,0,0,0,1,-1,[0|0|0|0|0|0|0|0|0|0|0|0|0|0|0|0|0|0|0|0|0|0|0|0|0|0|0|0]
15080100,NAPLAM BOMB LAUNCHER - MA-T-222 KYORAI (Left),0,0,0,[0|0|0],10815,1015000,0,2890,0,0,0,0,0,0,0,0,100,0,0,0,-1,-1,-1,-1,-1,-1,-1,-1,-1,-1,-1,-1,-1,-1,-1,-1,-1,-1,-1,-1,-1,-1,-1,1,1,1,1,0,0,0,2120,0,100,100,0,-1,0,0,100,0,100,0,0,0,0,0,-1,16,0,0,7,3,19,0,0,0,100,0,0,999,0,0,0,0,0,0,0,0,0,0,0,0,0,0,0,0,0,0,0,0,0,0,1,1,0,1,0,0,0,0,0,0,0,0,0,0,1,0,1,0,0,0,0,0,0,0,0,1,0,1,1,1,1,0,0,100,1,1,0,0,-1,-1,-1,-1,-1,-1,-1,-1,-1,-1,-1,-1,-1,-1,-1,-1,-1,-1,-1,-1,-1,-1,-1,-1,0,0,100,0,0,0,0,0,0,0,0,0,0,0,1,1,0,0,0,0,0,0,0,0,0,0,0,0,0,0,0,-1,-1,-1,-1,-1,-1,-1,-1,-1,0,-1,0,0,-1,0,1,0,0,0,-1,-1,-1,0,[0|0|0|0],-1,-1,-1,-1,100,-1,-1,-1,1,1,1,1,1,1,1,1,1,-1,-1,-1,-1,-1,0,-1,0,1,0,0,0,0,1,1,1,1,0,0,-1,0,[0|0|0|0],3,0.5,1,[0|0|0|0],-1,0,0,[0|0|0|0|0|0|0|0],-1,-1,-1,-1,-1,[0|0|0|0],-1,-1,-1,[0|0|0|0|0|0|0|0],-1,-1,-1,[0|0|0|0|0|0|0|0],0,0,0,[0|0|0|0],90,-1,99999,100,1,1,0,-1,1,0,0,1,60,0,-1,0,200,0,-1,[0|0|0|0],0,0,0,0,0,0,0,0,0,0,0,0,0,0,0,0,0,0,0,0,0,0,0,0,0,0,0,0,0,0,0,0,207,[0|0|0|0|0|0|0|0|0|0|0|0],0,0,0,0,0,0,0,0,0,0,0,0,0,0,-1,0,0,0,0,-1,-1,-1,-1,-1,-1,-1,-1,-1,-1,-1,-1,0,0,-1,0,1,0,0,0,0,0,0,[0|0],10080100,2.3,0.4,0.3,0.2,0,-1,1,1,1,1,1,1,1,1,0,0,0,0,0,0,0,0,0,0,0,0,0,0,0,0,0,0,0,0,0,0,0,0,0,[0|0],0.4,0,0,[0|0|0],0,0,0,-1,[0|0|0|0],15,300,0,0,0,-1,-1,-1,-1,-1,-1,-1,-1,-1,-1,0,0,0,0,0,0,0,0,0,-1,[0|0],360,0,0,0,[0|0|0],0,0,0,0,0,-1,-1,-1,-1,-1,-1,[0|0|0|0],0,0,0,0,0,[0|0|0],0,0,0,0,0,0,0,0,0,0,0,0,0,0,0,0,0,0,0,0,0,0,0,0,0,0,0,0,0,0,0,0,0,0,[0|0|0],0,0,0,0,2070,[0|0|0|0],1,0,1,1,0,[0|0|0],0,0,0,0,0,-1,-1,-1,-1,1,0,0,0,0,0,0,0,0,0,0,100,0,0,0,-1,0,1,2,0,0,1,1,1,1,1,1,1,0,0,1,1,0,0,-1,0,-1,0,0,0,0,1,0,0,0,0,0,0,0,0,1,1,0,0,0,0,-1,1,1,8023,0,0,1,0,0,0,1,-1,0,0,1,3,0,3,3,1,0,0,0,0,1,-1,[0|0|0|0|0|0|0|0|0|0|0|0|0|0|0|0|0|0|0|0|0|0|0|0|0|0|0|0]
15080600,TAR BOMB LAUNCHER - TAR (Left),0,0,0,[0|0|0],10855,1015020,0,2900,0,0,0,0,0,0,0,0,100,0,0,0,-1,-1,-1,-1,-1,-1,-1,-1,-1,-1,-1,-1,-1,-1,-1,-1,-1,-1,-1,-1,-1,-1,-1,1,1,1,1,0,0,0,1118,0,100,100,0,-1,100,0,100,0,100,0,0,0,0,0,-1,16,0,0,7,3,19,0,0,0,100,0,0,999,0,0,0,0,0,0,0,0,0,0,0,0,0,0,0,0,0,0,0,0,0,0,1,1,0,1,0,0,0,0,0,0,0,0,0,0,1,0,1,0,0,0,0,0,0,0,0,1,0,1,1,1,1,0,0,100,1,1,0,0,-1,-1,-1,-1,-1,-1,-1,-1,-1,-1,-1,-1,-1,-1,-1,-1,-1,-1,-1,-1,-1,-1,-1,-1,0,0,100,0,0,0,0,0,0,0,0,0,0,0,1,1,0,0,0,0,0,0,0,0,0,0,0,0,0,0,0,-1,-1,-1,-1,-1,-1,-1,-1,-1,0,-1,0,0,-1,0,1,0,0,0,-1,-1,-1,0,[0|0|0|0],-1,-1,-1,-1,100,-1,-1,-1,1,1,1,1,1,1,1,1,1,-1,-1,-1,-1,-1,0,-1,0,1,0,0,0,0,1,1,1,1,0,0,-1,0,[0|0|0|0],6,0.5,1,[0|0|0|0],-1,0,0,[0|0|0|0|0|0|0|0],-1,-1,-1,-1,-1,[0|0|0|0],-1,-1,-1,[0|0|0|0|0|0|0|0],-1,-1,-1,[0|0|0|0|0|0|0|0],0,0,0,[0|0|0|0],120,-1,99999,100,1,1,0,-1,1,0,0,1,88,0,-1,0,130,0,-1,[0|0|0|0],0,0,0,0,0,0,0,0,0,0,0,0,0,0,0,0,0,0,0,0,0,0,0,0,0,0,0,0,0,0,0,0,207,[0|0|0|0|0|0|0|0|0|0|0|0],0,0,0,0,0,0,0,0,0,0,0,0,0,0,-1,0,0,0,0,-1,-1,-1,-1,-1,-1,-1,-1,-1,-1,-1,-1,0,0,-1,0,1,0,0,0,0,0,0,[0|0],10080100,4,0.55,0.35,0.25,0,-1,1,1,1,1,1,1,1,1,0,0,0,0,0,0,0,0,0,0,0,0,0,0,0,0,0,0,0,0,0,0,0,0,0,[0|0],0.4,0,0,[0|0|0],0,0,0,-1,[0|0|0|0],1,301,0,0,0,-1,-1,-1,-1,-1,-1,-1,-1,-1,-1,0,0,0,0,0,0,0,0,0,-1,[0|0],360,0,0,0,[0|0|0],0,0,0,0,0,-1,-1,-1,-1,-1,-1,[0|0|0|0],0,0,0,0,0,[0|0|0],0,0,0,0,0,0,0,0,0,0,0,0,0,0,0,0,0,0,0,0,0,0,0,0,0,0,0,0,0,0,0,0,0,0,[0|0|0],0,0,0,0,2070,[0|0|0|0],1,0,1,1,0,[0|0|0],0,0,0,0,0,-1,-1,-1,-1,1,0,0,0,0,0,0,0,0,0,0,100,0,0,0,-1,0,1,2,0,0,1,1,1,1,1,1,1,0,0,1,1,0,0,-1,0,-1,0,0,0,0,1,0,0,0,0,0,0,0,0,1,1,0,0,0,0,-1,1,1,8023,0,0,1,0,0,0,1,-1,0,0,1,3,0,3,3,1,0,0,0,0,1,-1,[0|0|0|0|0|0|0|0|0|0|0|0|0|0|0|0|0|0|0|0|0|0|0|0|0|0|0|0]
15080200,STUN BOMB LAUNCHER - WS-1200 THERAPIST (Left),0,0,0,[0|0|0],10825,1017000,0,3180,0,0,0,0,0,0,0,0,100,0,0,0,-1,-1,-1,-1,-1,-1,-1,-1,-1,-1,-1,-1,-1,-1,-1,-1,-1,-1,-1,-1,-1,-1,-1,1,1,1,1,0,0,0,2130,0,100,100,0,-1,0,100,0,0,100,0,0,0,0,0,-1,16,0,0,7,3,19,0,0,0,100,0,0,999,0,0,0,0,0,0,0,0,0,0,0,0,0,0,0,0,0,0,0,0,0,0,1,1,0,1,0,0,0,0,0,0,0,0,0,0,1,0,1,0,0,0,0,0,0,0,0,1,0,1,1,1,1,0,0,100,1,1,0,0,-1,-1,-1,-1,-1,-1,-1,-1,-1,-1,-1,-1,-1,-1,-1,-1,-1,-1,-1,-1,-1,-1,-1,-1,0,0,100,0,0,0,0,0,0,0,0,0,0,0,1,1,0,0,0,0,0,0,0,0,0,0,0,0,0,0,0,-1,-1,-1,-1,-1,-1,-1,-1,-1,0,-1,0,0,-1,0,1,0,0,0,-1,-1,-1,0,[0|0|0|0],-1,-1,-1,-1,100,-1,-1,-1,1,1,1,1,1,1,1,1,1,-1,-1,-1,-1,-1,0,-1,0,1,0,0,0,0,1,1,1,1,0,0,-1,0,[0|0|0|0],3,0.5,1,[0|0|0|0],-1,0,0,[0|0|0|0|0|0|0|0],-1,-1,-1,-1,-1,[0|0|0|0],-1,-1,-1,[0|0|0|0|0|0|0|0],-1,-1,-1,[0|0|0|0|0|0|0|0],0,0,0,[0|0|0|0],108,-1,99999,100,1,1,0,-1,1,0,0,1,82,0,-1,0,150,0,-1,[0|0|0|0],0,0,0,0,0,0,0,0,0,0,0,0,0,0,0,0,0,0,0,0,0,0,0,0,0,0,0,0,0,0,0,0,207,[0|0|0|0|0|0|0|0|0|0|0|0],0,0,0,0,0,0,0,0,0,0,0,0,0,0,-1,0,0,0,0,-1,-1,-1,-1,-1,-1,-1,-1,-1,-1,-1,-1,0,0,-1,0,0,0,0,0,0,0,0,[0|0],10080200,2.5,0.4,0.3,0.2,0,-1,1,1,1,1,1,1,1,1,0,0,0,0,0,0,0,0,0,0,0,0,0,0,0,0,0,0,0,0,0,0,0,0,0,[0|0],0.3,0,0,[0|0|0],0,0,0,-1,[0|0|0|0],6,310,0,0,0,-1,-1,-1,-1,-1,-1,-1,-1,-1,-1,0,0,0,0,0,0,0,0,0,-1,[0|0],360,0,0,0,[0|0|0],0,0,0,0,0,-1,-1,-1,-1,-1,-1,[0|0|0|0],0,0,0,0,0,[0|0|0],0,0,0,0,0,0,0,0,0,0,0,0,0,0,0,0,0,0,0,0,0,0,0,0,0,0,0,0,0,0,0,0,0,0,[0|0|0],0,0,0,0,2070,[0|0|0|0],1,0,0,1,0,[0|0|0],0,0,0,0,0,-1,-1,-1,-1,1,0,0,0,0,0,0,0,0,0,0,100,0,0,0,-1,0,1,0,1,0,3,1,1,1,1,0,1,0,0,1,1,0,0,-1,0,-1,0,0,0,0,1,0,0,0,0,0,0,0,0,1,1,0,0,0,0,-1,1,1,8024,0,0,0,0,0,0,1,-1,0,0,1,0,0,0,0,1,0,0,0,0,1,-1,[0|0|0|0|0|0|0|0|0|0|0|0|0|0|0|0|0|0|0|0|0|0|0|0|0|0|0|0]
15080300,DRONE LAUNCHER - Vvc-761DL (Left),0,0,0,[0|0|0],10835,1016000,0,3170,0,0,0,0,0,0,0,0,100,0,0,0,-1,-1,-1,-1,-1,-1,-1,-1,-1,-1,-1,-1,-1,-1,-1,-1,-1,-1,-1,-1,-1,-1,-1,1,1,1,1,0,0,0,2111,0,100,100,0,-1,0,100,0,0,100,0,0,0,0,0,-1,16,0,0,7,0,19,0,0,0,100,0,0,222,0,0,0,0,0,0,0,0,0,0,0,0,0,0,0,0,0,0,0,0,0,0,1,1,0,1,0,0,0,0,0,0,0,0,0,0,1,0,1,0,0,0,0,0,0,0,0,1,0,1,1,1,1,0,0,100,1,1,0,0,-1,-1,-1,-1,-1,-1,-1,-1,-1,-1,-1,-1,-1,-1,-1,-1,-1,-1,-1,-1,-1,-1,-1,-1,0,0,100,0,0,0,0,0,0,0,0,0,0,0,1,1,0,0,0,0,0,0,0,0,0,0,0,0,0,0,0,-1,-1,-1,-1,-1,-1,-1,-1,-1,0,-1,0,0,-1,0,1,0,0,0,-1,-1,-1,0,[0|0|0|0],-1,-1,-1,-1,100,-1,-1,-1,1,1,1,1,1,1,1,1,1,-1,-1,-1,-1,-1,0,-1,0,1,0,0,0,0,1,1,1,1,0,0,-1,0,[0|0|0|0],5,0.5,1,[0|0|0|0],-1,0,0,[0|0|0|0|0|0|0|0],-1,-1,-1,-1,-1,[0|0|0|0],-1,-1,-1,[0|0|0|0|0|0|0|0],-1,-1,-1,[0|0|0|0|0|0|0|0],0,0,0,[0|0|0|0],120,-1,99999,100,1,1,0,-1,1,0,0,1,187,0,-1,0,100,0,-1,[0|0|0|0],0,0,0,0,0,0,0,0,0,0,0,0,0,0,0,0,0,0,0,0,0,0,0,0,0,0,0,0,0,0,0,0,207,[0|0|0|0|0|0|0|0|0|0|0|0],0,0,0,0,0,0,0,0,0,0,0,0,0,0,-1,0,0,0,0,-1,-1,-1,-1,-1,-1,-1,-1,-1,-1,-1,-1,0,0,-1,0,1,0,0,0,0,0,0,[0|0],10080000,9.8,0.4,0.3,0.2,0,-1,1,1,1,1,1,1,1,1,0,0,0,0,0,0,0,0,0,0,0,0,0,0,0,0,0,0,0,0,0,0,0,0,0,[0|0],0.5,0,0,[0|0|0],0,0,0,-1,[0|0|0|0],9,291,0,0,0,-1,-1,-1,-1,-1,-1,-1,-1,-1,-1,0,0,0,0,0,0,0,0,0,-1,[0|0],360,0,0,0,[0|0|0],0,0,0,0,0,-1,-1,-1,-1,-1,-1,[0|0|0|0],0,0,0,0,0,[0|0|0],0,0,0,0,0,0,0,0,0,0,0,0,0,0,0,0,0,0,0,0,0,0,0,0,0,0,0,0,0,0,0,0,0,0,[0|0|0],0,0,0,0,2070,[0|0|0|0],1,0,1,1,0,[0|0|0],0,0,0,0,0,-1,-1,-1,-1,1,0,0,0,0,0,0,0,0,0,0,100,0,0,0,-1,0,4,1,4,1,3,4,4,4,4,0,4,4,4,1,1,0,0,-1,0,100,4,2,0,1,1,4,4,4,0,0,0,0,0,1,1,0,0,0,0,-1,1,1,8022,0,0,0,0,0,0,1,-1,0,0,1,0,0,0,0,1,0,0,0,0,1,-1,[0|0|0|0|0|0|0|0|0|0|0|0|0|0|0|0|0|0|0|0|0|0|0|0|0|0|0|0]
15080400,PULSE BOMB LAUNCHER - HI-25: GU-B7 (Left),0,0,0,[0|0|0],10840,1016000,0,3110,0,0,0,0,0,0,0,0,100,0,0,0,-1,-1,-1,-1,-1,-1,-1,-1,-1,-1,-1,-1,-1,-1,-1,-1,-1,-1,-1,-1,-1,-1,-1,1,1,1,1,0,0,0,2112,0,100,100,0,-1,0,100,0,0,100,0,0,0,0,0,-1,16,0,0,7,0,19,0,0,0,100,0,0,222,0,0,0,0,0,0,0,0,0,0,0,0,0,0,0,0,0,0,0,0,0,0,1,1,0,1,0,0,0,0,0,0,0,0,0,0,1,0,1,0,0,0,0,0,0,0,0,1,0,1,1,1,1,0,0,100,1,1,0,0,-1,-1,-1,-1,-1,-1,-1,-1,-1,-1,-1,-1,-1,-1,-1,-1,-1,-1,-1,-1,-1,-1,-1,-1,0,0,100,0,0,0,0,0,0,0,0,0,0,0,1,1,0,0,0,0,0,0,0,0,0,0,0,0,0,0,0,-1,-1,-1,-1,-1,-1,-1,-1,-1,0,-1,0,0,-1,0,1,0,0,0,-1,-1,-1,0,[0|0|0|0],-1,-1,-1,-1,100,-1,-1,-1,1,1,1,1,1,1,1,1,1,-1,-1,-1,-1,-1,0,-1,0,1,0,0,0,0,1,1,1,1,0,0,-1,0,[0|0|0|0],1,0.5,1,[0|0|0|0],-1,0,0,[0|0|0|0|0|0|0|0],-1,-1,-1,-1,-1,[0|0|0|0],-1,-1,-1,[0|0|0|0|0|0|0|0],-1,-1,-1,[0|0|0|0|0|0|0|0],0,0,0,[0|0|0|0],19,-1,99999,100,1,1,0,-1,1,0,0,1,414,0,-1,0,100,0,-1,[0|0|0|0],0,0,0,0,0,0,0,0,0,0,0,0,0,0,0,0,0,0,0,0,0,0,0,0,0,0,0,0,0,0,0,0,207,[0|0|0|0|0|0|0|0|0|0|0|0],0,0,0,0,0,0,0,0,0,0,0,0,0,0,-1,0,0,0,0,-1,-1,-1,-1,-1,-1,-1,-1,-1,-1,-1,-1,0,0,-1,0,1,0,0,0,0,0,0,[0|0],10080000,6.5,1,0.3,0.2,0,-1,1,1,1,1,1,1,1,1,0,0,0,0,0,0,0,0,0,0,0,0,0,0,0,0,0,0,0,0,0,0,0,0,0,[0|0],0.5,0,0,[0|0|0],0,1,0,-1,[0|0|0|0],17,292,0,0,0,-1,-1,-1,-1,-1,-1,-1,-1,-1,-1,0,0,0,0,0,0,0,0,0,-1,[0|0],360,0,0,0,[0|0|0],0,0,0,0,0,-1,-1,-1,-1,-1,-1,[0|0|0|0],0,0,0,0,0,[0|0|0],0,0,0,0,0,0,0,0,0,0,0,0,0,0,0,0,0,0,0,0,0,0,0,0,0,0,0,0,0,0,0,0,0,0,[0|0|0],0,0,0,0,2070,[0|0|0|0],1,0,1,1,0,[0|0|0],0,0,0,0,0,-1,-1,-1,-1,1,0,0,0,0,0,0,0,0,0,0,100,0,0,0,-1,0,1,0,0,0,1,0,0,0,0,0,1,0,0,1,1,0,0,-1,0,-1,0,0,0,0,1,0,0,0,0,0,0,0,0,1,1,0,0,0,0,-1,1,1,8022,0,0,0,0,0,0,1,-1,0,0,1,0,0,0,0,1,0,0,0,0,1,-1,[0|0|0|0|0|0|0|0|0|0|0|0|0|0|0|0|0|0|0|0|0|0|0|0|0|0|0|0]
15090000,MISSILE LAUNCHER - HML-G2/P19MLT-04 (Left),0,0,0,[0|0|0],10900,1026000,0,3250,0,0,0,0,0,0,0,0,100,0,0,0,-1,-1,-1,-1,-1,-1,-1,-1,-1,-1,-1,-1,-1,-1,-1,-1,-1,-1,-1,-1,-1,-1,-1,1,1,1,1,0,0,0,2210,0,100,100,0,-1,0,0,100,0,100,0,0,0,0,0,-1,16,0,0,7,3,22,0,0,0,100,0,0,999,0,0,0,0,0,0,0,0,0,0,0,0,0,0,0,0,0,0,0,0,0,0,1,1,0,1,0,0,0,0,0,0,0,0,0,0,1,0,1,0,0,0,0,0,0,0,0,1,0,1,1,1,1,0,0,100,1,1,0,0,-1,-1,-1,-1,-1,-1,-1,-1,-1,-1,-1,-1,-1,-1,-1,-1,-1,-1,-1,-1,-1,-1,-1,-1,0,0,100,0,0,0,0,0,0,0,0,0,0,0,1,1,0,0,0,0,0,0,0,0,0,0,0,0,0,0,0,-1,-1,-1,-1,-1,-1,-1,-1,-1,0,-1,0,0,-1,0,1,0,0,0,-1,-1,-1,0,[0|0|0|0],-1,-1,-1,-1,220,-1,-1,-1,1,1,1,1,1,1,1,1,1,-1,-1,-1,-1,-1,0,-1,0,1,0,0,0,0,1,1,1,1,0,0,-1,0,[0|0|0|0],4,0.5,1,[0|0|0|0],-1,0,0,[0|0|0|0|0|0|0|0],-1,-1,-1,-1,-1,[0|0|0|0],-1,-1,-1,[0|0|0|0|0|0|0|0],-1,-1,-1,[0|0|0|0|0|0|0|0],0,0,0,[0|0|0|0],180,-1,500,100,1,1,0,-1,1,0,0,6,165,0,-1,0,150,0,-1,[0|0|0|0],0,0,0,0,0,0,0,0,0,0,0,0,0,0,0,0,0,0,0,0,0,0,0,0,0,0,0,0,0,0,0,0,209,[0|0|0|0|0|0|0|0|0|0|0|0],0,0,0,0,0,0,0,0,0,0,0,0,0,0,-1,0,0,0,0,-1,-1,-1,-1,-1,-1,-1,-1,-1,-1,-1,-1,0,0,-1,0,0,0,0,0,0,0,0,[0|0],10090000,3.6,0,-1,0,0,-1,1,1,1,1,1,1,1,1,0,0,0,0,0,0,0,0,0,0,0,0,0,0,0,0,0,0,0,0,0,0,0,0,0,[0|0],1.6,0,0,[0|0|0],0,0,0,-1,[0|0|0|0],16,250,0,0,0,-1,-1,-1,-1,-1,-1,-1,-1,-1,-1,0,0,0,0,0,0,0,0,0,-1,[0|0],360,0,0,0,[0|0|0],0,0,0,0,0,-1,-1,-1,-1,-1,-1,[0|0|0|0],0,0,0,0,0,[0|0|0],0,0,0,0,0,0,0,0,0,0,0,0,0,0,0,0,0,0,0,0,0,0,0,0,0,0,0,0,0,0,0,0,0,0,[0|0|0],0,0,0,0,2090,[0|0|0|0],1,0,0,1,0,[0|0|0],0,0,0,0,0,-1,-1,-1,-1,1,0,0,0,0,0,0,0,0,0,0,100,0,0,0,-1,0,0,3,0,0,1,0,0,0,0,0,0,0,0,1,1,0,0,-1,0,-1,0,2,0,0,1,0,0,0,0,0,0,0,0,1,1,0,0,0,0,-1,1,1,8025,0,0,0,0,0,0,1,-1,0,0,1,0,0,0,0,1,0,0,0,0,1,-1,[0|0|0|0|0|0|0|0|0|0|0|0|0|0|0|0|0|0|0|0|0|0|0|0|0|0|0|0]
15090100,SPLIT MISSILE LAUNCHER - HML-G3/P08SPL-06 (Left),0,0,0,[0|0|0],10910,1027000,0,4630,0,0,0,0,0,0,0,0,100,0,0,0,-1,-1,-1,-1,-1,-1,-1,-1,-1,-1,-1,-1,-1,-1,-1,-1,-1,-1,-1,-1,-1,-1,-1,1,1,1,1,0,0,0,2220,0,100,100,0,-1,0,0,100,0,100,0,0,0,0,0,-1,16,0,0,7,3,22,0,0,0,100,0,0,999,0,0,0,0,0,0,0,0,0,0,0,0,0,0,0,0,0,0,0,0,0,0,1,1,0,1,0,0,0,0,0,0,0,0,0,0,1,0,1,0,0,0,0,0,0,0,0,1,0,1,1,1,1,0,0,100,1,1,0,0,-1,-1,-1,-1,-1,-1,-1,-1,-1,-1,-1,-1,-1,-1,-1,-1,-1,-1,-1,-1,-1,-1,-1,-1,0,0,100,0,0,0,0,0,0,0,0,0,0,0,1,1,0,0,0,0,0,0,0,0,0,0,0,0,0,0,0,-1,-1,-1,-1,-1,-1,-1,-1,-1,0,-1,0,0,-1,0,1,0,0,0,-1,-1,-1,0,[0|0|0|0],-1,-1,-1,-1,220,-1,-1,-1,1,1,1,1,1,1,1,1,1,-1,-1,-1,-1,-1,0,-1,0,1,0,0,0,0,1,1,1,1,0,0,-1,0,[0|0|0|0],1,0.5,1,[0|0|0|0],-1,0,0,[0|0|0|0|0|0|0|0],-1,-1,-1,-1,-1,[0|0|0|0],-1,-1,-1,[0|0|0|0|0|0|0|0],-1,-1,-1,[0|0|0|0|0|0|0|0],0,0,0,[0|0|0|0],38,-1,500,100,1,1,0,-1,1,0,0,6,180,0,-1,0,650,0,-1,[0|0|0|0],0,0,0,0,0,0,0,0,0,0,0,0,0,0,0,0,0,0,0,0,0,0,0,0,0,0,0,0,0,0,0,0,210,[0|0|0|0|0|0|0|0|0|0|0|0],0,0,0,0,0,0,0,0,0,0,0,0,0,0,-1,0,0,0,0,-1,-1,-1,-1,-1,-1,-1,-1,-1,-1,-1,-1,0,0,-1,0,0,0,0,0,0,0,0,[0|0],10090100,4,0,-1,0,0,-1,1,1,1,1,1,1,1,1,0,0,0,0,0,0,0,0,0,0,0,0,0,0,0,0,0,0,0,0,0,0,0,0,0,[0|0],0,0,0,[0|0|0],0,0,0,-1,[0|0|0|0],16,260,0,0,0,-1,-1,-1,-1,-1,-1,-1,-1,-1,-1,0,0,0,0,0,0,0,0,0,-1,[0|0],360,0,0,0,[0|0|0],0,0,0,0,0,-1,-1,-1,-1,-1,-1,[0|0|0|0],0,0,0,0,0,[0|0|0],0,0,0,0,0,0,0,0,0,0,0,0,0,0,0,0,0,0,0,0,0,0,0,0,0,0,0,0,0,0,0,0,0,0,[0|0|0],0,0,0,0,2100,[0|0|0|0],1,0,0,1,0,[0|0|0],0,0,0,0,0,-1,-1,-1,-1,1,0,0,0,0,0,0,0,0,0,0,100,0,0,0,-1,0,1,0,1,1,1,1,1,1,1,1,1,1,1,1,1,0,0,-1,1,-1,1,0,1,1,1,0,0,0,0,0,0,0,0,1,1,0,0,0,0,-1,1,1,8026,0,0,0,0,0,0,1,-1,0,0,1,0,0,0,0,1,0,0,0,0,1,-1,[0|0|0|0|0|0|0|0|0|0|0|0|0|0|0|0|0|0|0|0|0|0|0|0|0|0|0|0]
15090200,PLASMA MISSILE LAUNCHER - M-MOD_3 VESTIGIUM (Left),0,0,0,[0|0|0],10925,1028011,0,3870,0,0,0,0,0,0,0,0,100,0,0,0,-1,-1,-1,-1,-1,-1,-1,-1,-1,-1,-1,-1,-1,-1,-1,-1,-1,-1,-1,-1,-1,-1,-1,1,1,1,1,0,0,0,2228,0,100,100,0,-1,0,100,0,0,100,0,0,0,0,0,-1,16,0,0,7,3,22,0,0,0,100,0,0,222,0,0,0,0,0,0,0,0,0,0,0,0,0,0,0,0,0,0,0,0,0,0,1,1,0,1,0,0,0,0,0,0,0,0,0,0,1,0,1,0,0,0,0,0,0,0,0,1,0,1,1,1,1,0,0,100,1,1,0,0,-1,-1,-1,-1,-1,-1,-1,-1,-1,-1,-1,-1,-1,-1,-1,-1,-1,-1,-1,-1,-1,-1,-1,-1,0,0,100,0,0,0,0,0,0,0,0,0,0,0,1,1,0,0,0,0,0,0,0,0,0,0,0,0,0,0,0,-1,-1,-1,-1,-1,-1,-1,-1,-1,0,-1,0,0,-1,0,1,0,0,0,-1,-1,-1,0,[0|0|0|0],-1,-1,-1,-1,220,-1,-1,-1,1,1,1,1,1,1,1,1,1,-1,-1,-1,-1,-1,0,-1,0,1,0,0,0,0,1,1,1,1,0,0,-1,0,[0|0|0|0],4,0.5,1,[0|0|0|0],-1,0,0,[0|0|0|0|0|0|0|0],-1,-1,-1,-1,-1,[0|0|0|0],-1,-1,-1,[0|0|0|0|0|0|0|0],-1,-1,-1,[0|0|0|0|0|0|0|0],0,0,0,[0|0|0|0],160,-1,500,100,1,1,0,-1,1,0,0,6,235,0,-1,0,100,0,-1,[0|0|0|0],0,0,0,0,0,0,0,0,0,0,0,0,0,0,0,0,0,0,0,0,0,0,0,0,0,0,0,0,0,0,0,0,207,[0|0|0|0|0|0|0|0|0|0|0|0],0,0,0,0,0,0,0,0,0,0,0,0,0,0,-1,0,0,0,0,-1,-1,-1,-1,-1,-1,-1,-1,-1,-1,-1,-1,0,0,-1,0,0,0,0,0,0,0,0,[0|0],10300000,3.7,1.2,0.2,0.3,0,-1,1,1,1,1,1,1,1,1,0,0,0,0,0,0,0,0,0,0,0,0,0,0,0,0,0,0,0,0,0,0,0,0,0,[0|0],0,0,0,[0|0|0],0,0,0,-1,[0|0|0|0],5,501,0,0,0,-1,-1,-1,-1,-1,-1,-1,-1,-1,-1,0,0,0,0,0,0,0,0,0,-1,[0|0],360,0,0,0,[0|0|0],0,0,0,0,0,-1,-1,-1,-1,-1,-1,[0|0|0|0],0,0,0,0,0,[0|0|0],0,0,0,0,0,0,0,0,0,0,0,0,0,0,0,0,0,0,0,0,0,0,0,0,0,0,0,0,0,0,0,0,0,0,[0|0|0],0,0,0,0,2090,[0|0|0|0],1,0,1,1,0,[0|0|0],0,0,0,0,0,-1,-1,-1,-1,1,0,0,0,0,0,0,0,0,0,0,130,0,0,0,-1,0,1,0,1,0,1,1,1,1,1,0,1,0,0,1,1,0,1,-1,2,-1,0,0,0,0,1,0,0,0,0,0,0,0,0,1,1,0,0,0,0,-1,1,1,8025,0,0,0,0,0,0,1,-1,0,0,1,0,0,0,0,1,0,0,0,0,1,-1,[0|0|0|0|0|0|0|0|0|0|0|0|0|0|0|0|0|0|0|0|0|0|0|0|0|0|0|0]
15100000,GRENADE LAUNCHER - IRIDIUM (Left),0,0,0,[0|0|0],11000,1014020,0,2020,0,0,0,0,0,0,0,0,100,0,0,0,-1,-1,-1,-1,-1,-1,-1,-1,-1,-1,-1,-1,-1,-1,-1,-1,-1,-1,-1,-1,-1,-1,-1,1,1,1,1,0,0,0,2310,0,100,100,0,-1,0,0,100,0,100,0,0,0,0,0,-1,16,0,0,7,3,21,0,0,0,100,0,0,999,0,0,0,0,0,0,0,0,0,0,0,0,0,0,0,0,0,0,0,0,0,0,1,1,0,1,0,0,0,0,0,0,0,0,0,0,1,0,1,0,0,0,0,0,0,0,0,1,0,1,1,1,1,0,0,100,1,1,0,0,-1,-1,-1,-1,-1,-1,-1,-1,-1,-1,-1,-1,-1,-1,-1,-1,-1,-1,-1,-1,-1,-1,-1,-1,0,0,100,0,0,0,0,0,0,0,0,0,0,0,1,1,0,0,0,0,0,0,0,0,0,0,0,0,0,0,0,-1,-1,-1,-1,-1,-1,-1,-1,-1,0,-1,0,0,-1,0,1,0,0,0,-1,-1,-1,0,[0|0|0|0],-1,-1,-1,-1,200,-1,-1,-1,1,1,1,1,1,1,1,1,1,-1,-1,-1,-1,-1,0,-1,0,1,0,0,0,0,1,1,1,1,0,0,-1,0,[0|0|0|0],1,0.5,1,[0|0|0|0],-1,0,0,[0|0|0|0|0|0|0|0],-1,-1,-1,-1,-1,[0|0|0|0],-1,-1,-1,[0|0|0|0|0|0|0|0],-1,-1,-1,[0|0|0|0|0|0|0|0],0,0,0,[0|0|0|0],32,-1,200,100,1,1,0,-1,1,0,0,4,290,0,-1,0,800,0,-1,[0|0|0|0],0,0,0,0,0,0,0,0,0,0,0,0,0,0,0,0,0,0,0,0,0,0,0,0,0,0,0,0,0,0,0,0,206,[0|0|0|0|0|0|0|0|0|0|0|0],0,0,0,0,0,0,0,0,0,0,0,0,0,0,-1,0,0,0,0,-1,-1,-1,-1,-1,-1,-1,-1,-1,-1,-1,-1,0,0,-1,0,0,0,0,0,0,0,0,[0|0],10100000,3.7,0,-1,0,0,-1,1,1,1,1,1,1,1,1,0,0,0,0,0,0,0,0,0,0,0,0,0,0,0,0,0,0,0,0,0,0,0,0,0,[0|0],0,0,0,[0|0|0],0,0,0,-1,[0|0|0|0],18,220,0,0,0,-1,-1,-1,-1,-1,-1,-1,-1,-1,-1,0,0,0,0,0,0,0,0,0,-1,[0|0],360,0,0,0,[0|0|0],0,0,0,0,0,-1,-1,-1,-1,-1,-1,[0|0|0|0],0,0,0,0,0,[0|0|0],0,0,0,0,0,0,0,0,0,0,0,0,0,0,0,0,0,0,0,0,0,0,0,0,0,0,0,0,0,0,0,0,0,0,[0|0|0],0,0,0,0,2060,[0|0|0|0],1,0,0,0,0,[0|0|0],0,0,0,0,0,-1,-1,-1,-1,1,0,0,0,0,0,0,0,0,0,0,100,0,0,0,-1,0,0,0,0,0,1,0,0,0,0,0,1,0,0,1,1,0,0,-1,0,-1,0,0,0,0,1,0,0,0,0,0,0,0,0,1,1,0,0,0,0,-1,1,1,8027,0,0,0,0,0,0,1,-1,0,0,1,0,0,0,0,1,0,0,0,0,1,-1,[0|0|0|0|0|0|0|0|0|0|0|0|0|0|0|0|0|0|0|0|0|0|0|0|0|0|0|0]
15110000,LASER HANDGUN - VP-66LH (Left),0,0,0,[0|0|0],11100,1021000,0,2800,0,0,0,0,0,0,0,0,100,0,0,0,-1,-1,-1,200001977,-1,-1,-1,-1,-1,-1,-1,-1,-1,-1,-1,-1,-1,-1,-1,-1,-1,-1,-1,1,1,1,1,0,0,0,2710,0,100,100,0,-1,0,100,0,0,100,0,0,0,0,0,-1,16,0,0,7,0,24,0,0,0,100,0,0,218,0,0,0,0,0,0,0,0,0,0,0,0,0,0,0,0,0,0,0,0,0,0,1,1,0,1,0,0,0,0,0,0,0,0,0,0,1,0,1,0,0,0,0,0,0,0,0,1,0,1,1,1,1,0,0,100,1,1,0,0,-1,-1,-1,-1,-1,-1,-1,-1,-1,-1,-1,-1,-1,-1,-1,-1,-1,-1,-1,-1,-1,-1,-1,-1,0,0,100,0,0,0,0,0,0,0,0,0,0,0,1,1,0,0,0,0,0,0,0,0,0,0,0,0,0,0,0,-1,-1,-1,-1,-1,-1,-1,-1,-1,0,-1,0,0,-1,0,1,0,0,0,-1,-1,-1,0,[0|0|0|0],-1,-1,-1,-1,400,-1,-1,-1,1,1,1,1,1,1,1,1,1,-1,-1,-1,-1,-1,0,-1,0,1,0,0,0,0,1,1,1,1,0,0,-1,0,[0|0|0|0],-1,0.5,1,[0|0|0|0],-1,0,0,[0|0|0|0|0|0|0|0],-1,-1,-1,-1,-1,[0|0|0|0],-1,-1,-1,[0|0|0|0|0|0|0|0],-1,-1,-1,[0|0|0|0|0|0|0|0],0,0,0,[0|0|0|0],380,-1,200,100,1,1,0,-1,1,0,0,3,395,0,-1,0,80,0,-1,[0|0|0|0],0,0,0,0,0,0,0,0,0,0,0,0,0,0,0,0,0,0,0,0,0,0,0,0,0,0,0,0,0,0,0,0,211,[0|0|0|0|0|0|0|0|0|0|0|0],0,0,0,0,0,0,0,0,0,0,0,0,0,0,-1,0,0,0,0,-1,-1,-1,-1,-1,-1,-1,-1,-1,-1,-1,-1,0,0,-1,0,0,0,0,0,0,0,0,[0|0],10110000,0,0.4,0.1,0.04,0,-1,1,1,1,1,1,1,1,1,0,0,0,0,0,0,0,0,0,0,0,0,0,0,0,0,0,0,0,0,0,0,0,0,0,[0|0],4.7,0.3,0.3,[0|0|0],0,1,0,-1,[0|0|0|0],7,340,0,0,0,-1,-1,-1,-1,-1,-1,-1,-1,-1,-1,0,0,0,0,0,0,0,0,0,435,[0|0],360,0,0,0,[0|0|0],0,0,0,0,0,-1,-1,-1,-1,-1,-1,[0|0|0|0],0,0,0,0,0,[0|0|0],0,0,0,0,0,0,0,0,0,0,0,0,0,0,0,0,0,0,0,0,0,0,0,0,0,0,0,0,0,0,0,0,0,0,[0|0|0],0,0,0,0,2180,[0|0|0|0],1,0,0,1,0,[0|0|0],0,0,0,0,0,-1,-1,-1,-1,1,0,0,0,0,0,0,0,0,0,315,85,0.5,1.3,0,-1,0,0,0,0,0,1,0,0,0,0,0,0,0,0,1,1,0,0,-1,0,100,0,2,0,0,1,0,0,0,0,0,0,0,0,1,1,0,0,0,0,-1,1,1,8035,0,0,0,0,0,0,1,-1,0,0,1,0,0,0,0,1,0,0,0,0,1,-1,[0|0|0|0|0|0|0|0|0|0|0|0|0|0|0|0|0|0|0|0|0|0|0|0|0|0|0|0]
15110100,LASER RIFLE - VP-66LR (Left),0,0,0,[0|0|0],11110,1019000,0,3560,0,0,0,0,0,0,0,0,100,0,0,0,-1,-1,-1,200001977,-1,-1,-1,-1,-1,-1,-1,-1,-1,-1,-1,-1,-1,-1,-1,-1,-1,-1,-1,1,1,1,1,0,0,0,2720,0,100,100,0,-1,0,100,0,0,100,0,0,0,0,0,-1,16,0,0,7,0,24,0,0,0,100,0,0,999,0,0,0,0,0,0,0,0,0,0,0,0,0,0,0,0,0,0,0,0,0,0,1,1,0,1,0,0,0,0,0,0,0,0,0,0,1,0,1,0,0,0,0,0,0,0,0,1,0,1,1,1,1,0,0,100,1,1,0,0,-1,-1,-1,-1,-1,-1,-1,-1,-1,-1,-1,-1,-1,-1,-1,-1,-1,-1,-1,-1,-1,-1,-1,-1,0,0,100,0,0,0,0,0,0,0,0,0,0,0,1,1,0,0,0,0,0,0,0,0,0,0,0,0,0,0,0,-1,-1,-1,-1,-1,-1,-1,-1,-1,0,-1,0,0,-1,0,1,0,0,0,-1,-1,-1,0,[0|0|0|0],-1,-1,-1,-1,400,-1,-1,-1,1,1,1,1,1,1,1,1,1,-1,-1,-1,-1,-1,0,-1,0,1,0,0,0,0,1,1,1,1,0,0,-1,0,[0|0|0|0],-1,0.5,1,[0|0|0|0],-1,0,0,[0|0|0|0|0|0|0|0],-1,-1,-1,-1,-1,[0|0|0|0],-1,-1,-1,[0|0|0|0|0|0|0|0],-1,-1,-1,[0|0|0|0|0|0|0|0],0,0,0,[0|0|0|0],280,-1,200,100,1,1,0,-1,1,0,0,3,480,0,-1,0,150,0,-1,[0|0|0|0],0,0,0,0,0,0,0,0,0,0,0,0,0,0,0,0,0,0,0,0,0,0,0,0,0,0,0,0,0,0,0,0,211,[0|0|0|0|0|0|0|0|0|0|0|0],0,0,0,0,0,0,0,0,0,0,0,0,0,0,-1,0,0,0,0,-1,-1,-1,-1,-1,-1,-1,-1,-1,-1,-1,-1,0,0,-1,0,0,0,0,0,0,0,0,[0|0],10110100,0,1.6,0.4,0.8,0,-1,1,1,1,1,1,1,1,1,0,0,0,0,0,0,0,0,0,0,0,0,0,0,0,0,0,0,0,0,0,0,0,0,0,[0|0],3.3,0.4,0.6,[0|0|0],0,1,0,-1,[0|0|0|0],7,330,0,0,0,-1,-1,-1,-1,-1,-1,-1,-1,-1,-1,0,0,0,0,0,0,0,0,0,538,[0|0],360,0,0,0,[0|0|0],0,0,0,0,0,-1,-1,-1,-1,-1,-1,[0|0|0|0],0,0,0,0,0,[0|0|0],0,0,0,0,0,0,0,0,0,0,0,0,0,0,0,0,0,0,0,0,0,0,0,0,0,0,0,0,0,0,0,0,0,0,[0|0|0],0,0,0,0,2110,[0|0|0|0],1,0,0,1,0,[0|0|0],0,0,0,0,0,-1,-1,-1,-1,1,0,0,0,0,0,0,0,0,0,413,85,0.7,1.3,0,-1,0,0,0,0,0,1,0,0,0,0,0,0,0,0,1,1,0,0,-1,0,100,0,0,0,0,1,0,0,0,0,0,0,0,0,1,1,0,0,0,0,-1,1,1,8036,0,0,0,0,0,0,1,-1,0,0,1,0,0,0,0,1,0,0,0,0,1,-1,[0|0|0|0|0|0|0|0|0|0|0|0|0|0|0|0|0|0|0|0|0|0|0|0|0|0|0|0]
15110200,CORAL RIFLE - IB-C03W1: WLT 011 (Left),0,0,0,[0|0|0],11120,1022100,0,9030,0,0,0,0,0,0,0,0,100,0,0,0,-1,-1,-1,200001977,-1,-1,-1,-1,-1,-1,-1,-1,-1,-1,-1,-1,-1,-1,-1,-1,-1,-1,-1,1,1,1,1,0,0,0,2730,0,100,100,0,-1,0,0,0,100,100,0,0,0,0,0,-1,16,0,0,7,0,24,0,0,0,100,0,0,220,0,0,0,0,0,0,0,0,0,0,0,0,0,0,0,0,0,0,0,0,0,0,1,1,0,1,0,0,0,0,0,0,0,0,0,0,1,0,1,0,0,0,0,0,0,0,0,1,0,1,1,1,1,0,0,100,1,1,0,0,-1,-1,-1,-1,-1,-1,-1,-1,-1,-1,-1,-1,-1,-1,-1,-1,-1,-1,-1,-1,-1,-1,-1,-1,0,0,100,0,0,0,0,0,0,0,0,0,0,0,1,1,0,0,0,0,0,0,0,0,0,0,0,0,0,0,0,-1,-1,-1,-1,-1,-1,-1,-1,-1,0,-1,0,0,-1,0,1,0,0,0,-1,-1,-1,0,[0|0|0|0],-1,-1,-1,-1,400,-1,-1,-1,1,1,1,1,1,1,1,1,1,-1,-1,-1,-1,-1,0,-1,0,1,0,0,0,0,1,1,1,1,0,0,-1,0,[0|0|0|0],-1,0.5,1,[0|0|0|0],-1,0,0,[0|0|0|0|0|0|0|0],-1,-1,-1,-1,-1,[0|0|0|0],-1,-1,-1,[0|0|0|0|0|0|0|0],-1,-1,-1,[0|0|0|0|0|0|0|0],0,0,0,[0|0|0|0],90,-1,200,100,1,1,0,-1,1,0,0,3,850,0,-1,0,1200,0,-1,[0|0|0|0],0,0,0,0,0,0,0,0,0,0,0,0,0,0,0,0,0,0,0,0,0,0,0,0,0,0,0,0,0,0,0,0,211,[0|0|0|0|0|0|0|0|0|0|0|0],0,0,0,0,0,0,0,0,0,0,0,0,0,0,-1,0,0,0,0,-1,-1,-1,-1,-1,-1,-1,-1,-1,-1,-1,-1,0,0,-1,0,0,0,0,0,0,0,0,[0|0],10110200,0,2,0.5,1,0,-1,1,1,1,1,1,1,1,1,0,0,0,0,0,0,0,0,0,0,0,0,0,0,0,0,0,0,0,0,0,0,0,0,0,[0|0],1.2,0.2,0.4,[0|0|0],0,0,0,2.3,[0|0|0|0],2,370,0,0,0,-1,-1,-1,-1,-1,-1,-1,-1,-1,-1,0,0,0,0,0,0,0,0,0,1020,[0|0],360,0,0,0,[0|0|0],0,0,0,0,0,-1,-1,-1,-1,-1,-1,[0|0|0|0],0,0,0,0,0,[0|0|0],0,0,0,0,0,0,0,0,0,0,0,0,0,0,0,0,0,0,0,0,0,0,0,0,0,0,0,0,0,0,0,0,0,0,[0|0|0],0,0,0,0,2200,[0|0|0|0],1,0,0,1,0,[0|0|0],0,0,0,0,0,-1,-1,-1,-1,1,0,0,0,0,0,0,0,0,0,190,85,1,1.6,0,-1,0,1,0,1,0,1,1,1,1,1,1,1,0,0,1,1,0,0,-1,2,110,0,0,0,2,1,0,0,0,0,0,0,0,0,1,1,1,0,1,0,-1,1,1,8037,0,0,1,0,0,0,1,-1,0,0,1,0,0,0,0,1,0,0,0,0,1,-1,[0|0|0|0|0|0|0|0|0|0|0|0|0|0|0|0|0|0|0|0|0|0|0|0|0|0|0|0]
15110300,LASER RIFLE - VE-66LRA (Left),0,0,0,[0|0|0],11130,1019010,0,4940,0,0,0,0,0,0,0,0,100,0,0,0,-1,-1,-1,200001977,-1,-1,-1,-1,-1,-1,-1,-1,-1,-1,-1,-1,-1,-1,-1,-1,-1,-1,-1,1,1,1,1,0,0,0,2740,0,100,100,0,-1,0,100,0,0,100,0,0,0,0,0,-1,16,0,0,7,0,24,0,0,0,100,0,0,999,0,0,0,0,0,0,0,0,0,0,0,0,0,0,0,0,0,0,0,0,0,0,1,1,0,1,0,0,0,0,0,0,0,0,0,0,1,0,1,0,0,0,0,0,0,0,0,1,0,1,1,1,1,0,0,100,1,1,0,0,-1,-1,-1,-1,-1,-1,-1,-1,-1,-1,-1,-1,-1,-1,-1,-1,-1,-1,-1,-1,-1,-1,-1,-1,0,0,100,0,0,0,0,0,0,0,0,0,0,0,1,1,0,0,0,0,0,0,0,0,0,0,0,0,0,0,0,-1,-1,-1,-1,-1,-1,-1,-1,-1,0,-1,0,0,-1,0,1,0,0,0,-1,-1,-1,0,[0|0|0|0],-1,-1,-1,-1,400,-1,-1,-1,1,1,1,1,1,1,1,1,1,-1,-1,-1,-1,-1,0,-1,0,1,0,0,0,0,1,1,1,1,0,0,-1,0,[0|0|0|0],-1,0.5,1,[0|0|0|0],-1,0,0,[0|0|0|0|0|0|0|0],-1,-1,-1,-1,-1,[0|0|0|0],-1,-1,-1,[0|0|0|0|0|0|0|0],-1,-1,-1,[0|0|0|0|0|0|0|0],0,0,0,[0|0|0|0],90,-1,200,100,1,1,0,-1,1,0,0,3,532,0,-1,0,250,0,-1,[0|0|0|0],0,0,0,0,0,0,0,0,0,0,0,0,0,0,0,0,0,0,0,0,0,0,0,0,0,0,0,0,0,0,0,0,211,[0|0|0|0|0|0|0|0|0|0|0|0],0,0,0,0,0,0,0,0,0,0,0,0,0,0,-1,0,0,0,0,-1,-1,-1,-1,-1,-1,-1,-1,-1,-1,-1,-1,0,0,-1,0,1,0,0,0,0,0,0,[0|0],10110300,0,3.8,0.4,1.9,0,-1,1,1,1,1,1,1,1,1,0,0,0,0,0,0,0,0,0,0,0,0,0,0,0,0,0,0,0,0,0,0,0,0,0,[0|0],2.4,0.7,1.2,[0|0|0],0,1,0,-1,[0|0|0|0],20,330,0,0,0,-1,-1,-1,-1,-1,-1,-1,-1,-1,-1,0,0,0,0,0,0,0,0,0,628,[0|0],360,0,0,0,[0|0|0],0,0,0,0,0,-1,-1,-1,-1,-1,-1,[0|0|0|0],0,0,0,0,0,[0|0|0],0,0,0,0,0,0,0,0,0,0,0,0,0,0,0,0,0,0,0,0,0,0,0,0,0,0,0,0,0,0,0,0,0,0,[0|0|0],0,0,0,0,2110,[0|0|0|0],1,0,1,1,0,[0|0|0],0,0,0,0,0,-1,-1,-1,-1,1,0,0,0,0,0,0,0,0,0,281,85,1,1.6,0,-1,0,0,0,0,0,1,0,0,0,0,0,0,0,0,1,1,0,0,-1,0,100,0,0,0,0,1,0,0,0,0,0,0,0,0,1,1,0,0,0,0,-1,1,1,8038,0,0,0,0,0,0,1,-1,0,0,1,0,0,0,0,1,0,0,0,0,1,-1,[0|0|0|0|0|0|0|0|0|0|0|0|0|0|0|0|0|0|0|0|0|0|0|0|0|0|0|0]
15110400,LASER SNIPER RIFLE - VE-66SN (Left),0,0,0,[0|0|0],11140,1019010,0,4940,0,0,1,0,0,0,0,0,100,0,0,0,-1,-1,-1,200001977,-1,-1,-1,-1,-1,-1,-1,-1,-1,-1,-1,-1,-1,-1,-1,-1,-1,-1,-1,1,1,1,1,0,0,0,2121,0,100,100,0,-1,0,100,0,0,100,0,0,0,0,0,-1,16,0,0,7,3,24,0,0,0,100,0,0,999,0,0,0,0,0,0,0,0,0,0,0,0,0,0,0,0,0,0,0,0,0,0,1,1,0,1,0,0,0,0,0,0,0,0,0,0,1,0,1,0,0,0,0,0,0,0,0,1,0,1,1,1,1,0,0,100,1,1,0,0,-1,-1,-1,-1,-1,-1,-1,-1,-1,-1,-1,-1,-1,-1,-1,-1,-1,-1,-1,-1,-1,-1,-1,-1,0,0,100,0,0,0,0,0,0,0,0,0,0,0,1,1,0,0,0,0,0,0,0,0,0,0,0,0,0,0,0,-1,-1,-1,-1,-1,-1,-1,-1,-1,0,-1,0,0,-1,0,1,0,0,0,-1,-1,-1,0,[0|0|0|0],-1,-1,-1,-1,400,-1,-1,-1,1,1,1,1,1,1,1,1,1,-1,-1,-1,-1,-1,0,-1,0,1,0,0,0,0,1,1,1,1,0,0,-1,0,[0|0|0|0],-1,0.5,1,[0|0|0|0],-1,0,0,[0|0|0|0|0|0|0|0],-1,-1,-1,-1,-1,[0|0|0|0],-1,-1,-1,[0|0|0|0|0|0|0|0],-1,-1,-1,[0|0|0|0|0|0|0|0],0,0,0,[0|0|0|0],70,-1,200,100,1,1,0,-1,1,0,0,3,525,0,-1,0,250,0,-1,[0|0|0|0],0,0,0,0,0,0,0,0,0,0,0,0,0,0,0,0,0,0,0,0,0,0,0,0,0,0,0,0,0,0,0,0,207,[0|0|0|0|0|0|0|0|0|0|0|0],0,0,0,0,0,0,0,0,0,0,0,0,0,0,-1,0,0,0,0,-1,-1,-1,-1,-1,-1,-1,-1,-1,-1,-1,-1,0,0,-1,0,1,0,0,0,0,0,0,[0|0],10080100,0,2.2,0.4,0.5,0,-1,1,1,1,1,1,1,1,1,0,0,0,0,0,0,0,0,0,0,0,0,0,0,0,0,0,0,0,0,0,0,0,0,0,[0|0],2.4,0.7,1.2,[0|0|0],0,1,0,-1,[0|0|0|0],20,102,0,0,0,-1,-1,-1,-1,-1,-1,-1,-1,-1,-1,0,0,0,0,0,0,0,0,0,628,[0|0],360,0,0,0,[0|0|0],0,0,0,0,0,-1,-1,-1,-1,-1,-1,[0|0|0|0],0,0,0,0,0,[0|0|0],0,0,0,0,0,0,0,0,0,0,0,0,0,0,0,0,0,0,0,0,0,0,0,0,0,0,0,0,0,0,0,0,0,0,[0|0|0],0,0,0,0,2110,[0|0|0|0],1,0,1,1,0,[0|0|0],0,0,0,0,0,-1,-1,-1,-1,1,0,0,0,0,0,0,0,0,0,200,100,1.2,1.2,0,-1,0,0,0,0,0,1,0,0,0,0,0,0,0,0,1,1,0,0,-1,1,100,0,0,0,0,1,0,0,0,0,0,0,0,0,1,1,0,0,0,0,-1,1,1,8038,0,0,0,0,0,0,1,-1,0,0,1,0,0,0,0,1,0,0,0,0,1,-1,[0|0|0|0|0|0|0|0|0|0|0|0|0|0|0|0|0|0|0|0|0|0|0|0|0|0|0|0]
15110800,CORAL HANDGUN - IB-C03W6: CLA 020 (Left),0,0,0,[0|0|0],11180,1021000,0,3210,0,0,0,0,0,0,0,0,100,0,0,0,-1,-1,-1,200001977,-1,-1,-1,-1,-1,-1,-1,-1,-1,-1,-1,-1,-1,-1,-1,-1,-1,-1,-1,1,1,1,1,0,0,0,2731,0,100,100,0,-1,0,0,0,100,100,0,0,0,0,0,-1,16,0,0,7,0,24,0,0,0,100,0,0,218,0,0,0,0,0,0,0,0,0,0,0,0,0,0,0,0,0,0,0,0,0,0,1,1,0,1,0,0,0,0,0,0,0,0,0,0,1,0,1,0,0,0,0,0,0,0,0,1,0,1,1,1,1,0,0,100,1,1,0,0,-1,-1,-1,-1,-1,-1,-1,-1,-1,-1,-1,-1,-1,-1,-1,-1,-1,-1,-1,-1,-1,-1,-1,-1,0,0,100,0,0,0,0,0,0,0,0,0,0,0,1,1,0,0,0,0,0,0,0,0,0,0,0,0,0,0,0,-1,-1,-1,-1,-1,-1,-1,-1,-1,0,-1,0,0,-1,0,1,0,0,0,-1,-1,-1,0,[0|0|0|0],-1,-1,-1,-1,400,-1,-1,-1,1,1,1,1,1,1,1,1,1,-1,-1,-1,-1,-1,0,-1,0,1,0,0,0,0,1,1,1,1,0,0,-1,0,[0|0|0|0],-1,0.5,1,[0|0|0|0],-1,0,0,[0|0|0|0|0|0|0|0],-1,-1,-1,-1,-1,[0|0|0|0],-1,-1,-1,[0|0|0|0|0|0|0|0],-1,-1,-1,[0|0|0|0|0|0|0|0],0,0,0,[0|0|0|0],95,-1,200,100,1,1,0,-1,1,0,0,3,445,0,-1,0,360,0,-1,[0|0|0|0],0,0,0,0,0,0,0,0,0,0,0,0,0,0,0,0,0,0,0,0,0,0,0,0,0,0,0,0,0,0,0,0,211,[0|0|0|0|0|0|0|0|0|0|0|0],0,0,0,0,0,0,0,0,0,0,0,0,0,0,-1,0,0,0,0,-1,-1,-1,-1,-1,-1,-1,-1,-1,-1,-1,-1,0,0,-1,0,0,0,0,0,0,0,0,[0|0],10110000,0,1,0.4,0.8,0,-1,1,1,1,1,1,1,1,1,0,0,0,0,0,0,0,0,0,0,0,0,0,0,0,0,0,0,0,0,0,0,0,0,0,[0|0],4.7,0.3,0.3,[0|0|0],0,0,0,-1,[0|0|0|0],2,366,0,0,0,-1,-1,-1,-1,-1,-1,-1,-1,-1,-1,0,0,0,0,0,0,0,0,0,610,[0|0],360,0,0,0,[0|0|0],0,0,0,0,0,-1,-1,-1,-1,-1,-1,[0|0|0|0],0,0,0,0,0,[0|0|0],0,0,0,0,0,0,0,0,0,0,0,0,0,0,0,0,0,0,0,0,0,0,0,0,0,0,0,0,0,0,0,0,0,0,[0|0|0],0,0,0,0,2180,[0|0|0|0],1,0,0,1,0,[0|0|0],0,0,0,0,0,-1,-1,-1,-1,1,0,0,0,0,0,0,0,0,0,190,85,0.8,1.35,0,-1,0,0,0,0,0,1,0,0,0,0,0,1,0,0,1,1,0,0,-1,0,100,0,2,0,0,1,0,0,0,0,0,1,0,0,1,1,0,0,0,0,-1,1,1,8035,0,0,0,0,0,0,1,-1,0,0,1,0,0,0,0,1,0,0,0,0,1,-1,[0|0|0|0|0|0|0|0|0|0|0|0|0|0|0|0|0|0|0|0|0|0|0|0|0|0|0|0]
15120000,PLASMA RIFLE - Vvc-760PR (Left),0,0,0,[0|0|0],11200,1022000,0,3330,0,0,0,0,0,0,0,0,100,0,0,0,-1,-1,-1,-1,-1,-1,-1,-1,-1,-1,-1,-1,-1,-1,-1,-1,-1,-1,-1,-1,-1,-1,-1,1,1,1,1,0,0,0,2410,0,100,100,0,-1,0,100,0,0,100,0,0,0,0,0,-1,16,0,0,7,0,24,0,0,0,100,0,0,999,0,0,0,0,0,0,0,0,0,0,0,0,0,0,0,0,0,0,0,0,0,0,1,1,0,1,0,0,0,0,0,0,0,0,0,0,1,0,1,0,0,0,0,0,0,0,0,1,0,1,1,1,1,0,0,100,1,1,0,0,-1,-1,-1,-1,-1,-1,-1,-1,-1,-1,-1,-1,-1,-1,-1,-1,-1,-1,-1,-1,-1,-1,-1,-1,0,0,100,0,0,0,0,0,0,0,0,0,0,0,1,1,0,0,0,0,0,0,0,0,0,0,0,0,0,0,0,-1,-1,-1,-1,-1,-1,-1,-1,-1,0,-1,0,0,-1,0,1,0,0,0,-1,-1,-1,0,[0|0|0|0],-1,-1,-1,-1,350,-1,-1,-1,1,1,1,1,1,1,1,1,1,-1,-1,-1,-1,-1,0,-1,0,1,0,0,0,0,1,1,1,1,0,0,-1,0,[0|0|0|0],-1,0.5,1,[0|0|0|0],-1,0,0,[0|0|0|0|0|0|0|0],-1,-1,-1,-1,-1,[0|0|0|0],-1,-1,-1,[0|0|0|0|0|0|0|0],-1,-1,-1,[0|0|0|0|0|0|0|0],0,0,0,[0|0|0|0],90,-1,200,100,1,1,0,-1,1,0,0,4,490,0,-1,0,360,0,-1,[0|0|0|0],0,0,0,0,0,0,0,0,0,0,0,0,0,0,0,0,0,0,0,0,0,0,0,0,0,0,0,0,0,0,0,0,212,[0|0|0|0|0|0|0|0|0|0|0|0],0,0,0,0,0,0,0,0,0,0,0,0,0,0,-1,0,0,0,0,-1,-1,-1,-1,-1,-1,-1,-1,-1,-1,-1,-1,0,0,-1,0,1,0,0,0,0,0,0,[0|0],10120000,0,1.5,0.4,0.75,0,-1,1,1,1,1,1,1,1,1,0,0,0,0,0,0,0,0,0,0,0,0,0,0,0,0,0,0,0,0,0,0,0,0,0,[0|0],1.7,0.2,2,[0|0|0],0,1,0,-1,[0|0|0|0],9,360,0,0,0,-1,-1,-1,-1,-1,-1,-1,-1,-1,-1,0,0,0,0,0,0,0,0,0,593,[0|0],360,0,0,0,[0|0|0],0,0,0,0,0,-1,-1,-1,-1,-1,-1,[0|0|0|0],0,0,0,0,0,[0|0|0],0,0,0,0,0,0,0,0,0,0,0,0,0,0,0,0,0,0,0,0,0,0,0,0,0,0,0,0,0,0,0,0,0,0,[0|0|0],0,0,0,0,2120,[0|0|0|0],1,0,1,1,0,[0|0|0],0,0,0,0,0,-1,-1,-1,-1,1,0,0,0,0,0,0,0,0,0,254,85,1.6,1.6,0,-1,0,1,0,1,0,1,1,1,1,1,1,1,0,0,1,1,0,0,-1,2,100,1,0,1,2,1,1,1,1,1,1,1,1,0,1,1,0,0,0,0,-1,1,1,8029,0,0,0,0,0,0,1,-1,0,0,1,0,0,0,0,1,0,0,0,0,1,-1,[0|0|0|0|0|0|0|0|0|0|0|0|0|0|0|0|0|0|0|0|0|0|0|0|0|0|0|0]
15120100,MULTI ENERGY RIFLE - 44-142 KRSV (Left),0,0,0,[0|0|0],11210,1023000,0,10120,0,0,0,0,0,0,0,0,100,0,0,0,-1,-1,-1,200001977,-1,-1,-1,-1,-1,-1,-1,-1,-1,-1,-1,-1,-1,-1,-1,-1,-1,-1,-1,1,1,1,1,0,0,0,2420,0,100,100,0,-1,0,100,0,0,100,0,0,0,0,0,-1,16,0,0,7,3,24,0,0,0,100,0,0,999,0,0,0,0,0,0,0,0,0,0,0,0,0,0,0,0,0,0,0,0,0,0,1,1,0,1,0,0,0,0,0,0,0,0,0,0,1,0,1,0,0,0,0,0,0,0,0,1,0,1,1,1,1,0,0,100,1,1,0,0,-1,-1,-1,-1,-1,-1,-1,-1,-1,-1,-1,-1,-1,-1,-1,-1,-1,-1,-1,-1,-1,-1,-1,-1,0,0,100,0,0,0,0,0,0,0,0,0,0,0,1,1,0,0,0,0,0,0,0,0,0,0,0,0,0,0,0,-1,-1,-1,-1,-1,-1,-1,-1,-1,0,-1,0,0,-1,0,1,0,0,0,-1,-1,-1,0,[0|0|0|0],-1,-1,-1,-1,400,-1,-1,-1,1,1,1,1,1,1,1,1,1,-1,-1,-1,-1,-1,0,-1,0,1,0,0,0,0,1,1,1,1,0,0,-1,0,[0|0|0|0],-1,0,1,[0|0|0|0],-1,0,0,[0|0|0|0|0|0|0|0],-1,-1,-1,-1,-1,[0|0|0|0],-1,-1,-1,[0|0|0|0|0|0|0|0],-1,-1,-1,[0|0|0|0|0|0|0|0],0,0,0,[0|0|0|0],160,-1,200,100,1,1,0,-1,1,0,0,4,707,0,-1,0,400,0,-1,[0|0|0|0],0,0,0,0,0,0,0,0,0,0,0,0,0,0,0,0,0,0,0,0,0,0,0,0,0,0,0,0,0,0,0,0,211,[0|0|0|0|0|0|0|0|0|0|0|0],0,0,0,0,0,0,0,0,0,0,0,0,0,0,-1,0,0,0,0,-1,-1,-1,-1,-1,-1,-1,-1,-1,-1,-1,-1,0,0,-1,0,0,0,0,0,0,0,0,[0|0],10120100,0,0.5,0.5,0.25,0,-1,1,1,1,1,1,1,1,1,0,0,0,0,0,0,0,0,0,0,0,0,0,0,0,0,0,0,0,0,0,0,0,0,0,[0|0],0,0,0,[0|0|0],0,1,0,4,[0|0|0|0],4,380,0,0,0,-1,-1,-1,-1,-1,-1,-1,-1,-1,-1,0,0,0,0,0,0,0,0,0,955,[0|0],360,0,0,0,[0|0|0],0,0,0,0,0,-1,-1,-1,-1,-1,-1,[0|0|0|0],0,0,0,0,0,[0|0|0],0,0,0,0,0,0,0,0,0,0,0,0,0,0,0,0,0,0,0,0,0,0,0,0,0,0,0,0,0,0,0,0,0,0,[0|0|0],0,0,0,0,2110,[0|0|0|0],1,0,0,1,0,[0|0|0],0,0,0,0,0,-1,-1,-1,-1,1,0,0,0,0,0,0,0,0,0,177,80,0.7,2,0,-1,0,1,0,1,255,1,1,1,1,1,1,1,0,0,1,1,0,0,-1,2,110,2,1,2,2,1,2,2,2,2,2,2,0,0,1,1,0,0,1,0,-1,1,1,8028,0,0,0,1,0,0,1,-1,0,0,1,0,0,0,0,1,0,0,0,0,1,-1,[0|0|0|0|0|0|0|0|0|0|0|0|0|0|0|0|0|0|0|0|0|0|0|0|0|0|0|0]
15120200,PLASMA SHOTGUN - Vvc-710PS (Left),0,0,0,[0|0|0],11220,1022000,0,5630,0,0,0,0,0,0,0,0,100,0,0,0,-1,-1,-1,-1,-1,-1,-1,-1,-1,-1,-1,-1,-1,-1,-1,-1,-1,-1,-1,-1,-1,-1,-1,1,1,1,1,0,0,0,2430,0,100,100,0,-1,0,100,0,0,100,0,0,0,0,0,-1,16,0,0,7,0,24,0,0,0,100,0,0,999,0,0,0,0,0,0,0,0,0,0,0,0,0,0,0,0,0,0,0,0,0,0,1,1,0,1,0,0,0,0,0,0,0,0,0,0,1,0,1,0,0,0,0,0,0,0,0,1,0,1,1,1,1,0,0,100,1,1,0,0,-1,-1,-1,-1,-1,-1,-1,-1,-1,-1,-1,-1,-1,-1,-1,-1,-1,-1,-1,-1,-1,-1,-1,-1,0,0,100,0,0,0,0,0,0,0,0,0,0,0,1,1,0,0,0,0,0,0,0,0,0,0,0,0,0,0,0,-1,-1,-1,-1,-1,-1,-1,-1,-1,0,-1,0,0,-1,0,1,0,0,0,-1,-1,-1,0,[0|0|0|0],-1,-1,-1,-1,350,-1,-1,-1,1,1,1,1,1,1,1,1,1,-1,-1,-1,-1,-1,0,-1,0,1,0,0,0,0,1,1,1,1,0,0,-1,0,[0|0|0|0],-1,0.5,1,[0|0|0|0],-1,0,0,[0|0|0|0|0|0|0|0],-1,-1,-1,-1,-1,[0|0|0|0],-1,-1,-1,[0|0|0|0|0|0|0|0],-1,-1,-1,[0|0|0|0|0|0|0|0],0,0,0,[0|0|0|0],51,-1,1,100,1,1,0,-1,1,0,0,4,500,0,-1,0,500,0,-1,[0|0|0|0],0,0,0,0,0,0,0,0,0,0,0,0,0,0,0,0,0,0,0,0,0,0,0,0,0,0,0,0,0,0,0,0,215,[0|0|0|0|0|0|0|0|0|0|0|0],0,0,0,0,0,0,0,0,0,0,0,0,0,0,-1,0,0,0,0,-1,-1,-1,-1,-1,-1,-1,-1,-1,-1,-1,-1,0,0,-1,0,1,0,0,0,0,0,0,[0|0],10120000,0,2,0.4,0.75,0,-1,1,1,1,1,1,1,1,1,0,0,0,0,0,0,0,0,0,0,0,0,0,0,0,0,0,0,0,0,0,0,0,0,0,[0|0],1.7,0.2,2,[0|0|0],0,1,0,-1,[0|0|0|0],5,361,0,0,0,-1,-1,-1,-1,-1,-1,-1,-1,-1,-1,0,0,0,0,0,0,0,0,0,710,[0|0],360,0,0,0,[0|0|0],0,0,0,0,0,-1,-1,-1,-1,-1,-1,[0|0|0|0],0,0,0,0,0,[0|0|0],0,0,0,0,0,0,0,0,0,0,0,0,0,0,0,0,0,0,0,0,0,0,0,0,0,0,0,0,0,0,0,0,0,0,[0|0|0],0,0,0,0,2120,[0|0|0|0],1,0,1,1,0,[0|0|0],0,0,0,0,0,-1,-1,-1,-1,1,0,0,0,0,0,0,0,0,0,225,89,2,1.6,0,-1,0,1,0,1,0,1,1,1,1,1,1,1,0,0,1,1,0,0,-1,2,100,1,0,1,2,1,1,1,1,1,1,1,1,0,1,1,0,0,0,0,-1,1,1,8029,0,0,0,0,0,0,1,-1,0,0,1,0,0,0,0,1,0,0,0,0,1,-1,[0|0|0|0|0|0|0|0|0|0|0|0|0|0|0|0|0|0|0|0|0|0|0|0|0|0|0|0]
15120300,WEAPON ARMS - A-MOD_3[0] IANITOR (Left),0,0,0,[0|0|0],11235,1016000,0,0,0,0,0,0,0,0,0,0,100,0,0,0,-1,-1,-1,-1,-1,-1,-1,-1,-1,-1,-1,-1,-1,-1,-1,-1,-1,-1,-1,-1,-1,-1,-1,1,1,1,1,0,0,0,2120,0,100,100,0,-1,0,100,0,0,100,0,0,0,0,0,-1,16,0,0,7,0,19,0,0,0,100,0,0,222,0,0,0,0,0,0,0,0,0,0,0,0,0,0,0,0,0,0,0,0,0,0,1,1,0,1,0,0,0,0,0,0,0,0,0,0,1,0,1,0,0,0,0,0,0,0,0,1,0,1,1,1,1,0,0,100,1,1,0,0,-1,-1,-1,-1,-1,-1,-1,-1,-1,-1,-1,-1,-1,-1,-1,-1,-1,-1,-1,-1,-1,-1,-1,-1,0,0,100,0,0,0,0,0,0,0,0,0,0,0,1,1,0,0,0,0,0,0,0,0,0,0,0,0,0,0,0,-1,-1,-1,-1,-1,-1,-1,-1,-1,0,-1,0,0,-1,0,1,0,0,0,-1,-1,-1,0,[0|0|0|0],-1,-1,-1,-1,100,-1,-1,-1,1,1,1,1,1,1,1,1,1,-1,-1,-1,-1,-1,0,-1,0,1,0,0,0,0,1,1,1,1,0,0,-1,0,[0|0|0|0],-1,0.5,1,[0|0|0|0],-1,0,0,[0|0|0|0|0|0|0|0],-1,-1,-1,-1,-1,[0|0|0|0],-1,-1,-1,[0|0|0|0|0|0|0|0],-1,-1,-1,[0|0|0|0|0|0|0|0],0,0,0,[0|0|0|0],320,-1,200,100,1,1,0,-1,1,0,0,1,0,0,-1,0,200,0,-1,[0|0|0|0],0,0,0,0,0,0,0,0,0,0,0,0,0,0,0,0,0,0,0,0,0,0,0,0,0,0,0,0,0,0,0,0,210,[0|0|0|0|0|0|0|0|0|0|0|0],0,0,0,0,0,0,0,0,0,0,0,0,0,0,-1,0,0,0,0,-1,-1,-1,-1,-1,-1,-1,-1,-1,-1,-1,-1,0,0,-1,0,1,0,0,0,0,0,0,[0|0],10080100,-1,1,1,1,0,-1,1,1,1,1,1,1,1,1,0,0,0,0,0,0,0,0,0,0,0,0,0,0,0,0,0,0,0,0,0,0,0,0,0,[0|0],3.3,0.4,0.6,[0|0|0],0,1,0,-1,[0|0|0|0],5,360,0,0,0,-1,-1,-1,-1,-1,-1,-1,-1,-1,-1,0,0,0,0,0,0,0,0,0,-1,[0|0],360,0,0,0,[0|0|0],0,0,0,0,0,-1,-1,-1,-1,-1,-1,[0|0|0|0],0,0,0,0,0,[0|0|0],0,0,0,0,0,0,0,0,0,0,0,0,0,0,0,0,0,0,0,0,0,0,0,0,0,0,0,0,0,0,0,0,0,0,[0|0|0],0,0,0,0,2070,[0|0|0|0],1,0,1,1,0,[0|0|0],0,0,0,0,0,-1,-1,-1,-1,1,0,0,0,0,0,0,0,0,0,250,85,2.6,1.3,0,-1,0,0,0,0,0,1,0,0,0,0,0,0,0,0,1,1,0,0,-1,0,100,0,0,0,0,1,0,0,0,0,0,0,0,0,1,1,0,0,0,0,-1,1,1,8022,0,0,0,0,0,0,1,-1,0,0,1,0,0,0,0,1,0,0,0,0,1,-1,[0|0|0|0|0|0|0|0|0|0|0|0|0|0|0|0|0|0|0|0|0|0|0|0|0|0|0|0]
15120400,HEAVY PLASMA RIFLE - R-MOD_13 TURRIS (Left),0,0,0,[0|0|0],11240,1022011,0,9820,0,0,0,0,0,0,0,0,100,0,0,0,-1,-1,-1,200001977,-1,-1,-1,-1,-1,-1,-1,-1,-1,-1,-1,-1,-1,-1,-1,-1,-1,-1,-1,1,1,1,1,0,0,0,9224,0,100,100,0,-1,0,100,0,0,100,0,0,0,0,0,-1,16,0,0,7,0,24,0,0,0,100,0,0,999,0,0,0,0,0,0,0,0,0,0,0,0,0,0,0,0,0,0,0,0,0,0,1,1,0,1,0,0,0,0,0,0,0,0,0,0,1,0,1,0,0,0,0,0,0,0,0,1,0,1,1,1,1,0,0,100,1,1,0,0,-1,-1,-1,-1,-1,-1,-1,-1,-1,-1,-1,-1,-1,-1,-1,-1,-1,-1,-1,-1,-1,-1,-1,-1,0,0,100,0,0,0,0,0,0,0,0,0,0,0,1,1,0,0,0,0,0,0,0,0,0,0,0,0,0,0,0,-1,-1,-1,-1,-1,-1,-1,-1,-1,0,-1,0,0,-1,0,1,0,0,0,-1,-1,-1,0,[0|0|0|0],-1,-1,-1,-1,400,-1,-1,-1,1,1,1,1,1,1,1,1,1,-1,-1,-1,-1,-1,0,-1,0,1,0,0,0,0,1,1,1,1,0,0,-1,0,[0|0|0|0],-1,0,1,[0|0|0|0],-1,0,0,[0|0|0|0|0|0|0|0],-1,-1,-1,-1,-1,[0|0|0|0],-1,-1,-1,[0|0|0|0|0|0|0|0],-1,-1,-1,[0|0|0|0|0|0|0|0],0,0,0,[0|0|0|0],109,-1,200,100,1,1,0,-1,1,0,0,4,805,0,-1,0,300,0,-1,[0|0|0|0],0,0,0,0,0,0,0,0,0,0,0,0,0,0,0,0,0,0,0,0,0,0,0,0,0,0,0,0,0,0,0,0,211,[0|0|0|0|0|0|0|0|0|0|0|0],0,0,0,0,0,0,0,0,0,0,0,0,0,0,-1,0,0,0,0,-1,-1,-1,-1,-1,-1,-1,-1,-1,-1,-1,-1,0,0,-1,0,0,0,0,0,0,0,0,[0|0],10120100,0,2.3,0.5,0.3,0,-1,1,1,1,1,1,1,1,1,0,0,0,0,0,0,0,0,0,0,0,0,0,0,0,0,0,0,0,0,0,0,0,0,0,[0|0],0,0,0,[0|0|0],0,1,0,4,[0|0|0|0],5,381,0,0,0,-1,-1,-1,-1,-1,-1,-1,-1,-1,-1,0,0,0,0,0,0,0,0,0,1010,[0|0],360,0,0,0,[0|0|0],0,0,0,0,0,-1,-1,-1,-1,-1,-1,[0|0|0|0],0,0,0,0,0,[0|0|0],0,0,0,0,0,0,0,0,0,0,0,0,0,0,0,0,0,0,0,0,0,0,0,0,0,0,0,0,0,0,0,0,0,0,[0|0|0],0,0,0,0,2110,[0|0|0|0],1,0,0,1,0,[0|0|0],0,0,0,0,0,-1,-1,-1,-1,1,0,0,0,0,0,0,0,0,0,160,80,0.7,2,0,-1,0,1,0,1,255,1,1,1,1,1,1,1,0,0,1,1,0,0,-1,2,110,1,2,0,0,1,0,0,0,0,0,0,0,0,1,1,0,0,1,0,-1,1,1,8028,0,0,0,1,0,0,1,-1,0,0,1,0,0,0,0,1,0,0,0,0,1,-1,[0|0|0|0|0|0|0|0|0|0|0|0|0|0|0|0|0|0|0|0|0|0|0|0|0|0|0|0]
15130000,PULSE GUN - HI-16: GU-Q1 (Left),0,0,0,[0|0|0],11300,1024000,0,2110,0,0,0,0,0,0,0,0,100,0,0,0,-1,-1,-1,-1,-1,-1,-1,-1,-1,-1,-1,-1,-1,-1,-1,-1,-1,-1,-1,-1,-1,-1,-1,1,1,1,1,0,0,0,2810,0,100,100,0,-1,0,100,0,0,100,0,0,0,0,0,-1,16,0,0,7,0,19,0,0,0,100,0,0,999,0,0,0,0,0,0,0,0,0,0,0,0,0,0,0,0,0,0,0,0,0,0,1,1,0,1,0,0,0,0,0,0,0,0,0,0,1,0,1,0,0,0,0,0,0,0,0,1,0,1,1,1,1,0,0,100,1,1,0,0,-1,-1,-1,-1,-1,-1,-1,-1,-1,-1,-1,-1,-1,-1,-1,-1,-1,-1,-1,-1,-1,-1,-1,-1,0,0,100,0,0,0,0,0,0,0,0,0,0,0,1,1,0,0,0,0,0,0,0,0,0,0,0,0,0,0,0,-1,-1,-1,-1,-1,-1,-1,-1,-1,0,-1,0,0,-1,0,1,0,0,0,-1,-1,-1,0,[0|0|0|0],-1,-1,-1,-1,150,-1,-1,-1,1,1,1,1,1,1,1,1,1,-1,-1,-1,-1,-1,0,-1,0,1,0,0,0,0,1,1,1,1,0,0,-1,0,[0|0|0|0],-1,0.5,1,[0|0|0|0],-1,0,0,[0|0|0|0|0|0|0|0],-1,-1,-1,-1,-1,[0|0|0|0],-1,-1,-1,[0|0|0|0|0|0|0|0],-1,-1,-1,[0|0|0|0|0|0|0|0],0,0,0,[0|0|0|0],560,-1,200,100,1,1,0,-1,1,0,0,1,368,0,-1,0,30,0,-1,[0|0|0|0],0,0,0,0,0,0,0,0,0,0,0,0,0,0,0,0,0,0,0,0,0,0,0,0,0,0,0,0,0,0,0,0,213,[0|0|0|0|0|0|0|0|0|0|0|0],0,0,0,0,0,0,0,0,0,0,0,0,0,0,-1,0,0,0,0,-1,-1,-1,-1,-1,-1,-1,-1,-1,-1,-1,-1,0,0,-1,0,1,0,0,0,0,0,0,[0|0],10130000,0,0,-1,0,0,-1,1,1,1,1,1,1,1,1,0,0,0,0,0,0,0,0,0,0,0,0,0,0,0,0,0,0,0,0,0,0,0,0,0,[0|0],20,0.1,0.1,[0|0|0],0,1,0,-1,[0|0|0|0],17,320,0,0,0,-1,-1,-1,-1,-1,-1,-1,-1,-1,-1,0,0,0,0,0,0,0,0,0,-1,[0|0],360,0,0,0,[0|0|0],0,0,0,0,0,-1,-1,-1,-1,-1,-1,[0|0|0|0],0,0,0,0,0,[0|0|0],0,0,0,0,0,0,0,0,0,0,0,0,0,0,0,0,0,0,0,0,0,0,0,0,0,0,0,0,0,0,0,0,0,0,[0|0|0],0,0,0,0,2130,[0|0|0|0],1,0,1,1,0,[0|0|0],0,0,0,0,0,-1,-1,-1,-1,1,0,0,0,0,0,0,0,0,0,623,85,0.4,1.3,0,-1,0,0,0,0,0,1,0,0,0,0,0,0,0,0,1,1,0,0,-1,0,-1,0,0,0,0,1,0,0,0,0,0,0,0,0,1,1,0,0,0,0,-1,1,1,8039,0,0,0,0,0,0,1,-1,0,0,1,0,0,0,0,1,0,0,0,0,1,-1,[0|0|0|0|0|0|0|0|0|0|0|0|0|0|0|0|0|0|0|0|0|0|0|0|0|0|0|0]
15130100,PULSE GUN - HI-18: GU-A2 (Left),0,0,0,[0|0|0],11310,1024010,0,2650,0,0,0,0,0,0,0,0,100,0,0,0,-1,-1,-1,-1,-1,-1,-1,-1,-1,-1,-1,-1,-1,-1,-1,-1,-1,-1,-1,-1,-1,-1,-1,1,1,1,1,0,0,0,2820,0,100,100,0,-1,0,100,0,0,100,0,0,0,0,0,-1,16,0,0,7,0,19,0,0,0,100,0,0,999,0,0,0,0,0,0,0,0,0,0,0,0,0,0,0,0,0,0,0,0,0,0,1,1,0,1,0,0,0,0,0,0,0,0,0,0,1,0,1,0,0,0,0,0,0,0,0,1,0,1,1,1,1,0,0,100,1,1,0,0,-1,-1,-1,-1,-1,-1,-1,-1,-1,-1,-1,-1,-1,-1,-1,-1,-1,-1,-1,-1,-1,-1,-1,-1,0,0,100,0,0,0,0,0,0,0,0,0,0,0,1,1,0,0,0,0,0,0,0,0,0,0,0,0,0,0,0,-1,-1,-1,-1,-1,-1,-1,-1,-1,0,-1,0,0,-1,0,1,0,0,0,-1,-1,-1,0,[0|0|0|0],-1,-1,-1,-1,150,-1,-1,-1,1,1,1,1,1,1,1,1,1,-1,-1,-1,-1,-1,0,-1,0,1,0,0,0,0,1,1,1,1,0,0,-1,0,[0|0|0|0],-1,0.5,1,[0|0|0|0],-1,0,0,[0|0|0|0|0|0|0|0],-1,-1,-1,-1,-1,[0|0|0|0],-1,-1,-1,[0|0|0|0|0|0|0|0],-1,-1,-1,[0|0|0|0|0|0|0|0],0,0,0,[0|0|0|0],380,-1,200,100,1,1,0,-1,1,0,0,1,446,0,-1,0,60,0,-1,[0|0|0|0],0,0,0,0,0,0,0,0,0,0,0,0,0,0,0,0,0,0,0,0,0,0,0,0,0,0,0,0,0,0,0,0,213,[0|0|0|0|0|0|0|0|0|0|0|0],0,0,0,0,0,0,0,0,0,0,0,0,0,0,-1,0,0,0,0,-1,-1,-1,-1,-1,-1,-1,-1,-1,-1,-1,-1,0,0,-1,0,1,0,0,0,0,0,0,[0|0],10130100,0,0,-1,0,0,-1,1,1,1,1,1,1,1,1,0,0,0,0,0,0,0,0,0,0,0,0,0,0,0,0,0,0,0,0,0,0,0,0,0,[0|0],11,0.2,0.1,[0|0|0],0,1,0,-1,[0|0|0|0],17,320,0,0,0,-1,-1,-1,-1,-1,-1,-1,-1,-1,-1,0,0,0,0,0,0,0,0,0,-1,[0|0],360,0,0,0,[0|0|0],0,0,0,0,0,-1,-1,-1,-1,-1,-1,[0|0|0|0],0,0,0,0,0,[0|0|0],0,0,0,0,0,0,0,0,0,0,0,0,0,0,0,0,0,0,0,0,0,0,0,0,0,0,0,0,0,0,0,0,0,0,[0|0|0],0,0,0,0,2130,[0|0|0|0],1,0,1,1,0,[0|0|0],0,0,0,0,0,-1,-1,-1,-1,1,0,0,0,0,0,0,0,0,0,295,85,0.4,1.3,0,-1,0,0,0,0,0,1,0,0,0,0,0,0,0,0,1,1,0,0,-1,0,-1,0,0,0,0,1,0,0,0,0,0,0,0,0,1,1,0,0,0,0,-1,1,1,8040,0,0,0,0,0,0,1,-1,0,0,1,0,0,0,0,1,0,0,0,0,1,-1,[0|0|0|0|0|0|0|0|0|0|0|0|0|0|0|0|0|0|0|0|0|0|0|0|0|0|0|0]
15132000,PULSE SHOTGUN - HI-17: GU-S4 (Left),0,0,0,[0|0|0],11320,1015999,0,2910,0,0,0,0,0,0,0,0,100,0,0,0,-1,-1,-1,-1,-1,-1,-1,-1,-1,-1,-1,-1,-1,-1,-1,-1,-1,-1,-1,-1,-1,-1,-1,1,1,1,1,0,0,0,2850,0,100,100,0,-1,0,100,0,0,100,0,0,0,0,0,-1,16,0,0,7,0,19,0,0,0,100,0,0,999,0,0,0,0,0,0,0,0,0,0,0,0,0,0,0,0,0,0,0,0,0,0,1,1,0,1,0,0,0,0,0,0,0,0,0,0,1,0,1,0,0,0,0,0,0,0,0,1,0,1,1,1,1,0,0,100,1,1,0,0,-1,-1,-1,-1,-1,-1,-1,-1,-1,-1,-1,-1,-1,-1,-1,-1,-1,-1,-1,-1,-1,-1,-1,-1,0,0,100,0,0,0,0,0,0,0,0,0,0,0,1,1,0,0,0,0,0,0,0,0,0,0,0,0,0,0,0,-1,-1,-1,-1,-1,-1,-1,-1,-1,0,-1,0,0,-1,0,1,0,0,0,-1,-1,-1,0,[0|0|0|0],-1,-1,-1,-1,150,-1,-1,-1,1,1,1,1,1,1,1,1,1,-1,-1,-1,-1,-1,0,-1,0,1,0,0,0,0,1,1,1,1,0,0,-1,0,[0|0|0|0],-1,0.5,1,[0|0|0|0],-1,0,0,[0|0|0|0|0|0|0|0],-1,-1,-1,-1,-1,[0|0|0|0],-1,-1,-1,[0|0|0|0|0|0|0|0],-1,-1,-1,[0|0|0|0|0|0|0|0],0,0,0,[0|0|0|0],70,-1,200,100,1,1,0,-1,1,0,0,1,471,0,-1,0,180,0,-1,[0|0|0|0],0,0,0,0,0,0,0,0,0,0,0,0,0,0,0,0,0,0,0,0,0,0,0,0,0,0,0,0,0,0,0,0,205,[0|0|0|0|0|0|0|0|0|0|0|0],0,0,0,0,0,0,0,0,0,0,0,0,0,0,-1,0,0,0,0,-1,-1,-1,-1,-1,-1,-1,-1,-1,-1,-1,-1,0,0,-1,0,1,0,0,0,0,0,0,[0|0],10130000,0,0,-1,0,0,-1,1,1,1,1,1,1,1,1,0,0,0,0,0,0,0,0,0,0,0,0,0,0,0,0,0,0,0,0,0,0,0,0,0,[0|0],20,0.1,0.1,[0|0|0],0,1,0,-1,[0|0|0|0],17,321,0,0,0,-1,-1,-1,-1,-1,-1,-1,-1,-1,-1,0,0,0,0,0,0,0,0,0,-1,[0|0],360,0,0,0,[0|0|0],0,0,0,0,0,-1,-1,-1,-1,-1,-1,[0|0|0|0],0,0,0,0,0,[0|0|0],0,0,0,0,0,0,0,0,0,0,0,0,0,0,0,0,0,0,0,0,0,0,0,0,0,0,0,0,0,0,0,0,0,0,[0|0|0],0,0,0,0,2130,[0|0|0|0],1,0,1,1,0,[0|0|0],0,0,0,0,0,-1,-1,-1,-1,1,0,0,0,0,0,0,0,0,0,600,85,0.4,1.3,0,-1,0,0,0,0,0,1,0,0,0,0,0,0,0,0,1,1,0,0,-1,1,-1,0,0,0,0,1,0,0,0,0,0,0,0,0,1,1,0,0,0,0,-1,1,1,8039,0,0,0,0,0,0,1,-1,0,0,1,0,0,0,0,1,0,0,0,0,1,-1,[0|0|0|0|0|0|0|0|0|0|0|0|0|0|0|0|0|0|0|0|0|0|0|0|0|0|0|0]
15140000,LASER RIFLE - VE-66LRB (Left),0,0,0,[0|0|0],11400,1019020,0,7760,0,0,0,0,0,0,0,0,100,0,0,0,-1,-1,-1,-1,-1,-1,-1,-1,-1,-1,-1,-1,-1,-1,-1,-1,-1,-1,-1,-1,-1,-1,-1,1,1,1,1,0,0,0,2510,0,100,100,0,-1,0,100,0,0,100,0,0,0,0,0,-1,16,0,0,7,0,24,0,0,0,100,0,0,999,0,0,0,0,0,0,0,0,0,0,0,0,0,0,0,0,0,0,0,0,0,0,1,1,0,1,0,0,0,0,0,0,0,0,0,0,1,0,1,0,0,0,0,0,0,0,0,1,0,1,1,1,1,0,0,100,1,1,0,0,-1,-1,-1,-1,-1,-1,-1,-1,-1,-1,-1,-1,-1,-1,-1,-1,-1,-1,-1,-1,-1,-1,-1,-1,0,0,100,0,0,0,0,0,0,0,0,0,0,0,1,1,0,0,0,0,0,0,0,0,0,0,0,0,0,0,0,-1,-1,-1,-1,-1,-1,-1,-1,-1,0,-1,0,0,-1,0,1,0,0,0,-1,-1,-1,0,[0|0|0|0],-1,-1,-1,-1,400,-1,-1,-1,1,1,1,1,1,1,1,1,1,-1,-1,-1,-1,-1,0,-1,0,1,0,0,0,0,1,1,1,1,0,0,-1,0,[0|0|0|0],-1,0.5,1,[0|0|0|0],-1,0,0,[0|0|0|0|0|0|0|0],-1,-1,-1,-1,-1,[0|0|0|0],-1,-1,-1,[0|0|0|0|0|0|0|0],-1,-1,-1,[0|0|0|0|0|0|0|0],0,0,0,[0|0|0|0],108,-1,200,100,1,1,0,-1,1,0,0,3,604,0,-1,0,400,0,-1,[0|0|0|0],0,0,0,0,0,0,0,0,0,0,0,0,0,0,0,0,0,0,0,0,0,0,0,0,0,0,0,0,0,0,0,0,211,[0|0|0|0|0|0|0|0|0|0|0|0],0,0,0,0,0,0,0,0,0,0,0,0,0,0,-1,0,0,0,0,-1,-1,-1,-1,-1,-1,-1,-1,-1,-1,-1,-1,0,0,-1,0,1,0,0,0,0,0,0,[0|0],10140000,0,2.3,1,1.15,0,-1,1,1,1,1,1,1,1,1,0,0,0,0,0,0,0,0,0,0,0,0,0,0,0,0,0,0,0,0,0,0,0,0,0,[0|0],2,0.1,0.6,[0|0|0],0,1,0,-1,[0|0|0|0],20,330,0,0,0,-1,-1,-1,-1,-1,-1,-1,-1,-1,-1,0,0,0,0,0,0,0,0,0,737,[0|0],360,0,0,0,[0|0|0],0,0,0,0,0,-1,-1,-1,-1,-1,-1,[0|0|0|0],0,0,0,0,0,[0|0|0],0,0,0,0,0,0,0,0,0,0,0,0,0,0,0,0,0,0,0,0,0,0,0,0,0,0,0,0,0,0,0,0,0,0,[0|0|0],0,0,0,0,2110,[0|0|0|0],1,0,1,1,0,[0|0|0],0,0,0,0,0,-1,-1,-1,-1,1,0,0,0,0,0,0,0,0,0,246,85,1.7,1.7,0,-1,0,0,0,0,0,1,0,0,0,0,0,0,0,0,1,1,0,0,-1,1,100,0,0,0,1,1,0,0,0,0,0,0,0,0,1,1,0,0,0,0,-1,1,1,8030,0,0,0,0,0,0,1,-1,0,0,1,0,0,0,0,1,0,0,0,0,1,-1,[0|0|0|0|0|0|0|0|0|0|0|0|0|0|0|0|0|0|0|0|0|0|0|0|0|0|0|0]
15150000,LASER SHOTGUN - WUERGER/66E (Left),0,0,0,[0|0|0],11500,1020010,0,2880,0,0,0,0,0,0,0,0,100,0,0,0,-1,-1,-1,-1,-1,-1,-1,-1,-1,-1,-1,-1,-1,-1,-1,-1,-1,-1,-1,-1,-1,-1,-1,1,1,1,1,0,0,0,2610,0,100,100,0,-1,0,100,0,0,100,0,0,0,0,0,-1,16,0,0,7,0,16,0,0,0,100,0,0,999,0,0,0,0,0,0,0,0,0,0,0,0,0,0,0,0,0,0,0,0,0,0,1,1,0,1,0,0,0,0,0,0,0,0,0,0,1,0,1,0,0,0,0,0,0,0,0,1,0,1,1,1,1,0,0,100,1,1,0,0,-1,-1,-1,-1,-1,-1,-1,-1,-1,-1,-1,-1,-1,-1,-1,-1,-1,-1,-1,-1,-1,-1,-1,-1,0,0,100,0,0,0,0,0,0,0,0,0,0,0,1,1,0,0,0,0,0,0,0,0,0,0,0,0,0,0,0,-1,-1,-1,-1,-1,-1,-1,-1,-1,0,-1,0,0,-1,0,1,0,0,0,-1,-1,-1,0,[0|0|0|0],-1,-1,-1,-1,400,-1,-1,-1,1,1,1,1,1,1,1,1,1,-1,-1,-1,-1,-1,0,-1,0,1,0,0,0,0,1,1,1,1,0,0,-1,0,[0|0|0|0],-1,0.5,1,[0|0|0|0],-1,0,0,[0|0|0|0|0|0|0|0],-1,-1,-1,-1,-1,[0|0|0|0],-1,-1,-1,[0|0|0|0|0|0|0|0],-1,-1,-1,[0|0|0|0|0|0|0|0],0,0,0,[0|0|0|0],66,-1,200,100,1,1,0,-1,1,0,0,2,440,0,-1,0,200,0,-1,[0|0|0|0],0,0,0,0,0,0,0,0,0,0,0,0,0,0,0,0,0,0,0,0,0,0,0,0,0,0,0,0,0,0,0,0,215,[0|0|0|0|0|0|0|0|0|0|0|0],0,0,0,0,0,0,0,0,0,0,0,0,0,0,-1,0,0,0,0,-1,-1,-1,-1,-1,-1,-1,-1,-1,-1,-1,-1,0,0,-1,0,0,0,0,0,0,0,0,[0|0],10150000,0,0.4,0.2,0.2,0,-1,1,1,1,1,1,1,1,1,0,0,0,0,0,0,0,0,0,0,0,0,0,0,0,0,0,0,0,0,0,0,0,0,0,[0|0],3,0.2,1.1,[0|0|0],0,1,0,-1,[0|0|0|0],8,350,0,0,0,-1,-1,-1,-1,-1,-1,-1,-1,-1,-1,0,0,0,0,0,0,0,0,0,484,[0|0],360,0,0,0,[0|0|0],0,0,0,0,0,-1,-1,-1,-1,-1,-1,[0|0|0|0],0,0,0,0,0,[0|0|0],0,0,0,0,0,0,0,0,0,0,0,0,0,0,0,0,0,0,0,0,0,0,0,0,0,0,0,0,0,0,0,0,0,0,[0|0|0],0,0,0,0,2150,[0|0|0|0],1,0,0,1,0,[0|0|0],0,0,0,0,0,-1,-1,-1,-1,1,0,0,0,0,0,0,0,0,0,291,85,1,1,0,-1,0,0,0,0,0,1,0,0,0,0,0,0,0,0,1,1,0,0,-1,1,100,0,0,0,0,1,0,0,0,0,0,0,0,0,1,1,0,0,0,0,-1,1,1,8031,0,0,0,0,0,0,1,-1,0,0,1,0,0,0,0,1,0,0,0,0,1,-1,[0|0|0|0|0|0|0|0|0|0|0|0|0|0|0|0|0|0|0|0|0|0|0|0|0|0|0|0]
15150100,LASER SHOTGUN - VP-66LS (Left),0,0,0,[0|0|0],11510,1020000,0,3540,0,0,0,0,0,0,0,0,100,0,0,0,-1,-1,-1,-1,-1,-1,-1,-1,-1,-1,-1,-1,-1,-1,-1,-1,-1,-1,-1,-1,-1,-1,-1,1,1,1,1,0,0,0,2620,0,100,100,0,-1,0,100,0,0,100,0,0,0,0,0,-1,16,0,0,7,0,16,0,0,0,100,0,0,219,0,0,0,0,0,0,0,0,0,0,0,0,0,0,0,0,0,0,0,0,0,0,1,1,0,1,0,0,0,0,0,0,0,0,0,0,1,0,1,0,0,0,0,0,0,0,0,1,0,1,1,1,1,0,0,100,1,1,0,0,-1,-1,-1,-1,-1,-1,-1,-1,-1,-1,-1,-1,-1,-1,-1,-1,-1,-1,-1,-1,-1,-1,-1,-1,0,0,100,0,0,0,0,0,0,0,0,0,0,0,1,1,0,0,0,0,0,0,0,0,0,0,0,0,0,0,0,-1,-1,-1,-1,-1,-1,-1,-1,-1,0,-1,0,0,-1,0,1,0,0,0,-1,-1,-1,0,[0|0|0|0],-1,-1,-1,-1,400,-1,-1,-1,1,1,1,1,1,1,1,1,1,-1,-1,-1,-1,-1,0,-1,0,1,0,0,0,0,1,1,1,1,0,0,-1,0,[0|0|0|0],-1,0.5,1,[0|0|0|0],-1,0,0,[0|0|0|0|0|0|0|0],-1,-1,-1,-1,-1,[0|0|0|0],-1,-1,-1,[0|0|0|0|0|0|0|0],-1,-1,-1,[0|0|0|0|0|0|0|0],0,0,0,[0|0|0|0],60,-1,200,100,1,1,0,-1,1,0,0,2,510,0,-1,0,300,0,-1,[0|0|0|0],0,0,0,0,0,0,0,0,0,0,0,0,0,0,0,0,0,0,0,0,0,0,0,0,0,0,0,0,0,0,0,0,215,[0|0|0|0|0|0|0|0|0|0|0|0],0,0,0,0,0,0,0,0,0,0,0,0,0,0,-1,0,0,0,0,-1,-1,-1,-1,-1,-1,-1,-1,-1,-1,-1,-1,0,0,-1,0,0,0,0,0,0,0,0,[0|0],10150100,0,0.7,0.4,0.35,0,-1,1,1,1,1,1,1,1,1,0,0,0,0,0,0,0,0,0,0,0,0,0,0,0,0,0,0,0,0,0,0,0,0,0,[0|0],3,0.2,0.4,[0|0|0],0,1,0,-1,[0|0|0|0],7,351,0,0,0,-1,-1,-1,-1,-1,-1,-1,-1,-1,-1,0,0,0,0,0,0,0,0,0,582,[0|0],360,0,0,0,[0|0|0],0,0,0,0,0,-1,-1,-1,-1,-1,-1,[0|0|0|0],0,0,0,0,0,[0|0|0],0,0,0,0,0,0,0,0,0,0,0,0,0,0,0,0,0,0,0,0,0,0,0,0,0,0,0,0,0,0,0,0,0,0,[0|0|0],0,0,0,0,2190,[0|0|0|0],1,0,0,1,0,[0|0|0],0,0,0,0,0,-1,-1,-1,-1,1,0,0,0,0,0,0,0,0,0,263,85,1.4,1.6,0,-1,0,0,0,0,0,1,0,0,0,0,0,0,0,0,1,1,0,0,-1,1,100,0,0,0,0,1,0,0,0,0,0,1,0,0,1,1,0,0,0,0,-1,1,1,8032,0,0,0,0,0,0,1,-1,0,0,1,0,0,0,0,1,0,0,0,0,1,-1,[0|0|0|0|0|0|0|0|0|0|0|0|0|0|0|0|0|0|0|0|0|0|0|0|0|0|0|0]
15150200,PLASMA RIFLE - IA-C01W1: NEBULA (Left),0,0,0,[0|0|0],11520,1022010,0,3890,0,0,0,0,0,0,0,0,100,0,0,0,-1,-1,-1,-1,-1,-1,-1,-1,-1,-1,-1,-1,-1,-1,-1,-1,-1,-1,-1,-1,-1,-1,-1,1,1,1,1,0,0,0,2630,0,100,100,0,-1,0,100,0,0,100,0,0,0,0,0,-1,16,0,0,7,0,24,0,0,0,100,0,0,999,0,0,0,0,0,0,0,0,0,0,0,0,0,0,0,0,0,0,0,0,0,0,1,1,0,1,0,0,0,0,0,0,0,0,0,0,1,0,1,0,0,0,0,0,0,0,0,1,0,1,1,1,1,0,0,100,1,1,0,0,-1,-1,-1,-1,-1,-1,-1,-1,-1,-1,-1,-1,-1,-1,-1,-1,-1,-1,-1,-1,-1,-1,-1,-1,0,0,100,0,0,0,0,0,0,0,0,0,0,0,1,1,0,0,0,0,0,0,0,0,0,0,0,0,0,0,0,-1,-1,-1,-1,-1,-1,-1,-1,-1,0,-1,0,0,-1,0,1,0,0,0,-1,-1,-1,0,[0|0|0|0],-1,-1,-1,-1,350,-1,-1,-1,1,1,1,1,1,1,1,1,1,-1,-1,-1,-1,-1,0,-1,0,1,0,0,0,0,1,1,1,1,0,0,-1,0,[0|0|0|0],-1,0.5,1,[0|0|0|0],-1,0,0,[0|0|0|0|0|0|0|0],-1,-1,-1,-1,-1,[0|0|0|0],-1,-1,-1,[0|0|0|0|0|0|0|0],-1,-1,-1,[0|0|0|0|0|0|0|0],0,0,0,[0|0|0|0],58,-1,200,100,1,1,0,-1,1,0,0,2,609,0,-1,0,600,0,-1,[0|0|0|0],0,0,0,0,0,0,0,0,0,0,0,0,0,0,0,0,0,0,0,0,0,0,0,0,0,0,0,0,0,0,0,0,212,[0|0|0|0|0|0|0|0|0|0|0|0],0,0,0,0,0,0,0,0,0,0,0,0,0,0,-1,0,0,0,0,-1,-1,-1,-1,-1,-1,-1,-1,-1,-1,-1,-1,0,0,-1,0,1,0,0,0,0,0,0,[0|0],10150200,0,2.7,0.4,1.35,0,-1,1,1,1,1,1,1,1,1,0,0,0,0,0,0,0,0,0,0,0,0,0,0,0,0,0,0,0,0,0,0,0,0,0,[0|0],1.1,0.2,1.5,[0|0|0],0,1,0,-1,[0|0|0|0],2,360,0,0,0,-1,-1,-1,-1,-1,-1,-1,-1,-1,-1,0,0,0,0,0,0,0,0,0,737,[0|0],360,0,0,0,[0|0|0],0,0,0,0,0,-1,-1,-1,-1,-1,-1,[0|0|0|0],0,0,0,0,0,[0|0|0],0,0,0,0,0,0,0,0,0,0,0,0,0,0,0,0,0,0,0,0,0,0,0,0,0,0,0,0,0,0,0,0,0,0,[0|0|0],0,0,0,0,2120,[0|0|0|0],1,0,1,1,0,[0|0|0],0,0,0,0,0,-1,-1,-1,-1,1,0,0,0,0,0,0,0,0,0,238,85,1.2,1.6,0,-1,0,1,0,1,0,1,1,1,1,1,1,1,0,0,1,1,0,0,-1,2,100,1,0,1,2,1,1,1,1,1,1,1,1,0,1,1,0,0,0,0,-1,1,1,8033,0,0,0,0,0,0,1,-1,0,0,1,0,0,0,0,1,0,0,0,0,1,-1,[0|0|0|0|0|0|0|0|0|0|0|0|0|0|0|0|0|0|0|0|0|0|0|0|0|0|0|0]
15150300,CORAL RIFLE - IA-C01W6: NB-REDSHIFT (Left),0,0,0,[0|0|0],11530,1022020,0,4040,0,0,0,0,0,0,0,0,100,0,0,0,-1,-1,-1,-1,-1,-1,-1,-1,-1,-1,-1,-1,-1,-1,-1,-1,-1,-1,-1,-1,-1,-1,-1,1,1,1,1,0,0,0,2631,0,100,100,0,-1,0,0,0,100,100,0,0,0,0,0,-1,16,0,0,7,0,24,0,0,0,100,0,0,999,0,0,0,0,0,0,0,0,0,0,0,0,0,0,0,0,0,0,0,0,0,0,1,1,0,1,0,0,0,0,0,0,0,0,0,0,1,0,1,0,0,0,0,0,0,0,0,1,0,1,1,1,1,0,0,100,1,1,0,0,-1,-1,-1,-1,-1,-1,-1,-1,-1,-1,-1,-1,-1,-1,-1,-1,-1,-1,-1,-1,-1,-1,-1,-1,0,0,100,0,0,0,0,0,0,0,0,0,0,0,1,1,0,0,0,0,0,0,0,0,0,0,0,0,0,0,0,-1,-1,-1,-1,-1,-1,-1,-1,-1,0,-1,0,0,-1,0,1,0,0,0,-1,-1,-1,0,[0|0|0|0],-1,-1,-1,-1,350,-1,-1,-1,1,1,1,1,1,1,1,1,1,-1,-1,-1,-1,-1,0,-1,0,1,0,0,0,0,1,1,1,1,0,0,-1,0,[0|0|0|0],-1,0.5,1,[0|0|0|0],-1,0,0,[0|0|0|0|0|0|0|0],-1,-1,-1,-1,-1,[0|0|0|0],-1,-1,-1,[0|0|0|0|0|0|0|0],-1,-1,-1,[0|0|0|0|0|0|0|0],0,0,0,[0|0|0|0],26,-1,200,100,1,1,0,-1,1,0,0,2,667,0,-1,0,1500,0,-1,[0|0|0|0],0,0,0,0,0,0,0,0,0,0,0,0,0,0,0,0,0,0,0,0,0,0,0,0,0,0,0,0,0,0,0,0,212,[0|0|0|0|0|0|0|0|0|0|0|0],0,0,0,0,0,0,0,0,0,0,0,0,0,0,-1,0,0,0,0,-1,-1,-1,-1,-1,-1,-1,-1,-1,-1,-1,-1,0,0,-1,0,1,0,0,0,0,0,0,[0|0],10150300,0,1.7,0.4,0.85,0,-1,1,1,1,1,1,1,1,1,0,0,0,0,0,0,0,0,0,0,0,0,0,0,0,0,0,0,0,0,0,0,0,0,0,[0|0],1.1,0.2,1.5,[0|0|0],0,0,0,-1,[0|0|0|0],2,365,0,0,0,-1,-1,-1,-1,-1,-1,-1,-1,-1,-1,0,0,0,0,0,0,0,0,0,808,[0|0],360,0,0,0,[0|0|0],0,0,0,0,0,-1,-1,-1,-1,-1,-1,[0|0|0|0],0,0,0,0,0,[0|0|0],0,0,0,0,0,0,0,0,0,0,0,0,0,0,0,0,0,0,0,0,0,0,0,0,0,0,0,0,0,0,0,0,0,0,[0|0|0],0,0,0,0,2120,[0|0|0|0],1,0,1,1,0,[0|0|0],0,0,0,0,0,-1,-1,-1,-1,1,0,0,0,0,0,0,0,0,0,186,85,1.2,1.6,0,-1,0,1,0,1,0,1,1,1,1,1,1,1,0,0,1,1,0,0,-1,2,100,1,0,1,2,1,1,1,1,1,1,1,1,0,1,1,0,0,0,0,-1,1,1,8034,0,0,1,1,0,0,1,-1,0,0,1,0,0,0,0,1,0,0,0,0,1,-1,[0|0|0|0|0|0|0|0|0|0|0|0|0|0|0|0|0|0|0|0|0|0|0|0|0|0|0|0]
15150400,CONCENTRATED PLASMA RIFLE - Vvc-780CR (Left),0,0,0,[0|0|0],11540,1022010,0,5240,0,0,0,0,0,0,0,0,100,0,0,0,-1,-1,-1,-1,-1,-1,-1,-1,-1,-1,-1,-1,-1,-1,-1,-1,-1,-1,-1,-1,-1,-1,-1,1,1,1,1,0,0,0,2733,0,100,100,0,-1,0,100,0,0,100,0,0,0,0,0,-1,16,0,0,7,0,24,0,0,0,100,0,0,999,0,0,0,0,0,0,0,0,0,0,0,0,0,0,0,0,0,0,0,0,0,0,1,1,0,1,0,0,0,0,0,0,0,0,0,0,1,0,1,0,0,0,0,0,0,0,0,1,0,1,1,1,1,0,0,100,1,1,0,0,-1,-1,-1,-1,-1,-1,-1,-1,-1,-1,-1,-1,-1,-1,-1,-1,-1,-1,-1,-1,-1,-1,-1,-1,0,0,100,0,0,0,0,0,0,0,0,0,0,0,1,1,0,0,0,0,0,0,0,0,0,0,0,0,0,0,0,-1,-1,-1,-1,-1,-1,-1,-1,-1,0,-1,0,0,-1,0,1,0,0,0,-1,-1,-1,0,[0|0|0|0],-1,-1,-1,-1,350,-1,-1,-1,1,1,1,1,1,1,1,1,1,-1,-1,-1,-1,-1,0,-1,0,1,0,0,0,0,1,1,1,1,0,0,-1,0,[0|0|0|0],-1,0.5,1,[0|0|0|0],-1,0,0,[0|0|0|0|0|0|0|0],-1,-1,-1,-1,-1,[0|0|0|0],-1,-1,-1,[0|0|0|0|0|0|0|0],-1,-1,-1,[0|0|0|0|0|0|0|0],0,0,0,[0|0|0|0],45,-1,1000,100,1,1,0,-1,1,0,0,2,640,0,-1,0,800,0,-1,[0|0|0|0],0,0,0,0,0,0,0,0,0,0,0,0,0,0,0,0,0,0,0,0,0,0,0,0,0,0,0,0,0,0,0,0,212,[0|0|0|0|0|0|0|0|0|0|0|0],0,0,0,0,0,0,0,0,0,0,0,0,0,0,-1,0,0,0,0,-1,-1,-1,-1,-1,-1,-1,-1,-1,-1,-1,-1,0,0,-1,0,1,0,0,0,0,0,0,[0|0],10150200,0,2.1,0.4,1.35,0,-1,1,1,1,1,1,1,1,1,0,0,0,0,0,0,0,0,0,0,0,0,0,0,0,0,0,0,0,0,0,0,0,0,0,[0|0],1.1,0.2,1.5,[0|0|0],0,1,0,-1,[0|0|0|0],9,362,0,0,0,-1,-1,-1,-1,-1,-1,-1,-1,-1,-1,0,0,0,0,0,0,0,0,0,900,[0|0],360,0,0,0,[0|0|0],0,0,0,0,0,-1,-1,-1,-1,-1,-1,[0|0|0|0],0,0,0,0,0,[0|0|0],0,0,0,0,0,0,0,0,0,0,0,0,0,0,0,0,0,0,0,0,0,0,0,0,0,0,0,0,0,0,0,0,0,0,[0|0|0],0,0,0,0,2120,[0|0|0|0],1,0,1,1,0,[0|0|0],0,0,0,0,0,-1,-1,-1,-1,1,0,0,0,0,0,0,0,0,0,210,100,1.5,4,0,-1,0,4,0,0,4,1,4,4,4,4,4,4,4,4,1,1,0,0,-1,2,100,1,0,1,2,1,1,1,1,1,1,1,1,0,1,1,0,0,0,0,-1,1,1,8033,0,0,0,0,0,0,1,-1,0,0,1,0,0,0,0,1,0,0,0,0,1,-1,[0|0|0|0|0|0|0|0|0|0|0|0|0|0|0|0|0|0|0|0|0|0|0|0|0|0|0|0]
15150500,PLASMA RIFLE - R-MOD_9 SARISSA (Left),0,0,0,[0|0|0],11550,1022010,0,4000,0,0,0,0,0,0,0,0,100,0,0,0,-1,-1,-1,-1,-1,-1,-1,-1,-1,-1,-1,-1,-1,-1,-1,-1,-1,-1,-1,-1,-1,-1,-1,1,1,1,1,0,0,0,2635,0,100,100,0,-1,0,100,0,0,100,0,0,0,0,0,-1,16,0,0,7,0,24,0,0,0,100,0,0,999,0,0,0,0,0,0,0,0,0,0,0,0,0,0,0,0,0,0,0,0,0,0,1,1,0,1,0,0,0,0,0,0,0,0,0,0,1,0,1,0,0,0,0,0,0,0,0,1,0,1,1,1,1,0,0,100,1,1,0,0,-1,-1,-1,-1,-1,-1,-1,-1,-1,-1,-1,-1,-1,-1,-1,-1,-1,-1,-1,-1,-1,-1,-1,-1,0,0,100,0,0,0,0,0,0,0,0,0,0,0,1,1,0,0,0,0,0,0,0,0,0,0,0,0,0,0,0,-1,-1,-1,-1,-1,-1,-1,-1,-1,0,-1,0,0,-1,0,1,0,0,0,-1,-1,-1,0,[0|0|0|0],-1,-1,-1,-1,350,-1,-1,-1,1,1,1,1,1,1,1,1,1,-1,-1,-1,-1,-1,0,-1,0,1,0,0,0,0,1,1,1,1,0,0,-1,0,[0|0|0|0],-1,0.5,1,[0|0|0|0],-1,0,0,[0|0|0|0|0|0|0|0],-1,-1,-1,-1,-1,[0|0|0|0],-1,-1,-1,[0|0|0|0|0|0|0|0],-1,-1,-1,[0|0|0|0|0|0|0|0],0,0,0,[0|0|0|0],63,-1,200,100,1,1,0,-1,1,0,0,2,704,0,-1,0,700,0,-1,[0|0|0|0],0,0,0,0,0,0,0,0,0,0,0,0,0,0,0,0,0,0,0,0,0,0,0,0,0,0,0,0,0,0,0,0,212,[0|0|0|0|0|0|0|0|0|0|0|0],0,0,0,0,0,0,0,0,0,0,0,0,0,0,-1,0,0,0,0,-1,-1,-1,-1,-1,-1,-1,-1,-1,-1,-1,-1,0,0,-1,0,1,0,0,0,0,0,0,[0|0],10150200,0,2.5,0.4,1.35,0,-1,1,1,1,1,1,1,1,1,0,0,0,0,0,0,0,0,0,0,0,0,0,0,0,0,0,0,0,0,0,0,0,0,0,[0|0],1.1,0.2,1.5,[0|0|0],0,1,0,-1,[0|0|0|0],5,360,0,0,0,-1,-1,-1,-1,-1,-1,-1,-1,-1,-1,0,0,0,0,0,0,0,0,0,1080,[0|0],360,0,0,0,[0|0|0],0,0,0,0,0,-1,-1,-1,-1,-1,-1,[0|0|0|0],0,0,0,0,0,[0|0|0],0,0,0,0,0,0,0,0,0,0,0,0,0,0,0,0,0,0,0,0,0,0,0,0,0,0,0,0,0,0,0,0,0,0,[0|0|0],0,0,0,0,2120,[0|0|0|0],1,0,1,1,0,[0|0|0],0,0,0,0,0,-1,-1,-1,-1,1,0,0,0,0,0,0,0,0,0,222,86,2.1,2.2,0,-1,0,1,0,1,0,1,1,1,1,1,1,1,0,0,1,1,0,0,-1,2,100,1,0,1,2,1,1,1,1,1,1,1,1,0,1,1,0,0,0,0,-1,1,1,8033,0,0,0,0,0,0,1,-1,0,0,1,0,0,0,0,1,0,0,0,0,1,-1,[0|0|0|0|0|0|0|0|0|0|0|0|0|0|0|0|0|0|0|0|0|0|0|0|0|0|0|0]
15160000,FLAMETHROWER - WB-0000 BAD COOK (Left),0,0,0,[0|0|0],11600,1018000,0,5370,0,0,0,0,0,0,0,0,100,0,0,0,-1,-1,-1,-1,-1,-1,-1,-1,-1,-1,-1,-1,-1,-1,-1,-1,-1,-1,-1,-1,-1,-1,-1,1,1,1,1,0,0,0,2910,0,100,100,0,-1,0,0,100,0,100,0,0,0,0,0,-1,16,0,0,7,0,15,0,0,0,100,0,0,999,0,0,0,0,0,0,0,0,0,0,0,0,0,0,0,0,0,0,0,0,0,0,1,1,0,1,0,0,0,0,0,0,0,0,0,0,1,0,1,0,0,0,0,0,0,0,0,1,0,1,1,1,1,0,0,100,1,1,0,0,-1,-1,-1,-1,-1,-1,-1,-1,-1,-1,-1,-1,-1,-1,-1,-1,-1,-1,-1,-1,-1,-1,-1,-1,0,0,100,0,0,0,0,0,0,0,0,0,0,0,1,1,0,0,0,0,0,0,0,0,0,0,0,0,0,0,0,-1,-1,-1,-1,-1,-1,-1,-1,-1,0,-1,0,0,-1,0,1,0,0,0,-1,-1,-1,0,[0|0|0|0],-1,-1,-1,-1,100,-1,-1,-1,1,1,1,1,1,1,1,1,1,-1,-1,-1,-1,-1,0,-1,0,1,0,0,0,0,1,1,1,1,0,0,-1,0,[0|0|0|0],-1,0.5,1,[0|0|0|0],-1,0,0,[0|0|0|0|0|0|0|0],-1,-1,-1,-1,-1,[0|0|0|0],-1,-1,-1,[0|0|0|0|0|0|0|0],-1,-1,-1,[0|0|0|0|0|0|0|0],0,0,0,[0|0|0|0],1200,-1,200,100,1,1,0,-1,1,0,0,3,403,0,-1,0,40,0,-1,[0|0|0|0],0,0,0,0,0,0,0,0,0,0,0,0,0,0,0,0,0,0,0,0,0,0,0,0,0,0,0,0,0,0,0,0,214,[0|0|0|0|0|0|0|0|0|0|0|0],0,0,0,0,0,0,0,0,0,0,0,0,0,0,-1,0,0,0,0,-1,-1,-1,-1,-1,-1,-1,-1,-1,-1,-1,-1,0,0,-1,0,0,0,0,0,0,0,0,[0|0],10160000,0,0,-1,0,0,-1,1,1,1,1,1,1,1,1,0,0,0,0,0,0,0,0,0,0,0,0,0,0,0,0,0,0,0,0,0,0,0,0,0,[0|0],10,0.2,2,[0|0|0],0,0,0,-1,[0|0|0|0],6,280,0,0,0,-1,-1,-1,-1,-1,-1,-1,-1,-1,-1,0,0,0,0,0,0,0,0,0,-1,[0|0],360,0,0,0,[0|0|0],0,0,0,0,0,-1,-1,-1,-1,-1,-1,[0|0|0|0],0,0,0,0,0,[0|0|0],0,0,0,0,0,0,0,0,0,0,0,0,0,0,0,0,0,0,0,0,0,0,0,0,0,0,0,0,0,0,0,0,0,0,[0|0|0],0,0,0,0,2140,[0|0|0|0],1,0,0,1,0,[0|0|0],0,0,0,0,0,-1,-1,-1,-1,1,0,0,0,0,0,0,0,0,0,250,85,0.8,1.3,0,-1,0,0,0,0,0,1,0,0,0,0,0,0,0,0,1,1,0,0,-1,0,-1,0,0,0,0,1,0,0,0,0,0,0,0,0,1,1,0,0,0,0,-1,1,1,8041,0,0,0,0,0,0,1,-1,0,0,1,0,0,0,0,1,0,0,0,0,1,-1,[0|0|0|0|0|0|0|0|0|0|0|0|0|0|0|0|0|0|0|0|0|0|0|0|0|0|0|0]
15170000,DETONATING BAZOOKA - 44-141 JVLN ALPHA (Left),0,0,0,[0|0|0],11700,1013000,0,5920,0,0,0,0,0,0,0,0,100,0,0,0,-1,-1,-1,-1,-1,-1,-1,-1,-1,-1,-1,-1,-1,-1,-1,-1,-1,-1,-1,-1,-1,-1,-1,1,1,1,1,0,0,0,3010,0,100,100,0,-1,0,0,100,0,100,0,0,0,0,0,-1,16,0,0,7,0,18,0,0,0,100,0,0,999,0,0,0,0,0,0,0,0,0,0,0,0,0,0,0,0,0,0,0,0,0,0,1,1,0,1,0,0,0,0,0,0,0,0,0,0,1,0,1,0,0,0,0,0,0,0,0,1,0,1,1,1,1,0,0,100,1,1,0,0,-1,-1,-1,-1,-1,-1,-1,-1,-1,-1,-1,-1,-1,-1,-1,-1,-1,-1,-1,-1,-1,-1,-1,-1,0,0,100,0,0,0,0,0,0,0,0,0,0,0,1,1,0,0,0,0,0,0,0,0,0,0,0,0,0,0,0,-1,-1,-1,-1,-1,-1,-1,-1,-1,0,-1,0,0,-1,0,1,0,0,0,-1,-1,-1,0,[0|0|0|0],-1,-1,-1,-1,250,-1,-1,-1,1,1,1,1,1,1,1,1,1,-1,-1,-1,-1,-1,0,-1,0,1,0,0,0,0,1,1,1,1,0,0,-1,0,[0|0|0|0],1,0.5,1,[0|0|0|0],-1,0,0,[0|0|0|0|0|0|0|0],-1,-1,-1,-1,-1,[0|0|0|0],-1,-1,-1,[0|0|0|0|0|0|0|0],-1,-1,-1,[0|0|0|0|0|0|0|0],0,0,0,[0|0|0|0],44,-1,200,100,1,1,0,-1,1,0,0,4,299,0,-1,0,750,0,-1,[0|0|0|0],0,0,0,0,0,0,0,0,0,0,0,0,0,0,0,0,0,0,0,0,0,0,0,0,0,0,0,0,0,0,0,0,204,[0|0|0|0|0|0|0|0|0|0|0|0],0,0,0,0,0,0,0,0,0,0,0,0,0,0,-1,0,0,0,0,-1,-1,-1,-1,-1,-1,-1,-1,-1,-1,-1,-1,0,0,-1,0,0,0,0,0,0,0,0,[0|0],10170000,4.1,0,-1,0,0,-1,1,1,1,1,1,1,1,1,0,0,0,0,0,0,0,0,0,0,0,0,0,0,0,0,0,0,0,0,0,0,0,0,0,[0|0],0,0,0,[0|0|0],0,0,0,-1,[0|0|0|0],4,240,0,0,0,-1,-1,-1,-1,-1,-1,-1,-1,-1,-1,0,0,0,0,0,0,0,0,0,-1,[0|0],360,0,0,0,[0|0|0],0,0,0,0,0,-1,-1,-1,-1,-1,-1,[0|0|0|0],0,0,0,0,0,[0|0|0],0,0,0,0,0,0,0,0,0,0,0,0,0,0,0,0,0,0,0,0,0,0,0,0,0,0,0,0,0,0,0,0,0,0,[0|0|0],0,0,0,0,2040,[0|0|0|0],1,0,0,0,0,[0|0|0],0,0,0,0,0,-1,-1,-1,-1,1,0,0,0,0,0,0,0,0,0,0,100,0,0,0,-1,0,4,0,4,255,1,4,4,4,1,1,2,1,0,1,1,0,0,-1,2,-1,0,0,0,0,1,0,0,0,0,0,0,0,0,1,1,0,0,0,0,-1,1,1,8042,0,0,1,0,0,0,1,-1,0,0,1,2,0,2,2,1,0,0,0,0,1,-1,[0|0|0|0|0|0|0|0|0|0|0|0|0|0|0|0|0|0|0|0|0|0|0|0|0|0|0|0]
15180000,STUN GUN - VP-66EG (Left),0,0,0,[0|0|0],11800,1011000,0,980,0,0,0,0,0,0,0,0,100,0,0,0,-1,-1,-1,-1,-1,-1,-1,-1,-1,-1,-1,-1,-1,-1,-1,-1,-1,-1,-1,-1,-1,-1,-1,1,1,1,1,0,0,0,3020,0,100,100,0,-1,100,100,0,0,100,0,0,0,0,0,-1,16,0,0,7,0,19,0,0,0,100,0,0,999,0,0,0,0,0,0,0,0,0,0,0,0,0,0,0,0,0,0,0,0,0,0,1,1,0,1,0,0,0,0,0,0,0,0,0,0,1,0,1,0,0,0,0,0,0,0,0,1,0,1,1,1,1,0,0,100,1,1,0,0,-1,-1,-1,-1,-1,-1,-1,-1,-1,-1,-1,-1,-1,-1,-1,-1,-1,-1,-1,-1,-1,-1,-1,-1,0,0,100,0,0,0,0,0,0,0,0,0,0,0,1,1,0,0,0,0,0,0,0,0,0,0,0,0,0,0,0,-1,-1,-1,-1,-1,-1,-1,-1,-1,0,-1,0,0,-1,0,1,0,0,0,-1,-1,-1,0,[0|0|0|0],-1,-1,-1,-1,210,-1,-1,-1,1,1,1,1,1,1,1,1,1,-1,-1,-1,-1,-1,0,-1,0,1,0,0,0,0,1,1,1,1,0,0,-1,0,[0|0|0|0],7,0.5,1,[0|0|0|0],-1,0,0,[0|0|0|0|0|0|0|0],-1,-1,-1,-1,-1,[0|0|0|0],-1,-1,-1,[0|0|0|0|0|0|0|0],-1,-1,-1,[0|0|0|0|0|0|0|0],0,0,0,[0|0|0|0],133,-1,200,100,1,1,0,-1,1,0,0,1,247,0,-1,0,150,0,-1,[0|0|0|0],0,0,0,0,0,0,0,0,0,0,0,0,0,0,0,0,0,0,0,0,0,0,0,0,0,0,0,0,0,0,0,0,207,[0|0|0|0|0|0|0|0|0|0|0|0],0,0,0,0,0,0,0,0,0,0,0,0,0,0,-1,0,0,0,0,-1,-1,-1,-1,-1,-1,-1,-1,-1,-1,-1,-1,0,0,-1,0,1,0,0,0,0,0,0,[0|0],10180000,1.8,0,-1,0,0,-1,1,1,1,1,1,1,1,1,0,0,0,0,0,0,0,0,0,0,0,0,0,0,0,0,0,0,0,0,0,0,0,0,0,[0|0],0,0,0,[0|0|0],0,0,0,-1,[0|0|0|0],7,210,0,0,0,-1,-1,-1,-1,-1,-1,-1,-1,-1,-1,0,0,0,0,0,0,0,0,0,-1,[0|0],360,0,0,0,[0|0|0],0,0,0,0,0,-1,-1,-1,-1,-1,-1,[0|0|0|0],0,0,0,0,0,[0|0|0],0,0,0,0,0,0,0,0,0,0,0,0,0,0,0,0,0,0,0,0,0,0,0,0,0,0,0,0,0,0,0,0,0,0,[0|0|0],0,0,0,0,2070,[0|0|0|0],1,0,1,1,0,[0|0|0],0,0,0,0,0,-1,-1,-1,-1,1,0,0,0,0,0,0,0,0,0,0,100,0,0,0,-1,0,0,0,0,0,1,0,0,0,0,0,0,0,0,1,1,0,0,-1,0,-1,0,0,0,0,1,0,0,0,0,0,0,0,0,1,1,0,0,0,0,-1,1,1,8043,0,0,1,0,0,0,1,-1,0,0,1,2,0,2,2,2,0,0,0,0,1,-1,[0|0|0|0|0|0|0|0|0|0|0|0|0|0|0|0|0|0|0|0|0|0|0|0|0|0|0|0]
15190000,SIEGE MISSILE LAUNCHER - WS-5000 APERITIF (Left),0,0,0,[0|0|0],11905,1028000,0,4600,0,0,0,0,0,0,0,0,100,0,0,0,-1,-1,-1,-1,-1,-1,-1,-1,-1,-1,-1,-1,-1,-1,-1,-1,-1,-1,-1,-1,-1,-1,-1,1,1,1,1,0,0,0,3030,0,100,100,0,-1,0,0,100,0,100,0,0,0,0,0,-1,16,0,0,7,0,22,0,0,0,100,0,0,999,0,0,0,0,0,0,0,0,0,0,0,0,0,0,0,0,0,0,0,0,0,0,1,1,0,1,0,0,0,0,0,0,0,0,0,0,1,0,1,0,0,0,0,0,0,0,0,1,0,1,1,1,1,0,0,100,1,1,0,0,-1,-1,-1,-1,-1,-1,-1,-1,-1,-1,-1,-1,-1,-1,-1,-1,-1,-1,-1,-1,-1,-1,-1,-1,0,0,100,0,0,0,0,0,0,0,0,0,0,0,1,1,0,0,0,0,0,0,0,0,0,0,0,0,0,0,0,-1,-1,-1,-1,-1,-1,-1,-1,-1,0,-1,0,0,-1,0,1,0,0,0,-1,-1,-1,0,[0|0|0|0],-1,-1,-1,-1,220,-1,-1,-1,1,1,1,1,1,1,1,1,1,-1,-1,-1,-1,-1,0,-1,0,1,0,0,0,0,1,1,1,1,0,0,-1,0,[0|0|0|0],13,0.5,1,[0|0|0|0],-1,0,0,[0|0|0|0|0|0|0|0],-1,-1,-1,-1,-1,[0|0|0|0],-1,-1,-1,[0|0|0|0|0|0|0|0],-1,-1,-1,[0|0|0|0|0|0|0|0],0,0,0,[0|0|0|0],338,-1,500,100,1,1,0,-1,1,0,0,6,165,0,-1,0,70,0,-1,[0|0|0|0],0,0,0,0,0,0,0,0,0,0,0,0,0,0,0,0,0,0,0,0,0,0,0,0,0,0,0,0,0,0,0,0,209,[0|0|0|0|0|0|0|0|0|0|0|0],0,0,0,0,0,0,0,0,0,0,0,0,0,0,-1,0,0,0,0,-1,-1,-1,-1,-1,-1,-1,-1,-1,-1,-1,-1,0,0,-1,0,1,0,0,0,0,0,0,[0|0],10190000,6,0,-1,0,0,-1,1,1,1,1,1,1,1,1,0,0,0,0,0,0,0,0,0,0,0,0,0,0,0,0,0,0,0,0,0,0,0,0,0,[0|0],0,0,0,[0|0|0],0,0,0,-1,[0|0|0|0],6,270,0,0,0,-1,-1,-1,-1,-1,-1,-1,-1,-1,-1,0,0,0,0,0,0,0,0,0,-1,[0|0],360,0,0,0,[0|0|0],0,0,0,0,0,-1,-1,-1,-1,-1,-1,[0|0|0|0],0,0,0,0,0,[0|0|0],0,0,0,0,0,0,0,0,0,0,0,0,0,0,0,0,0,0,0,0,0,0,0,0,0,0,0,0,0,0,0,0,0,0,[0|0|0],0,0,0,0,2090,[0|0|0|0],1,0,1,1,0,[0|0|0],0,0,0,0,0,-1,-1,-1,-1,1,0,0,0,0,0,0,0,0,0,0,100,0,0,0,-1,0,1,2,0,0,1,1,1,1,1,1,1,1,0,1,1,0,0,-1,0,-1,1,0,0,0,1,1,1,1,1,1,1,1,0,1,1,0,0,0,0,-1,1,1,8044,0,0,0,0,0,0,1,-1,0,0,1,0,0,0,0,1,0,0,0,0,1,-1,[0|0|0|0|0|0|0|0|0|0|0|0|0|0|0|0|0|0|0|0|0|0|0|0|0|0|0|0]
15220000,JAMMING BOMB LAUNCHER [Inherited] - MA-T-223 KYORIKU (Escape Mission) (Left),0,0,0,[0|0|0],10800,1008020,0,3170,0,0,0,0,0,0,0,0,100,0,0,0,-1,-1,-1,-1,-1,-1,-1,-1,-1,-1,-1,-1,-1,-1,-1,-1,-1,-1,-1,-1,-1,-1,-1,1,1,1,1,0,0,0,2110,0,100,100,0,-1,0,0,0,0,100,0,0,0,0,0,-1,16,0,0,7,3,19,0,0,0,100,0,0,207,0,0,0,0,0,0,0,0,0,0,0,0,0,0,0,0,0,0,0,0,0,0,1,1,0,1,0,0,0,0,0,0,0,0,0,0,1,0,1,0,0,0,0,0,0,0,0,1,0,1,1,1,1,0,0,100,1,1,0,0,-1,-1,-1,-1,-1,-1,-1,-1,-1,-1,-1,-1,-1,-1,-1,-1,-1,-1,-1,-1,-1,-1,-1,-1,0,0,100,0,0,0,0,0,0,0,0,0,0,0,1,1,0,0,0,0,0,0,0,0,0,0,0,0,0,0,0,-1,-1,-1,-1,-1,-1,-1,-1,-1,0,-1,0,0,-1,0,1,0,0,0,-1,-1,-1,0,[0|0|0|0],-1,-1,-1,-1,0,-1,-1,-1,1,1,1,1,1,1,1,1,1,-1,-1,-1,-1,-1,0,-1,0,1,0,0,0,0,1,1,1,1,0,0,-1,0,[0|0|0|0],-1,0.5,1,[0|0|0|0],-1,0,0,[0|0|0|0|0|0|0|0],-1,-1,-1,-1,-1,[0|0|0|0],-1,-1,-1,[0|0|0|0|0|0|0|0],-1,-1,-1,[0|0|0|0|0|0|0|0],0,0,0,[0|0|0|0],25,-1,200,100,1,1,0,-1,0,0,0,1,52,0,-1,0,0,0,-1,[0|0|0|0],0,0,0,0,0,0,0,0,0,0,0,0,0,0,0,0,0,0,0,0,0,0,0,0,0,0,0,0,0,0,0,0,200,[0|0|0|0|0|0|0|0|0|0|0|0],0,0,0,0,0,0,0,0,0,0,0,0,0,0,-1,0,0,0,0,-1,-1,-1,-1,-1,-1,-1,-1,-1,-1,-1,-1,0,0,-1,0,0,0,0,0,0,0,0,[0|0],10080000,0,0.8,0.3,0.4,0,-1,1,1,1,1,1,1,1,1,0,0,0,0,0,0,0,0,0,0,0,0,0,0,0,0,0,0,0,0,0,0,0,0,0,[0|0],0,0,0,[0|0|0],0,0,0,-1,[0|0|0|0],15,290,0,0,0,-1,-1,-1,-1,-1,-1,-1,-1,-1,-1,0,0,0,0,0,0,0,0,0,-1,[0|0],360,0,0,0,[0|0|0],0,0,0,0,0,-1,-1,-1,-1,-1,-1,[0|0|0|0],0,0,0,0,0,[0|0|0],0,0,0,0,0,0,0,0,0,0,0,0,0,0,0,0,0,0,0,0,0,0,0,0,0,0,0,0,0,0,0,0,0,0,[0|0|0],0,0,0,0,2070,[0|0|0|0],1,0,0,0,0,[0|0|0],0,0,0,0,0,-1,-1,-1,-1,1,0,0,0,0,0,0,0,0,0,0,100,0,0,0,-1,0,0,0,0,0,1,0,0,0,0,0,0,0,0,1,1,0,0,-1,0,-1,0,0,0,0,1,0,0,0,0,0,0,0,0,1,1,0,0,0,0,-1,1,1,0,0,0,0,0,0,0,1,-1,0,0,1,0,0,0,0,1,0,0,0,0,1,-1,[0|0|0|0|0|0|0|0|0|0|0|0|0|0|0|0|0|0|0|0|0|0|0|0|0|0|0|0]
15300000,PULSE MISSILE LAUNCHER - PFAU/66D (Left),0,0,0,[0|0|0],13005,1028010,0,3630,0,0,0,0,0,0,0,0,100,0,0,0,-1,-1,-1,-1,-1,-1,-1,-1,-1,-1,-1,-1,-1,-1,-1,-1,-1,-1,-1,-1,-1,-1,-1,1,1,1,1,0,0,0,4360,0,100,100,0,-1,0,100,0,0,100,0,0,0,0,0,-1,16,0,0,7,3,22,0,0,0,100,0,0,223,0,0,0,0,0,0,0,0,0,0,0,0,0,0,0,0,0,0,0,0,0,0,1,1,0,1,0,0,0,0,0,0,0,0,0,0,1,0,1,0,0,0,0,0,0,0,0,1,0,1,1,1,1,0,0,100,1,1,0,0,-1,-1,-1,-1,-1,-1,-1,-1,-1,-1,-1,-1,-1,-1,-1,-1,-1,-1,-1,-1,-1,-1,-1,-1,0,0,100,0,0,0,0,0,0,0,0,0,0,0,1,1,0,0,0,0,0,0,0,0,0,0,0,0,0,0,0,-1,-1,-1,-1,-1,-1,-1,-1,-1,0,-1,0,0,-1,0,1,0,0,0,-1,-1,-1,0,[0|0|0|0],-1,-1,-1,-1,300,-1,-1,-1,1,1,1,1,1,1,1,1,1,-1,-1,-1,-1,-1,0,-1,0,1,0,0,0,0,1,1,1,1,0,0,-1,0,[0|0|0|0],6,0.5,1,[0|0|0|0],-1,0,0,[0|0|0|0|0|0|0|0],-1,-1,-1,-1,-1,[0|0|0|0],-1,-1,-1,[0|0|0|0|0|0|0|0],-1,-1,-1,[0|0|0|0|0|0|0|0],0,0,0,[0|0|0|0],228,-1,500,100,1,1,0,-1,1,0,0,6,392,0,-1,0,300,0,-1,[0|0|0|0],0,0,0,0,0,0,0,0,0,0,0,0,0,0,0,0,0,0,0,0,0,0,0,0,0,0,0,0,0,0,0,0,210,[0|0|0|0|0|0|0|0|0|0|0|0],0,0,0,0,0,0,0,0,0,0,0,0,0,0,-1,0,0,0,0,-1,-1,-1,-1,-1,-1,-1,-1,-1,-1,-1,-1,0,0,-1,0,0,0,0,0,0,0,0,[0|0],10300000,3.7,1.6,0.2,0.3,0,-1,1,1,1,1,1,1,1,1,0,0,0,0,0,0,0,0,0,0,0,0,0,0,0,0,0,0,0,0,0,0,0,0,0,[0|0],0,0,0,[0|0|0],0,0,0,-1,[0|0|0|0],8,275,0,0,0,-1,-1,-1,-1,-1,-1,-1,-1,-1,-1,0,0,0,0,0,0,0,0,0,-1,[0|0],360,0,0,0,[0|0|0],0,0,0,0,0,-1,-1,-1,-1,-1,-1,[0|0|0|0],0,0,0,0,0,[0|0|0],0,0,0,0,0,0,0,0,0,0,0,0,0,0,0,0,0,0,0,0,0,0,0,0,0,0,0,0,0,0,0,0,0,0,[0|0|0],0,0,0,0,2170,[0|0|0|0],1,0,1,1,0,[0|0|0],0,0,0,0,0,-1,-1,-1,-1,1,0,0,0,0,0,0,0,0,0,0,130,0,0,0,-1,0,1,1,0,1,1,1,1,1,1,0,1,0,0,1,1,0,0,-1,0,100,1,2,0,0,1,1,1,1,1,0,1,0,0,1,1,0,0,0,0,-1,1,1,8046,0,0,0,0,0,0,1,-1,0,0,1,0,0,0,0,1,0,0,0,0,1,-1,[0|0|0|0|0|0|0|0|0|0|0|0|0|0|0|0|0|0|0|0|0|0|0|0|0|0|0|0]
20000100,CORAL OSCILLATOR - IB-C03W2: WLT 101,0,0,0,[0|0|0],20010,2000010,0,2030,0,0,0,0,0,0,0,0,100,0,0,0,-1,-1,-1,-1,-1,-1,-1,-1,-1,-1,-1,-1,-1,-1,-1,-1,-1,-1,-1,-1,-1,-1,-1,2,1,1,1,0,0,0,230,0,100,100,0,-1,0,0,0,100,100,0,0,0,0,0,-1,16,0,0,7,3,23,0,0,0,100,0,0,999,0,0,0,0,0,0,0,0,0,0,0,0,0,0,0,0,0,0,0,0,0,0,1,1,0,1,0,0,0,0,0,0,0,0,0,0,1,0,1,0,0,0,0,0,0,0,0,1,0,1,1,1,1,0,0,100,1,1,0,0,-1,-1,-1,-1,-1,-1,-1,-1,-1,-1,-1,-1,-1,-1,-1,-1,-1,-1,-1,-1,-1,-1,-1,-1,0,0,200,0,0,0,0,0,0,0,0,0,0,0,1,1,0,0,0,0,0,0,0,0,0,0,0,0,0,0,0,-1,-1,-1,-1,-1,-1,-1,-1,-1,0,-1,0,0,-1,0,1,0,0,0,-1,-1,-1,0,[0|0|0|0],-1,-1,-1,-1,200,-1,-1,-1,1,1,1,1,1,1,1,1,1,-1,-1,-1,-1,-1,0,-1,0,1,0,0,0,0,1,1,1,1,0,0,-1,0,[0|0|0|0],1,0.5,1,[0|0|0|0],-1,0,0,[0|0|0|0|0|0|0|0],-1,-1,-1,-1,-1,[0|0|0|0],-1,-1,-1,[0|0|0|0|0|0|0|0],-1,-1,-1,[0|0|0|0|0|0|0|0],0,0,0,[0|0|0|0],-1,-1,80,100,1,1,0,-1,2,0,0,7,578,0,-1,0,0,0,-1,[0|0|0|0],0,0,0,0,0,0,0,0,0,0,0,0,0,0,0,0,0,0,0,0,0,0,0,0,0,0,0,0,0,0,0,0,251,[0|0|0|0|0|0|0|0|0|0|0|0],0,0,0,0,0,0,0,0,0,0,0,0,0,0,-1,0,0,0,0,-1,-1,-1,-1,-1,-1,-1,-1,-1,-1,-1,-1,0,0,-1,0,0,0,0,0,0,0,0,[0|0],20000100,0,0,-1,0,0,-1,1,1,1,1,1,1,1,1,0,0,0,0,0,0,0,0,0,0,0,0,0,0,0,0,0,0,0,0,0,0,0,0,0,[0|0],0.8,0.5,0.5,[0|0|0],1,0,0,-1,[0|0|0|0],2,1590,0,0,0,-1,-1,-1,-1,-1,-1,-1,-1,-1,-1,0,0,0,0,0,0,0,0,0,-1,[0|0],360,0,0,0,[0|0|0],0,0,0,0,0,-1,-1,-1,-1,-1,-1,[0|0|0|0],0,0,1,0,0,[0|0|0],0,0,0,0,0,0,0,0,0,0,0,0,0,0,0,0,0,0,0,0,0,0,0,0,0,0,0,0,0,0,0,0,0,0,[0|0|0],0,0,0,0,2510,[0|0|0|0],1,0,0,0,0,[0|0|0],0,0,0,0,0,-1,-1,-1,-1,1,0,0,0,0,0,0,0,0,0,231,100,1.5,1.5,0,-1,0,0,0,0,0,1,0,0,0,0,0,0,0,0,1,1,0,0,1,0,100,0,0,0,0,1,0,0,0,0,0,0,0,0,1,1,0,0,0,0,100,1,1,8103,0,0,0,0,0,0,1,-1,0,0,1,0,0,0,0,1,0,0,0,0,1,-1,[0|0|0|0|0|0|0|0|0|0|0|0|0|0|0|0|0|0|0|0|0|0|0|0|0|0|0|0]
20000200,LIGHT WAVE BLADE - IA-C01W2: MOONLIGHT,0,0,0,[0|0|0],20020,2000020,0,2200,0,0,0,0,0,0,0,0,100,0,0,0,-1,-1,-1,-1,-1,-1,-1,-1,-1,-1,-1,-1,-1,-1,-1,-1,-1,-1,-1,-1,-1,-1,-1,1,1,1,1,0,0,0,250,0,100,100,0,-1,0,100,0,0,100,0,0,0,0,0,-1,16,0,0,7,3,23,0,0,0,100,0,0,999,0,0,0,0,0,0,0,0,0,0,0,0,0,0,0,0,0,0,0,0,0,0,1,1,0,1,0,0,0,0,0,0,0,0,0,0,1,0,1,0,0,0,0,0,0,0,0,1,0,1,1,1,1,0,0,100,1,1,0,0,-1,-1,-1,-1,-1,-1,-1,-1,-1,-1,-1,-1,-1,-1,-1,-1,-1,-1,-1,-1,-1,-1,-1,-1,0,0,200,0,0,0,0,0,0,0,0,0,0,0,1,1,0,0,0,0,0,0,0,0,0,0,0,0,0,0,0,-1,-1,-1,-1,-1,-1,-1,-1,-1,0,-1,0,0,-1,0,1,0,0,0,-1,-1,-1,0,[0|0|0|0],-1,-1,-1,-1,200,-1,-1,-1,1,1,1,1,1,1,1,1,1,-1,-1,-1,-1,-1,0,-1,0,1,0,0,0,0,1,1,1,1,0,0,-1,0,[0|0|0|0],1,0.5,1,[0|0|0|0],-1,0,0,[0|0|0|0|0|0|0|0],-1,-1,-1,-1,-1,[0|0|0|0],-1,-1,-1,[0|0|0|0|0|0|0|0],-1,-1,-1,[0|0|0|0|0|0|0|0],0,0,0,[0|0|0|0],-1,-1,80,100,1,1,0,-1,2,0,0,7,544,0,-1,0,0,0,-1,[0|0|0|0],0,0,0,0,0,0,0,0,0,0,0,0,0,0,0,0,0,0,0,0,0,0,0,0,0,0,0,0,0,0,0,0,250,[0|0|0|0|0|0|0|0|0|0|0|0],0,0,0,0,0,0,0,0,0,0,0,0,0,0,-1,0,0,0,0,-1,-1,-1,-1,-1,-1,-1,-1,-1,-1,-1,-1,0,0,-1,0,0,0,0,0,0,0,0,[0|0],20000200,0,0,-1,0,0,-1,1,1,1,1,1,1,1,1,0,0,0,0,0,0,0,0,0,0,0,0,0,0,0,0,0,0,0,0,0,0,0,0,0,[0|0],1.1,0.5,0.5,[0|0|0],1,1,0,-1,[0|0|0|0],2,1520,0,0,0,-1,-1,-1,-1,-1,-1,-1,-1,-1,-1,0,0,0,0,0,0,0,0,0,-1,[0|0],360,0,0,0,[0|0|0],0,0,0,0,0,-1,-1,-1,-1,-1,-1,[0|0|0|0],0,0,1,0,0,[0|0|0],0,0,0,0,0,0,0,0,0,0,0,0,0,0,0,0,0,0,0,0,0,0,0,0,0,0,0,0,0,0,0,0,0,0,[0|0|0],0,0,0,0,2500,[0|0|0|0],1,0,0,0,0,[0|0|0],0,0,0,0,0,-1,-1,-1,-1,1,0,0,0,0,0,0,0,0,0,265,100,1.1,1.1,0,-1,0,0,0,0,0,1,0,0,0,0,0,0,0,0,1,1,0,0,2,0,100,0,0,255,0,1,0,0,0,0,0,0,0,0,1,1,0,0,0,0,100,1,1,8105,0,0,0,0,0,0,1,-1,0,0,1,0,0,0,0,1,0,0,0,0,1,-1,[0|0|0|0|0|0|0|0|0|0|0|0|0|0|0|0|0|0|0|0|0|0|0|0|0|0|0|0]
20000300,CORAL OSCILLATOR - IA-C01W7: ML-REDSHIFT,0,0,0,[0|0|0],20030,2000020,0,2200,0,0,0,0,0,0,0,0,100,0,0,0,-1,-1,-1,-1,-1,-1,-1,-1,-1,-1,-1,-1,-1,-1,-1,-1,-1,-1,-1,-1,-1,-1,-1,1,1,1,1,0,0,0,251,0,100,100,0,-1,0,0,0,100,100,0,0,0,0,0,-1,16,0,0,7,3,23,0,0,0,100,0,0,999,0,0,0,0,0,0,0,0,0,0,0,0,0,0,0,0,0,0,0,0,0,0,1,1,0,1,0,0,0,0,0,0,0,0,0,0,1,0,1,0,0,0,0,0,0,0,0,1,0,1,1,1,1,0,0,100,1,1,0,0,-1,-1,-1,-1,-1,-1,-1,-1,-1,-1,-1,-1,-1,-1,-1,-1,-1,-1,-1,-1,-1,-1,-1,-1,0,0,200,0,0,0,0,0,0,0,0,0,0,0,1,1,0,0,0,0,0,0,0,0,0,0,0,0,0,0,0,-1,-1,-1,-1,-1,-1,-1,-1,-1,0,-1,0,0,-1,0,1,0,0,0,-1,-1,-1,0,[0|0|0|0],-1,-1,-1,-1,200,-1,-1,-1,1,1,1,1,1,1,1,1,1,-1,-1,-1,-1,-1,0,-1,0,1,0,0,0,0,1,1,1,1,0,0,-1,0,[0|0|0|0],1,0.5,1,[0|0|0|0],-1,0,0,[0|0|0|0|0|0|0|0],-1,-1,-1,-1,-1,[0|0|0|0],-1,-1,-1,[0|0|0|0|0|0|0|0],-1,-1,-1,[0|0|0|0|0|0|0|0],0,0,0,[0|0|0|0],-1,-1,80,100,1,1,0,-1,2,0,0,7,544,0,-1,0,0,0,-1,[0|0|0|0],0,0,0,0,0,0,0,0,0,0,0,0,0,0,0,0,0,0,0,0,0,0,0,0,0,0,0,0,0,0,0,0,250,[0|0|0|0|0|0|0|0|0|0|0|0],0,0,0,0,0,0,0,0,0,0,0,0,0,0,-1,0,0,0,0,-1,-1,-1,-1,-1,-1,-1,-1,-1,-1,-1,-1,0,0,-1,0,0,0,0,0,0,0,0,[0|0],20000300,0,0,-1,0,0,-1,1,1,1,1,1,1,1,1,0,0,0,0,0,0,0,0,0,0,0,0,0,0,0,0,0,0,0,0,0,0,0,0,0,[0|0],1.1,0.5,0.5,[0|0|0],1,0,0,-1,[0|0|0|0],2,1591,0,0,0,-1,-1,-1,-1,-1,-1,-1,-1,-1,-1,0,0,0,0,0,0,0,0,0,-1,[0|0],360,0,0,0,[0|0|0],0,0,0,0,0,-1,-1,-1,-1,-1,-1,[0|0|0|0],0,0,1,0,0,[0|0|0],0,0,0,0,0,0,0,0,0,0,0,0,0,0,0,0,0,0,0,0,0,0,0,0,0,0,0,0,0,0,0,0,0,0,[0|0|0],0,0,0,0,2500,[0|0|0|0],1,0,0,0,0,[0|0|0],0,0,0,0,0,-1,-1,-1,-1,1,0,0,0,0,0,0,0,0,0,209,100,1.5,1.5,0,-1,0,0,0,0,0,1,0,0,0,0,0,0,0,0,1,1,0,0,2,0,100,0,0,255,0,1,0,0,0,0,0,0,0,0,1,1,0,0,0,0,100,1,1,8106,0,0,0,0,0,0,1,-1,0,0,1,0,0,0,0,1,0,0,0,0,1,-1,[0|0|0|0|0|0|0|0|0|0|0|0|0|0|0|0|0|0|0|0|0|0|0|0|0|0|0|0]
20010000,PULSE BLADE - HI-32: BU-TT/A,0,0,0,[0|0|0],20100,2001000,0,1800,0,0,0,0,0,0,0,0,100,0,0,0,-1,-1,-1,-1,-1,-1,-1,-1,-1,-1,-1,-1,-1,-1,-1,-1,-1,-1,-1,-1,-1,-1,-1,2,1,1,1,0,0,0,211,0,100,100,0,-1,0,100,0,0,100,0,0,0,0,0,-1,16,0,0,7,3,23,0,0,0,100,0,0,999,0,0,0,0,0,0,0,0,0,0,0,0,0,0,0,0,0,0,0,0,0,0,1,1,0,1,0,0,0,0,0,0,0,0,0,0,1,0,1,0,0,0,0,0,0,0,0,1,0,1,1,1,1,0,0,100,1,1,0,0,-1,-1,-1,-1,-1,-1,-1,-1,-1,-1,-1,-1,-1,-1,-1,-1,-1,-1,-1,-1,-1,-1,-1,-1,0,0,200,0,0,0,0,0,0,0,0,0,0,0,1,1,0,0,0,0,0,0,0,0,0,0,0,0,0,0,0,-1,-1,-1,-1,-1,-1,-1,-1,-1,0,-1,0,0,-1,0,1,0,0,0,-1,-1,-1,0,[0|0|0|0],-1,-1,-1,-1,400,-1,-1,-1,1,1,1,1,1,1,1,1,1,-1,-1,-1,-1,-1,0,-1,0,1,0,0,0,0,1,1,1,1,0,0,-1,0,[0|0|0|0],1,0.5,1,[0|0|0|0],-1,0,0,[0|0|0|0|0|0|0|0],-1,-1,-1,-1,-1,[0|0|0|0],-1,-1,-1,[0|0|0|0|0|0|0|0],-1,-1,-1,[0|0|0|0|0|0|0|0],0,0,0,[0|0|0|0],-1,-1,80,100,1,1,0,-1,2,0,0,7,213,0,-1,0,0,0,-1,[0|0|0|0],0,0,0,0,0,0,0,0,0,0,0,0,0,0,0,0,0,0,0,0,0,0,0,0,0,0,0,0,0,0,0,0,254,[0|0|0|0|0|0|0|0|0|0|0|0],0,0,0,0,0,0,0,0,0,0,0,0,0,0,-1,0,0,0,0,-1,-1,-1,-1,-1,-1,-1,-1,-1,-1,-1,-1,0,0,-1,0,0,0,0,0,0,0,0,[0|0],20010000,0,0,-1,0,0,-1,1,1,1,1,1,1,1,1,0,0,0,0,0,0,0,0,0,0,0,0,0,0,0,0,0,0,0,0,0,0,0,0,0,[0|0],0.3,0,0.5,[0|0|0],1,0,0,-1,[0|0|0|0],17,1500,0,0,0,-1,-1,-1,-1,-1,-1,-1,-1,-1,-1,0,0,0,0,0,0,0,0,0,-1,[0|0],360,0,0,0,[0|0|0],0,0,0,0,0,-1,-1,-1,-1,-1,-1,[0|0|0|0],0,0,1,0,0,[0|0|0],0,0,0,0,0,0,0,0,0,0,0,0,0,0,0,0,0,0,0,0,0,0,0,0,0,0,0,0,0,0,0,0,0,0,[0|0|0],0,0,0,0,2540,[0|0|0|0],1,0,0,0,0,[0|0|0],0,0,0,0,0,-1,-1,-1,-1,1,0,0,0,0,0,0,0,0,0,282,100,1.5,1.5,0,-1,0,0,0,0,0,1,0,0,0,0,0,0,0,0,1,1,0,0,2,0,100,0,0,0,0,1,0,0,0,0,0,0,0,0,1,1,0,0,0,0,100,1,1,8101,0,0,0,0,0,0,1,-1,0,0,1,0,0,0,0,1,0,0,0,0,1,-1,[0|0|0|0|0|0|0|0|0|0|0|0|0|0|0|0|0|0|0|0|0|0|0|0|0|0|0|0]
20011000,FLAME BLADE - CRAZ-E-B-09-SL "CUTTERPUNK",0,0,0,[0|0|0],20110,2006001,0,2370,0,0,0,0,0,0,0,0,100,0,0,0,-1,-1,-1,-1,-1,-1,-1,-1,-1,-1,-1,-1,-1,-1,-1,-1,-1,-1,-1,-1,-1,-1,-1,2,1,1,1,0,0,0,222,0,100,100,0,-1,0,0,125,0,100,0,0,0,0,0,-1,16,0,0,7,3,23,0,0,0,100,0,0,999,0,0,0,0,0,0,0,0,0,0,0,0,0,0,0,0,0,0,0,0,0,0,1,1,0,1,0,0,0,0,0,0,0,0,0,0,1,0,1,0,0,0,0,0,0,0,0,1,0,1,1,1,1,0,0,100,1,1,0,0,-1,-1,-1,-1,-1,-1,-1,-1,-1,-1,-1,-1,-1,-1,-1,-1,-1,-1,-1,-1,-1,-1,-1,-1,0,0,200,0,0,0,0,0,0,0,0,0,0,0,1,1,0,0,0,0,0,0,0,0,0,0,0,0,0,0,0,-1,-1,-1,-1,-1,-1,-1,-1,-1,0,-1,0,0,-1,0,1,0,0,0,-1,-1,-1,0,[0|0|0|0],-1,-1,-1,-1,400,-1,-1,-1,1,1,1,1,1,1,1,1,1,-1,-1,-1,-1,-1,0,-1,0,1,0,0,0,0,1,1,1,1,0,0,-1,0,[0|0|0|0],1,0.5,1,[0|0|0|0],-1,0,0,[0|0|0|0|0|0|0|0],-1,-1,-1,-1,-1,[0|0|0|0],-1,-1,-1,[0|0|0|0|0|0|0|0],-1,-1,-1,[0|0|0|0|0|0|0|0],0,0,0,[0|0|0|0],-1,-1,80,100,1,1,0,-1,2,0,0,7,157,0,-1,0,0,0,-1,[0|0|0|0],0,0,0,0,0,0,0,0,0,0,0,0,0,0,0,0,0,0,0,0,0,0,0,0,0,0,0,0,0,0,0,0,263,[0|0|0|0|0|0|0|0|0|0|0|0],0,0,0,0,0,0,0,0,0,0,0,0,0,0,-1,0,0,0,0,-1,-1,-1,-1,-1,-1,-1,-1,-1,-1,-1,-1,0,0,-1,0,0,0,0,0,0,0,0,[0|0],20010000,0,0,-1,0,0,-1,1,1,1,1,1,1,1,1,0,0,0,0,0,0,0,0,0,0,0,0,0,0,0,0,0,0,0,0,0,0,0,0,0,[0|0],0.3,0,0.5,[0|0|0],1,0,0,-1,[0|0|0|0],1,1501,0,0,0,-1,-1,-1,-1,-1,-1,-1,-1,-1,-1,0,0,0,0,0,0,0,0,0,-1,[0|0],360,0,0,0,[0|0|0],0,0,0,0,0,-1,-1,-1,-1,-1,-1,[0|0|0|0],0,0,1,0,0,[0|0|0],0,0,0,0,0,0,0,0,0,0,0,0,0,0,0,0,0,0,0,0,0,0,0,0,0,0,0,0,0,0,0,0,0,0,[0|0|0],0,0,0,0,2540,[0|0|0|0],1,0,0,0,0,[0|0|0],0,0,0,0,0,-1,-1,-1,-1,1,0,0,0,0,0,0,0,0,0,245,100,1.5,1.5,0,-1,0,0,0,0,0,1,0,0,0,0,0,0,0,0,1,1,0,0,2,0,100,0,0,0,0,1,0,0,0,0,0,0,0,0,1,1,0,0,0,0,100,1,1,8101,0,0,0,0,0,0,1,-1,0,0,1,0,0,0,0,1,0,0,0,0,1,-1,[0|0|0|0|0|0|0|0|0|0|0|0|0|0|0|0|0|0|0|0|0|0|0|0|0|0|0|0]
20012000,VARIABLE LASER BLADE - VE-67VLB,0,0,0,[0|0|0],20120,2001000,0,2550,0,0,0,0,0,0,0,0,100,0,0,0,-1,-1,-1,-1,-1,-1,-1,-1,-1,-1,-1,-1,-1,-1,-1,-1,-1,-1,-1,-1,-1,-1,-1,2,1,1,1,0,0,0,212,0,100,100,0,-1,0,100,0,0,100,0,0,0,0,0,-1,16,0,0,7,3,23,0,0,0,100,0,0,999,0,0,0,0,0,0,0,0,0,0,0,0,0,0,0,0,0,0,0,0,0,0,1,1,0,1,0,0,0,0,0,0,0,0,0,0,1,0,1,0,0,0,0,0,0,0,0,1,0,1,1,1,1,0,0,100,1,1,0,0,-1,-1,-1,-1,-1,-1,-1,-1,-1,-1,-1,-1,-1,-1,-1,-1,-1,-1,-1,-1,-1,-1,-1,-1,0,0,200,0,0,0,0,0,0,0,0,0,0,0,1,1,0,0,0,0,0,0,0,0,0,0,0,0,0,0,0,-1,-1,-1,-1,-1,-1,-1,-1,-1,0,-1,0,0,-1,0,1,0,0,0,-1,-1,-1,0,[0|0|0|0],-1,-1,-1,-1,400,-1,-1,-1,1,1,1,1,1,1,1,1,1,-1,-1,-1,-1,-1,0,-1,0,1,0,0,0,0,1,1,1,1,0,0,-1,0,[0|0|0|0],1,0.5,1,[0|0|0|0],-1,0,0,[0|0|0|0|0|0|0|0],-1,-1,-1,-1,-1,[0|0|0|0],-1,-1,-1,[0|0|0|0|0|0|0|0],-1,-1,-1,[0|0|0|0|0|0|0|0],0,0,0,[0|0|0|0],-1,-1,80,100,1,1,0,-1,2,0,0,7,616,0,-1,0,0,0,-1,[0|0|0|0],0,0,0,0,0,0,0,0,0,0,0,0,0,0,0,0,0,0,0,0,0,0,0,0,0,0,0,0,0,0,0,0,266,[0|0|0|0|0|0|0|0|0|0|0|0],0,0,0,0,0,0,0,0,0,0,0,0,0,0,-1,0,0,0,0,-1,-1,-1,-1,-1,-1,-1,-1,-1,-1,-1,-1,0,0,-1,0,0,0,0,0,0,0,0,[0|0],20010000,0,0,-1,0,0,-1,1,1,1,1,1,1,1,1,0,0,0,0,0,0,0,0,0,0,0,0,0,0,0,0,0,0,0,0,0,0,0,0,0,[0|0],0.3,0,0.5,[0|0|0],1,0,0,-1,[0|0|0|0],20,1510,0,0,0,-1,-1,-1,-1,-1,-1,-1,-1,-1,-1,0,0,0,0,0,0,0,0,0,-1,[0|0],360,0,0,0,[0|0|0],0,0,0,0,0,-1,-1,-1,-1,-1,-1,[0|0|0|0],0,0,1,0,0,[0|0|0],0,0,0,0,0,0,0,0,0,0,0,0,0,0,0,0,0,0,0,0,0,0,0,0,0,0,0,0,0,0,0,0,0,0,[0|0|0],0,0,0,0,2540,[0|0|0|0],1,0,0,0,0,[0|0|0],0,0,0,0,0,-1,-1,-1,-1,1,0,0,0,0,0,0,0,0,0,282,100,1.5,1.5,0,-1,0,0,0,0,0,1,0,0,0,0,0,0,0,0,1,1,0,0,2,0,100,0,0,0,0,1,0,0,0,0,0,0,0,0,1,1,0,0,0,0,100,1,1,8101,0,0,0,0,0,0,1,-1,0,0,1,0,0,0,0,1,0,0,0,0,1,-1,[0|0|0|0|0|0|0|0|0|0|0|0|0|0|0|0|0|0|0|0|0|0|0|0|0|0|0|0]
20020000,LASER BLADE - Vvc-770LB,0,0,0,[0|0|0],20200,2002000,0,2060,0,0,0,0,0,0,0,0,100,0,0,0,-1,-1,-1,-1,-1,-1,-1,-1,-1,-1,-1,-1,-1,-1,-1,-1,-1,-1,-1,-1,-1,-1,-1,2,1,1,1,0,0,0,221,0,100,100,0,-1,0,100,0,0,100,0,0,0,0,0,-1,16,0,0,7,3,23,0,0,0,100,0,0,999,0,0,0,0,0,0,0,0,0,0,0,0,0,0,0,0,0,0,0,0,0,0,1,1,0,1,0,0,0,0,0,0,0,0,0,0,1,0,1,0,0,0,0,0,0,0,0,1,0,1,1,1,1,0,0,100,1,1,0,0,-1,-1,-1,-1,-1,-1,-1,-1,-1,-1,-1,-1,-1,-1,-1,-1,-1,-1,-1,-1,-1,-1,-1,-1,0,0,200,0,0,0,0,0,0,0,0,0,0,0,1,1,0,0,0,0,0,0,0,0,0,0,0,0,0,0,0,-1,-1,-1,-1,-1,-1,-1,-1,-1,0,-1,0,0,-1,0,1,0,0,0,-1,-1,-1,0,[0|0|0|0],-1,-1,-1,-1,300,-1,-1,-1,1,1,1,1,1,1,1,1,1,-1,-1,-1,-1,-1,0,-1,0,1,0,0,0,0,1,1,1,1,0,0,-1,0,[0|0|0|0],1,0.5,1,[0|0|0|0],-1,0,0,[0|0|0|0|0|0|0|0],-1,-1,-1,-1,-1,[0|0|0|0],-1,-1,-1,[0|0|0|0|0|0|0|0],-1,-1,-1,[0|0|0|0|0|0|0|0],0,0,0,[0|0|0|0],-1,-1,80,100,1,1,0,-1,2,0,0,7,245,0,-1,0,0,0,-1,[0|0|0|0],0,0,0,0,0,0,0,0,0,0,0,0,0,0,0,0,0,0,0,0,0,0,0,0,0,0,0,0,0,0,0,0,255,[0|0|0|0|0|0|0|0|0|0|0|0],0,0,0,0,0,0,0,0,0,0,0,0,0,0,-1,0,0,0,0,-1,-1,-1,-1,-1,-1,-1,-1,-1,-1,-1,-1,0,0,-1,0,0,0,0,0,0,0,0,[0|0],20020000,0,0,-1,0,0,-1,1,1,1,1,1,1,1,1,0,0,0,0,0,0,0,0,0,0,0,0,0,0,0,0,0,0,0,0,0,0,0,0,0,[0|0],0.3,0,0.5,[0|0|0],1,0,0,-1,[0|0|0|0],9,1510,0,0,0,-1,-1,-1,-1,-1,-1,-1,-1,-1,-1,0,0,0,0,0,0,0,0,0,-1,[0|0],360,0,0,0,[0|0|0],0,0,0,0,0,-1,-1,-1,-1,-1,-1,[0|0|0|0],0,0,1,0,0,[0|0|0],0,0,0,0,0,0,0,0,0,0,0,0,0,0,0,0,0,0,0,0,0,0,0,0,0,0,0,0,0,0,0,0,0,0,[0|0|0],0,0,0,0,2550,[0|0|0|0],1,0,0,0,0,[0|0|0],0,0,0,0,0,-1,-1,-1,-1,1,0,0,0,0,0,0,0,0,0,402,100,1.1,1.1,0,-1,0,0,0,0,0,1,0,0,0,0,0,0,0,0,1,1,0,0,1,0,100,0,0,0,0,2,0,0,0,0,0,0,0,0,1,1,0,0,0,0,100,1,1,8102,0,0,0,0,0,0,1,-1,0,0,1,0,0,0,0,1,0,0,0,0,1,-1,[0|0|0|0|0|0|0|0|0|0|0|0|0|0|0|0|0|0|0|0|0|0|0|0|0|0|0|0]
20030000,LASER SLICER - Vvc-774LS,0,0,0,[0|0|0],20300,2003000,0,3260,0,0,0,0,0,0,0,0,40,40,40,40,-1,-1,-1,-1,-1,-1,-1,-1,-1,-1,-1,-1,-1,-1,-1,-1,-1,-1,-1,-1,-1,-1,-1,2,1,1,1,0,0,0,411,0,100,100,0,-1,0,100,0,0,100,0,0,0,0,0,-1,16,0,0,7,3,23,0,0,0,100,0,0,999,0,0,0,0,0,0,0,0,0,0,0,0,4,0,0,0,0,0,0,0,0,0,1,1,0,1,0,0,0,0,0,0,0,0,0,0,1,0,1,0,0,0,0,0,0,0,0,1,0,1,1,1,1,0,0,100,1,1,0,0,-1,-1,-1,-1,-1,-1,-1,-1,-1,-1,-1,-1,-1,-1,-1,-1,-1,-1,-1,-1,-1,-1,-1,-1,0,0,200,0,0,0,0,0,0,0,0,0,0,0,1,1,0,0,0,0,0,0,0,0,0,0,0,0,0,0,0,-1,-1,-1,-1,-1,-1,-1,-1,-1,0,-1,0,0,-1,0,1,0,0,0,-1,-1,-1,0,[0|0|0|0],-1,-1,-1,-1,400,-1,-1,-1,1,1,1,1,1,1,1,1,1,-1,-1,-1,-1,-1,0,-1,0,1,0,0,0,0,1,1,1,1,0,0,-1,0,[0|0|0|0],1,0.5,1,[0|0|0|0],-1,0,0,[0|0|0|0|0|0|0|0],-1,-1,-1,-1,-1,[0|0|0|0],-1,-1,-1,[0|0|0|0|0|0|0|0],-1,-1,-1,[0|0|0|0|0|0|0|0],0,0,0,[0|0|0|0],-1,-1,80,100,1,1,0,-1,2,0,0,7,328,0,-1,0,0,0,-1,[0|0|0|0],0,0,0,0,0,0,0,0,0,0,0,0,0,0,0,0,0,0,0,0,0,0,0,0,0,0,0,0,0,0,0,0,256,[0|0|0|0|0|0|0|0|0|0|0|0],0,0,0,0,0,0,0,0,0,0,0,0,0,0,-1,0,0,0,0,-1,-1,-1,-1,-1,-1,-1,-1,-1,-1,-1,-1,0,0,-1,0,0,0,0,0,40,80,80,[0|0],20030000,0,0,-1,0,0,-1,1,1,1,1,1,1,1,1,0,0,0,0,0,0,0,0,0,0,0,0,0,0,0,0,0,0,0,0,0,0,0,0,0,[0|0],0.25,0,1,[0|0|0],1,0,0,-1,[0|0|0|0],9,1530,0,0,30,-1,-1,-1,-1,-1,-1,-1,-1,-1,-1,0,0,0,0,0,0,0,0,0,-1,[0|0],360,0,0,0,[0|0|0],0,0,0,0,0,-1,-1,-1,-1,-1,-1,[0|0|0|0],0,0,1,30,0,[0|0|0],0,0,0,0,0,0,0,0,0,0,0,0,0,0,0,0,0,0,0,0,0,0,0,0,0,0,0,0,0,0,0,0,0,0,[0|0|0],0,0,0,0,2560,[0|0|0|0],1,0,0,0,0,[0|0|0],0,0,0,0,0,-1,-1,-1,-1,1,0,40,40,40,40,0,0,0,0,267,100,1.5,1.5,0,-1,0,0,0,0,0,1,0,0,0,0,0,0,0,0,1,1,0,0,2,2,0,0,0,0,2,1,0,0,0,0,0,0,0,0,1,1,0,0,0,0,100,1,1,8107,0,0,0,0,0,0,1,-1,0,0,1,0,0,0,0,1,0,0,0,0,1,100,[0|0|0|0|0|0|0|0|0|0|0|0|0|0|0|0|0|0|0|0|0|0|0|0|0|0|0|0]
20040000,LASER DAGGER - VP-67LD,0,0,0,[0|0|0],20400,2004000,0,1350,0,0,0,0,0,0,0,0,100,0,0,0,-1,-1,-1,-1,-1,-1,-1,-1,-1,-1,-1,-1,-1,-1,-1,-1,-1,-1,-1,-1,-1,-1,-1,2,1,1,1,0,0,0,241,0,100,100,0,-1,0,100,0,0,100,0,0,0,0,0,-1,16,0,0,7,3,23,0,0,0,100,0,0,999,0,0,0,0,0,0,0,0,0,0,0,0,0,0,0,0,0,0,0,0,0,0,1,1,0,1,0,0,0,0,0,0,0,0,0,0,1,0,1,0,0,0,0,0,0,0,0,1,0,1,1,1,1,0,0,100,1,1,0,0,-1,-1,-1,-1,-1,-1,-1,-1,-1,-1,-1,-1,-1,-1,-1,-1,-1,-1,-1,-1,-1,-1,-1,-1,0,0,200,0,0,0,0,0,0,0,0,0,0,0,1,1,0,0,0,0,0,0,0,0,0,0,0,0,0,0,0,-1,-1,-1,-1,-1,-1,-1,-1,-1,0,-1,0,0,-1,0,1,0,0,0,-1,-1,-1,0,[0|0|0|0],-1,-1,-1,-1,375,-1,-1,-1,1,1,1,1,1,1,1,1,1,-1,-1,-1,-1,-1,0,-1,0,1,0,0,0,0,1,1,1,1,0,0,-1,0,[0|0|0|0],1,0.5,1,[0|0|0|0],-1,0,0,[0|0|0|0|0|0|0|0],-1,-1,-1,-1,-1,[0|0|0|0],-1,-1,-1,[0|0|0|0|0|0|0|0],-1,-1,-1,[0|0|0|0|0|0|0|0],0,0,0,[0|0|0|0],-1,-1,80,100,1,1,0,-1,2,0,0,7,150,0,-1,0,0,0,-1,[0|0|0|0],0,0,0,0,0,0,0,0,0,0,0,0,0,0,0,0,0,0,0,0,0,0,0,0,0,0,0,0,0,0,0,0,257,[0|0|0|0|0|0|0|0|0|0|0|0],0,0,0,0,0,0,0,0,0,0,0,0,0,0,-1,0,0,0,0,-1,-1,-1,-1,-1,-1,-1,-1,-1,-1,-1,-1,0,0,-1,0,0,0,0,0,0,0,0,[0|0],20040000,0,0,-1,0,0,-1,1,1,1,1,1,1,1,1,0,0,0,0,0,0,0,0,0,0,0,0,0,0,0,0,0,0,0,0,0,0,0,0,0,[0|0],1.6,0,0.5,[0|0|0],1,0,0,-1,[0|0|0|0],7,1610,0,0,0,-1,-1,-1,-1,-1,-1,-1,-1,-1,-1,0,0,0,0,0,0,0,0,0,-1,[0|0],360,0,0,0,[0|0|0],0,0,0,0,0,-1,-1,-1,-1,-1,-1,[0|0|0|0],0,0,1,0,0,[0|0|0],0,0,0,0,0,0,0,0,0,0,0,0,0,0,0,0,0,0,0,0,0,0,0,0,0,0,0,0,0,0,0,0,0,0,[0|0|0],0,0,0,0,2570,[0|0|0|0],1,0,0,0,0,[0|0|0],0,0,0,0,0,-1,-1,-1,-1,1,0,0,0,0,0,0,0,0,0,1308,100,1.1,1.1,0,-1,0,0,0,0,0,1,0,0,0,0,0,0,0,0,1,1,0,0,3,0,100,0,0,0,0,1,0,0,0,0,0,0,0,0,1,1,0,0,0,0,100,1,1,8104,0,0,0,0,0,0,1,-1,0,0,1,0,0,0,0,1,0,0,0,0,1,-1,[0|0|0|0|0|0|0|0|0|0|0|0|0|0|0|0|0|0|0|0|0|0|0|0|0|0|0|0]
20040100,ARM BLADE - BX-04 ELIJAH,0,0,0,[0|0|0],20410,2004100,0,0,0,0,0,0,0,0,0,0,100,0,0,0,-1,-1,-1,-1,-1,-1,-1,-1,-1,-1,-1,-1,-1,-1,-1,-1,-1,-1,-1,-1,-1,-1,-1,2,1,1,1,0,0,0,250,0,100,100,0,-1,100,0,0,0,100,0,0,0,0,0,-1,16,0,0,7,3,23,0,0,0,100,0,0,999,0,0,0,0,0,0,0,0,0,0,0,0,0,0,0,0,0,0,0,0,0,0,1,1,0,1,0,0,0,0,0,0,0,0,0,0,1,0,1,0,0,0,0,0,0,0,0,1,0,1,1,1,1,0,0,100,1,1,0,0,-1,-1,-1,-1,-1,-1,-1,-1,-1,-1,-1,-1,-1,-1,-1,-1,-1,-1,-1,-1,-1,-1,-1,-1,0,0,200,0,0,0,0,0,0,0,0,0,0,0,1,1,0,0,0,0,0,0,0,0,0,0,0,0,0,0,0,-1,-1,-1,-1,-1,-1,-1,-1,-1,0,-1,0,0,-1,0,1,0,0,0,-1,-1,-1,0,[0|0|0|0],-1,-1,-1,-1,375,-1,-1,-1,1,1,1,1,1,1,1,1,1,-1,-1,-1,-1,-1,0,-1,0,1,0,0,0,0,1,1,1,1,0,0,-1,0,[0|0|0|0],1,0.5,1,[0|0|0|0],-1,0,0,[0|0|0|0|0|0|0|0],-1,-1,-1,-1,-1,[0|0|0|0],-1,-1,-1,[0|0|0|0|0|0|0|0],-1,-1,-1,[0|0|0|0|0|0|0|0],0,0,0,[0|0|0|0],-1,-1,80,100,1,1,0,-1,2,0,0,7,0,0,-1,0,0,0,-1,[0|0|0|0],0,0,0,0,0,0,0,0,0,0,0,0,0,0,0,0,0,0,0,0,0,0,0,0,0,0,0,0,0,0,0,0,265,[0|0|0|0|0|0|0|0|0|0|0|0],0,0,0,0,0,0.1,0,0,0,0,0,0,0,0,-1,0,0,0,0,-1,-1,-1,-1,-1,-1,-1,-1,-1,-1,-1,-1,0,0,-1,0,0,0,0,0,0,0,0,[0|0],20040000,0,0,-1,0,0,-1,1,1,1,1,1,1,1,1,0,0,0,0,0,0,0,0,0,0,0,0,0,0,0,0,0,0,0,0,0,0,0,0,0,[0|0],1.6,0,0.5,[0|0|0],1,0,0,-1,[0|0|0|0],10,1610,0,0,0,-1,-1,-1,-1,-1,-1,-1,-1,-1,-1,0,0,0,0,0,0,0,0,0,-1,[0|0],360,0,0,0,[0|0|0],0,0,0,0,0,-1,-1,-1,-1,-1,-1,[0|0|0|0],0,0,1,0,0,[0|0|0],0,0,0,0,0,0,0,0,0,0,0,0,0,0,0,0,0,0,0,0,0,0,0,0,0,0,0,0,0,0,0,0,0,0,[0|0|0],0,0,0,0,2570,[0|0|0|0],1,0,0,0,0,[0|0|0],0,0,0,0,0,-1,-1,-1,-1,1,0,0,0,0,0,0,0,0,0,100,100,1.1,1.1,0,-1,0,0,0,0,0,1,0,0,0,0,0,0,0,0,1,1,0,0,3,0,100,0,0,0,0,1,0,0,0,0,0,0,0,0,1,1,0,0,0,0,100,1,1,8104,0,0,0,0,0,0,1,-1,0,0,1,0,0,0,0,1,0,0,0,0,1,-1,[0|0|0|0|0|0|0|0|0|0|0|0|0|0|0|0|0|0|0|0|0|0|0|0|0|0|0|0]
20050000,LASER LANCE - VE-67LLA,0,0,0,[0|0|0],20500,2005000,0,4520,0,0,0,0,0,0,0,0,100,0,0,0,-1,-1,-1,-1,-1,-1,-1,-1,-1,-1,-1,-1,-1,-1,-1,-1,-1,-1,-1,-1,-1,-1,-1,2,1,1,1,0,0,0,610,0,100,100,0,-1,0,100,0,0,100,0,0,0,0,0,-1,16,0,0,7,3,23,0,0,0,100,0,0,999,0,0,0,0,0,0,0,0,0,0,0,0,0,0,0,0,0,0,0,0,0,0,1,1,0,1,0,0,0,0,0,0,0,0,0,0,1,0,1,0,0,0,0,0,0,0,0,1,0,1,1,1,1,0,0,100,1,1,0,0,-1,-1,-1,-1,-1,-1,-1,-1,-1,-1,-1,-1,-1,-1,-1,-1,-1,-1,-1,-1,-1,-1,-1,-1,0,0,200,0,0,0,0,0,0,0,0,0,0,0,1,1,0,0,0,0,0,0,0,0,0,0,0,0,0,0,0,-1,-1,-1,-1,-1,-1,-1,-1,-1,0,-1,0,0,-1,0,1,0,0,0,-1,-1,-1,0,[0|0|0|0],-1,-1,-1,-1,400,-1,-1,-1,1,1,1,1,1,1,1,1,1,-1,-1,-1,-1,-1,0,-1,0,1,0,0,0,0,1,1,1,1,0,0,-1,0,[0|0|0|0],1,0.5,1,[0|0|0|0],-1,0,0,[0|0|0|0|0|0|0|0],-1,-1,-1,-1,-1,[0|0|0|0],-1,-1,-1,[0|0|0|0|0|0|0|0],-1,-1,-1,[0|0|0|0|0|0|0|0],0,0,0,[0|0|0|0],-1,-1,80,100,1,1,0,-1,2,0,0,7,460,0,-1,0,0,0,-1,[0|0|0|0],0,0,0,0,0,0,0,0,0,0,0,0,0,0,0,0,0,0,0,0,0,0,0,0,0,0,0,0,0,0,0,0,258,[0|0|0|0|0|0|0|0|0|0|0|0],0,0,0,0,0,0,0,0,0,0,0,0,0,0,-1,0,0,0,0,-1,-1,-1,-1,-1,-1,-1,-1,-1,-1,-1,-1,0,0,-1,0,0,0,0,0,0,0,0,[0|0],20050000,0,0,-1,0,0,-1,1,1,1,1,1,1,1,1,0,0,0,0,0,0,0,0,0,0,0,0,0,0,0,0,0,0,0,0,0,0,0,0,0,[0|0],0.3,0,1,[0|0|0],1,0,0,-1,[0|0|0|0],20,1540,0,0,0,-1,-1,-1,-1,-1,-1,-1,-1,-1,-1,0,0,0,0,0,0,0,0,0,-1,[0|0],360,0,0,0,[0|0|0],0,0,0,0,0,-1,-1,-1,-1,-1,-1,[0|0|0|0],0,0,1,0,0,[0|0|0],0,0,0,0,0,0,0,0,0,0,0,0,0,0,0,0,0,0,0,0,0,0,0,0,0,0,0,0,0,0,0,0,0,0,[0|0|0],0,0,0,0,2580,[0|0|0|0],1,0,0,0,0,[0|0|0],0,0,0,0,0,-1,-1,-1,-1,1,0,0,0,0,0,0,0,0,0,263,100,1.5,1.5,0,-1,0,0,0,0,0,1,0,0,0,0,0,0,0,0,1,1,0,0,1,0,100,0,0,0,2,1,0,0,0,0,0,0,0,0,1,1,0,0,0,0,101,1,1,8109,0,0,0,0,0,0,1,-1,0,0,1,0,0,0,0,1,0,0,0,0,1,101,[0|0|0|0|0|0|0|0|0|0|0|0|0|0|0|0|0|0|0|0|0|0|0|0|0|0|0|0]
20060000,CHAINSAW - WB-0010 DOUBLE TROUBLE,0,0,0,[0|0|0],20600,2006000,0,5090,0,0,0,0,0,0,0,0,40,40,40,40,-1,-1,-1,-1,-1,-1,-1,-1,-1,-1,-1,-1,-1,-1,-1,-1,-1,-1,-1,-1,-1,-1,-1,2,1,1,1,0,0,0,1012,0,100,100,0,-1,100,0,0,0,100,0,0,0,0,0,-1,16,0,0,7,3,23,0,0,0,100,0,0,999,0,0,0,0,0,0,0,0,0,0,0,0,4,0,0,0,0,0,0,0,0,0,1,1,0,1,0,0,0,0,0,0,0,0,0,0,1,0,1,0,0,0,0,0,0,0,0,1,0,1,1,1,1,0,0,100,1,1,0,0,-1,-1,-1,-1,-1,-1,-1,-1,-1,-1,-1,-1,-1,-1,-1,-1,-1,-1,-1,-1,-1,-1,-1,-1,0,0,200,0,0,0,0,0,0,0,0,0,0,0,1,1,0,0,0,0,0,0,0,0,0,0,0,0,0,0,0,-1,-1,-1,-1,-1,-1,-1,-1,-1,0,-1,0,0,-1,0,1,0,0,0,-1,-1,-1,0,[0|0|0|0],-1,-1,-1,-1,400,-1,-1,-1,1,1,1,1,1,1,1,1,1,-1,-1,-1,-1,-1,0,-1,0,1,0,0,0,0,1,1,1,1,0,0,-1,0,[0|0|0|0],1,0.5,1,[0|0|0|0],-1,0,0,[0|0|0|0|0|0|0|0],-1,-1,-1,-1,-1,[0|0|0|0],-1,-1,-1,[0|0|0|0|0|0|0|0],-1,-1,-1,[0|0|0|0|0|0|0|0],0,0,0,[0|0|0|0],-1,-1,80,100,1,1,0,-1,2,0,0,7,108,0,-1,0,0,0,-1,[0|0|0|0],0,0,0,0,0,0,0,0,0,0,0,0,0,0,0,0,0,0,0,0,0,0,0,0,0,0,0,0,0,0,0,0,259,[0|0|0|0|0|0|0|0|0|0|0|0],0,0,0,0,0,0,0,0,0,0,0,0,0,0,-1,0,0,0,0,-1,-1,-1,-1,-1,-1,-1,-1,-1,-1,-1,-1,0,0,-1,0,0,0,0,-30,24,35,25,[0|0],20060000,0,0.4,1,0.2,0,-1,1,1,1,1,1,1,1,1,0,0,0,0,0,0,0,0,0,0,0,0,0,0,0,0,0,0,0,0,0,0,0,0,0,[0|0],0.3,0,1,[0|0|0],1,0,0,-1,[0|0|0|0],6,1560,0,0,30,-1,-1,-1,-1,-1,-1,-1,-1,-1,-1,0,0,0,0,0,0,0,0,0,-1,[0|0],360,0,0,0,[0|0|0],0,0,0,0,0,-1,-1,-1,-1,-1,-1,[0|0|0|0],0,0,1,30,0,[0|0|0],0,0,0,0,0,0,0,0,0,0,0,0,0,0,0,0,0,0,0,0,0,0,0,0,0,0,0,0,0,0,0,0,0,0,[0|0|0],0,0,0,0,2590,[0|0|0|0],1,0,0,0,0,[0|0|0],0,0,0,0,0,-1,-1,-1,-1,1,0,40,40,40,40,0,0,0,0,302,100,1.5,1.5,0,-1,0,0,0,0,0,1,0,0,0,0,0,0,0,0,1,1,0,0,2,2,101,0,0,0,2,1,0,0,0,0,0,0,0,0,1,1,0,0,0,0,101,1,1,8111,0,0,0,0,0,0,1,-1,0,0,1,0,0,0,0,1,0,0,0,0,1,100,[0|0|0|0|0|0|0|0|0|0|0|0|0|0|0|0|0|0|0|0|0|0|0|0|0|0|0|0]
20060100,GRINDER ARM - CRAZ-G-R-15-DR "GRINDAPUNK",0,0,0,[0|0|0],20610,2006000,0,11240,0,0,0,0,0,0,0,0,40,40,40,40,-1,-1,-1,-1,-1,-1,-1,-1,-1,-1,-1,-1,-1,-1,-1,-1,-1,-1,-1,-1,-1,-1,-1,2,1,1,1,0,0,0,1013,0,100,100,0,-1,100,0,0,0,100,0,0,0,0,0,-1,16,0,0,7,3,23,0,0,0,100,0,0,999,0,0,0,0,0,0,0,0,0,0,0,0,4,0,0,0,0,0,0,0,0,0,1,1,0,1,0,0,0,0,0,0,0,0,0,0,1,0,1,0,0,0,0,0,0,0,0,1,0,1,1,1,1,0,0,100,1,1,0,0,-1,-1,-1,-1,-1,-1,-1,-1,-1,-1,-1,-1,-1,-1,-1,-1,-1,-1,-1,-1,-1,-1,-1,-1,0,0,100,0,0,0,0,0,0,0,0,0,0,0,1,1,0,0,0,0,0,0,0,0,0,0,0,0,0,0,0,-1,-1,-1,-1,-1,-1,-1,-1,-1,0,-1,0,0,-1,0,1,0,0,0,-1,-1,-1,0,[0|0|0|0],-1,-1,-1,-1,400,-1,-1,-1,1,1,1,1,1,1,1,1,1,-1,-1,-1,-1,-1,0,-1,0,1,0,0,0,0,1,1,1,1,0,0,-1,0,[0|0|0|0],1,0.5,1,[0|0|0|0],-1,0,0,[0|0|0|0|0|0|0|0],-1,-1,-1,-1,-1,[0|0|0|0],-1,-1,-1,[0|0|0|0|0|0|0|0],-1,-1,-1,[0|0|0|0|0|0|0|0],0,0,0,[0|0|0|0],-1,-1,80,100,1,1,0,-1,2,0,0,7,355,0,-1,0,0,0,-1,[0|0|0|0],0,0,0,0,0,0,0,0,0,0,0,0,0,0,0,0,0,0,0,0,0,0,0,0,0,0,0,0,0,0,0,0,264,[0|0|0|0|0|0|0|0|0|0|0|0],0,0,0,0,0,0,0,0,0,0,0,0,0,0,-1,0,0,0,0,-1,-1,-1,-1,-1,-1,-1,-1,-1,-1,-1,-1,0,0,-1,0,0,0,0,-30,24,35,25,[0|0],20060000,0,1.1,0,0.8,0,-1,1,1,1,1,1,1,1,1,0,0,0,0,0,0,0,0,0,0,0,0,0,0,0,0,0,0,0,0,0,0,0,0,0,[0|0],0.3,0,1,[0|0|0],1,0,0,-1,[0|0|0|0],1,1561,0,0,30,-1,-1,-1,-1,-1,-1,-1,-1,-1,-1,0,0,0,0,0,0,0,0,0,-1,[0|0],360,0,0,0,[0|0|0],0,0,0,0,0,-1,-1,-1,-1,-1,-1,[0|0|0|0],0,0,1,30,0,[0|0|0],0,0,0,0,0,0,0,0,0,0,0,0,0,0,0,0,0,0,0,0,0,0,0,0,0,0,0,0,0,0,0,0,0,0,[0|0|0],0,0,0,0,2590,[0|0|0|0],1,0,0,0,0,[0|0|0],0,0,0,0,0,-1,-1,-1,-1,1,0,40,40,40,40,0,0,0,0,279,100,1.5,1.5,0,-1,0,0,0,0,0,1,0,0,0,0,0,0,0,0,1,1,0,0,2,2,101,0,0,0,2,1,0,0,0,0,0,0,0,0,1,1,0,0,0,0,101,1,1,8111,0,0,0,0,0,0,1,-1,0,0,1,0,0,0,0,1,0,0,0,0,1,100,[0|0|0|0|0|0|0|0|0|0|0|0|0|0|0|0|0|0|0|0|0|0|0|0|0|0|0|0]
20070000,PLASMA THROWER - 44-143 HMMR,0,0,0,[0|0|0],20700,2007000,0,2410,0,0,0,0,0,0,0,0,40,40,40,40,-1,-1,-1,-1,-1,-1,-1,-1,-1,-1,-1,-1,-1,-1,-1,-1,-1,-1,-1,-1,-1,-1,-1,2,1,1,1,0,0,0,1210,0,100,100,0,-1,100,100,0,0,100,0,0,0,0,0,-1,16,0,0,7,3,23,0,0,0,100,0,0,999,0,0,0,0,0,0,0,0,0,0,0,0,4,0,0,0,0,0,0,0,0,0,1,1,0,1,0,0,0,0,0,0,0,0,0,0,1,0,1,0,0,0,0,0,0,0,0,1,0,1,1,1,1,0,0,100,1,1,0,0,-1,-1,-1,-1,-1,-1,-1,-1,-1,-1,-1,-1,-1,-1,-1,-1,-1,-1,-1,-1,-1,-1,-1,-1,0,0,200,0,0,0,0,0,0,0,0,0,0,0,1,1,0,0,0,0,0,0,0,0,0,0,0,0,0,0,0,-1,-1,-1,-1,-1,-1,-1,-1,-1,0,-1,0,0,-1,0,1,0,0,0,-1,-1,-1,0,[0|0|0|0],-1,-1,-1,-1,400,-1,-1,-1,1,1,1,1,1,1,1,1,1,-1,-1,-1,-1,-1,0,-1,0,1,0,0,0,0,1,1,1,1,0,0,-1,0,[0|0|0|0],1,0.5,1,[0|0|0|0],-1,0,0,[0|0|0|0|0|0|0|0],-1,-1,-1,-1,-1,[0|0|0|0],-1,-1,-1,[0|0|0|0|0|0|0|0],-1,-1,-1,[0|0|0|0|0|0|0|0],0,0,0,[0|0|0|0],-1,-1,80,100,1,1,0,-1,2,0,0,7,311,0,-1,0,0,0,-1,[0|0|0|0],0,0,0,0,0,0,0,0,0,0,0,0,0,0,0,0,0,0,0,0,0,0,0,0,0,0,0,0,0,0,0,0,252,[0|0|0|0|0|0|0|0|0|0|0|0],0,0,0,0,0,0,0,0,0,0,0,0,0,0,-1,0,0,0,0,-1,-1,-1,-1,-1,-1,-1,-1,-1,-1,-1,-1,0,0,-1,0,0,0,0,-35,40,55,55,[0|0],20070000,0,0.4,0.3,0.2,0,-1,1,1,1,1,1,1,1,1,0,0,0,0,0,0,0,0,0,0,0,0,0,0,0,0,0,0,0,0,0,0,0,0,0,[0|0],0.5,0,0.5,[0|0|0],1,0,0,-1,[0|0|0|0],4,1600,0,0,30,-1,-1,-1,-1,-1,-1,-1,-1,-1,-1,0,0,0,0,0,0,0,0,0,-1,[0|0],360,0,0,0,[0|0|0],0,0,0,0,0,-1,-1,-1,-1,-1,-1,[0|0|0|0],0,0,1,30,0,[0|0|0],0,0,0,0,0,0,0,0,0,0,0,0,0,0,0,0,0,0,0,0,0,0,0,0,0,0,0,0,0,0,0,0,0,0,[0|0|0],0,0,0,0,2520,[0|0|0|0],1,0,0,0,0,[0|0|0],0,0,0,0,0,-1,-1,-1,-1,1,0,40,40,40,40,0,0,0,0,366,100,1.5,1.5,0,-1,999,0,0,0,0,1,0,0,0,0,0,0,0,0,1,1,0,0,2,0,101,1,0,1,2,6,1,1,1,1,1,1,1,1,1,1,0,0,0,0,100,1,1,8112,0,0,0,0,0,0,1,-1,0,0,1,0,0,0,0,1,0,0,0,0,1,-1,[0|0|0|0|0|0|0|0|0|0|0|0|0|0|0|0|0|0|0|0|0|0|0|0|0|0|0|0]
20080000,PILE BUNKER - PB-033M ASHMEAD,0,0,0,[0|0|0],20800,2008000,0,4180,0,0,0,0,0,0,0,0,100,0,0,0,-1,-1,-1,-1,-1,-1,-1,-1,-1,-1,-1,-1,-1,-1,-1,-1,-1,-1,-1,-1,-1,-1,-1,2,1,1,1,0,0,0,10,0,100,100,0,-1,100,0,0,0,100,0,0,0,0,0,-1,16,0,0,7,3,23,0,0,0,100,0,0,999,0,0,0,0,0,0,0,0,0,0,0,0,0,0,0,0,0,0,0,0,0,0,1,1,0,1,0,0,0,0,0,0,0,0,0,0,1,0,1,0,0,0,0,0,0,0,0,1,0,1,1,1,1,0,0,100,1,1,0,0,-1,-1,-1,-1,-1,-1,-1,-1,-1,-1,-1,-1,-1,-1,-1,-1,-1,-1,-1,-1,-1,-1,-1,-1,0,0,200,0,0,0,0,0,0,0,0,0,0,0,1,1,0,0,0,0,0,0,0,0,0,0,0,0,0,0,0,-1,-1,-1,-1,-1,-1,-1,-1,-1,0,-1,0,0,-1,0,1,0,0,0,-1,-1,-1,0,[0|0|0|0],-1,-1,-1,-1,450,-1,-1,-1,1,1,1,1,1,1,1,1,1,-1,-1,-1,-1,-1,0,-1,0,1,0,0,0,0,1,1,1,1,0,0,-1,0,[0|0|0|0],1,0.5,1,[0|0|0|0],-1,0,0,[0|0|0|0|0|0|0|0],-1,-1,-1,-1,-1,[0|0|0|0],-1,-1,-1,[0|0|0|0|0|0|0|0],-1,-1,-1,[0|0|0|0|0|0|0|0],0,0,0,[0|0|0|0],-1,-1,80,100,1,1,0,-1,2,0,0,7,225,0,-1,0,0,0,-1,[0|0|0|0],0,0,0,0,0,0,0,0,0,0,0,0,0,0,0,0,0,0,0,0,0,0,0,0,0,0,0,0,0,0,0,0,253,[0|0|0|0|0|0|0|0|0|0|0|0],0,0,0,0,0,0,0,0,0,0,0,0,0,0,-1,0,0,0,0,-1,-1,-1,-1,-1,-1,-1,-1,-1,-1,-1,-1,0,0,-1,0,0,0,0,0,0,0,0,[0|0],20080000,0,0,-1,0,0,-1,1,1,1,1,1,1,1,1,0,0,0,0,0,0,0,0,0,0,0,0,0,0,0,0,0,0,0,0,0,0,0,0,0,[0|0],0.3,0,0.5,[0|0|0],1,0,0,-1,[0|0|0|0],11,1580,0,0,0,-1,-1,-1,-1,-1,-1,-1,-1,-1,-1,0,0,0,0,0,0,0,0,0,-1,[0|0],360,0,0,0,[0|0|0],0,0,0,0,0,-1,-1,-1,-1,-1,-1,[0|0|0|0],0,0,1,0,0,[0|0|0],0,0,0,0,0,0,0,0,0,0,0,0,0,0,0,0,0,0,0,0,0,0,0,0,0,0,0,0,0,0,0,0,0,0,[0|0|0],0,0,0,0,2530,[0|0|0|0],1,0,0,0,0,[0|0|0],0,0,0,0,0,-1,-1,-1,-1,1,0,0,0,0,0,0,0,0,0,284,100,1.5,1.5,0,-1,0,0,0,0,0,1,0,0,0,0,0,0,0,0,1,1,0,0,1,0,100,0,0,0,0,1,0,0,0,0,0,0,0,0,1,1,0,0,0,0,100,1,1,8100,0,0,0,0,0,0,1,-1,0,0,1,0,0,0,0,1,0,0,0,0,1,-1,[0|0|0|0|0|0|0|0|0|0|0|0|0|0|0|0|0|0|0|0|0|0|0|0|0|0|0|0]
20081000,DISRUPTOR MACE - LX-05 COLLOSSIAN,0,0,0,[0|0|0],20810,2008100,0,4780,0,0,0,0,0,0,0,0,100,0,0,0,-1,-1,-1,-1,-1,-1,-1,-1,-1,-1,-1,-1,-1,-1,-1,-1,-1,-1,-1,-1,-1,-1,-1,2,1,1,1,0,0,0,123,0,100,100,0,-1,100,0,0,0,100,0,0,0,0,0,-1,16,0,0,7,3,23,0,0,0,100,0,0,999,0,0,0,0,0,0,0,0,0,0,0,0,0,0,0,0,0,0,0,0,0,0,1,1,0,1,0,0,0,0,0,0,0,0,0,0,1,0,1,0,0,0,0,0,0,0,0,1,0,1,1,1,1,0,0,100,1,1,0,0,-1,-1,-1,-1,-1,-1,-1,-1,-1,-1,-1,-1,-1,-1,-1,-1,-1,-1,-1,-1,-1,-1,-1,-1,0,0,200,0,0,0,0,0,0,0,0,0,0,0,1,1,0,0,0,0,0,0,0,0,0,0,0,0,0,0,0,-1,-1,-1,-1,-1,-1,-1,-1,-1,0,-1,0,0,-1,0,1,0,0,0,-1,-1,-1,0,[0|0|0|0],-1,-1,-1,-1,450,-1,-1,-1,1,1,1,1,1,1,1,1,1,-1,-1,-1,-1,-1,0,-1,0,1,0,0,0,0,1,1,1,1,0,0,-1,0,[0|0|0|0],1,0.5,1,[0|0|0|0],-1,0,0,[0|0|0|0|0|0|0|0],-1,-1,-1,-1,-1,[0|0|0|0],-1,-1,-1,[0|0|0|0|0|0|0|0],-1,-1,-1,[0|0|0|0|0|0|0|0],0,0,0,[0|0|0|0],-1,-1,80,100,1,1,0,-1,2,0,0,7,289,0,-1,0,0,0,-1,[0|0|0|0],0,0,0,0,0,0,0,0,0,0,0,0,0,0,0,0,0,0,0,0,0,0,0,0,0,0,0,0,0,0,0,0,265,[0|0|0|0|0|0|0|0|0|0|0|0],0,0,0,0,0,0,0,0,0,0,0,0,0,0,-1,0,0,0,0,-1,-1,-1,-1,-1,-1,-1,-1,-1,-1,-1,-1,0,0,-1,0,0,0,0,0,0,0,0,[0|0],20080000,0,0,-1,0,0,-1,1,1,1,1,1,1,1,1,0,0,0,0,0,0,0,0,0,0,0,0,0,0,0,0,0,0,0,0,0,0,0,0,0,[0|0],0.3,0,0.5,[0|0|0],1,0,0,-1,[0|0|0|0],10,1581,0,0,0,-1,-1,-1,-1,-1,-1,-1,-1,-1,-1,0,0,0,0,0,0,0,0,0,-1,[0|0],360,0,0,0,[0|0|0],0,0,0,0,0,-1,-1,-1,-1,-1,-1,[0|0|0|0],0,0,1,0,0,[0|0|0],0,0,0,0,0,0,0,0,0,0,0,0,0,0,0,0,0,0,0,0,0,0,0,0,0,0,0,0,0,0,0,0,0,0,[0|0|0],0,0,0,0,2530,[0|0|0|0],1,0,0,0,0,[0|0|0],0,0,0,0,0,-1,-1,-1,-1,1,0,0,0,0,0,0,0,0,0,389,100,2,2,0,-1,0,0,0,0,0,1,0,0,0,0,0,0,0,0,1,1,0,0,1,0,100,0,0,0,0,2,0,0,0,0,0,0,0,0,1,1,0,0,0,0,100,1,1,8100,0,0,0,0,0,0,1,-1,0,0,1,0,0,0,0,1,0,0,0,0,1,-1,[0|0|0|0|0|0|0|0|0|0|0|0|0|0|0|0|0|0|0|0|0|0|0|0|0|0|0|0]
20090000,STUN BATON - VP-67EB,0,0,0,[0|0|0],20900,2009000,0,1720,0,0,0,0,0,0,0,0,100,0,0,0,-1,-1,-1,-1,-1,-1,-1,-1,-1,-1,-1,-1,-1,-1,-1,-1,-1,-1,-1,-1,-1,-1,-1,2,1,1,1,0,0,0,910,0,100,100,0,-1,100,100,0,0,100,0,0,0,0,0,-1,16,0,0,7,3,23,0,0,0,100,0,0,999,0,0,0,0,0,0,0,0,0,0,0,0,0,0,0,0,0,0,0,0,0,0,1,1,0,1,0,0,0,0,0,0,0,0,0,0,1,0,1,0,0,0,0,0,0,0,0,1,0,1,1,1,1,0,0,100,1,1,0,0,-1,-1,-1,-1,-1,-1,-1,-1,-1,-1,-1,-1,-1,-1,-1,-1,-1,-1,-1,-1,-1,-1,-1,-1,0,0,200,0,0,0,0,0,0,0,0,0,0,0,1,1,0,0,0,0,0,0,0,0,0,0,0,0,0,0,0,-1,-1,-1,-1,-1,-1,-1,-1,-1,0,-1,0,0,-1,0,1,0,0,0,-1,-1,-1,0,[0|0|0|0],-1,-1,-1,-1,375,-1,-1,-1,1,1,1,1,1,1,1,1,1,-1,-1,-1,-1,-1,0,-1,0,1,0,0,0,0,1,1,1,1,0,0,-1,0,[0|0|0|0],1,0.5,1,[0|0|0|0],-1,0,0,[0|0|0|0|0|0|0|0],-1,-1,-1,-1,-1,[0|0|0|0],-1,-1,-1,[0|0|0|0|0|0|0|0],-1,-1,-1,[0|0|0|0|0|0|0|0],0,0,0,[0|0|0|0],-1,-1,80,100,1,1,0,-1,2,0,0,7,198,0,-1,0,0,0,-1,[0|0|0|0],0,0,0,0,0,0,0,0,0,0,0,0,0,0,0,0,0,0,0,0,0,0,0,0,0,0,0,0,0,0,0,0,260,[0|0|0|0|0|0|0|0|0|0|0|0],0,0,0,0,0,0,0,0,0,0,0,0,0,0,-1,0,0,0,0,-1,-1,-1,-1,-1,-1,-1,-1,-1,-1,-1,-1,0,0,-1,0,0,0,0,0,0,0,0,[0|0],20090000,0,0,-1,0,0,-1,1,1,1,1,1,1,1,1,0,0,0,0,0,0,0,0,0,0,0,0,0,0,0,0,0,0,0,0,0,0,0,0,0,[0|0],1.5,0,0.5,[0|0|0],1,0,0,-1,[0|0|0|0],7,1570,0,0,0,-1,-1,-1,-1,-1,-1,-1,-1,-1,-1,0,0,0,0,0,0,0,0,0,-1,[0|0],360,0,0,0,[0|0|0],0,0,0,0,0,-1,-1,-1,-1,-1,-1,[0|0|0|0],0,0,1,0,0,[0|0|0],0,0,0,0,0,0,0,0,0,0,0,0,0,0,0,0,0,0,0,0,0,0,0,0,0,0,0,0,0,0,0,0,0,0,[0|0|0],0,0,0,0,2600,[0|0|0|0],1,0,0,0,0,[0|0|0],0,0,0,0,0,-1,-1,-1,-1,1,0,0,0,0,0,0,0,0,0,1156,100,1.1,1.1,0,-1,0,0,0,0,0,1,0,0,0,0,0,0,0,0,1,1,0,0,3,0,110,2,0,0,0,1,2,2,2,2,2,2,2,2,1,1,0,0,0,0,100,1,1,8110,0,0,0,0,0,0,1,-1,0,0,1,0,0,0,0,1,0,0,0,0,1,100,[0|0|0|0|0|0|0|0|0|0|0|0|0|0|0|0|0|0|0|0|0|0|0|0|0|0|0|0]
20100000,EXPLOSIVE THROWER - DF-ET-09 TAI-YANG-SHOU,0,0,0,[0|0|0],21000,2010000,0,3790,0,0,0,0,0,0,0,0,100,0,0,0,-1,-1,-1,-1,-1,-1,-1,-1,-1,-1,-1,-1,-1,-1,-1,-1,-1,-1,-1,-1,-1,-1,-1,1,1,1,1,0,0,0,510,0,100,100,0,-1,0,0,100,0,100,0,0,0,0,0,-1,16,0,0,7,3,23,0,0,0,100,0,0,999,0,0,0,0,0,0,0,0,0,0,0,0,0,0,0,0,0,0,0,0,0,0,1,1,0,1,0,0,0,0,0,0,0,0,0,0,1,0,1,0,0,0,0,0,0,0,0,1,0,1,1,1,1,0,0,100,1,1,0,0,-1,-1,-1,-1,-1,-1,-1,-1,-1,-1,-1,-1,-1,-1,-1,-1,-1,-1,-1,-1,-1,-1,-1,-1,0,0,200,0,0,0,0,0,0,0,0,0,0,0,1,1,0,0,0,0,0,0,0,0,0,0,0,0,0,0,0,-1,-1,-1,-1,-1,-1,-1,-1,-1,0,-1,0,0,-1,0,1,0,0,0,-1,-1,-1,0,[0|0|0|0],-1,-1,-1,-1,200,-1,-1,-1,1,1,1,1,1,1,1,1,1,-1,-1,-1,-1,-1,0,-1,0,1,0,0,0,0,1,1,1,1,0,0,-1,0,[0|0|0|0],1,0.5,1,[0|0|0|0],-1,0,0,[0|0|0|0|0|0|0|0],-1,-1,-1,-1,-1,[0|0|0|0],-1,-1,-1,[0|0|0|0|0|0|0|0],-1,-1,-1,[0|0|0|0|0|0|0|0],0,0,0,[0|0|0|0],48,-1,80,100,1,1,0,-1,2,0,0,7,160,0,-1,0,600,0,-1,[0|0|0|0],0,0,0,0,0,0,0,0,0,0,0,0,0,0,0,0,0,0,0,0,0,0,0,0,0,0,0,0,0,0,0,0,261,[0|0|0|0|0|0|0|0|0|0|0|0],0,0,0,0,0,0,0,0,0,0,0,0,0,0,-1,0,0,0,0,-1,-1,-1,-1,-1,-1,-1,-1,-1,-1,-1,-1,0,0,-1,0,0,0,0,0,0,0,0,[0|0],20100000,3.1,0,-1,0,0,-1,1,1,1,1,1,1,1,1,0,0,0,0,0,0,0,0,0,0,0,0,0,0,0,0,0,0,0,0,0,0,0,0,0,[0|0],0,0,0,[0|0|0],0,0,0,-1,[0|0|0|0],12,1550,0,0,0,-1,-1,-1,-1,-1,-1,-1,-1,-1,-1,0,0,0,0,0,0,0,0,0,-1,[0|0],360,0,0,0,[0|0|0],0,0,0,0,0,-1,-1,-1,-1,-1,-1,[0|0|0|0],0,0,0,0,0,[0|0|0],0,0,0,0,0,0,0,0,0,0,0,0,0,0,0,0,0,0,0,0,0,0,0,0,0,0,0,0,0,0,0,0,0,0,[0|0|0],0,0,0,0,2610,[0|0|0|0],1,0,0,0,0,[0|0|0],0,0,0,0,0,-1,-1,-1,-1,1,0,0,0,0,0,0,0,0,0,0,100,0,0,0,-1,0,1,0,0,0,1,1,1,1,1,1,1,0,0,1,1,0,0,1,0,100,1,0,1,0,1,1,1,1,1,1,1,1,0,1,1,0,0,0,0,-1,1,1,8108,0,0,0,0,0,0,1,-1,0,0,1,0,0,0,0,1,0,0,0,0,1,-1,[0|0|0|0|0|0|0|0|0|0|0|0|0|0|0|0|0|0|0|0|0|0|0|0|0|0|0|0]
20200000,FLARE THROWER - DF-FT-11 FEN-SAN-SHUYI,0,0,0,[0|0|0],22000,2010000,0,2880,0,0,0,0,0,0,0,0,100,0,0,0,-1,-1,-1,-1,-1,-1,-1,-1,-1,-1,-1,-1,-1,-1,-1,-1,-1,-1,-1,-1,-1,-1,-1,1,1,1,1,0,0,0,515,0,100,100,0,-1,0,0,100,0,100,0,0,0,0,0,-1,16,0,0,7,3,23,0,0,0,100,0,0,999,0,0,0,0,0,0,0,0,0,0,0,0,0,0,0,0,0,0,0,0,0,0,1,1,0,1,0,0,0,0,0,0,0,0,0,0,1,0,1,0,0,0,0,0,0,0,0,1,0,1,1,1,1,0,0,100,1,1,0,0,-1,-1,-1,-1,-1,-1,-1,-1,-1,-1,-1,-1,-1,-1,-1,-1,-1,-1,-1,-1,-1,-1,-1,-1,0,0,200,0,0,0,0,0,0,0,0,0,0,0,1,1,0,0,0,0,0,0,0,0,0,0,0,0,0,0,0,-1,-1,-1,-1,-1,-1,-1,-1,-1,0,-1,0,0,-1,0,1,0,0,0,-1,-1,-1,0,[0|0|0|0],-1,-1,-1,-1,200,-1,-1,-1,1,1,1,1,1,1,1,1,1,-1,-1,-1,-1,-1,0,-1,0,1,0,0,0,0,1,1,1,1,0,0,-1,0,[0|0|0|0],1,0.5,1,[0|0|0|0],-1,0,0,[0|0|0|0|0|0|0|0],-1,-1,-1,-1,-1,[0|0|0|0],-1,-1,-1,[0|0|0|0|0|0|0|0],-1,-1,-1,[0|0|0|0|0|0|0|0],0,0,0,[0|0|0|0],92,-1,80,100,1,1,0,-1,2,0,0,7,98,0,-1,0,100,0,-1,[0|0|0|0],0,0,0,0,0,0,0,0,0,0,0,0,0,0,0,0,0,0,0,0,0,0,0,0,0,0,0,0,0,0,0,0,261,[0|0|0|0|0|0|0|0|0|0|0|0],0,0,0,0,0,0,0,0,0,0,0,0,0,0,-1,0,0,0,0,-1,-1,-1,-1,-1,-1,-1,-1,-1,-1,-1,-1,0,0,-1,0,0,0,0,0,0,0,0,[0|0],20100000,2,0,-1,0,0,-1,1,1,1,1,1,1,1,1,0,0,0,0,0,0,0,0,0,0,0,0,0,0,0,0,0,0,0,0,0,0,0,0,0,[0|0],0,0,0,[0|0|0],0,0,0,-1,[0|0|0|0],10,1551,0,0,0,-1,-1,-1,-1,-1,-1,-1,-1,-1,-1,0,0,0,0,0,0,0,0,0,-1,[0|0],360,0,0,0,[0|0|0],0,0,0,0,0,-1,-1,-1,-1,-1,-1,[0|0|0|0],0,0,0,0,0,[0|0|0],0,0,0,0,0,0,0,0,0,0,0,0,0,0,0,0,0,0,0,0,0,0,0,0,0,0,0,0,0,0,0,0,0,0,[0|0|0],0,0,0,0,2610,[0|0|0|0],1,0,0,0,0,[0|0|0],0,0,0,0,0,-1,-1,-1,-1,1,0,0,0,0,0,0,0,0,0,0,100,0,0,0,-1,0,1,0,0,0,1,1,1,1,1,1,1,0,0,1,1,0,0,1,0,100,1,0,1,0,1,1,1,1,1,1,1,1,0,1,1,0,0,0,0,-1,1,1,8108,0,0,0,0,0,0,1,-1,0,0,1,0,0,0,0,1,0,0,0,0,1,-1,[0|0|0|0|0|0|0|0|0|0|0|0|0|0|0|0|0|0|0|0|0|0|0|0|0|0|0|0]
25000000,PULSE BUCKLER - VP-61PB,0,0,0,[0|0|0],25000,2501000,0,1920,0,0,0,0,0,0,0,0,35,35,35,35,-1,-1,-1,9195,-1,-1,-1,-1,-1,-1,-1,-1,-1,-1,-1,-1,-1,-1,-1,-1,-1,-1,-1,1,1,1,1,0,0,0,4910,0,100,100,0,-1,0,0,0,0,100,0,0,0,0,0,-1,20,0,0,7,3,12,0,0,0,102,0,0,999,0,0,0,0,0,0,0,0,0,0,0,0,4,0,0,0,100,100,100,0,0,0,0,1,0,1,0,0,0,0,0,0,0,0,0,0,1,0,1,0,0,0,0,0,0,0,0,1,0,1,1,1,1,0,0,102,1,1,0,0,-1,-1,-1,-1,-1,-1,-1,-1,-1,-1,-1,-1,-1,-1,-1,-1,-1,-1,-1,-1,-1,-1,-1,-1,0,0,320,0,0,0,0,0,0,0,0,0,0,0,1,1,0,0,0,0,0,0,0,0,0,0,0,0,0,0,0,-1,-1,-1,-1,-1,-1,-1,-1,-1,0,-1,0,0,-1,0,0,0,0,0,-1,-1,-1,0,[0|0|0|0],-1,-1,-1,-1,0,-1,-1,-1,1,1,1,1,1,1,1,1,1,-1,-1,-1,-1,-1,0,-1,0,1,0,0,0,0,1,1,1,1,0,0,-1,0,[0|0|0|0],-1,1,1,[0|0|0|0],-1,0,0,[0|0|0|0|0|0|0|0],-1,-1,-1,-1,-1,[0|0|0|0],-1,-1,-1,[0|0|0|0|0|0|0|0],-1,-1,-1,[0|0|0|0|0|0|0|0],0,0,0,[0|0|0|0],-1,-1,0,100,1,1,0,-1,3,0,0,8,285,0,-1,0,0,0,-1,[0|0|0|0],0,0,0,0,0,0,0,0,0,0,0,0,0,0,0,0,0,0,0,0,0,0,0,0,0,0,0,0,0,0,0,0,280,[0|0|0|0|0|0|0|0|0|0|0|0],0,0,0,0,0,0,0,0,0,0,0,0,0,0,-1,0,0,0,0,-1,-1,0,0,-1,-1,-1,-1,-1,-1,-1,-1,0,0,-1,0,0,0,0,0,0,90,90,[0|0],25000000,0,0,-1,0,0,-1,1,1,1,1,1,1,1,1,0,0,0,0,0,0,0,0,0,0,0,0,0,0,0,0,0,0,0,0,0,0,0,0,0,[0|0],0,0,0,[0|0|0],0,0,0,-1,[0|0|0|0],7,1410,0.4,0,95,-1,-1,990200,21200,990202,21200,-1,-1,990201,21200,0,0,0,0,0,0,0,0,0,-1,[0|0],360,0,0,0,[0|0|0],0,0,0,0,0,0,0,-1,-1,-1,-1,[0|0|0|0],0,0,1,35,0,[0|0|0],0,0,0,0,0,0,0,0,0,0,0,0,0,0,0,0,0,0,0,0,0,0,0,0,0,0,0,0,0,0,0,0,0,0,[0|0|0],0,0,0,0,2800,[0|0|0|0],1,1,0,0,0,[0|0|0],0,0,0,0,0,-1,-1,-1,-1,1,-1,96,96,96,96,100,100,100,0,132,100,1.7,2.2,0,-1,0,0,0,0,0,1,0,0,0,0,0,0,0,0,1,1,0,0,-1,0,-1,0,0,0,0,1,0,0,0,0,0,0,0,0,1,1,0,0,0,0,-1,1,1,8300,0,0,0,0,0,0,1,-1,0,0,1,0,0,0,0,1,0,0,0,0,1,-1,[0|0|0|0|0|0|0|0|0|0|0|0|0|0|0|0|0|0|0|0|0|0|0|0|0|0|0|0]
25000100,PULSE SHIELD - SI-24: SU-Q5,0,0,0,[0|0|0],25010,2500010,0,2010,0,0,0,0,0,0,0,0,45,45,45,45,-1,-1,-1,9195,-1,-1,-1,-1,-1,-1,-1,-1,-1,-1,-1,-1,-1,-1,-1,-1,-1,-1,-1,1,1,1,1,0,0,0,4920,0,100,100,0,-1,0,0,0,0,100,0,0,0,0,0,-1,20,0,0,7,3,12,0,0,0,102,0,0,999,0,0,0,0,0,0,0,0,0,0,0,0,4,0,0,0,100,100,100,0,0,0,0,1,0,1,0,0,0,0,0,0,0,0,0,0,1,0,1,0,0,0,0,0,0,0,0,1,0,1,1,1,1,0,0,102,1,1,0,0,-1,-1,-1,-1,-1,-1,-1,-1,-1,-1,-1,-1,-1,-1,-1,-1,-1,-1,-1,-1,-1,-1,-1,-1,0,0,320,0,0,0,0,0,0,0,0,0,0,0,1,1,0,0,0,0,0,0,0,0,0,0,0,0,0,0,0,-1,-1,-1,-1,-1,-1,-1,-1,-1,0,-1,0,0,-1,0,0,0,0,0,-1,-1,-1,0,[0|0|0|0],-1,-1,-1,-1,0,-1,-1,-1,1,1,1,1,1,1,1,1,1,-1,-1,-1,-1,-1,0,-1,0,1,0,0,0,0,1,1,1,1,0,0,-1,0,[0|0|0|0],-1,1,1,[0|0|0|0],-1,0,0,[0|0|0|0|0|0|0|0],-1,-1,-1,-1,-1,[0|0|0|0],-1,-1,-1,[0|0|0|0|0|0|0|0],-1,-1,-1,[0|0|0|0|0|0|0|0],0,0,0,[0|0|0|0],-1,-1,0,100,1,1,0,-1,3,0,0,8,220,0,-1,0,0,0,-1,[0|0|0|0],0,0,0,0,0,0,0,0,0,0,0,0,0,0,0,0,0,0,0,0,0,0,0,0,0,0,0,0,0,0,0,0,280,[0|0|0|0|0|0|0|0|0|0|0|0],0,0,0,0,0,0,0,0,0,0,0,0,0,0,-1,0,0,0,0,-1,-1,0,0,-1,-1,-1,-1,-1,-1,-1,-1,0,0,-1,0,0,0,0,0,0,90,90,[0|0],25000100,0,0,-1,0,0,-1,1,1,1,1,1,1,1,1,0,0,0,0,0,0,0,0,0,0,0,0,0,0,0,0,0,0,0,0,0,0,0,0,0,[0|0],0,0,0,[0|0|0],0,0,0,-1,[0|0|0|0],17,1400,1,0,75,-1,-1,990000,21200,990002,21200,-1,-1,990001,21200,0,0,0,0,0,0,0,0,0,-1,[0|0],360,0,0,0,[0|0|0],0,0,0,0,0,0,0,-1,-1,-1,-1,[0|0|0|0],0,0,1,25,0,[0|0|0],0,0,0,0,0,0,0,0,0,0,0,0,0,0,0,0,0,0,0,0,0,0,0,0,0,0,0,0,0,0,0,0,0,0,[0|0|0],0,0,0,0,2800,[0|0|0|0],1,1,0,0,0,[0|0|0],0,0,0,0,0,-1,-1,-1,-1,1,-1,65,65,65,65,100,100,100,0,88,100,2.3,2.8,0,-1,0,0,0,0,0,1,0,0,0,0,0,0,0,0,1,1,0,0,-1,0,-1,0,0,0,0,1,0,0,0,0,0,0,0,0,1,1,0,0,0,0,-1,1,1,8301,0,0,0,0,0,0,1,-1,0,0,1,0,0,0,0,1,0,0,0,0,1,-1,[0|0|0|0|0|0|0|0|0|0|0|0|0|0|0|0|0|0|0|0|0|0|0|0|0|0|0|0]
25010000,PULSE SHIELD - VP-61PS,0,0,0,[0|0|0],25100,2500000,0,2700,0,0,0,0,0,0,0,0,58,58,58,58,-1,-1,-1,9195,-1,-1,-1,-1,-1,-1,-1,-1,-1,-1,-1,-1,-1,-1,-1,-1,-1,-1,-1,1,1,1,1,0,0,0,4940,0,100,100,0,-1,0,0,0,0,100,0,0,0,0,0,-1,20,0,0,7,3,12,0,0,0,102,0,0,999,0,0,0,0,0,0,0,0,0,0,0,0,4,0,0,0,100,100,100,0,0,0,0,1,0,1,0,0,0,0,0,0,0,0,0,0,1,0,1,0,0,0,0,0,0,0,0,1,0,1,1,1,1,0,0,102,1,1,0,0,-1,-1,-1,-1,-1,-1,-1,-1,-1,-1,-1,-1,-1,-1,-1,-1,-1,-1,-1,-1,-1,-1,-1,-1,0,0,320,0,0,0,0,0,0,0,0,0,0,0,1,1,0,0,0,0,0,0,0,0,0,0,0,0,0,0,0,-1,-1,-1,-1,-1,-1,-1,-1,-1,0,-1,0,0,-1,0,0,0,0,0,-1,-1,-1,0,[0|0|0|0],-1,-1,-1,-1,0,-1,-1,-1,1,1,1,1,1,1,1,1,1,-1,-1,-1,-1,-1,0,-1,0,1,0,0,0,0,1,1,1,1,0,0,-1,0,[0|0|0|0],-1,1,1,[0|0|0|0],-1,0,0,[0|0|0|0|0|0|0|0],-1,-1,-1,-1,-1,[0|0|0|0],-1,-1,-1,[0|0|0|0|0|0|0|0],-1,-1,-1,[0|0|0|0|0|0|0|0],0,0,0,[0|0|0|0],-1,-1,0,100,1,1,0,-1,3,0,0,8,310,0,-1,0,0,0,-1,[0|0|0|0],0,0,0,0,0,0,0,0,0,0,0,0,0,0,0,0,0,0,0,0,0,0,0,0,0,0,0,0,0,0,0,0,280,[0|0|0|0|0|0|0|0|0|0|0|0],0,0,0,0,0,0,0,0,0,0,0,0,0,0,-1,0,0,0,0,-1,-1,0,0,-1,-1,-1,-1,-1,-1,-1,-1,0,0,-1,0,0,0,0,0,0,90,90,[0|0],25010000,0,0,-1,0,0,-1,1,1,1,1,1,1,1,1,0,0,0,0,0,0,0,0,0,0,0,0,0,0,0,0,0,0,0,0,0,0,0,0,0,[0|0],0,0,0,[0|0|0],0,0,0,-1,[0|0|0|0],7,1400,0.6,0,80,-1,-1,990100,21200,990102,21200,-1,-1,990101,21200,0,0,0,0,0,0,0,0,0,-1,[0|0],360,0,0,0,[0|0|0],0,0,0,0,0,0,0,-1,-1,-1,-1,[0|0|0|0],0,0,1,40,0,[0|0|0],0,0,0,0,0,0,0,0,0,0,0,0,0,0,0,0,0,0,0,0,0,0,0,0,0,0,0,0,0,0,0,0,0,0,[0|0|0],0,0,0,0,2800,[0|0|0|0],1,1,0,0,0,[0|0|0],0,0,0,0,0,-1,-1,-1,-1,1,-1,72,72,72,72,100,100,100,0,144,100,1.9,2.4,0,-1,0,0,0,0,0,1,0,0,0,0,0,0,0,0,1,1,0,0,-1,0,-1,0,0,0,0,1,0,0,0,0,0,0,0,0,1,1,0,0,0,0,-1,1,1,8302,0,0,0,0,0,0,1,-1,0,0,1,0,0,0,0,1,0,0,0,0,1,-1,[0|0|0|0|0|0|0|0|0|0|0|0|0|0|0|0|0|0|0|0|0|0|0|0|0|0|0|0]
25010100,PULSE SHIELD - SI-27: SU-R8,0,0,0,[0|0|0],25110,2500020,0,3150,0,0,0,0,0,0,0,0,63,63,63,63,-1,-1,-1,9195,-1,-1,-1,-1,-1,-1,-1,-1,-1,-1,-1,-1,-1,-1,-1,-1,-1,-1,-1,1,1,1,1,0,0,0,4950,0,100,100,0,-1,0,0,0,0,100,0,0,0,0,0,-1,20,0,0,7,3,12,0,0,0,102,0,0,999,0,0,0,0,0,0,0,0,0,0,0,0,4,0,0,0,100,100,100,0,0,0,0,1,0,1,0,0,0,0,0,0,0,0,0,0,1,0,1,0,0,0,0,0,0,0,0,1,0,1,1,1,1,0,0,102,1,1,0,0,-1,-1,-1,-1,-1,-1,-1,-1,-1,-1,-1,-1,-1,-1,-1,-1,-1,-1,-1,-1,-1,-1,-1,-1,0,0,320,0,0,0,0,0,0,0,0,0,0,0,1,1,0,0,0,0,0,0,0,0,0,0,0,0,0,0,0,-1,-1,-1,-1,-1,-1,-1,-1,-1,0,-1,0,0,-1,0,0,0,0,0,-1,-1,-1,0,[0|0|0|0],-1,-1,-1,-1,0,-1,-1,-1,1,1,1,1,1,1,1,1,1,-1,-1,-1,-1,-1,0,-1,0,1,0,0,0,0,1,1,1,1,0,0,-1,0,[0|0|0|0],-1,1,1,[0|0|0|0],-1,0,0,[0|0|0|0|0|0|0|0],-1,-1,-1,-1,-1,[0|0|0|0],-1,-1,-1,[0|0|0|0|0|0|0|0],-1,-1,-1,[0|0|0|0|0|0|0|0],0,0,0,[0|0|0|0],-1,-1,0,100,1,1,0,-1,3,0,0,8,258,0,-1,0,0,0,-1,[0|0|0|0],0,0,0,0,0,0,0,0,0,0,0,0,0,0,0,0,0,0,0,0,0,0,0,0,0,0,0,0,0,0,0,0,280,[0|0|0|0|0|0|0|0|0|0|0|0],0,0,0,0,0,0,0,0,0,0,0,0,0,0,-1,0,0,0,0,-1,-1,0,0,-1,-1,-1,-1,-1,-1,-1,-1,0,0,-1,0,0,0,0,0,0,90,90,[0|0],25010100,0,0,-1,0,0,-1,1,1,1,1,1,1,1,1,0,0,0,0,0,0,0,0,0,0,0,0,0,0,0,0,0,0,0,0,0,0,0,0,0,[0|0],0,0,0,[0|0|0],0,0,0,-1,[0|0|0|0],17,1400,0.3,0,79,-1,-1,990090,21200,990092,21200,-1,-1,990091,21200,0,0,0,0,0,0,0,0,0,-1,[0|0],360,0,0,0,[0|0|0],0,0,0,0,0,0,0,-1,-1,-1,-1,[0|0|0|0],0,0,1,48,0,[0|0|0],0,0,0,0,0,0,0,0,0,0,0,0,0,0,0,0,0,0,0,0,0,0,0,0,0,0,0,0,0,0,0,0,0,0,[0|0|0],0,0,0,0,2800,[0|0|0|0],1,1,0,0,0,[0|0|0],0,0,0,0,0,-1,-1,-1,-1,1,-1,67,67,67,67,100,100,100,0,110,100,1.6,2.1,0,-1,0,0,0,0,0,1,0,0,0,0,0,0,0,0,1,1,0,0,-1,0,-1,0,0,0,0,1,0,0,0,0,0,0,0,0,1,1,0,0,0,0,-1,1,1,8303,0,0,0,0,0,0,1,-1,0,0,1,0,0,0,0,1,0,0,0,0,1,-1,[0|0|0|0|0|0|0|0|0|0|0|0|0|0|0|0|0|0|0|0|0|0|0|0|0|0|0|0]
25010200,PULSE BUCKLER - SI-29: SU-TT/C,0,0,0,[0|0|0],25120,2501010,0,3380,0,0,0,0,0,0,0,0,30,30,30,30,-1,-1,-1,9195,-1,-1,-1,-1,-1,-1,-1,-1,-1,-1,-1,-1,-1,-1,-1,-1,-1,-1,-1,1,1,1,1,0,0,0,4960,0,100,100,0,-1,0,0,0,0,100,0,0,0,0,0,-1,20,0,0,7,3,12,0,0,0,102,0,0,999,0,0,0,0,0,0,0,0,0,0,0,0,4,0,0,0,100,100,100,0,0,0,0,1,0,1,0,0,0,0,0,0,0,0,0,0,1,0,1,0,0,0,0,0,0,0,0,1,0,1,1,1,1,0,0,102,1,1,0,0,-1,-1,-1,-1,-1,-1,-1,-1,-1,-1,-1,-1,-1,-1,-1,-1,-1,-1,-1,-1,-1,-1,-1,-1,0,0,320,0,0,0,0,0,0,0,0,0,0,0,1,1,0,0,0,0,0,0,0,0,0,0,0,0,0,0,0,-1,-1,-1,-1,-1,-1,-1,-1,-1,0,-1,0,0,-1,0,0,0,0,0,-1,-1,-1,0,[0|0|0|0],-1,-1,-1,-1,0,-1,-1,-1,1,1,1,1,1,1,1,1,1,-1,-1,-1,-1,-1,0,-1,0,1,0,0,0,0,1,1,1,1,0,0,-1,0,[0|0|0|0],-1,1,1,[0|0|0|0],-1,0,0,[0|0|0|0|0|0|0|0],-1,-1,-1,-1,-1,[0|0|0|0],-1,-1,-1,[0|0|0|0|0|0|0|0],-1,-1,-1,[0|0|0|0|0|0|0|0],0,0,0,[0|0|0|0],-1,-1,0,100,1,1,0,-1,3,0,0,8,385,0,-1,0,0,0,-1,[0|0|0|0],0,0,0,0,0,0,0,0,0,0,0,0,0,0,0,0,0,0,0,0,0,0,0,0,0,0,0,0,0,0,0,0,280,[0|0|0|0|0|0|0|0|0|0|0|0],0,0,0,0,0,0,0,0,0,0,0,0,0,0,-1,0,0,0,0,-1,-1,0,0,-1,-1,-1,-1,-1,-1,-1,-1,0,0,-1,0,0,0,0,0,0,90,90,[0|0],25010200,0,0,-1,0,0,-1,1,1,1,1,1,1,1,1,0,0,0,0,0,0,0,0,0,0,0,0,0,0,0,0,0,0,0,0,0,0,0,0,0,[0|0],0,0,0,[0|0|0],0,0,0,-1,[0|0|0|0],17,1410,1.6,0,76,-1,-1,990230,21200,990232,21200,-1,-1,990231,21200,0,0,0,0,0,0,0,0,0,-1,[0|0],360,0,0,0,[0|0|0],0,0,0,0,0,0,0,-1,-1,-1,-1,[0|0|0|0],0,0,1,56,0,[0|0|0],0,0,0,0,0,0,0,0,0,0,0,0,0,0,0,0,0,0,0,0,0,0,0,0,0,0,0,0,0,0,0,0,0,0,[0|0|0],0,0,0,0,2800,[0|0|0|0],1,1,0,0,0,[0|0|0],0,0,0,0,0,-1,-1,-1,-1,1,-1,82,82,82,82,100,100,100,0,142,100,2.9,3.4,0,-1,0,0,0,0,0,1,0,0,0,0,0,0,0,0,1,1,0,0,-1,0,-1,0,0,0,0,1,0,0,0,0,0,0,0,0,1,1,0,0,0,0,-1,1,1,8304,0,0,0,0,0,0,1,-1,0,0,1,0,0,0,0,1,0,0,0,0,1,-1,[0|0|0|0|0|0|0|0|0|0|0|0|0|0|0|0|0|0|0|0|0|0|0|0|0|0|0|0]
25010300,CORAL SHIELD - IB-C03W4: NGI 028,0,0,0,[0|0|0],25130,2503000,0,2170,0,0,0,0,0,0,0,0,55,55,55,55,-1,-1,-1,9190,-1,-1,-1,-1,-1,-1,-1,-1,-1,-1,-1,-1,-1,-1,-1,-1,-1,-1,-1,1,1,1,1,0,0,0,4970,0,100,100,0,-1,0,0,0,0,100,0,0,0,0,0,-1,20,0,0,7,3,12,0,0,0,112,0,0,999,0,0,0,0,0,0,0,0,0,0,0,0,4,0,0,0,100,100,100,0,0,0,0,1,0,1,0,0,0,0,0,0,0,0,0,0,1,0,1,0,0,0,0,0,0,0,0,1,0,1,1,1,1,0,0,112,1,1,0,0,-1,-1,-1,-1,-1,-1,-1,-1,-1,-1,-1,-1,-1,-1,-1,-1,-1,-1,-1,-1,-1,-1,-1,-1,0,0,321,0,0,0,0,0,0,0,0,0,0,0,1,1,0,0,0,0,0,0,0,0,0,0,0,0,0,0,0,-1,-1,-1,-1,-1,-1,-1,-1,-1,0,-1,0,0,-1,0,0,0,0,0,-1,-1,-1,0,[0|0|0|0],-1,-1,-1,-1,0,-1,-1,-1,1,1,1,1,1,1,1,1,1,-1,-1,-1,-1,-1,0,-1,0,1,0,0,0,0,1,1,1,1,0,0,-1,0,[0|0|0|0],-1,1,1,[0|0|0|0],-1,0,0,[0|0|0|0|0|0|0|0],-1,-1,-1,-1,-1,[0|0|0|0],-1,-1,-1,[0|0|0|0|0|0|0|0],-1,-1,-1,[0|0|0|0|0|0|0|0],0,0,0,[0|0|0|0],-1,-1,0,100,1,1,0,-1,3,0,0,8,800,0,-1,0,0,0,-1,[0|0|0|0],0,0,0,0,0,0,0,0,0,0,0,0,0,0,0,0,0,0,0,0,0,0,0,0,0,0,0,0,0,0,0,0,281,[0|0|0|0|0|0|0|0|0|0|0|0],0,0,0,0,0,0,0,0,0,0,0,0,0,0,-1,0,0,0,0,-1,-1,0,0,-1,-1,-1,-1,-1,-1,-1,-1,0,0,-1,0,0,0,0,0,0,180,180,[0|0],25010300,0,0,-1,0,0,-1,1,1,1,1,1,1,1,1,0,0,0,0,0,0,0,0,0,0,0,0,0,0,0,0,0,0,0,0,0,0,0,0,0,[0|0],0,0,0,[0|0|0],0,0,0,-1,[0|0|0|0],2,1430,0.8,0,57,-1,-1,990220,2250,990222,2250,-1,-1,990221,2250,0,0,0,0,0,0,0,0,0,-1,[0|0],360,0,0,0,[0|0|0],0,0,0,0,0,0,0,-1,-1,-1,-1,[0|0|0|0],0,0,1,42,0,[0|0|0],0,0,0,0,0,0,0,0,0,0,0,0,0,0,0,0,0,0,0,0,0,0,0,0,0,0,0,0,0,0,0,0,0,0,[0|0|0],0,0,0,0,2800,[0|0|0|0],1,0,0,0,0,[0|0|0],0,0,0,0,0,-1,-1,-1,-1,1,-1,68,68,68,68,100,100,100,0,100,100,2.1,2.6,0,-1,0,0,0,0,0,1,0,0,0,0,0,0,0,0,1,1,0,0,-1,0,-1,0,0,0,0,1,0,0,0,0,0,0,0,0,1,1,0,0,0,0,-1,1,1,8305,0,0,0,0,0,0,1,-1,0,0,1,0,0,0,0,1,0,0,0,0,1,-1,[0|0|0|0|0|0|0|0|0|0|0|0|0|0|0|0|0|0|0|0|0|0|0|0|0|0|0|0]
25010400,PULSE DEFENDER - P-MOD_5 AEGIS,0,0,0,[0|0|0],25140,2500001,0,3890,0,0,0,0,0,0,0,0,39,39,39,39,-1,-1,-1,9195,-1,-1,-1,-1,-1,-1,-1,-1,-1,-1,-1,-1,-1,-1,-1,-1,-1,-1,-1,1,1,1,1,0,0,0,4921,0,100,100,0,-1,0,0,0,0,100,0,0,0,0,0,-1,20,0,0,7,3,12,0,0,0,102,0,0,999,0,0,0,0,0,0,0,0,0,0,0,0,4,0,0,0,100,100,100,0,0,0,0,1,0,1,0,0,0,0,0,0,0,0,0,0,1,0,1,0,0,0,0,0,0,0,0,1,0,1,1,1,1,0,0,102,1,1,0,0,-1,-1,-1,-1,-1,-1,-1,-1,-1,-1,-1,-1,-1,-1,-1,-1,-1,-1,-1,-1,-1,-1,-1,-1,0,0,320,0,0,0,0,0,0,0,0,0,0,0,1,1,0,0,0,0,0,0,0,0,0,0,0,0,0,0,0,-1,-1,-1,-1,-1,-1,-1,-1,-1,0,-1,0,0,-1,0,0,0,0,0,-1,-1,-1,0,[0|0|0|0],-1,-1,-1,-1,0,-1,-1,-1,1,1,1,1,1,1,1,1,1,-1,-1,-1,-1,-1,0,-1,0,1,0,0,0,0,1,1,1,1,0,0,-1,0,[0|0|0|0],-1,1,1,[0|0|0|0],-1,0,0,[0|0|0|0|0|0|0|0],-1,-1,-1,-1,-1,[0|0|0|0],-1,-1,-1,[0|0|0|0|0|0|0|0],-1,-1,-1,[0|0|0|0|0|0|0|0],0,0,0,[0|0|0|0],-1,-1,0,100,1,1,0,-1,3,0,0,8,315,0,-1,0,0,0,-1,[0|0|0|0],0,0,0,0,0,0,0,0,0,0,0,0,0,0,0,0,0,0,0,0,0,0,0,0,0,0,0,0,0,0,0,0,280,[0|0|0|0|0|0|0|0|0|0|0|0],0,0,0,0,0,0,0,0,0,0,0,0,0,0,-1,0,0,0,0,-1,-1,0,0,-1,-1,-1,-1,-1,-1,-1,-1,0,0,-1,0,0,0,0,0,0,90,90,[0|0],25010100,0,0,-1,0,0,-1,1,1,1,1,1,1,1,1,0,0,0,0,0,0,0,0,0,0,0,0,0,0,0,0,0,0,0,0,0,0,0,0,0,[0|0],0,0,0,[0|0|0],0,0,0,-1,[0|0|0|0],5,1400,0.5,0,98,-1,-1,990090,21200,990092,21200,-1,-1,990091,21200,0,0,0,0,0,0,0,0,0,-1,[0|0],360,0,0,0,[0|0|0],0,0,0,0,0,0,0,-1,-1,-1,-1,[0|0|0|0],0,0,1,55,0,[0|0|0],0,0,0,0,0,0,0,0,0,0,0,0,0,0,0,0,0,0,0,0,0,0,0,0,0,0,0,0,0,0,0,0,0,0,[0|0|0],0,0,0,0,2800,[0|0|0|0],1,1,0,0,0,[0|0|0],0,0,0,0,0,-1,-1,-1,-1,1,-1,66,66,66,66,100,100,100,0,110,90,1.5,2,0,-1,0,0,0,0,0,1,0,0,0,0,0,0,0,0,1,1,0,0,-1,0,-1,0,0,0,0,1,0,0,0,0,0,0,0,0,1,1,0,0,0,0,-1,1,1,8303,0,0,0,0,0,0,1,-1,0,0,1,0,0,0,0,1,0,0,0,0,1,-1,[0|0|0|0|0|0|0|0|0|0|0|0|0|0|0|0|0|0|0|0|0|0|0|0|0|0|0|0]
25020000,PULSE SCUTUM - VE-61PSA,0,0,0,[0|0|0],25200,2502000,0,4100,0,0,0,0,0,0,0,0,86,86,86,86,-1,-1,-1,9195,-1,-1,-1,-1,-1,-1,-1,-1,-1,-1,-1,-1,-1,-1,-1,-1,-1,-1,-1,1,1,1,1,0,0,0,4980,0,100,100,0,-1,0,0,0,0,100,0,0,0,0,0,-1,20,0,0,7,3,12,0,0,0,102,0,0,999,0,0,0,0,0,0,0,0,0,0,0,0,4,0,0,0,100,100,100,0,0,0,0,1,0,1,0,0,0,0,0,0,0,0,0,0,1,0,1,0,0,0,0,0,0,0,0,1,0,1,1,1,1,0,0,102,1,1,0,0,-1,-1,-1,-1,-1,-1,-1,-1,-1,-1,-1,-1,-1,-1,-1,-1,-1,-1,-1,-1,-1,-1,-1,-1,0,0,320,0,0,0,0,0,0,0,0,0,0,0,1,1,0,0,0,0,0,0,0,0,0,0,0,0,0,0,0,-1,-1,-1,-1,-1,-1,-1,-1,-1,0,-1,0,0,-1,0,0,0,0,0,-1,-1,-1,0,[0|0|0|0],-1,-1,-1,-1,0,-1,-1,-1,1,1,1,1,1,1,1,1,1,-1,-1,-1,-1,-1,0,-1,0,1,0,0,0,0,1,1,1,1,0,0,-1,0,[0|0|0|0],-1,1,1,[0|0|0|0],-1,0,0,[0|0|0|0|0|0|0|0],-1,-1,-1,-1,-1,[0|0|0|0],-1,-1,-1,[0|0|0|0|0|0|0|0],-1,-1,-1,[0|0|0|0|0|0|0|0],0,0,0,[0|0|0|0],-1,-1,0,100,1,1,0,-1,3,0,0,8,480,0,-1,0,0,0,-1,[0|0|0|0],0,0,0,0,0,0,0,0,0,0,0,0,0,0,0,0,0,0,0,0,0,0,0,0,0,0,0,0,0,0,0,0,280,[0|0|0|0|0|0|0|0|0|0|0|0],0,0,0,0,0,0,0,0,0,0,0,0,0,0,-1,0,0,0,0,-1,-1,0,0,-1,-1,-1,-1,-1,-1,-1,-1,0,0,-1,0,0,0,0,0,0,90,90,[0|0],25020000,0,0,-1,0,0,-1,1,1,1,1,1,1,1,1,0,0,0,0,0,0,0,0,0,0,0,0,0,0,0,0,0,0,0,0,0,0,0,0,0,[0|0],0,0,0,[0|0|0],0,0,0,-1,[0|0|0|0],20,1420,4,0,18,-1,-1,990211,21200,990212,21200,-1,-1,990210,21200,0,1,0,0,0,0,0,0,0,-1,[0|0],360,0,0,0,[0|0|0],0,0,0,0,0,0,0,-1,-1,-1,-1,[0|0|0|0],0,0,1,70,0,[0|0|0],0,0,0,0,0,0,0,0,0,0,0,0,0,0,0,0,0,0,0,0,0,0,0,0,0,0,0,0,0,0,0,0,0,0,[0|0|0],0,0,0,0,2800,[0|0|0|0],1,1,0,0,0,[0|0|0],0,0,0,0,0,-1,-1,-1,-1,1,-1,21,21,21,21,100,100,100,0,113,100,5.3,5.8,0,-1,0,0,0,0,0,1,0,0,0,0,0,0,0,0,1,1,0,0,-1,0,-1,0,0,0,0,1,0,0,0,0,0,0,0,0,1,1,0,0,0,0,-1,1,1,8306,0,0,0,0,0,0,1,-1,0,0,1,0,0,0,0,1,0,0,0,0,1,-1,[0|0|0|0|0|0|0|0|0|0|0|0|0|0|0|0|0|0|0|0|0|0|0|0|0|0|0|0]
25030000,PULSE DEFENDER - VP-61PD,0,0,0,[0|0|0],25300,2501000,0,2240,0,0,0,0,0,0,0,0,100,100,100,100,-1,-1,-1,9195,-1,-1,-1,-1,-1,-1,-1,-1,-1,-1,-1,-1,-1,-1,-1,-1,-1,-1,-1,1,1,1,1,0,0,0,4914,0,100,100,0,-1,0,0,0,0,100,0,0,0,0,0,-1,20,0,0,7,3,12,0,0,0,102,0,0,999,0,0,0,0,0,0,0,0,0,0,0,0,4,0,0,0,100,100,100,0,0,0,0,1,0,1,0,0,0,0,0,0,0,0,0,0,1,0,1,0,0,0,0,0,0,0,0,1,0,1,1,1,1,0,0,102,1,1,0,0,-1,-1,-1,-1,-1,-1,-1,-1,-1,-1,-1,-1,-1,-1,-1,-1,-1,-1,-1,-1,-1,-1,-1,-1,0,0,320,0,0,0,0,0,0,0,0,0,0,0,1,1,0,0,0,0,0,0,0,0,0,0,0,0,0,0,0,-1,-1,-1,-1,-1,-1,-1,-1,-1,0,-1,0,0,-1,0,0,0,0,0,-1,-1,-1,0,[0|0|0|0],-1,-1,-1,-1,0,-1,-1,-1,1,1,1,1,1,1,1,1,1,-1,-1,-1,-1,-1,0,-1,0,1,0,0,0,0,1,1,1,1,0,0,-1,0,[0|0|0|0],-1,1,1,[0|0|0|0],-1,0,0,[0|0|0|0|0|0|0|0],-1,-1,-1,-1,-1,[0|0|0|0],-1,-1,-1,[0|0|0|0|0|0|0|0],-1,-1,-1,[0|0|0|0|0|0|0|0],0,0,0,[0|0|0|0],-1,-1,0,100,1,1,0,-1,3,0,0,8,390,0,-1,0,0,0,-1,[0|0|0|0],0,0,0,0,0,0,0,0,0,0,0,0,0,0,0,0,0,0,0,0,0,0,0,0,0,0,0,0,0,0,0,0,280,[0|0|0|0|0|0|0|0|0|0|0|0],0,0,0,0,0,0,0,0,0,0,0,0,0,0,-1,0,0,0,0,-1,-1,0,0,-1,-1,-1,-1,-1,-1,-1,-1,0,0,-1,0,0,0,0,0,0,90,90,[0|0],25000000,0,0,-1,0,0,-1,1,1,1,1,1,1,1,1,0,0,0,0,0,0,0,0,0,0,0,0,0,0,0,0,0,0,0,0,0,0,0,0,0,[0|0],0,0,0,[0|0|0],0,0,0,-1,[0|0|0|0],7,1401,0.3,0,22,-1,-1,990200,21200,990202,21200,-1,-1,990201,21200,0,0,0,0,0,0,0,0,0,-1,[0|0],360,0,0,0,[0|0|0],0,0,0,0,0,0,0,-1,-1,-1,-1,[0|0|0|0],0,0,1,12,0,[0|0|0],0,0,0,0,0,0,0,0,0,0,0,0,0,0,0,0,0,0,0,0,0,0,0,0,0,0,0,0,0,0,0,0,0,0,[0|0|0],0,0,0,0,2800,[0|0|0|0],1,1,0,0,0,[0|0|0],0,0,0,0,0,-1,-1,-1,-1,1,-1,100,100,100,100,100,100,100,0,132,90,1.7,2.2,0,-1,0,0,0,0,0,1,0,0,0,0,0,0,0,0,1,1,0,0,-1,0,-1,0,0,0,0,1,0,0,0,0,0,0,0,0,1,1,0,0,0,0,-1,1,1,8300,0,0,0,0,0,0,1,-1,0,0,1,0,0,0,0,1,0,0,0,0,1,-1,[0|0|0|0|0|0|0|0|0|0|0|0|0|0|0|0|0|0|0|0|0|0|0|0|0|0|0|0]
30000000,PLASMA MISSILE LAUNCHER - Vvc-703PM (Right),0,0,0,[0|0|0],30000,3000000,0,2310,0,0,0,0,0,0,0,0,100,0,0,0,-1,-1,-1,-1,-1,-1,-1,-1,-1,-1,-1,-1,-1,-1,-1,-1,-1,-1,-1,-1,-1,-1,-1,1,1,1,1,0,0,0,4210,0,100,100,0,-1,0,100,0,0,100,0,0,0,0,0,-1,16,0,0,7,3,22,0,0,0,100,0,0,999,0,0,0,0,0,0,0,0,0,0,0,0,0,0,0,0,0,0,0,0,0,0,0,1,1,0,0,0,0,0,0,0,0,0,0,0,1,0,1,0,0,0,0,0,0,0,0,1,0,1,1,1,1,0,0,100,1,1,0,0,-1,-1,-1,-1,-1,-1,-1,-1,-1,-1,-1,-1,-1,-1,-1,-1,-1,-1,-1,-1,-1,-1,-1,-1,0,0,300,0,0,0,0,0,0,0,0,0,0,0,1,1,0,0,0,0,0,0,0,0,0,0,0,0,0,0,0,-1,-1,-1,-1,-1,-1,-1,-1,-1,0,-1,0,0,-1,0,0,0,0,0,-1,-1,-1,800,[0|0|0|0],-1,-1,-1,-1,150,-1,-1,-1,1,1,1,1,1,1,1,1,1,-1,-1,-1,-1,-1,0,-1,0,1,0,0,0,0,1,1,1,1,0,0,-1,0,[0|0|0|0],3,1,1,[0|0|0|0],-1,0,0,[0|0|0|0|0|0|0|0],-1,-1,-1,-1,-1,[0|0|0|0],-1,-1,-1,[0|0|0|0|0|0|0|0],-1,-1,-1,[0|0|0|0|0|0|0|0],0,0,0,[0|0|0|0],120,-1,500,100,1,1,0,-1,5,0,0,9,210,0,-1,0,100,0,-1,[0|0|0|0],0,0,0,0,0,0,0,0,0,0,0,0,0,0,0,0,0,0,0,0,0,0,0,0,0,0,0,0,0,0,0,0,300,[0|0|0|0|0|0|0|0|0|0|0|0],0,0,0,0,0,0,0,0,0,0,0,0,0,0,-1,0,0,0,0,-1,-1,-1,-1,-1,-1,-1,-1,-1,-1,-1,-1,0,0,-1,0,0,0,0,0,0,0,0,[0|0],30000000,4.2,0,-1,0,0,-1,1,1,1,1,1,1,1,1,0,0,0,0,0,0,0,0,0,0,0,0,0,0,0,0,0,0,0,0,0,0,0,0,0,[0|0],0,0,0,[0|0|0],0,0,0,-1,[0|0|0|0],9,500,0,0,0,-1,-1,-1,-1,-1,-1,-1,-1,-1,-1,0,0,0,0,0,0,0,0,0,-1,[0|0],360,0,0,0,[0|0|0],0,0,0,0,0,-1,-1,-1,-1,-1,-1,[0|0|0|0],0,0,0,0,0,[0|0|0],0,0,0,0,0,0,0,0,0,0,0,0,0,0,0,0,0,0,0,0,0,0,0,0,0,0,0,0,0,0,0,0,0,0,[0|0|0],0,0,0,0,3000,[0|0|0|0],1,0,0,0,0,[0|0|0],0,0,0,0,0,-1,-1,-1,-1,1,0,0,0,0,0,0,0,0,0,0,100,0,0,0,-1,0,1,0,1,0,1,1,1,1,1,0,1,0,0,1,1,0,1,-1,2,-1,0,0,0,0,1,0,0,0,0,0,0,0,0,1,1,0,0,0,0,-1,1,1,8202,0,0,0,0,0,0,1,-1,0,0,1,0,0,0,0,1,0,0,0,0,1,-1,[0|0|0|0|0|0|0|0|0|0|0|0|0|0|0|0|0|0|0|0|0|0|0|0|0|0|0|0]
30013000,PULSE MISSILE LAUNCHER - FISCHALDER/60F (Right),0,0,0,[0|0|0],30130,3003001,0,2590,0,0,0,0,0,0,0,0,100,0,0,0,-1,-1,-1,-1,-1,-1,-1,-1,-1,-1,-1,-1,-1,-1,-1,-1,-1,-1,-1,-1,-1,-1,-1,1,1,1,1,0,0,0,4229,0,100,100,0,-1,0,100,0,0,100,0,0,0,0,0,-1,16,0,0,7,3,22,0,0,0,100,0,0,999,0,0,0,0,0,0,0,0,0,0,0,0,0,0,0,0,0,0,0,0,0,0,0,1,1,0,0,0,0,0,0,0,0,0,0,0,1,0,1,0,0,0,0,0,0,0,0,1,0,1,1,1,1,0,0,100,1,1,0,0,-1,-1,-1,-1,-1,-1,-1,-1,-1,-1,-1,-1,-1,-1,-1,-1,-1,-1,-1,-1,-1,-1,-1,-1,0,0,300,0,0,0,0,0,0,0,0,0,0,0,1,1,0,0,0,0,0,0,0,0,0,0,0,0,0,0,0,-1,-1,-1,-1,-1,-1,-1,-1,-1,0,-1,0,0,-1,0,0,0,0,0,-1,-1,-1,800,[0|0|0|0],-1,-1,-1,-1,150,-1,-1,-1,1,1,1,1,1,1,1,1,1,-1,-1,-1,-1,-1,0,-1,0,1,0,0,0,0,1,1,1,1,0,0,-1,0,[0|0|0|0],2,1,1,[0|0|0|0],-1,0,0,[0|0|0|0|0|0|0|0],-1,-1,-1,-1,-1,[0|0|0|0],-1,-1,-1,[0|0|0|0|0|0|0|0],-1,-1,-1,[0|0|0|0|0|0|0|0],0,0,0,[0|0|0|0],202,-1,500,100,1,1,0,-1,5,0,0,9,245,0,-1,0,120,0,-1,[0|0|0|0],0,0,0,0,0,0,0,0,0,0,0,0,0,0,0,0,0,0,0,0,0,0,0,0,0,0,0,0,0,0,0,0,300,[0|0|0|0|0|0|0|0|0|0|0|0],0,0,0,0,0,0,0,0,0,0,0,0,0,0,-1,0,0,0,0,-1,-1,-1,-1,-1,-1,-1,-1,-1,-1,-1,-1,0,0,-1,0,0,0,0,0,0,0,0,[0|0],30000000,2.9,0,-1,0,0,-1,1,1,1,1,1,1,1,1,0,0,0,0,0,0,0,0,0,0,0,0,0,0,0,0,0,0,0,0,0,0,0,0,0,[0|0],0,0,0,[0|0|0],0,0,0,-1,[0|0|0|0],8,276,0,0,0,-1,-1,-1,-1,-1,-1,-1,-1,-1,-1,0,0,0,0,0,0,0,0,0,-1,[0|0],360,0,0,0,[0|0|0],0,0,0,0,0,-1,-1,-1,-1,-1,-1,[0|0|0|0],0,0,0,0,0,[0|0|0],0,0,0,0,0,0,0,0,0,0,0,0,0,0,0,0,0,0,0,0,0,0,0,0,0,0,0,0,0,0,0,0,0,0,[0|0|0],0,0,0,0,3000,[0|0|0|0],1,0,0,0,0,[0|0|0],0,0,0,0,0,-1,-1,-1,-1,1,0,0,0,0,0,0,0,0,0,0,100,0,0,0,-1,0,1,1,0,0,1,1,1,1,1,0,1,0,0,1,1,0,1,-1,1,-1,0,0,0,0,1,0,0,0,0,0,0,0,0,1,1,0,0,0,0,-1,1,1,8202,0,0,0,0,0,0,1,-1,0,0,1,0,0,0,0,1,0,0,0,0,1,-1,[0|0|0|0|0|0|0|0|0|0|0|0|0|0|0|0|0|0|0|0|0|0|0|0|0|0|0|0]
30000100,PLASMA MISSILE LAUNCHER - Vvc-70VPM (Right),0,0,0,[0|0|0],30010,3000020,0,3760,0,0,0,0,0,0,0,0,100,0,0,0,-1,-1,-1,-1,-1,-1,-1,-1,-1,-1,-1,-1,-1,-1,-1,-1,-1,-1,-1,-1,-1,-1,-1,1,1,1,1,0,0,0,4220,0,100,100,0,-1,0,100,0,0,100,0,0,0,0,0,-1,16,0,0,7,3,22,0,0,0,100,0,0,999,0,0,0,0,0,0,0,0,0,0,0,0,0,0,0,0,0,0,0,0,0,0,0,1,1,0,0,0,0,0,0,0,0,0,0,0,1,0,1,0,0,0,0,0,0,0,0,1,0,1,1,1,1,0,0,100,1,1,0,0,-1,-1,-1,-1,-1,-1,-1,-1,-1,-1,-1,-1,-1,-1,-1,-1,-1,-1,-1,-1,-1,-1,-1,-1,0,0,300,0,0,0,0,0,0,0,0,0,0,0,1,1,0,0,0,0,0,0,0,0,0,0,0,0,0,0,0,-1,-1,-1,-1,-1,-1,-1,-1,-1,0,-1,0,0,-1,0,0,0,0,0,-1,-1,-1,0,[0|0|0|0],-1,-1,-1,-1,150,-1,-1,-1,1,1,1,1,1,1,1,1,1,-1,-1,-1,-1,-1,0,-1,0,1,0,0,0,0,1,1,1,1,0,0,-1,0,[0|0|0|0],5,1,1,[0|0|0|0],-1,0,0,[0|0|0|0|0|0|0|0],-1,-1,-1,-1,-1,[0|0|0|0],-1,-1,-1,[0|0|0|0|0|0|0|0],-1,-1,-1,[0|0|0|0|0|0|0|0],0,0,0,[0|0|0|0],240,-1,500,100,1,1,0,-1,5,0,0,9,268,0,-1,0,150,0,-1,[0|0|0|0],0,0,0,0,0,0,0,0,0,0,0,0,0,0,0,0,0,0,0,0,0,0,0,0,0,0,0,0,0,0,0,0,300,[0|0|0|0|0|0|0|0|0|0|0|0],0,0,0,0,0,0,0,0,0,0,0,0,0,0,-1,0,0,0,0,-1,-1,-1,-1,-1,-1,-1,-1,-1,-1,-1,-1,0,0,-1,0,0,0,0,0,0,0,0,[0|0],30000100,6.2,0,-1,0,0,-1,1,1,1,1,1,1,1,1,0,0,0,0,0,0,0,0,0,0,0,0,0,0,0,0,0,0,0,0,0,0,0,0,0,[0|0],0,0,0,[0|0|0],0,0,0,-1,[0|0|0|0],9,500,0,0,0,-1,-1,-1,-1,-1,-1,-1,-1,-1,-1,0,0,0,0,0,0,0,0,0,-1,[0|0],360,0,0,0,[0|0|0],0,0,0,0,0,-1,-1,-1,-1,-1,-1,[0|0|0|0],0,0,0,0,0,[0|0|0],0,0,0,0,0,0,0,0,0,0,0,0,0,0,0,0,0,0,0,0,0,0,0,0,0,0,0,0,0,0,0,0,0,0,[0|0|0],0,0,0,0,3000,[0|0|0|0],1,0,0,0,0,[0|0|0],0,0,0,0,0,-1,-1,-1,-1,1,0,0,0,0,0,0,0,0,0,0,100,0,0,0,-1,0,2,0,2,0,1,2,2,2,2,1,2,0,1,1,1,0,2,-1,2,-1,0,0,0,0,1,0,0,0,0,0,0,0,0,1,1,0,0,0,0,-1,1,1,8204,0,0,0,0,0,0,1,-1,0,0,1,0,0,0,0,1,0,0,0,0,1,-1,[0|0|0|0|0|0|0|0|0|0|0|0|0|0|0|0|0|0|0|0|0|0|0|0|0|0|0|0]
30000200,PLASMA MISSILE LAUNCHER - Vvc-706PM (Right),0,0,0,[0|0|0],30020,3000010,0,3650,0,0,0,0,0,0,0,0,100,0,0,0,-1,-1,-1,-1,-1,-1,-1,-1,-1,-1,-1,-1,-1,-1,-1,-1,-1,-1,-1,-1,-1,-1,-1,1,1,1,1,0,0,0,4211,0,100,100,0,-1,0,100,0,0,100,0,0,0,0,0,-1,16,0,0,7,3,22,0,0,0,100,0,0,999,0,0,0,0,0,0,0,0,0,0,0,0,0,0,0,0,0,0,0,0,0,0,0,1,1,0,0,0,0,0,0,0,0,0,0,0,1,0,1,0,0,0,0,0,0,0,0,1,0,1,1,1,1,0,0,100,1,1,0,0,-1,-1,-1,-1,-1,-1,-1,-1,-1,-1,-1,-1,-1,-1,-1,-1,-1,-1,-1,-1,-1,-1,-1,-1,0,0,300,0,0,0,0,0,0,0,0,0,0,0,1,1,0,0,0,0,0,0,0,0,0,0,0,0,0,0,0,-1,-1,-1,-1,-1,-1,-1,-1,-1,0,-1,0,0,-1,0,0,0,0,0,-1,-1,-1,0,[0|0|0|0],-1,-1,-1,-1,150,-1,-1,-1,1,1,1,1,1,1,1,1,1,-1,-1,-1,-1,-1,0,-1,0,1,0,0,0,0,1,1,1,1,0,0,-1,0,[0|0|0|0],6,1,1,[0|0|0|0],-1,0,0,[0|0|0|0|0|0|0|0],-1,-1,-1,-1,-1,[0|0|0|0],-1,-1,-1,[0|0|0|0|0|0|0|0],-1,-1,-1,[0|0|0|0|0|0|0|0],0,0,0,[0|0|0|0],210,-1,500,100,1,1,0,-1,5,0,0,9,276,0,-1,0,100,0,-1,[0|0|0|0],0,0,0,0,0,0,0,0,0,0,0,0,0,0,0,0,0,0,0,0,0,0,0,0,0,0,0,0,0,0,0,0,300,[0|0|0|0|0|0|0|0|0|0|0|0],0,0,0,0,0,0,0,0,0,0,0,0,0,0,-1,0,0,0,0,-1,-1,-1,-1,-1,-1,-1,-1,-1,-1,-1,-1,0,0,-1,0,0,0,0,0,0,0,0,[0|0],30000200,6,0,-1,0,0,-1,1,1,1,1,1,1,1,1,0,0,0,0,0,0,0,0,0,0,0,0,0,0,0,0,0,0,0,0,0,0,0,0,0,[0|0],0,0,0,[0|0|0],0,0,0,-1,[0|0|0|0],9,500,0,0,0,-1,-1,-1,-1,-1,-1,-1,-1,-1,-1,0,0,0,0,0,0,0,0,0,-1,[0|0],360,0,0,0,[0|0|0],0,0,0,0,0,-1,-1,-1,-1,-1,-1,[0|0|0|0],0,0,0,0,0,[0|0|0],0,0,0,0,0,0,0,0,0,0,0,0,0,0,0,0,0,0,0,0,0,0,0,0,0,0,0,0,0,0,0,0,0,0,[0|0|0],0,0,0,0,3000,[0|0|0|0],1,0,0,0,0,[0|0|0],0,0,0,0,0,-1,-1,-1,-1,1,0,0,0,0,0,0,0,0,0,0,100,0,0,0,-1,0,1,0,1,0,1,1,1,1,1,0,1,0,0,1,1,0,1,-1,2,-1,0,0,0,0,1,0,0,0,0,0,0,0,0,1,1,0,0,0,0,-1,1,1,8203,0,0,0,0,0,0,1,-1,0,0,1,0,0,0,0,1,0,0,0,0,1,-1,[0|0|0|0|0|0|0|0|0|0|0|0|0|0|0|0|0|0|0|0|0|0|0|0|0|0|0|0]
30010000,ACTIVE HOMING MISSILE LAUNCHER - BML-G3/P05ACT-02 (Right),0,0,0,[0|0|0],30100,3001010,0,4320,0,0,0,0,0,0,0,0,100,0,0,0,-1,-1,-1,-1,-1,-1,-1,-1,-1,-1,-1,-1,-1,-1,-1,-1,-1,-1,-1,-1,-1,-1,-1,1,1,1,1,0,0,0,4230,0,100,100,0,-1,0,0,100,0,100,0,0,0,0,0,-1,16,0,0,7,3,22,0,0,0,100,0,0,999,0,0,0,0,0,0,0,0,0,0,0,0,0,0,0,0,0,0,0,0,0,0,0,1,1,0,0,0,0,0,0,0,0,0,0,0,1,0,1,0,0,0,0,0,0,0,0,1,0,1,1,1,1,0,0,100,1,1,0,0,-1,-1,-1,-1,-1,-1,-1,-1,-1,-1,-1,-1,-1,-1,-1,-1,-1,-1,-1,-1,-1,-1,-1,-1,0,0,300,0,0,0,0,0,0,0,0,0,0,0,1,1,0,0,0,0,0,0,0,0,0,0,0,0,0,0,0,-1,-1,-1,-1,-1,-1,-1,-1,-1,0,-1,0,0,-1,0,0,0,0,0,-1,-1,-1,0,[0|0|0|0],-1,-1,-1,-1,250,-1,-1,-1,1,1,1,1,1,1,1,1,1,-1,-1,-1,-1,-1,0,-1,0,1,0,0,0,0,1,1,1,1,0,0,-1,0,[0|0|0|0],2,1,1,[0|0|0|0],-1,0,0,[0|0|0|0|0|0|0|0],-1,-1,-1,-1,-1,[0|0|0|0],-1,-1,-1,[0|0|0|0|0|0|0|0],-1,-1,-1,[0|0|0|0|0|0|0|0],0,0,0,[0|0|0|0],72,-1,500,100,1,1,0,-1,5,0,0,9,424,0,-1,0,450,0,-1,[0|0|0|0],0,0,0,0,0,0,0,0,0,0,0,0,0,0,0,0,0,0,0,0,0,0,0,0,0,0,0,0,0,0,0,0,300,[0|0|0|0|0|0|0|0|0|0|0|0],0,0,0,0,0,0,0,0,0,0,0,0,0,0,-1,0,0,0,0,-1,-1,-1,-1,-1,-1,-1,-1,-1,-1,-1,-1,0,0,-1,0,0,0,0,0,0,0,0,[0|0],30010000,4.2,0,-1,0,0,-1,1,1,1,1,1,1,1,1,0,0,0,0,0,0,0,0,0,0,0,0,0,0,0,0,0,0,0,0,0,0,0,0,0,[0|0],0,0,0,[0|0|0],0,0,0,-1,[0|0|0|0],16,530,0,0,0,-1,-1,-1,-1,-1,-1,-1,-1,-1,-1,0,0,0,0,0,0,0,0,0,-1,[0|0],360,0,0,0,[0|0|0],0,0,0,0,0,-1,-1,-1,-1,-1,-1,[0|0|0|0],0,0,0,0,0,[0|0|0],0,0,0,0,0,0,0,0,0,0,0,0,0,0,0,0,0,0,0,0,0,0,0,0,0,0,0,0,0,0,0,0,0,0,[0|0|0],0,0,0,0,3000,[0|0|0|0],1,0,0,0,0,[0|0|0],0,0,0,0,0,-1,-1,-1,-1,1,0,0,0,0,0,0,0,0,0,0,100,0,0,0,-1,0,1,3,0,0,1,1,1,1,1,0,1,0,0,1,1,0,0,-1,0,-1,0,0,0,0,1,0,0,0,0,0,0,0,0,1,1,0,0,0,0,-1,1,1,8205,0,0,0,0,0,0,1,-1,0,0,1,0,0,0,0,1,0,0,0,0,1,-1,[0|0|0|0|0|0|0|0|0|0|0|0|0|0|0|0|0|0|0|0|0|0|0|0|0|0|0|0]
30010100,ACTIVE HOMING MISSILE LAUNCHER - BML-G3/P04ACT-01 (Right),0,0,0,[0|0|0],30110,3001000,0,2270,0,0,0,0,0,0,0,0,100,0,0,0,-1,-1,-1,-1,-1,-1,-1,-1,-1,-1,-1,-1,-1,-1,-1,-1,-1,-1,-1,-1,-1,-1,-1,1,1,1,1,0,0,0,4231,0,100,100,0,-1,0,0,100,0,100,0,0,0,0,0,-1,16,0,0,7,3,22,0,0,0,100,0,0,999,0,0,0,0,0,0,0,0,0,0,0,0,0,0,0,0,0,0,0,0,0,0,0,1,1,0,0,0,0,0,0,0,0,0,0,0,1,0,1,0,0,0,0,0,0,0,0,1,0,1,1,1,1,0,0,100,1,1,0,0,-1,-1,-1,-1,-1,-1,-1,-1,-1,-1,-1,-1,-1,-1,-1,-1,-1,-1,-1,-1,-1,-1,-1,-1,0,0,300,0,0,0,0,0,0,0,0,0,0,0,1,1,0,0,0,0,0,0,0,0,0,0,0,0,0,0,0,-1,-1,-1,-1,-1,-1,-1,-1,-1,0,-1,0,0,-1,0,0,0,0,0,-1,-1,-1,0,[0|0|0|0],-1,-1,-1,-1,250,-1,-1,-1,1,1,1,1,1,1,1,1,1,-1,-1,-1,-1,-1,0,-1,0,1,0,0,0,0,1,1,1,1,0,0,-1,0,[0|0|0|0],1,1,1,[0|0|0|0],-1,0,0,[0|0|0|0|0|0|0|0],-1,-1,-1,-1,-1,[0|0|0|0],-1,-1,-1,[0|0|0|0|0|0|0|0],-1,-1,-1,[0|0|0|0|0|0|0|0],0,0,0,[0|0|0|0],45,-1,500,100,1,1,0,-1,5,0,0,9,213,0,-1,0,450,0,-1,[0|0|0|0],0,0,0,0,0,0,0,0,0,0,0,0,0,0,0,0,0,0,0,0,0,0,0,0,0,0,0,0,0,0,0,0,300,[0|0|0|0|0|0|0|0|0|0|0|0],0,0,0,0,0,0,0,0,0,0,0,0,0,0,-1,0,0,0,0,-1,-1,-1,-1,-1,-1,-1,-1,-1,-1,-1,-1,0,0,-1,0,0,0,0,0,0,0,0,[0|0],30010100,2.4,0,-1,0,0,-1,1,1,1,1,1,1,1,1,0,0,0,0,0,0,0,0,0,0,0,0,0,0,0,0,0,0,0,0,0,0,0,0,0,[0|0],0,0,0,[0|0|0],0,0,0,-1,[0|0|0|0],16,530,0,0,0,-1,-1,-1,-1,-1,-1,-1,-1,-1,-1,0,0,0,0,0,0,0,0,0,-1,[0|0],360,0,0,0,[0|0|0],0,0,0,0,0,-1,-1,-1,-1,-1,-1,[0|0|0|0],0,0,0,0,0,[0|0|0],0,0,0,0,0,0,0,0,0,0,0,0,0,0,0,0,0,0,0,0,0,0,0,0,0,0,0,0,0,0,0,0,0,0,[0|0|0],0,0,0,0,3000,[0|0|0|0],1,0,0,0,0,[0|0|0],0,0,0,0,0,-1,-1,-1,-1,1,0,0,0,0,0,0,0,0,0,0,100,0,0,0,-1,0,1,0,0,0,1,1,1,1,1,0,1,0,0,1,1,0,0,-1,0,-1,0,0,0,0,1,0,0,0,0,0,0,0,0,1,1,0,0,0,0,-1,1,1,8206,0,0,0,0,0,0,1,-1,0,0,1,0,0,0,0,1,0,0,0,0,1,-1,[0|0|0|0|0|0|0|0|0|0|0|0|0|0|0|0|0|0|0|0|0|0|0|0|0|0|0|0]
30010200,NUCLEAR MISSILE LAUNCHER - TX-99 PSALM "TEMPEST" (Right),0,0,0,[0|0|0],30120,3013011,0,6100,0,0,0,0,0,0,0,0,100,0,0,0,-1,-1,-1,-1,-1,-1,-1,-1,-1,-1,-1,-1,-1,-1,-1,-1,-1,-1,-1,-1,-1,-1,-1,1,1,1,1,0,0,0,4321,0,100,100,0,-1,0,0,100,0,100,0,0,0,0,0,-1,16,0,0,7,3,22,0,0,0,100,0,0,999,0,0,0,0,0,0,0,0,0,0,0,0,0,0,0,0,0,0,0,0,0,0,0,1,1,0,0,0,0,0,0,0,0,0,0,0,1,0,1,0,0,0,0,0,0,0,0,1,0,1,1,1,1,0,0,100,1,1,0,0,-1,-1,-1,-1,-1,-1,-1,-1,-1,-1,-1,-1,-1,-1,-1,-1,-1,-1,-1,-1,-1,-1,-1,-1,0,0,300,0,0,0,0,0,0,0,0,0,0,0,1,1,0,0,0,0,0,0,0,0,0,0,0,0,0,0,0,-1,-1,-1,-1,-1,-1,-1,-1,-1,0,-1,0,0,-1,0,0,0,0,0,-1,-1,-1,0,[0|0|0|0],-1,-1,-1,-1,250,-1,-1,-1,1,1,1,1,1,1,1,1,1,-1,-1,-1,-1,-1,0,-1,0,1,0,0,0,0,1,1,1,1,0,0,-1,0,[0|0|0|0],1,1,1,[0|0|0|0],-1,0,0,[0|0|0|0|0|0|0|0],-1,-1,-1,-1,-1,[0|0|0|0],-1,-1,-1,[0|0|0|0|0|0|0|0],-1,-1,-1,[0|0|0|0|0|0|0|0],0,0,0,[0|0|0|0],2,-1,500,100,1,1,0,-1,5,0,0,9,515,0,-1,0,2500,0,-1,[0|0|0|0],0,0,0,0,0,0,0,0,0,0,0,0,0,0,0,0,0,0,0,0,0,0,0,0,0,0,0,0,0,0,0,0,300,[0|0|0|0|0|0|0|0|0|0|0|0],0,0,0,0,0,0,0,0,0,0,0,0,0,0,-1,0,0,0,0,-1,-1,-1,-1,-1,-1,-1,-1,-1,-1,-1,-1,0,0,-1,0,0,0,0,0,0,0,0,[0|0],30010100,10,0,-1,0,0,-1,1,1,1,1,1,1,1,1,0,0,0,0,0,0,0,0,0,0,0,0,0,0,0,0,0,0,0,0,0,0,0,0,0,[0|0],0,0,0,[0|0|0],0,0,0,-1,[0|0|0|0],10,531,0,0,0,-1,-1,-1,-1,-1,-1,-1,-1,-1,-1,0,0,0,0,0,0,0,0,0,-1,[0|0],360,0,0,0,[0|0|0],0,0,0,0,0,-1,-1,-1,-1,-1,-1,[0|0|0|0],0,0,0,0,0,[0|0|0],0,0,0,0,0,0,0,0,0,0,0,0,0,0,0,0,0,0,0,0,0,0,0,0,0,0,0,0,0,0,0,0,0,0,[0|0|0],0,0,0,0,3000,[0|0|0|0],1,0,0,0,0,[0|0|0],0,0,0,0,0,-1,-1,-1,-1,1,0,0,0,0,0,0,0,0,0,0,100,0,0,0,-1,0,1,0,0,0,1,1,1,1,1,0,1,0,0,1,1,0,0,-1,0,-1,0,0,0,0,1,0,0,0,0,0,0,0,0,1,1,0,0,0,0,-1,1,1,8206,0,0,0,0,0,0,1,-1,0,0,1,0,0,0,0,1,0,0,0,0,1,-1,[0|0|0|0|0|0|0|0|0|0|0|0|0|0|0|0|0|0|0|0|0|0|0|0|0|0|0|0]
30020000,MISSILE LAUNCHER - BML-G2/P03MLT-06 (Right),0,0,0,[0|0|0],30200,3002010,0,3610,0,0,0,0,0,0,0,0,100,0,0,0,-1,-1,-1,-1,-1,-1,-1,-1,-1,-1,-1,-1,-1,-1,-1,-1,-1,-1,-1,-1,-1,-1,-1,1,1,1,1,0,0,0,4290,0,100,100,0,-1,0,0,100,0,100,0,0,0,0,0,-1,16,0,0,7,3,22,0,0,0,100,0,0,999,0,0,0,0,0,0,0,0,0,0,0,0,0,0,0,0,0,0,0,0,0,0,0,1,1,0,0,0,0,0,0,0,0,0,0,0,1,0,1,0,0,0,0,0,0,0,0,1,0,1,1,1,1,0,0,100,1,1,0,0,-1,-1,-1,-1,-1,-1,-1,-1,-1,-1,-1,-1,-1,-1,-1,-1,-1,-1,-1,-1,-1,-1,-1,-1,0,0,300,0,0,0,0,0,0,0,0,0,0,0,1,1,0,0,0,0,0,0,0,0,0,0,0,0,0,0,0,-1,-1,-1,-1,-1,-1,-1,-1,-1,0,-1,0,0,-1,0,0,0,0,0,-1,-1,-1,0,[0|0|0|0],-1,-1,-1,-1,220,-1,-1,-1,1,1,1,1,1,1,1,1,1,-1,-1,-1,-1,-1,0,-1,0,1,0,0,0,0,1,1,1,1,0,0,-1,0,[0|0|0|0],6,1,1,[0|0|0|0],-1,0,0,[0|0|0|0|0|0|0|0],-1,-1,-1,-1,-1,[0|0|0|0],-1,-1,-1,[0|0|0|0|0|0|0|0],-1,-1,-1,[0|0|0|0|0|0|0|0],0,0,0,[0|0|0|0],228,-1,500,100,1,1,0,-1,5,0,0,9,241,0,-1,0,80,0,-1,[0|0|0|0],0,0,0,0,0,0,0,0,0,0,0,0,0,0,0,0,0,0,0,0,0,0,0,0,0,0,0,0,0,0,0,0,300,[0|0|0|0|0|0|0|0|0|0|0|0],0,0,0,0,0,0,0,0,0,0,0,0,0,0,-1,0,0,0,0,-1,-1,-1,-1,-1,-1,-1,-1,-1,-1,-1,-1,0,0,-1,0,0,0,0,0,0,0,0,[0|0],30020000,4,0,-1,0,0,-1,1,1,1,1,1,1,1,1,0,0,0,0,0,0,0,0,0,0,0,0,0,0,0,0,0,0,0,0,0,0,0,0,0,[0|0],0,0,0,[0|0|0],0,0,0,-1,[0|0|0|0],16,510,0,0,0,-1,-1,-1,-1,-1,-1,-1,-1,-1,-1,0,0,0,0,0,0,0,0,0,-1,[0|0],360,0,0,0,[0|0|0],0,0,0,0,0,-1,-1,-1,-1,-1,-1,[0|0|0|0],0,0,0,0,0,[0|0|0],0,0,0,0,0,0,0,0,0,0,0,0,0,0,0,0,0,0,0,0,0,0,0,0,0,0,0,0,0,0,0,0,0,0,[0|0|0],0,0,0,0,3000,[0|0|0|0],1,0,0,0,0,[0|0|0],0,0,0,0,0,-1,-1,-1,-1,1,0,0,0,0,0,0,0,0,0,0,100,0,0,0,-1,0,0,3,0,0,1,0,0,0,0,0,0,0,0,1,1,0,0,-1,0,-1,1,0,0,0,1,1,1,1,1,0,1,1,0,1,1,0,0,0,0,-1,1,1,8214,0,0,0,0,0,0,1,-1,0,0,1,0,0,0,0,1,0,0,0,0,1,-1,[0|0|0|0|0|0|0|0|0|0|0|0|0|0|0|0|0|0|0|0|0|0|0|0|0|0|0|0]
30020100,MISSILE LAUNCHER - BML-G1/P20MLT-04 (Right),0,0,0,[0|0|0],30210,3002000,0,1770,0,0,0,0,0,0,0,0,100,0,0,0,-1,-1,-1,-1,-1,-1,-1,-1,-1,-1,-1,-1,-1,-1,-1,-1,-1,-1,-1,-1,-1,-1,-1,1,1,1,1,0,0,0,4291,0,100,100,0,-1,0,0,100,0,100,0,0,0,0,0,-1,16,0,0,7,3,22,0,0,0,100,0,0,999,0,0,0,0,0,0,0,0,0,0,0,0,0,0,0,0,0,0,0,0,0,0,0,1,1,0,0,0,0,0,0,0,0,0,0,0,1,0,1,0,0,0,0,0,0,0,0,1,0,1,1,1,1,0,0,100,1,1,0,0,-1,-1,-1,-1,-1,-1,-1,-1,-1,-1,-1,-1,-1,-1,-1,-1,-1,-1,-1,-1,-1,-1,-1,-1,0,0,300,0,0,0,0,0,0,0,0,0,0,0,1,1,0,0,0,0,0,0,0,0,0,0,0,0,0,0,0,-1,-1,-1,-1,-1,-1,-1,-1,-1,0,-1,0,0,-1,0,0,0,0,0,-1,-1,-1,0,[0|0|0|0],-1,-1,-1,-1,220,-1,-1,-1,1,1,1,1,1,1,1,1,1,-1,-1,-1,-1,-1,0,-1,0,1,0,0,0,0,1,1,1,1,0,0,-1,0,[0|0|0|0],4,1,1,[0|0|0|0],-1,0,0,[0|0|0|0|0|0|0|0],-1,-1,-1,-1,-1,[0|0|0|0],-1,-1,-1,[0|0|0|0|0|0|0|0],-1,-1,-1,[0|0|0|0|0|0|0|0],0,0,0,[0|0|0|0],140,-1,500,100,1,1,0,-1,5,0,0,9,154,0,-1,0,80,0,-1,[0|0|0|0],0,0,0,0,0,0,0,0,0,0,0,0,0,0,0,0,0,0,0,0,0,0,0,0,0,0,0,0,0,0,0,0,300,[0|0|0|0|0|0|0|0|0|0|0|0],0,0,0,0,0,0,0,0,0,0,0,0,0,0,-1,0,0,0,0,-1,-1,-1,-1,-1,-1,-1,-1,-1,-1,-1,-1,0,0,-1,0,0,0,0,0,0,0,0,[0|0],30020100,3.8,0,-1,0,0,-1,1,1,1,1,1,1,1,1,0,0,0,0,0,0,0,0,0,0,0,0,0,0,0,0,0,0,0,0,0,0,0,0,0,[0|0],0,0,0,[0|0|0],0,0,0,-1,[0|0|0|0],16,510,0,0,0,-1,-1,-1,-1,-1,-1,-1,-1,-1,-1,0,0,0,0,0,0,0,0,0,-1,[0|0],360,0,0,0,[0|0|0],0,0,0,0,0,-1,-1,-1,-1,-1,-1,[0|0|0|0],0,0,0,0,0,[0|0|0],0,0,0,0,0,0,0,0,0,0,0,0,0,0,0,0,0,0,0,0,0,0,0,0,0,0,0,0,0,0,0,0,0,0,[0|0|0],0,0,0,0,3000,[0|0|0|0],1,0,0,0,0,[0|0|0],0,0,0,0,0,-1,-1,-1,-1,1,0,0,0,0,0,0,0,0,0,0,100,0,0,0,-1,0,0,3,0,0,1,0,0,0,0,0,0,0,0,1,1,0,0,-1,0,-1,1,0,0,0,1,1,1,1,1,0,1,1,0,1,1,0,0,0,0,-1,1,1,8215,0,0,0,0,0,0,1,-1,0,0,1,0,0,0,0,1,0,0,0,0,1,-1,[0|0|0|0|0|0|0|0|0|0|0|0|0|0|0|0|0|0|0|0|0|0|0|0|0|0|0|0]
30020200,MISSILE LAUNCHER - BML-G2/P05MLT-10 (Right),0,0,0,[0|0|0],30220,3002020,0,5220,0,0,0,0,0,0,0,0,100,0,0,0,-1,-1,-1,-1,-1,-1,-1,-1,-1,-1,-1,-1,-1,-1,-1,-1,-1,-1,-1,-1,-1,-1,-1,1,1,1,1,0,0,0,4292,0,100,100,0,-1,0,0,100,0,100,0,0,0,0,0,-1,16,0,0,7,3,22,0,0,0,100,0,0,999,0,0,0,0,0,0,0,0,0,0,0,0,0,0,0,0,0,0,0,0,0,0,0,1,1,0,0,0,0,0,0,0,0,0,0,0,1,0,1,0,0,0,0,0,0,0,0,1,0,1,1,1,1,0,0,100,1,1,0,0,-1,-1,-1,-1,-1,-1,-1,-1,-1,-1,-1,-1,-1,-1,-1,-1,-1,-1,-1,-1,-1,-1,-1,-1,0,0,300,0,0,0,0,0,0,0,0,0,0,0,1,1,0,0,0,0,0,0,0,0,0,0,0,0,0,0,0,-1,-1,-1,-1,-1,-1,-1,-1,-1,0,-1,0,0,-1,0,0,0,0,0,-1,-1,-1,0,[0|0|0|0],-1,-1,-1,-1,220,-1,-1,-1,1,1,1,1,1,1,1,1,1,-1,-1,-1,-1,-1,0,-1,0,1,0,0,0,0,1,1,1,1,0,0,-1,0,[0|0|0|0],10,1,1,[0|0|0|0],-1,0,0,[0|0|0|0|0|0|0|0],-1,-1,-1,-1,-1,[0|0|0|0],-1,-1,-1,[0|0|0|0|0|0|0|0],-1,-1,-1,[0|0|0|0|0|0|0|0],0,0,0,[0|0|0|0],300,-1,500,100,1,1,0,-1,5,0,0,9,320,0,-1,0,80,0,-1,[0|0|0|0],0,0,0,0,0,0,0,0,0,0,0,0,0,0,0,0,0,0,0,0,0,0,0,0,0,0,0,0,0,0,0,0,300,[0|0|0|0|0|0|0|0|0|0|0|0],0,0,0,0,0,0,0,0,0,0,0,0,0,0,-1,0,0,0,0,-1,-1,-1,-1,-1,-1,-1,-1,-1,-1,-1,-1,0,0,-1,0,0,0,0,0,0,0,0,[0|0],30020200,6.4,0,-1,0,0,-1,1,1,1,1,1,1,1,1,0,0,0,0,0,0,0,0,0,0,0,0,0,0,0,0,0,0,0,0,0,0,0,0,0,[0|0],0,0,0,[0|0|0],0,0,0,-1,[0|0|0|0],16,510,0,0,0,-1,-1,-1,-1,-1,-1,-1,-1,-1,-1,0,0,0,0,0,0,0,0,0,-1,[0|0],360,0,0,0,[0|0|0],0,0,0,0,0,-1,-1,-1,-1,-1,-1,[0|0|0|0],0,0,0,0,0,[0|0|0],0,0,0,0,0,0,0,0,0,0,0,0,0,0,0,0,0,0,0,0,0,0,0,0,0,0,0,0,0,0,0,0,0,0,[0|0|0],0,0,0,0,3000,[0|0|0|0],1,0,0,0,0,[0|0|0],0,0,0,0,0,-1,-1,-1,-1,1,0,0,0,0,0,0,0,0,0,0,100,0,0,0,-1,0,0,3,0,0,1,0,0,0,0,0,0,0,0,1,1,0,0,-1,0,-1,1,0,0,0,1,1,1,1,1,0,1,1,0,1,1,0,0,0,0,-1,1,1,8216,0,0,0,0,0,0,1,-1,0,0,1,0,0,0,0,1,0,0,0,0,1,-1,[0|0|0|0|0|0|0|0|0|0|0|0|0|0|0|0|0|0|0|0|0|0|0|0|0|0|0|0]
30020300,SPLIT MISSILE LAUNCHER - BML-G3/P18SPL-46 (Right),0,0,0,[0|0|0],30230,3009021,0,6740,0,0,0,0,0,0,0,0,100,0,0,0,-1,-1,-1,-1,-1,-1,-1,-1,-1,-1,-1,-1,-1,-1,-1,-1,-1,-1,-1,-1,-1,-1,-1,1,1,1,1,0,0,0,4200,0,100,100,0,-1,0,0,100,0,100,0,0,0,0,0,-1,16,0,0,7,3,22,0,0,0,100,0,0,999,0,0,0,0,0,0,0,0,0,0,0,0,0,0,0,0,0,0,0,0,0,0,0,1,1,0,0,0,0,0,0,0,0,0,0,0,1,0,1,0,0,0,0,0,0,0,0,1,0,1,1,1,1,0,0,100,1,1,0,0,-1,-1,-1,-1,-1,-1,-1,-1,-1,-1,-1,-1,-1,-1,-1,-1,-1,-1,-1,-1,-1,-1,-1,-1,0,0,300,0,0,0,0,0,0,0,0,0,0,0,1,1,0,0,0,0,0,0,0,0,0,0,0,0,0,0,0,-1,-1,-1,-1,-1,-1,-1,-1,-1,0,-1,0,0,-1,0,0,0,0,0,-1,-1,-1,0,[0|0|0|0],-1,-1,-1,-1,220,-1,-1,-1,1,1,1,1,1,1,1,1,1,-1,-1,-1,-1,-1,0,-1,0,1,0,0,0,0,1,1,1,1,0,0,-1,0,[0|0|0|0],4,1,1,[0|0|0|0],-1,0,0,[0|0|0|0|0|0|0|0],-1,-1,-1,-1,-1,[0|0|0|0],-1,-1,-1,[0|0|0|0|0|0|0|0],-1,-1,-1,[0|0|0|0|0|0|0|0],0,0,0,[0|0|0|0],44,-1,500,100,1,1,0,-1,5,0,0,9,465,0,-1,0,80,0,-1,[0|0|0|0],0,0,0,0,0,0,0,0,0,0,0,0,0,0,0,0,0,0,0,0,0,0,0,0,0,0,0,0,0,0,0,0,300,[0|0|0|0|0|0|0|0|0|0|0|0],0,0,0,0,0,0,0,0,0,0,0,0,0,0,-1,0,0,0,0,-1,-1,-1,-1,-1,-1,-1,-1,-1,-1,-1,-1,0,0,-1,0,0,0,0,0,0,0,0,[0|0],30020100,8.2,0,-1,0,0,-1,1,1,1,1,1,1,1,1,0,0,0,0,0,0,0,0,0,0,0,0,0,0,0,0,0,0,0,0,0,0,0,0,0,[0|0],0,0,0,[0|0|0],0,0,0,-1,[0|0|0|0],16,540,0,0,0,-1,-1,-1,-1,-1,-1,-1,-1,-1,-1,0,0,0,0,0,0,0,0,0,-1,[0|0],360,0,0,0,[0|0|0],0,0,0,0,0,-1,-1,-1,-1,-1,-1,[0|0|0|0],0,0,0,0,0,[0|0|0],0,0,0,0,0,0,0,0,0,0,0,0,0,0,0,0,0,0,0,0,0,0,0,0,0,0,0,0,0,0,0,0,0,0,[0|0|0],0,0,0,0,3000,[0|0|0|0],1,0,0,0,0,[0|0|0],0,0,0,0,0,-1,-1,-1,-1,1,0,0,0,0,0,0,0,0,0,0,100,0,0,0,-1,0,1,3,1,1,1,1,1,1,1,1,1,1,1,1,1,0,0,-1,1,-1,0,0,0,0,1,0,0,0,0,0,0,0,0,1,1,0,0,0,0,-1,1,1,8215,0,0,0,0,0,0,1,-1,0,0,1,0,0,0,0,1,0,0,0,0,1,-1,[0|0|0|0|0|0|0|0|0|0|0|0|0|0|0|0|0|0|0|0|0|0|0|0|0|0|0|0]
30020400,BALLISTIC MISSILE LAUNCHER - MX-47 CHRONICLE (Right),0,0,0,[0|0|0],30240,3002021,0,4180,0,0,0,0,0,0,0,0,100,0,0,0,-1,-1,-1,-1,-1,-1,-1,-1,-1,-1,-1,-1,-1,-1,-1,-1,-1,-1,-1,-1,-1,-1,-1,1,1,1,1,0,0,0,4293,0,100,100,0,-1,0,0,100,0,100,0,0,0,0,0,-1,16,0,0,7,3,22,0,0,0,100,0,0,999,0,0,0,0,0,0,0,0,0,0,0,0,0,0,0,0,0,0,0,0,0,0,0,1,1,0,0,0,0,0,0,0,0,0,0,0,1,0,1,0,0,0,0,0,0,0,0,1,0,1,1,1,1,0,0,100,1,1,0,0,-1,-1,-1,-1,-1,-1,-1,-1,-1,-1,-1,-1,-1,-1,-1,-1,-1,-1,-1,-1,-1,-1,-1,-1,0,0,300,0,0,0,0,0,0,0,0,0,0,0,1,1,0,0,0,0,0,0,0,0,0,0,0,0,0,0,0,-1,-1,-1,-1,-1,-1,-1,-1,-1,0,-1,0,0,-1,0,0,0,0,0,-1,-1,-1,0,[0|0|0|0],-1,-1,-1,-1,220,-1,-1,-1,1,1,1,1,1,1,1,1,1,-1,-1,-1,-1,-1,0,-1,0,1,0,0,0,0,1,1,1,1,0,0,-1,0,[0|0|0|0],3,3,1,[0|0|0|0],-1,0,0,[0|0|0|0|0|0|0|0],-1,-1,-1,-1,-1,[0|0|0|0],-1,-1,-1,[0|0|0|0|0|0|0|0],-1,-1,-1,[0|0|0|0|0|0|0|0],0,0,0,[0|0|0|0],93,-1,450,100,1,1,0,-1,5,0,0,9,398,0,-1,0,160,0,-1,[0|0|0|0],0,0,0,0,0,0,0,0,0,0,0,0,0,0,0,0,0,0,0,0,0,0,0,0,0,0,0,0,0,0,0,0,300,[0|0|0|0|0|0|0|0|0|0|0|0],0,0,0,0,0,0,0,0,0,0,0,0,0,0,-1,0,0,0,0,-1,-1,-1,-1,-1,-1,-1,-1,-1,-1,-1,-1,0,0,-1,0,0,0,0,0,0,0,0,[0|0],30020100,6.2,0,-1,0,0,-1,1,1,1,1,1,1,1,1,0,0,0,0,0,0,0,0,0,0,0,0,0,0,0,0,0,0,0,0,0,0,0,0,0,[0|0],0,0,0,[0|0|0],0,0,0,-1,[0|0|0|0],10,510,0,0,0,-1,-1,-1,-1,-1,-1,-1,-1,-1,-1,0,0,0,0,0,0,0,0,0,-1,[0|0],360,0,0,0,[0|0|0],0,0,0,0,0,-1,-1,-1,-1,-1,-1,[0|0|0|0],0,0,0,0,0,[0|0|0],0,0,0,0,0,0,0,0,0,0,0,0,0,0,0,0,0,0,0,0,0,0,0,0,0,0,0,0,0,0,0,0,0,0,[0|0|0],0,0,0,0,3000,[0|0|0|0],1,0,0,0,0,[0|0|0],0,0,0,0,0,-1,-1,-1,-1,1,0,0,0,0,0,0,0,0,0,0,100,0,0,0,-1,0,0,3,0,0,1,0,0,0,0,0,0,0,0,1,1,0,0,-1,0,-1,1,0,0,0,1,1,1,1,1,0,1,1,0,1,1,0,0,0,0,-1,1,1,8215,0,0,0,0,0,0,1,-1,0,0,1,0,0,0,0,1,0,0,0,0,1,-1,[0|0|0|0|0|0|0|0|0|0|0|0|0|0|0|0|0|0|0|0|0|0|0|0|0|0|0|0]
30030000,CORAL MISSILE LAUNCHER - IB-C03W3: NGI 006 (Right),0,0,0,[0|0|0],30300,3003000,0,4200,0,0,0,0,0,0,0,0,100,0,0,0,-1,-1,-1,-1,-1,-1,-1,-1,-1,-1,-1,-1,-1,-1,-1,-1,-1,-1,-1,-1,-1,-1,-1,1,1,1,1,0,0,0,4240,0,100,100,0,-1,0,0,0,100,100,0,0,0,0,0,-1,16,0,0,7,3,22,0,0,0,100,0,0,999,0,0,0,0,0,0,0,0,0,0,0,0,0,0,0,0,0,0,0,0,0,0,0,1,1,0,0,0,0,0,0,0,0,0,0,0,1,0,1,0,0,0,0,0,0,0,0,1,0,1,1,1,1,0,0,100,1,1,0,0,-1,-1,-1,-1,-1,-1,-1,-1,-1,-1,-1,-1,-1,-1,-1,-1,-1,-1,-1,-1,-1,-1,-1,-1,0,0,300,0,0,0,0,0,0,0,0,0,0,0,1,1,0,0,0,0,0,0,0,0,0,0,0,0,0,0,0,-1,-1,-1,-1,-1,-1,-1,-1,-1,0,-1,0,0,-1,0,0,0,0,0,-1,-1,-1,0,[0|0|0|0],-1,-1,-1,-1,280,-1,-1,-1,1,1,1,1,1,1,1,1,1,-1,-1,-1,-1,-1,0,-1,0,1,0,0,0,0,1,1,1,1,0,0,-1,0,[0|0|0|0],1,1,1,[0|0|0|0],-1,0,0,[0|0|0|0|0|0|0|0],-1,-1,-1,-1,-1,[0|0|0|0],-1,-1,-1,[0|0|0|0|0|0|0|0],-1,-1,-1,[0|0|0|0|0|0|0|0],0,0,0,[0|0|0|0],12,-1,500,100,1,1,0,-1,5,0,0,9,783,0,-1,0,1950,0,-1,[0|0|0|0],0,0,0,0,0,0,0,0,0,0,0,0,0,0,0,0,0,0,0,0,0,0,0,0,0,0,0,0,0,0,0,0,0,[0|0|0|0|0|0|0|0|0|0|0|0],0,0,0,0,0,0,0,0,0,0,0,0,0,0,-1,0,0,0,0,-1,-1,-1,-1,-1,-1,-1,-1,-1,-1,-1,-1,0,0,-1,0,0,0,0,0,0,0,0,[0|0],30030000,8.6,3.5,0.5,1.75,0,-1,1,1,1,1,1,1,1,1,0,0,0,0,0,0,0,0,0,0,0,0,0,0,0,0,0,0,0,0,0,0,0,0,0,[0|0],0,0,0,[0|0|0],0,0,0,-1,[0|0|0|0],2,550,0,0,0,-1,-1,-1,-1,-1,-1,-1,-1,-1,-1,0,0,0,0,0,0,0,0,0,932,[0|0],360,0,0,0,[0|0|0],5,5,0,0,0,-1,-1,-1,-1,-1,-1,[0|0|0|0],0,0,0,0,0,[0|0|0],0,0,0,0,0,0,0,0,0,0,0,0,0,0,0,0,0,0,0,0,0,0,0,0,0,0,0,0,0,0,0,0,0,0,[0|0|0],0,0,0,0,3040,[0|0|0|0],1,0,0,0,0,[0|0|0],0,0,0,0,0,-1,-1,-1,-1,1,0,0,0,0,0,0,0,0,0,0,100,0,0,0,-1,0,2,0,0,255,1,2,2,2,2,0,2,0,0,1,1,0,0,-1,0,600,4,0,4,0,1,4,4,4,4,1,0,1,0,1,1,0,0,0,0,-1,1,1,8207,0,1,0,1,0,0,1,-1,0,0,24,0,0,0,0,1,0,0,0,0,1,-1,[0|0|0|0|0|0|0|0|0|0|0|0|0|0|0|0|0|0|0|0|0|0|0|0|0|0|0|0]
30040000,VERTICAL MISSILE LAUNCHER - BML-G1/P07VTC-12 (Right),0,0,0,[0|0|0],30400,3008120,0,5010,0,0,0,0,0,0,0,0,100,0,0,0,-1,-1,-1,-1,-1,-1,-1,-1,-1,-1,-1,-1,-1,-1,-1,-1,-1,-1,-1,-1,-1,-1,-1,1,1,1,1,0,0,0,4250,0,100,100,0,-1,0,0,100,0,100,0,0,0,0,0,-1,16,0,0,7,3,22,0,0,0,100,0,0,999,0,0,0,0,0,0,0,0,0,0,0,0,0,0,0,0,0,0,0,0,0,0,0,1,1,0,0,0,0,0,0,0,0,0,0,0,1,0,1,0,0,0,0,0,0,0,0,1,0,1,1,1,1,0,0,100,1,1,0,0,-1,-1,-1,-1,-1,-1,-1,-1,-1,-1,-1,-1,-1,-1,-1,-1,-1,-1,-1,-1,-1,-1,-1,-1,0,0,300,0,0,0,0,0,0,0,0,0,0,0,1,1,0,0,0,0,0,0,0,0,0,0,0,0,0,0,0,-1,-1,-1,-1,-1,-1,-1,-1,-1,0,-1,0,0,-1,0,0,0,0,0,-1,-1,-1,0,[0|0|0|0],-1,-1,-1,-1,210,-1,-1,-1,1,1,1,1,1,1,1,1,1,-1,-1,-1,-1,-1,0,-1,0,1,0,0,0,0,1,1,1,1,0,0,-1,0,[0|0|0|0],12,1,1,[0|0|0|0],-1,0,0,[0|0|0|0|0|0|0|0],-1,-1,-1,-1,-1,[0|0|0|0],-1,-1,-1,[0|0|0|0|0|0|0|0],-1,-1,-1,[0|0|0|0|0|0|0|0],0,0,0,[0|0|0|0],360,-1,500,100,1,1,0,-1,5,0,0,9,525,0,-1,0,120,0,-1,[0|0|0|0],0,0,0,0,0,0,0,0,0,0,0,0,0,0,0,0,0,0,0,0,0,0,0,0,0,0,0,0,0,0,0,0,300,[0|0|0|0|0|0|0|0|0|0|0|0],0,0,0,0,0,0,0,0,0,0,0,0,0,0,-1,0,0,0,0,-1,-1,-1,-1,-1,-1,-1,-1,-1,-1,-1,-1,0,0,-1,0,0,0,0,0,0,0,0,[0|0],30040000,7.5,0,-1,0,0,-1,1,1,1,1,1,1,1,1,0,0,0,0,0,0,0,0,0,0,0,0,0,0,0,0,0,0,0,0,0,0,0,0,0,[0|0],0,0,0,[0|0|0],0,0,0,-1,[0|0|0|0],16,580,0,0,0,-1,-1,-1,-1,-1,-1,-1,-1,-1,-1,0,0,0,0,0,0,0,0,0,-1,[0|0],360,0,0,0,[0|0|0],0,0,0,0,0,-1,-1,-1,-1,-1,-1,[0|0|0|0],0,0,0,0,0,[0|0|0],0,0,0,0,0,0,0,0,0,0,0,0,0,0,0,0,0,0,0,0,0,0,0,0,0,0,0,0,0,0,0,0,0,0,[0|0|0],0,0,0,0,3000,[0|0|0|0],1,0,0,0,0,[0|0|0],0,0,0,0,0,-1,-1,-1,-1,1,0,0,0,0,0,0,0,0,0,0,100,0,0,0,-1,0,1,3,0,0,1,1,1,1,1,1,1,1,1,1,1,0,0,-1,0,-1,0,0,0,0,1,0,0,0,0,0,0,0,0,1,1,0,0,0,0,-1,1,1,8208,0,0,0,0,0,0,1,-1,0,0,1,0,0,0,0,1,0,0,0,0,1,-1,[0|0|0|0|0|0|0|0|0|0|0|0|0|0|0|0|0|0|0|0|0|0|0|0|0|0|0|0]
30040100,VERTICAL MISSILE LAUNCHER - BML-G1/P03VTC-08 (Right),0,0,0,[0|0|0],30410,3008110,0,3920,0,0,0,0,0,0,0,0,100,0,0,0,-1,-1,-1,-1,-1,-1,-1,-1,-1,-1,-1,-1,-1,-1,-1,-1,-1,-1,-1,-1,-1,-1,-1,1,1,1,1,0,0,0,4252,0,100,100,0,-1,0,0,100,0,100,0,0,0,0,0,-1,16,0,0,7,3,22,0,0,0,100,0,0,999,0,0,0,0,0,0,0,0,0,0,0,0,0,0,0,0,0,0,0,0,0,0,0,1,1,0,0,0,0,0,0,0,0,0,0,0,1,0,1,0,0,0,0,0,0,0,0,1,0,1,1,1,1,0,0,100,1,1,0,0,-1,-1,-1,-1,-1,-1,-1,-1,-1,-1,-1,-1,-1,-1,-1,-1,-1,-1,-1,-1,-1,-1,-1,-1,0,0,300,0,0,0,0,0,0,0,0,0,0,0,1,1,0,0,0,0,0,0,0,0,0,0,0,0,0,0,0,-1,-1,-1,-1,-1,-1,-1,-1,-1,0,-1,0,0,-1,0,0,0,0,0,-1,-1,-1,0,[0|0|0|0],-1,-1,-1,-1,210,-1,-1,-1,1,1,1,1,1,1,1,1,1,-1,-1,-1,-1,-1,0,-1,0,1,0,0,0,0,1,1,1,1,0,0,-1,0,[0|0|0|0],8,1,1,[0|0|0|0],-1,0,0,[0|0|0|0|0|0|0|0],-1,-1,-1,-1,-1,[0|0|0|0],-1,-1,-1,[0|0|0|0|0|0|0|0],-1,-1,-1,[0|0|0|0|0|0|0|0],0,0,0,[0|0|0|0],224,-1,500,100,1,1,0,-1,5,0,0,9,380,0,-1,0,120,0,-1,[0|0|0|0],0,0,0,0,0,0,0,0,0,0,0,0,0,0,0,0,0,0,0,0,0,0,0,0,0,0,0,0,0,0,0,0,300,[0|0|0|0|0|0|0|0|0|0|0|0],0,0,0,0,0,0,0,0,0,0,0,0,0,0,-1,0,0,0,0,-1,-1,-1,-1,-1,-1,-1,-1,-1,-1,-1,-1,0,0,-1,0,0,0,0,0,0,0,0,[0|0],30040100,6,0,-1,0,0,-1,1,1,1,1,1,1,1,1,0,0,0,0,0,0,0,0,0,0,0,0,0,0,0,0,0,0,0,0,0,0,0,0,0,[0|0],0,0,0,[0|0|0],0,0,0,-1,[0|0|0|0],16,580,0,0,0,-1,-1,-1,-1,-1,-1,-1,-1,-1,-1,0,0,0,0,0,0,0,0,0,-1,[0|0],360,0,0,0,[0|0|0],0,0,0,0,0,-1,-1,-1,-1,-1,-1,[0|0|0|0],0,0,0,0,0,[0|0|0],0,0,0,0,0,0,0,0,0,0,0,0,0,0,0,0,0,0,0,0,0,0,0,0,0,0,0,0,0,0,0,0,0,0,[0|0|0],0,0,0,0,3000,[0|0|0|0],1,0,0,0,0,[0|0|0],0,0,0,0,0,-1,-1,-1,-1,1,0,0,0,0,0,0,0,0,0,0,100,0,0,0,-1,0,1,3,0,0,1,1,1,1,1,1,1,1,1,1,1,0,0,-1,0,-1,0,0,0,0,1,0,0,0,0,0,0,0,0,1,1,0,0,0,0,-1,1,1,8210,0,0,0,0,0,0,1,-1,0,0,1,0,0,0,0,1,0,0,0,0,1,-1,[0|0|0|0|0|0|0|0|0|0|0|0|0|0|0|0|0|0|0|0|0|0|0|0|0|0|0|0]
30040200,VERTICAL MISSILE LAUNCHER - BML-G1/P01VTC-04 (Right),0,0,0,[0|0|0],30420,3008100,0,2240,0,0,0,0,0,0,0,0,100,0,0,0,-1,-1,-1,-1,-1,-1,-1,-1,-1,-1,-1,-1,-1,-1,-1,-1,-1,-1,-1,-1,-1,-1,-1,1,1,1,1,0,0,0,4251,0,100,100,0,-1,0,0,100,0,100,0,0,0,0,0,-1,16,0,0,7,3,22,0,0,0,100,0,0,999,0,0,0,0,0,0,0,0,0,0,0,0,0,0,0,0,0,0,0,0,0,0,0,1,1,0,0,0,0,0,0,0,0,0,0,0,1,0,1,0,0,0,0,0,0,0,0,1,0,1,1,1,1,0,0,100,1,1,0,0,-1,-1,-1,-1,-1,-1,-1,-1,-1,-1,-1,-1,-1,-1,-1,-1,-1,-1,-1,-1,-1,-1,-1,-1,0,0,300,0,0,0,0,0,0,0,0,0,0,0,1,1,0,0,0,0,0,0,0,0,0,0,0,0,0,0,0,-1,-1,-1,-1,-1,-1,-1,-1,-1,0,-1,0,0,-1,0,0,0,0,0,-1,-1,-1,0,[0|0|0|0],-1,-1,-1,-1,210,-1,-1,-1,1,1,1,1,1,1,1,1,1,-1,-1,-1,-1,-1,0,-1,0,1,0,0,0,0,1,1,1,1,0,0,-1,0,[0|0|0|0],4,1,1,[0|0|0|0],-1,0,0,[0|0|0|0|0|0|0|0],-1,-1,-1,-1,-1,[0|0|0|0],-1,-1,-1,[0|0|0|0|0|0|0|0],-1,-1,-1,[0|0|0|0|0|0|0|0],0,0,0,[0|0|0|0],108,-1,500,100,1,1,0,-1,5,0,0,9,258,0,-1,0,120,0,-1,[0|0|0|0],0,0,0,0,0,0,0,0,0,0,0,0,0,0,0,0,0,0,0,0,0,0,0,0,0,0,0,0,0,0,0,0,300,[0|0|0|0|0|0|0|0|0|0|0|0],0,0,0,0,0,0,0,0,0,0,0,0,0,0,-1,0,0,0,0,-1,-1,-1,-1,-1,-1,-1,-1,-1,-1,-1,-1,0,0,-1,0,0,0,0,0,0,0,0,[0|0],30040200,4.8,0,-1,0,0,-1,1,1,1,1,1,1,1,1,0,0,0,0,0,0,0,0,0,0,0,0,0,0,0,0,0,0,0,0,0,0,0,0,0,[0|0],0,0,0,[0|0|0],0,0,0,-1,[0|0|0|0],16,580,0,0,0,-1,-1,-1,-1,-1,-1,-1,-1,-1,-1,0,0,0,0,0,0,0,0,0,-1,[0|0],360,0,0,0,[0|0|0],0,0,0,0,0,-1,-1,-1,-1,-1,-1,[0|0|0|0],0,0,0,0,0,[0|0|0],0,0,0,0,0,0,0,0,0,0,0,0,0,0,0,0,0,0,0,0,0,0,0,0,0,0,0,0,0,0,0,0,0,0,[0|0|0],0,0,0,0,3000,[0|0|0|0],1,0,0,0,0,[0|0|0],0,0,0,0,0,-1,-1,-1,-1,1,0,0,0,0,0,0,0,0,0,0,100,0,0,0,-1,0,1,3,0,0,1,1,1,1,1,1,1,1,1,1,1,0,0,-1,0,-1,0,0,0,0,1,0,0,0,0,0,0,0,0,1,1,0,0,0,0,-1,1,1,8209,0,0,0,0,0,0,1,-1,0,0,1,0,0,0,0,1,0,0,0,0,1,-1,[0|0|0|0|0|0|0|0|0|0|0|0|0|0|0|0|0|0|0|0|0|0|0|0|0|0|0|0]
30040300,VERTICAL CLUSTER BOMB - BML-G3/P44VCB (Right),0,0,0,[0|0|0],30430,3008099,0,2520,0,0,0,0,0,0,0,0,100,0,0,0,-1,-1,-1,-1,-1,-1,-1,-1,-1,-1,-1,-1,-1,-1,-1,-1,-1,-1,-1,-1,-1,-1,-1,1,1,1,1,0,0,0,4255,0,100,100,0,-1,0,0,100,0,100,0,0,0,0,0,-1,16,0,0,7,3,22,0,0,0,100,0,0,999,0,0,0,0,0,0,0,0,0,0,0,0,0,0,0,0,0,0,0,0,0,0,0,1,1,0,0,0,0,0,0,0,0,0,0,0,1,0,1,0,0,0,0,0,0,0,0,1,0,1,1,1,1,0,0,100,1,1,0,0,-1,-1,-1,-1,-1,-1,-1,-1,-1,-1,-1,-1,-1,-1,-1,-1,-1,-1,-1,-1,-1,-1,-1,-1,0,0,300,0,0,0,0,0,0,0,0,0,0,0,1,1,0,0,0,0,0,0,0,0,0,0,0,0,0,0,0,-1,-1,-1,-1,-1,-1,-1,-1,-1,0,-1,0,0,-1,0,0,0,0,0,-1,-1,-1,0,[0|0|0|0],-1,-1,-1,-1,210,-1,-1,-1,1,1,1,1,1,1,1,1,1,-1,-1,-1,-1,-1,0,-1,0,1,0,0,0,0,1,1,1,1,0,0,-1,0,[0|0|0|0],1,1,1,[0|0|0|0],-1,0,0,[0|0|0|0|0|0|0|0],-1,-1,-1,-1,-1,[0|0|0|0],-1,-1,-1,[0|0|0|0|0|0|0|0],-1,-1,-1,[0|0|0|0|0|0|0|0],0,0,0,[0|0|0|0],38,-1,500,100,1,1,0,-1,5,0,0,9,269,0,-1,0,120,0,-1,[0|0|0|0],0,0,0,0,0,0,0,0,0,0,0,0,0,0,0,0,0,0,0,0,0,0,0,0,0,0,0,0,0,0,0,0,300,[0|0|0|0|0|0|0|0|0|0|0|0],0,0,0,0,0,0,0,0,0,0,0,0,0,0,-1,0,0,0,0,-1,-1,-1,-1,-1,-1,-1,-1,-1,-1,-1,-1,0,0,-1,0,0,0,0,0,0,0,0,[0|0],30040200,5.5,0,-1,0,0,-1,1,1,1,1,1,1,1,1,0,0,0,0,0,0,0,0,0,0,0,0,0,0,0,0,0,0,0,0,0,0,0,0,0,[0|0],0,0,0,[0|0|0],0,0,0,-1,[0|0|0|0],10,581,0,0,0,-1,-1,-1,-1,-1,-1,-1,-1,-1,-1,0,0,0,0,0,0,0,0,0,-1,[0|0],360,0,0,0,[0|0|0],0,0,0,0,0,-1,-1,-1,-1,-1,-1,[0|0|0|0],0,0,0,0,0,[0|0|0],0,0,0,0,0,0,0,0,0,0,0,0,0,0,0,0,0,0,0,0,0,0,0,0,0,0,0,0,0,0,0,0,0,0,[0|0|0],0,0,0,0,3000,[0|0|0|0],1,0,0,0,0,[0|0|0],0,0,0,0,0,-1,-1,-1,-1,1,0,0,0,0,0,0,0,0,0,0,100,0,0,0,-1,0,3,3,3,0,1,3,3,3,3,1,1,1,1,1,1,0,0,-1,0,-1,0,0,0,0,1,0,0,0,0,0,0,0,0,1,1,0,0,0,0,-1,1,1,8209,0,0,0,0,0,0,1,-1,0,0,1,0,0,0,0,1,0,0,0,0,1,-1,[0|0|0|0|0|0|0|0|0|0|0|0|0|0|0|0|0|0|0|0|0|0|0|0|0|0|0|0]
30040400,VERTICAL HELLFIRE MISSILES - BML-G3/P11VHF-12 (Right),0,0,0,[0|0|0],30440,3008120,0,5220,0,0,0,0,0,0,0,0,100,0,0,0,-1,-1,-1,-1,-1,-1,-1,-1,-1,-1,-1,-1,-1,-1,-1,-1,-1,-1,-1,-1,-1,-1,-1,1,1,1,1,0,0,0,4253,0,100,100,0,-1,0,0,100,0,100,0,0,0,0,0,-1,16,0,0,7,3,22,0,0,0,100,0,0,999,0,0,0,0,0,0,0,0,0,0,0,0,0,0,0,0,0,0,0,0,0,0,0,1,1,0,0,0,0,0,0,0,0,0,0,0,1,0,1,0,0,0,0,0,0,0,0,1,0,1,1,1,1,0,0,100,1,1,0,0,-1,-1,-1,-1,-1,-1,-1,-1,-1,-1,-1,-1,-1,-1,-1,-1,-1,-1,-1,-1,-1,-1,-1,-1,0,0,300,0,0,0,0,0,0,0,0,0,0,0,1,1,0,0,0,0,0,0,0,0,0,0,0,0,0,0,0,-1,-1,-1,-1,-1,-1,-1,-1,-1,0,-1,0,0,-1,0,0,0,0,0,-1,-1,-1,0,[0|0|0|0],-1,-1,-1,-1,210,-1,-1,-1,1,1,1,1,1,1,1,1,1,-1,-1,-1,-1,-1,0,-1,0,1,0,0,0,0,1,1,1,1,0,0,-1,0,[0|0|0|0],16,1,1,[0|0|0|0],-1,0,0,[0|0|0|0|0|0|0|0],-1,-1,-1,-1,-1,[0|0|0|0],-1,-1,-1,[0|0|0|0|0|0|0|0],-1,-1,-1,[0|0|0|0|0|0|0|0],0,0,0,[0|0|0|0],252,-1,600,100,1,1,0,-1,5,0,0,9,585,0,-1,0,200,0,-1,[0|0|0|0],0,0,0,0,0,0,0,0,0,0,0,0,0,0,0,0,0,0,0,0,0,0,0,0,0,0,0,0,0,0,0,0,300,[0|0|0|0|0|0|0|0|0|0|0|0],0,0,0,0,0,0,0,0,0,0,0,0,0,0,-1,0,0,0,0,-1,-1,-1,-1,-1,-1,-1,-1,-1,-1,-1,-1,0,0,-1,0,0,0,0,0,0,0,0,[0|0],30040000,12.05,0,-1,0,0,-1,1,1,1,1,1,1,1,1,0,0,0,0,0,0,0,0,0,0,0,0,0,0,0,0,0,0,0,0,0,0,0,0,0,[0|0],0,0,0,[0|0|0],0,0,0,-1,[0|0|0|0],10,582,0,0,0,-1,-1,-1,-1,-1,-1,-1,-1,-1,-1,0,0,0,0,0,0,0,0,0,-1,[0|0],360,0,0,0,[0|0|0],0,0,0,0,0,-1,-1,-1,-1,-1,-1,[0|0|0|0],0,0,0,0,0,[0|0|0],0,0,0,0,0,0,0,0,0,0,0,0,0,0,0,0,0,0,0,0,0,0,0,0,0,0,0,0,0,0,0,0,0,0,[0|0|0],0,0,0,0,3000,[0|0|0|0],1,0,0,0,0,[0|0|0],0,0,0,0,0,-1,-1,-1,-1,1,0,0,0,0,0,0,0,0,0,0,100,0,0,0,-1,0,2,0,0,0,1,1,1,1,1,1,1,1,1,1,1,0,0,-1,0,-1,0,0,0,0,1,0,0,0,0,0,0,0,0,1,1,0,0,0,0,-1,1,1,8208,0,0,0,0,0,0,1,-1,0,0,1,0,0,0,0,1,0,0,0,0,1,-1,[0|0|0|0|0|0|0|0|0|0|0|0|0|0|0|0|0|0|0|0|0|0|0|0|0|0|0|0]
30050000,DETONATING MISSILE LAUNCHER - 45-091 JVLN BETA (Right),0,0,0,[0|0|0],30500,3005000,0,4250,0,0,0,0,0,0,0,0,100,0,0,0,-1,-1,-1,-1,-1,-1,-1,-1,-1,-1,-1,-1,-1,-1,-1,-1,-1,-1,-1,-1,-1,-1,-1,1,1,1,1,0,0,0,4260,0,100,100,0,-1,0,0,100,0,100,0,0,0,0,0,-1,16,0,0,7,3,22,0,0,0,100,0,0,999,0,0,0,0,0,0,0,0,0,0,0,0,0,0,0,0,0,0,0,0,0,0,0,1,1,0,0,0,0,0,0,0,0,0,0,0,1,0,1,0,0,0,0,0,0,0,0,1,0,1,1,1,1,0,0,100,1,1,0,0,-1,-1,-1,-1,-1,-1,-1,-1,-1,-1,-1,-1,-1,-1,-1,-1,-1,-1,-1,-1,-1,-1,-1,-1,0,0,300,0,0,0,0,0,0,0,0,0,0,0,1,1,0,0,0,0,0,0,0,0,0,0,0,0,0,0,0,-1,-1,-1,-1,-1,-1,-1,-1,-1,0,-1,0,0,-1,0,0,0,0,0,-1,-1,-1,0,[0|0|0|0],-1,-1,-1,-1,200,-1,-1,-1,1,1,1,1,1,1,1,1,1,-1,-1,-1,-1,-1,0,-1,0,1,0,0,0,0,1,1,1,1,0,0,-1,0,[0|0|0|0],1,1,1,[0|0|0|0],-1,0,0,[0|0|0|0|0|0|0|0],-1,-1,-1,-1,-1,[0|0|0|0],-1,-1,-1,[0|0|0|0|0|0|0|0],-1,-1,-1,[0|0|0|0|0|0|0|0],0,0,0,[0|0|0|0],32,-1,500,100,1,1,0,-1,5,0,0,9,425,0,-1,0,450,0,-1,[0|0|0|0],0,0,0,0,0,0,0,0,0,0,0,0,0,0,0,0,0,0,0,0,0,0,0,0,0,0,0,0,0,0,0,0,300,[0|0|0|0|0|0|0|0|0|0|0|0],0,0,0,0,0,0,0,0,0,0,0,0,0,0,-1,0,0,0,0,-1,-1,-1,-1,-1,-1,-1,-1,-1,-1,-1,-1,0,0,-1,0,0,0,0,0,0,0,0,[0|0],30050000,4.1,0,-1,0,0,-1,1,1,1,1,1,1,1,1,0,0,0,0,0,0,0,0,0,0,0,0,0,0,0,0,0,0,0,0,0,0,0,0,0,[0|0],0,0,0,[0|0|0],0,0,0,-1,[0|0|0|0],4,600,0,0,0,-1,-1,-1,-1,-1,-1,-1,-1,-1,-1,0,0,0,0,0,0,0,0,0,-1,[0|0],360,0,0,0,[0|0|0],0,0,0,0,0,-1,-1,-1,-1,-1,-1,[0|0|0|0],0,0,0,0,0,[0|0|0],0,0,0,0,0,0,0,0,0,0,0,0,0,0,0,0,0,0,0,0,0,0,0,0,0,0,0,0,0,0,0,0,0,0,[0|0|0],0,0,0,0,3000,[0|0|0|0],1,0,0,0,0,[0|0|0],0,0,0,0,0,-1,-1,-1,-1,1,0,0,0,0,0,0,0,0,0,0,100,0,0,0,-1,0,2,0,255,255,1,2,2,2,2,0,2,0,0,1,1,0,0,-1,0,-1,0,0,0,0,1,0,0,0,0,0,0,0,0,1,1,0,0,0,0,-1,1,1,8211,0,0,0,0,0,0,1,-1,0,0,1,0,0,0,0,1,0,0,0,0,1,-1,[0|0|0|0|0|0|0|0|0|0|0|0|0|0|0|0|0|0|0|0|0|0|0|0|0|0|0|0]
30070000,SCATTER MISSILE LAUNCHER - WS-5001 SOUP (Right),0,0,0,[0|0|0],30700,3004999,0,5620,0,0,0,0,0,0,0,0,100,0,0,0,-1,-1,-1,-1,-1,-1,-1,-1,-1,-1,-1,-1,-1,-1,-1,-1,-1,-1,-1,-1,-1,-1,-1,1,1,1,1,0,0,0,4280,0,100,100,0,-1,0,0,100,0,100,0,0,0,0,0,-1,16,0,0,7,3,22,0,0,0,100,0,0,999,0,0,0,0,0,0,0,0,0,0,0,0,0,0,0,0,0,0,0,0,0,0,0,1,1,0,0,0,0,0,0,0,0,0,0,0,1,0,1,0,0,0,0,0,0,0,0,1,0,1,1,1,1,0,0,100,1,1,0,0,-1,-1,-1,-1,-1,-1,-1,-1,-1,-1,-1,-1,-1,-1,-1,-1,-1,-1,-1,-1,-1,-1,-1,-1,0,0,300,0,0,0,0,0,0,0,0,0,0,0,1,1,0,0,0,0,0,0,0,0,0,0,0,0,0,0,0,-1,-1,-1,-1,-1,-1,-1,-1,-1,0,-1,0,0,-1,0,0,0,0,0,-1,-1,-1,0,[0|0|0|0],-1,-1,-1,-1,180,-1,-1,-1,1,1,1,1,1,1,1,1,1,-1,-1,-1,-1,-1,0,-1,0,1,0,0,0,0,1,1,1,1,0,0,-1,0,[0|0|0|0],30,1,1,[0|0|0|0],-1,0,0,[0|0|0|0|0|0|0|0],-1,-1,-1,-1,-1,[0|0|0|0],-1,-1,-1,[0|0|0|0|0|0|0|0],-1,-1,-1,[0|0|0|0|0|0|0|0],0,0,0,[0|0|0|0],420,-1,500,100,1,1,0,-1,5,0,0,9,680,0,-1,0,50,0,-1,[0|0|0|0],0,0,0,0,0,0,0,0,0,0,0,0,0,0,0,0,0,0,0,0,0,0,0,0,0,0,0,0,0,0,0,0,300,[0|0|0|0|0|0|0|0|0|0|0|0],0,0,0,0,0,0,0,0,0,0,0,0,0,0,-1,0,0,0,0,-1,-1,-1,-1,-1,-1,-1,-1,-1,-1,-1,-1,0,0,-1,0,0,0,0,0,0,0,0,[0|0],30070000,8,0,-1,0,0,-1,1,1,1,1,1,1,1,1,0,0,0,0,0,0,0,0,0,0,0,0,0,0,0,0,0,0,0,0,0,0,0,0,0,[0|0],0,0,0,[0|0|0],0,0,0,-1,[0|0|0|0],6,610,0,0,0,-1,-1,-1,-1,-1,-1,-1,-1,-1,-1,0,0,0,0,0,0,0,0,0,-1,[0|0],360,0,0,0,[0|0|0],0,0,0,0,0,-1,-1,-1,-1,-1,-1,[0|0|0|0],0,0,0,0,0,[0|0|0],0,0,0,0,0,0,0,0,0,0,0,0,0,0,0,0,0,0,0,0,0,0,0,0,0,0,0,0,0,0,0,0,0,0,[0|0|0],0,0,0,0,3000,[0|0|0|0],1,0,0,0,0,[0|0|0],0,0,0,0,0,-1,-1,-1,-1,1,0,0,0,0,0,0,0,0,0,0,100,0,0,0,-1,0,1,1,0,255,1,1,1,1,1,1,1,1,1,1,1,0,0,-1,0,-1,1,0,0,0,1,1,1,1,1,0,1,0,0,1,1,0,0,0,0,-1,1,1,8213,0,0,0,0,0,0,1,-1,0,0,1,0,0,0,0,1,0,0,0,0,1,-1,[0|0|0|0|0|0|0|0|0|0|0|0|0|0|0|0|0|0|0|0|0|0|0|0|0|0|0|0]
30080000,DUAL MISSILE LAUNCHER - BML-G1/P32DUO-03 (Right),0,0,0,[0|0|0],30800,3008010,0,3450,0,0,0,0,0,0,0,0,100,0,0,0,-1,-1,-1,-1,-1,-1,-1,-1,-1,-1,-1,-1,-1,-1,-1,-1,-1,-1,-1,-1,-1,-1,-1,1,1,1,1,0,0,0,4300,0,100,100,0,-1,0,0,100,0,100,0,0,0,0,0,-1,16,0,0,7,3,22,0,0,0,100,0,0,999,0,0,0,0,0,0,0,0,0,0,0,0,0,0,0,0,0,0,0,0,0,0,0,1,1,0,0,0,0,0,0,0,0,0,0,0,1,0,1,0,0,0,0,0,0,0,0,1,0,1,1,1,1,0,0,100,1,1,0,0,-1,-1,-1,-1,-1,-1,-1,-1,-1,-1,-1,-1,-1,-1,-1,-1,-1,-1,-1,-1,-1,-1,-1,-1,0,0,300,0,0,0,0,0,0,0,0,0,0,0,1,1,0,0,0,0,0,0,0,0,0,0,0,0,0,0,0,-1,-1,-1,-1,-1,-1,-1,-1,-1,0,-1,0,0,-1,0,0,0,0,0,-1,-1,-1,0,[0|0|0|0],-1,-1,-1,-1,220,-1,-1,-1,1,1,1,1,1,1,1,1,1,-1,-1,-1,-1,-1,0,-1,0,1,0,0,0,0,1,1,1,1,0,0,-1,0,[0|0|0|0],6,1,1,[0|0|0|0],-1,0,0,[0|0|0|0|0|0|0|0],-1,-1,-1,-1,-1,[0|0|0|0],-1,-1,-1,[0|0|0|0|0|0|0|0],-1,-1,-1,[0|0|0|0|0|0|0|0],0,0,0,[0|0|0|0],180,-1,500,100,1,1,0,-1,5,0,0,9,262,0,-1,0,70,0,-1,[0|0|0|0],0,0,0,0,0,0,0,0,0,0,0,0,0,0,0,0,0,0,0,0,0,0,0,0,0,0,0,0,0,0,0,0,300,[0|0|0|0|0|0|0|0|0|0|0|0],0,0,0,0,0,0,0,0,0,0,0,0,0,0,-1,0,0,0,0,-1,-1,-1,-1,-1,-1,-1,-1,-1,-1,-1,-1,0,0,-1,0,0,0,0,0,0,0,0,[0|0],30080000,3.5,0,-1,0,0,-1,1,1,1,1,1,1,1,1,0,0,0,0,0,0,0,0,0,0,0,0,0,0,0,0,0,0,0,0,0,0,0,0,0,[0|0],0,0,0,[0|0|0],0,0,0,-1,[0|0|0|0],16,520,0,0,0,-1,-1,-1,-1,-1,-1,-1,-1,-1,-1,0,0,0,0,0,0,0,0,0,-1,[0|0],360,0,0,0,[0|0|0],0,0,0,0,0,-1,-1,-1,-1,-1,-1,[0|0|0|0],0,0,0,0,0,[0|0|0],0,0,0,0,0,0,0,0,0,0,0,0,0,0,0,0,0,0,0,0,0,0,0,0,0,0,0,0,0,0,0,0,0,0,[0|0|0],0,0,0,0,3000,[0|0|0|0],1,0,0,0,0,[0|0|0],0,0,0,0,0,-1,-1,-1,-1,1,0,0,0,0,0,0,0,0,0,0,100,0,0,0,-1,0,2,0,2,255,6,2,2,2,2,2,2,2,2,1,1,0,0,-1,1,-1,0,0,0,0,1,0,0,0,0,0,0,0,0,1,1,0,0,0,0,-1,1,1,8217,0,0,0,0,0,0,1,-1,0,0,1,0,0,0,0,1,0,0,0,0,1,-1,[0|0|0|0|0|0|0|0|0|0|0|0|0|0|0|0|0|0|0|0|0|0|0|0|0|0|0|0]
30080300,INTERCEPTOR MISSILE LAUNCHER - BML-G1/P44INT-10 (Right),0,0,0,[0|0|0],30830,3008030,0,3010,0,0,0,0,0,0,0,0,100,0,0,0,-1,-1,-1,-1,-1,-1,-1,-1,-1,-1,-1,-1,-1,-1,-1,-1,-1,-1,-1,-1,-1,-1,-1,1,1,1,1,0,0,0,4300,0,100,100,0,-1,0,0,100,0,100,0,0,0,0,0,-1,16,0,0,7,3,22,0,0,0,100,0,0,999,0,0,0,0,0,0,0,0,0,0,0,0,0,0,0,0,0,0,0,0,0,0,0,1,1,0,0,0,0,0,0,0,0,0,0,0,1,0,1,0,0,0,0,0,0,0,0,1,0,1,1,1,1,0,0,100,1,1,0,0,-1,-1,-1,-1,-1,-1,-1,-1,-1,-1,-1,-1,-1,-1,-1,-1,-1,-1,-1,-1,-1,-1,-1,-1,0,0,300,0,0,0,0,0,0,0,0,0,0,0,1,1,0,0,0,0,0,0,0,0,0,0,0,0,0,0,0,-1,-1,-1,-1,-1,-1,-1,-1,-1,0,-1,0,0,-1,0,0,0,0,0,-1,-1,-1,0,[0|0|0|0],-1,-1,-1,-1,220,-1,-1,-1,1,1,1,1,1,1,1,1,1,-1,-1,-1,-1,-1,0,-1,0,1,0,0,0,0,1,1,1,1,0,0,-1,0,[0|0|0|0],10,1,1,[0|0|0|0],-1,0,0,[0|0|0|0|0|0|0|0],-1,-1,-1,-1,-1,[0|0|0|0],-1,-1,-1,[0|0|0|0|0|0|0|0],-1,-1,-1,[0|0|0|0|0|0|0|0],0,0,0,[0|0|0|0],340,-1,450,100,1,1,0,-1,5,0,0,9,301,0,-1,0,80,0,-1,[0|0|0|0],0,0,0,0,0,0,0,0,0,0,0,0,0,0,0,0,0,0,0,0,0,0,0,0,0,0,0,0,0,0,0,0,300,[0|0|0|0|0|0|0|0|0|0|0|0],0,0,0,0,0,0,0,0,0,0,0,0,0,0,-1,0,0,0,0,-1,-1,-1,-1,-1,-1,-1,-1,-1,-1,-1,-1,0,0,-1,0,0,0,0,0,0,0,0,[0|0],30080000,6.1,0,-1,0,0,-1,1,1,1,1,1,1,1,1,0,0,0,0,0,0,0,0,0,0,0,0,0,0,0,0,0,0,0,0,0,0,0,0,0,[0|0],0,0,0,[0|0|0],0,0,0,-1,[0|0|0|0],16,521,0,0,0,-1,-1,-1,-1,-1,-1,-1,-1,-1,-1,0,0,0,0,0,0,0,0,0,-1,[0|0],360,0,0,0,[0|0|0],0,0,0,0,0,-1,-1,-1,-1,-1,-1,[0|0|0|0],0,0,0,0,0,[0|0|0],0,0,0,0,0,0,0,0,0,0,0,0,0,0,0,0,0,0,0,0,0,0,0,0,0,0,0,0,0,0,0,0,0,0,[0|0|0],0,0,0,0,3000,[0|0|0|0],1,0,0,0,0,[0|0|0],0,0,0,0,0,-1,-1,-1,-1,1,0,0,0,0,0,0,0,0,0,0,100,0,0,0,-1,0,0,0,0,255,6,0,0,0,0,0,0,0,0,1,1,0,0,-1,1,-1,0,0,0,0,1,0,0,0,0,0,0,0,0,1,1,0,0,0,0,-1,1,1,8217,0,0,0,0,0,0,1,-1,0,0,1,0,0,0,0,1,0,0,0,0,1,-1,[0|0|0|0|0|0|0|0|0|0|0|0|0|0|0|0|0|0|0|0|0|0|0|0|0|0|0|0]
30080100,DUAL MISSILE LAUNCHER - BML-G2/P08DUO-03 (Right),0,0,0,[0|0|0],30810,3008020,0,4020,0,0,0,0,0,0,0,0,100,0,0,0,-1,-1,-1,-1,-1,-1,-1,-1,-1,-1,-1,-1,-1,-1,-1,-1,-1,-1,-1,-1,-1,-1,-1,1,1,1,1,0,0,0,4301,0,100,100,0,-1,0,0,100,0,100,0,0,0,0,0,-1,16,0,0,7,3,22,0,0,0,100,0,0,999,0,0,0,0,0,0,0,0,0,0,0,0,0,0,0,0,0,0,0,0,0,0,0,1,1,0,0,0,0,0,0,0,0,0,0,0,1,0,1,0,0,0,0,0,0,0,0,1,0,1,1,1,1,0,0,100,1,1,0,0,-1,-1,-1,-1,-1,-1,-1,-1,-1,-1,-1,-1,-1,-1,-1,-1,-1,-1,-1,-1,-1,-1,-1,-1,0,0,300,0,0,0,0,0,0,0,0,0,0,0,1,1,0,0,0,0,0,0,0,0,0,0,0,0,0,0,0,-1,-1,-1,-1,-1,-1,-1,-1,-1,0,-1,0,0,-1,0,0,0,0,0,-1,-1,-1,0,[0|0|0|0],-1,-1,-1,-1,220,-1,-1,-1,1,1,1,1,1,1,1,1,1,-1,-1,-1,-1,-1,0,-1,0,1,0,0,0,0,1,1,1,1,0,0,-1,0,[0|0|0|0],6,1,1,[0|0|0|0],-1,0,0,[0|0|0|0|0|0|0|0],-1,-1,-1,-1,-1,[0|0|0|0],-1,-1,-1,[0|0|0|0|0|0|0|0],-1,-1,-1,[0|0|0|0|0|0|0|0],0,0,0,[0|0|0|0],156,-1,500,100,1,1,0,-1,5,0,0,9,332,0,-1,0,100,0,-1,[0|0|0|0],0,0,0,0,0,0,0,0,0,0,0,0,0,0,0,0,0,0,0,0,0,0,0,0,0,0,0,0,0,0,0,0,300,[0|0|0|0|0|0|0|0|0|0|0|0],0,0,0,0,0,0,0,0,0,0,0,0,0,0,-1,0,0,0,0,-1,-1,-1,-1,-1,-1,-1,-1,-1,-1,-1,-1,0,0,-1,0,0,0,0,0,0,0,0,[0|0],30080100,5.4,0,-1,0,0,-1,1,1,1,1,1,1,1,1,0,0,0,0,0,0,0,0,0,0,0,0,0,0,0,0,0,0,0,0,0,0,0,0,0,[0|0],0,0,0,[0|0|0],0,0,0,-1,[0|0|0|0],16,520,0,0,0,-1,-1,-1,-1,-1,-1,-1,-1,-1,-1,0,0,0,0,0,0,0,0,0,-1,[0|0],360,0,0,0,[0|0|0],0,0,0,0,0,-1,-1,-1,-1,-1,-1,[0|0|0|0],0,0,0,0,0,[0|0|0],0,0,0,0,0,0,0,0,0,0,0,0,0,0,0,0,0,0,0,0,0,0,0,0,0,0,0,0,0,0,0,0,0,0,[0|0|0],0,0,0,0,3000,[0|0|0|0],1,0,0,0,0,[0|0|0],0,0,0,0,0,-1,-1,-1,-1,1,0,0,0,0,0,0,0,0,0,0,100,0,0,0,-1,0,2,0,2,255,6,2,2,2,2,2,2,2,2,1,1,0,0,-1,0,-1,0,0,0,0,1,0,0,0,0,0,0,0,0,1,1,0,0,0,0,-1,1,1,8218,0,0,0,0,0,0,1,-1,0,0,1,0,0,0,0,1,0,0,0,0,1,-1,[0|0|0|0|0|0|0|0|0|0|0|0|0|0|0|0|0|0|0|0|0|0|0|0|0|0|0|0]
30080200,DUAL MISSILE LAUNCHER - BML-G1/P31DUO-02 (Right),0,0,0,[0|0|0],30820,3008000,0,1900,0,0,0,0,0,0,0,0,100,0,0,0,-1,-1,-1,-1,-1,-1,-1,-1,-1,-1,-1,-1,-1,-1,-1,-1,-1,-1,-1,-1,-1,-1,-1,1,1,1,1,0,0,0,4303,0,100,100,0,-1,0,0,100,0,100,0,0,0,0,0,-1,16,0,0,7,3,22,0,0,0,100,0,0,999,0,0,0,0,0,0,0,0,0,0,0,0,0,0,0,0,0,0,0,0,0,0,0,1,1,0,0,0,0,0,0,0,0,0,0,0,1,0,1,0,0,0,0,0,0,0,0,1,0,1,1,1,1,0,0,100,1,1,0,0,-1,-1,-1,-1,-1,-1,-1,-1,-1,-1,-1,-1,-1,-1,-1,-1,-1,-1,-1,-1,-1,-1,-1,-1,0,0,300,0,0,0,0,0,0,0,0,0,0,0,1,1,0,0,0,0,0,0,0,0,0,0,0,0,0,0,0,-1,-1,-1,-1,-1,-1,-1,-1,-1,0,-1,0,0,-1,0,0,0,0,0,-1,-1,-1,0,[0|0|0|0],-1,-1,-1,-1,220,-1,-1,-1,1,1,1,1,1,1,1,1,1,-1,-1,-1,-1,-1,0,-1,0,1,0,0,0,0,1,1,1,1,0,0,-1,0,[0|0|0|0],4,1,1,[0|0|0|0],-1,0,0,[0|0|0|0|0|0|0|0],-1,-1,-1,-1,-1,[0|0|0|0],-1,-1,-1,[0|0|0|0|0|0|0|0],-1,-1,-1,[0|0|0|0|0|0|0|0],0,0,0,[0|0|0|0],124,-1,500,100,1,1,0,-1,5,0,0,9,182,0,-1,0,70,0,-1,[0|0|0|0],0,0,0,0,0,0,0,0,0,0,0,0,0,0,0,0,0,0,0,0,0,0,0,0,0,0,0,0,0,0,0,0,300,[0|0|0|0|0|0|0|0|0|0|0|0],0,0,0,0,0,0,0,0,0,0,0,0,0,0,-1,0,0,0,0,-1,-1,-1,-1,-1,-1,-1,-1,-1,-1,-1,-1,0,0,-1,0,0,0,0,0,0,0,0,[0|0],30080200,3.1,0,-1,0,0,-1,1,1,1,1,1,1,1,1,0,0,0,0,0,0,0,0,0,0,0,0,0,0,0,0,0,0,0,0,0,0,0,0,0,[0|0],0,0,0,[0|0|0],0,0,0,-1,[0|0|0|0],16,520,0,0,0,-1,-1,-1,-1,-1,-1,-1,-1,-1,-1,0,0,0,0,0,0,0,0,0,-1,[0|0],360,0,0,0,[0|0|0],0,0,0,0,0,-1,-1,-1,-1,-1,-1,[0|0|0|0],0,0,0,0,0,[0|0|0],0,0,0,0,0,0,0,0,0,0,0,0,0,0,0,0,0,0,0,0,0,0,0,0,0,0,0,0,0,0,0,0,0,0,[0|0|0],0,0,0,0,3000,[0|0|0|0],1,0,0,0,0,[0|0|0],0,0,0,0,0,-1,-1,-1,-1,1,0,0,0,0,0,0,0,0,0,0,100,0,0,0,-1,0,2,0,2,255,4,2,2,2,2,2,2,2,2,1,1,0,0,-1,1,-1,0,0,0,0,1,0,0,0,0,0,0,0,0,1,1,0,0,0,0,-1,1,1,8220,0,0,0,0,0,0,1,-1,0,0,1,0,0,0,0,1,0,0,0,0,1,-1,[0|0|0|0|0|0|0|0|0|0|0|0|0|0|0|0|0|0|0|0|0|0|0|0|0|0|0|0]
30090000,SPLIT MISSILE LAUNCHER - BML-G2/P19SPL-12 (Right),0,0,0,[0|0|0],30900,3009000,0,3580,0,0,0,0,0,0,0,0,100,0,0,0,-1,-1,-1,-1,-1,-1,-1,-1,-1,-1,-1,-1,-1,-1,-1,-1,-1,-1,-1,-1,-1,-1,-1,1,1,1,1,0,0,0,4310,0,100,100,0,-1,0,0,100,0,100,0,0,0,0,0,-1,16,0,0,7,3,22,0,0,0,100,0,0,999,0,0,0,0,0,0,0,0,0,0,0,0,0,0,0,0,0,0,0,0,0,0,0,1,1,0,0,0,0,0,0,0,0,0,0,0,1,0,1,0,0,0,0,0,0,0,0,1,0,1,1,1,1,0,0,100,1,1,0,0,-1,-1,-1,-1,-1,-1,-1,-1,-1,-1,-1,-1,-1,-1,-1,-1,-1,-1,-1,-1,-1,-1,-1,-1,0,0,300,0,0,0,0,0,0,0,0,0,0,0,1,1,0,0,0,0,0,0,0,0,0,0,0,0,0,0,0,-1,-1,-1,-1,-1,-1,-1,-1,-1,0,-1,0,0,-1,0,0,0,0,0,-1,-1,-1,0,[0|0|0|0],-1,-1,-1,-1,210,-1,-1,-1,1,1,1,1,1,1,1,1,1,-1,-1,-1,-1,-1,0,-1,0,1,0,0,0,0,1,1,1,1,0,0,-1,0,[0|0|0|0],2,1,1,[0|0|0|0],-1,0,0,[0|0|0|0|0|0|0|0],-1,-1,-1,-1,-1,[0|0|0|0],-1,-1,-1,[0|0|0|0|0|0|0|0],-1,-1,-1,[0|0|0|0|0|0|0|0],0,0,0,[0|0|0|0],80,-1,500,100,1,1,0,-1,5,0,0,9,325,0,-1,0,400,0,-1,[0|0|0|0],0,0,0,0,0,0,0,0,0,0,0,0,0,0,0,0,0,0,0,0,0,0,0,0,0,0,0,0,0,0,0,0,300,[0|0|0|0|0|0|0|0|0|0|0|0],0,0,0,0,0,0,0,0,0,0,0,0,0,0,-1,0,0,0,0,-1,-1,-1,-1,-1,-1,-1,-1,-1,-1,-1,-1,0,0,-1,0,0,0,0,0,0,0,0,[0|0],30090000,6,0,-1,0,0,-1,1,1,1,1,1,1,1,1,0,0,0,0,0,0,0,0,0,0,0,0,0,0,0,0,0,0,0,0,0,0,0,0,0,[0|0],0,0,0,[0|0|0],0,0,0,-1,[0|0|0|0],16,540,0,0,0,-1,-1,-1,-1,-1,-1,-1,-1,-1,-1,0,0,0,0,0,0,0,0,0,-1,[0|0],360,0,0,0,[0|0|0],0,0,0,0,0,-1,-1,-1,-1,-1,-1,[0|0|0|0],0,0,0,0,0,[0|0|0],0,0,0,0,0,0,0,0,0,0,0,0,0,0,0,0,0,0,0,0,0,0,0,0,0,0,0,0,0,0,0,0,0,0,[0|0|0],0,0,0,0,3000,[0|0|0|0],1,0,0,0,0,[0|0|0],0,0,0,0,0,-1,-1,-1,-1,1,0,0,0,0,0,0,0,0,0,0,100,0,0,0,-1,0,1,3,1,1,1,1,1,1,1,1,1,1,1,1,1,0,0,-1,1,-1,0,0,0,0,1,0,0,0,0,0,0,0,0,1,1,0,0,0,0,-1,1,1,8221,0,0,0,0,0,0,1,-1,0,0,1,0,0,0,0,1,0,0,0,0,1,-1,[0|0|0|0|0|0|0|0|0|0|0|0|0|0|0|0|0|0|0|0|0|0|0|0|0|0|0|0]
30090100,SPLIT MISSILE LAUNCHER - BML-G2/P16SPL-08 (Right),0,0,0,[0|0|0],30910,3009010,0,2800,0,0,0,0,0,0,0,0,100,0,0,0,-1,-1,-1,-1,-1,-1,-1,-1,-1,-1,-1,-1,-1,-1,-1,-1,-1,-1,-1,-1,-1,-1,-1,1,1,1,1,0,0,0,4311,0,100,100,0,-1,0,0,100,0,100,0,0,0,0,0,-1,16,0,0,7,3,22,0,0,0,100,0,0,999,0,0,0,0,0,0,0,0,0,0,0,0,0,0,0,0,0,0,0,0,0,0,0,1,1,0,0,0,0,0,0,0,0,0,0,0,1,0,1,0,0,0,0,0,0,0,0,1,0,1,1,1,1,0,0,100,1,1,0,0,-1,-1,-1,-1,-1,-1,-1,-1,-1,-1,-1,-1,-1,-1,-1,-1,-1,-1,-1,-1,-1,-1,-1,-1,0,0,300,0,0,0,0,0,0,0,0,0,0,0,1,1,0,0,0,0,0,0,0,0,0,0,0,0,0,0,0,-1,-1,-1,-1,-1,-1,-1,-1,-1,0,-1,0,0,-1,0,0,0,0,0,-1,-1,-1,0,[0|0|0|0],-1,-1,-1,-1,210,-1,-1,-1,1,1,1,1,1,1,1,1,1,-1,-1,-1,-1,-1,0,-1,0,1,0,0,0,0,1,1,1,1,0,0,-1,0,[0|0|0|0],1,1,1,[0|0|0|0],-1,0,0,[0|0|0|0|0|0|0|0],-1,-1,-1,-1,-1,[0|0|0|0],-1,-1,-1,[0|0|0|0|0|0|0|0],-1,-1,-1,[0|0|0|0|0|0|0|0],0,0,0,[0|0|0|0],40,-1,500,100,1,1,0,-1,5,0,0,9,228,0,-1,0,500,0,-1,[0|0|0|0],0,0,0,0,0,0,0,0,0,0,0,0,0,0,0,0,0,0,0,0,0,0,0,0,0,0,0,0,0,0,0,0,300,[0|0|0|0|0|0|0|0|0|0|0|0],0,0,0,0,0,0,0,0,0,0,0,0,0,0,-1,0,0,0,0,-1,-1,-1,-1,-1,-1,-1,-1,-1,-1,-1,-1,0,0,-1,0,0,0,0,0,0,0,0,[0|0],30090100,4.5,0,-1,0,0,-1,1,1,1,1,1,1,1,1,0,0,0,0,0,0,0,0,0,0,0,0,0,0,0,0,0,0,0,0,0,0,0,0,0,[0|0],0,0,0,[0|0|0],0,0,0,-1,[0|0|0|0],16,540,0,0,0,-1,-1,-1,-1,-1,-1,-1,-1,-1,-1,0,0,0,0,0,0,0,0,0,-1,[0|0],360,0,0,0,[0|0|0],0,0,0,0,0,-1,-1,-1,-1,-1,-1,[0|0|0|0],0,0,0,0,0,[0|0|0],0,0,0,0,0,0,0,0,0,0,0,0,0,0,0,0,0,0,0,0,0,0,0,0,0,0,0,0,0,0,0,0,0,0,[0|0|0],0,0,0,0,3000,[0|0|0|0],1,0,0,0,0,[0|0|0],0,0,0,0,0,-1,-1,-1,-1,1,0,0,0,0,0,0,0,0,0,0,100,0,0,0,-1,0,1,3,1,1,1,1,1,1,1,1,1,1,1,1,1,0,0,-1,1,-1,0,0,0,0,1,0,0,0,0,0,0,0,0,1,1,0,0,0,0,-1,1,1,8222,0,0,0,0,0,0,1,-1,0,0,1,0,0,0,0,1,0,0,0,0,1,-1,[0|0|0|0|0|0|0|0|0|0|0|0|0|0|0|0|0|0|0|0|0|0|0|0|0|0|0|0]
30090200,SPLIT MISSILE LAUNCHER - BML-G2/P17SPL-16 (Right),0,0,0,[0|0|0],30920,3009020,0,5010,0,0,0,0,0,0,0,0,100,0,0,0,-1,-1,-1,-1,-1,-1,-1,-1,-1,-1,-1,-1,-1,-1,-1,-1,-1,-1,-1,-1,-1,-1,-1,1,1,1,1,0,0,0,4302,0,100,100,0,-1,0,0,100,0,100,0,0,0,0,0,-1,16,0,0,7,3,22,0,0,0,100,0,0,999,0,0,0,0,0,0,0,0,0,0,0,0,0,0,0,0,0,0,0,0,0,0,0,1,1,0,0,0,0,0,0,0,0,0,0,0,1,0,1,0,0,0,0,0,0,0,0,1,0,1,1,1,1,0,0,100,1,1,0,0,-1,-1,-1,-1,-1,-1,-1,-1,-1,-1,-1,-1,-1,-1,-1,-1,-1,-1,-1,-1,-1,-1,-1,-1,0,0,300,0,0,0,0,0,0,0,0,0,0,0,1,1,0,0,0,0,0,0,0,0,0,0,0,0,0,0,0,-1,-1,-1,-1,-1,-1,-1,-1,-1,0,-1,0,0,-1,0,0,0,0,0,-1,-1,-1,0,[0|0|0|0],-1,-1,-1,-1,210,-1,-1,-1,1,1,1,1,1,1,1,1,1,-1,-1,-1,-1,-1,0,-1,0,1,0,0,0,0,1,1,1,1,0,0,-1,0,[0|0|0|0],2,1,1,[0|0|0|0],-1,0,0,[0|0|0|0|0|0|0|0],-1,-1,-1,-1,-1,[0|0|0|0],-1,-1,-1,[0|0|0|0|0|0|0|0],-1,-1,-1,[0|0|0|0|0|0|0|0],0,0,0,[0|0|0|0],72,-1,500,100,1,1,0,-1,5,0,0,9,510,0,-1,0,500,0,-1,[0|0|0|0],0,0,0,0,0,0,0,0,0,0,0,0,0,0,0,0,0,0,0,0,0,0,0,0,0,0,0,0,0,0,0,0,300,[0|0|0|0|0|0|0|0|0|0|0|0],0,0,0,0,0,0,0,0,0,0,0,0,0,0,-1,0,0,0,0,-1,-1,-1,-1,-1,-1,-1,-1,-1,-1,-1,-1,0,0,-1,0,0,0,0,0,0,0,0,[0|0],30090200,7.7,0,-1,0,0,-1,1,1,1,1,1,1,1,1,0,0,0,0,0,0,0,0,0,0,0,0,0,0,0,0,0,0,0,0,0,0,0,0,0,[0|0],0,0,0,[0|0|0],0,0,0,-1,[0|0|0|0],16,540,0,0,0,-1,-1,-1,-1,-1,-1,-1,-1,-1,-1,0,0,0,0,0,0,0,0,0,-1,[0|0],360,0,0,0,[0|0|0],0,0,0,0,0,-1,-1,-1,-1,-1,-1,[0|0|0|0],0,0,0,0,0,[0|0|0],0,0,0,0,0,0,0,0,0,0,0,0,0,0,0,0,0,0,0,0,0,0,0,0,0,0,0,0,0,0,0,0,0,0,[0|0|0],0,0,0,0,3000,[0|0|0|0],1,0,0,0,0,[0|0|0],0,0,0,0,0,-1,-1,-1,-1,1,0,0,0,0,0,0,0,0,0,0,100,0,0,0,-1,0,1,3,1,1,1,1,1,1,1,1,1,1,1,1,1,0,0,-1,1,-1,0,0,0,0,1,0,0,0,0,0,0,0,0,1,1,0,0,0,0,-1,1,1,8219,0,0,0,0,0,0,1,-1,0,0,1,0,0,0,0,1,0,0,0,0,1,-1,[0|0|0|0|0|0|0|0|0|0|0|0|0|0|0|0|0|0|0|0|0|0|0|0|0|0|0|0]
30100000,GRENADE CANNON - SONGBIRDS (Right),0,0,0,[0|0|0],31000,3021010,0,5500,0,0,0,0,0,0,0,0,100,0,0,0,-1,-1,-1,-1,-1,-1,-1,-1,-1,-1,-1,-1,-1,-1,-1,-1,-1,-1,-1,-1,-1,-1,-1,1,1,1,1,0,0,0,4410,0,100,100,0,-1,0,0,100,0,100,0,0,0,0,0,-1,16,0,0,7,3,21,0,0,0,100,0,0,999,0,0,0,0,0,0,0,0,0,0,0,0,0,0,0,0,0,0,0,0,0,0,0,1,1,0,0,0,0,0,0,0,0,0,0,0,1,0,1,0,0,0,0,0,0,0,0,1,0,1,1,1,1,0,0,100,1,1,0,0,-1,-1,-1,-1,-1,-1,-1,-1,-1,-1,-1,-1,-1,-1,-1,-1,-1,-1,-1,-1,-1,-1,-1,-1,0,0,300,0,0,0,0,0,0,0,0,0,0,0,1,1,0,0,0,0,0,0,0,0,0,0,0,0,0,0,0,-1,-1,-1,-1,-1,-1,-1,-1,-1,0,-1,0,0,-1,0,0,0,0,0,-1,-1,-1,0,[0|0|0|0],-1,-1,-1,-1,210,-1,-1,-1,1,1,1,1,1,1,1,1,1,-1,-1,-1,-1,-1,0,-1,0,1,0,0,0,0,1,1,1,1,0,0,-1,0,[0|0|0|0],2,1,1,[0|0|0|0],-1,0,0,[0|0|0|0|0|0|0|0],-1,-1,-1,-1,-1,[0|0|0|0],-1,-1,-1,[0|0|0|0|0|0|0|0],-1,-1,-1,[0|0|0|0|0|0|0|0],0,0,0,[0|0|0|0],42,-1,500,100,1,1,0,-1,5,0,0,9,285,0,-1,0,600,0,-1,[0|0|0|0],0,0,0,0,0,0,0,0,0,0,0,0,0,0,0,0,0,0,0,0,0,0,0,0,0,0,0,0,0,0,0,0,304,[0|0|0|0|0|0|0|0|0|0|0|0],0,0,0,0,0,0,0,0,0,0,0,0,0,0,-1,0,0,0,0,-1,-1,-1,-1,-1,-1,-1,-1,-1,-1,-1,-1,0,0,-1,0,0,0,0,0,0,0,0,[0|0],30100000,6.4,0,-1,0,0,-1,1,1,1,1,1,1,1,1,0,0,0,0,0,0,0,0,0,0,0,0,0,0,0,0,0,0,0,0,0,0,0,0,0,[0|0],0,0,0,[0|0|0],0,0,0,-1,[0|0|0|0],18,1001,0,0,0,-1,-1,-1,-1,-1,-1,-1,-1,-1,-1,0,0,0,0,0,0,0,0,0,-1,[0|0],360,0,0,0,[0|0|0],10,0,0,0,0,-1,-1,-1,-1,-1,-1,[0|0|0|0],0,0,0,0,0,[0|0|0],0,0,0,0,0,0,0,0,0,0,0,0,0,0,0,0,0,0,0,0,0,0,0,0,0,0,0,0,0,0,0,0,0,0,[0|0|0],0,0,0,0,3040,[0|0|0|0],1,0,0,0,0,[0|0|0],0,0,0,0,0,-1,-1,-1,-1,1,0,0,0,0,0,0,0,0,0,0,100,0,0,0,-1,0,0,2,0,0,1,0,0,0,0,0,1,0,0,1,1,0,0,-1,0,-1,0,0,0,0,1,0,0,0,0,0,0,0,0,1,1,0,0,0,0,-1,1,1,8227,0,0,0,0,0,0,1,-1,0,0,1,0,0,0,0,1,0,0,0,0,1,-1,[0|0|0|0|0|0|0|0|0|0|0|0|0|0|0|0|0|0|0|0|0|0|0|0|0|0|0|0]
30110000,NEEDLE MISSILE LAUNCHER - EL-PW-01 TRUENO (Right),0,0,0,[0|0|0],31100,3011000,0,3100,0,0,0,0,0,0,0,0,100,0,0,0,-1,-1,-1,-1,-1,-1,-1,-1,-1,-1,-1,-1,-1,-1,-1,-1,-1,-1,-1,-1,-1,-1,-1,1,1,1,1,0,0,0,4330,0,100,100,0,-1,100,0,0,0,100,0,0,0,0,0,-1,16,0,0,7,3,22,0,0,0,100,0,0,999,0,0,0,0,0,0,0,0,0,0,0,0,0,0,0,0,0,0,0,0,0,0,0,1,1,0,0,0,0,0,0,0,0,0,0,0,1,0,1,0,0,0,0,0,0,0,0,1,0,1,1,1,1,0,0,100,1,1,0,0,-1,-1,-1,-1,-1,-1,-1,-1,-1,-1,-1,-1,-1,-1,-1,-1,-1,-1,-1,-1,-1,-1,-1,-1,0,0,300,0,0,0,0,0,0,0,0,0,0,0,1,1,0,0,0,0,0,0,0,0,0,0,0,0,0,0,0,-1,-1,-1,-1,-1,-1,-1,-1,-1,0,-1,0,0,-1,0,0,0,0,0,-1,-1,-1,0,[0|0|0|0],-1,-1,-1,-1,200,-1,-1,-1,1,1,1,1,1,1,1,1,1,-1,-1,-1,-1,-1,0,-1,0,1,0,0,0,0,1,1,1,1,0,0,-1,0,[0|0|0|0],2,1,1,[0|0|0|0],-1,0,0,[0|0|0|0|0|0|0|0],-1,-1,-1,-1,-1,[0|0|0|0],-1,-1,-1,[0|0|0|0|0|0|0|0],-1,-1,-1,[0|0|0|0|0|0|0|0],0,0,0,[0|0|0|0],62,-1,500,100,1,1,0,-1,5,0,0,9,420,0,-1,0,300,0,-1,[0|0|0|0],0,0,0,0,0,0,0,0,0,0,0,0,0,0,0,0,0,0,0,0,0,0,0,0,0,0,0,0,0,0,0,0,304,[0|0|0|0|0|0|0|0|0|0|0|0],0,0,0,0,0,0,0,0,0,0,0,0,0,0,-1,0,0,0,0,-1,-1,-1,-1,-1,-1,-1,-1,-1,-1,-1,-1,0,0,-1,0,0,0,0,0,0,0,0,[0|0],30110000,4.2,0,-1,0,0,-1,1,1,1,1,1,1,1,1,0,0,0,0,0,0,0,0,0,0,0,0,0,0,0,0,0,0,0,0,0,0,0,0,0,[0|0],0,0,0,[0|0|0],0,0,0,-1,[0|0|0|0],19,590,0,0,0,-1,-1,-1,-1,-1,-1,-1,-1,-1,-1,0,0,0,0,0,0,0,0,0,-1,[0|0],360,0,0,0,[0|0|0],10,0,0,0,0,-1,-1,-1,-1,-1,-1,[0|0|0|0],0,0,0,0,0,[0|0|0],0,0,0,0,0,0,0,0,0,0,0,0,0,0,0,0,0,0,0,0,0,0,0,0,0,0,0,0,0,0,0,0,0,0,[0|0|0],0,0,0,0,3040,[0|0|0|0],1,0,0,0,0,[0|0|0],0,0,0,0,0,-1,-1,-1,-1,1,0,0,0,0,0,0,0,0,0,0,100,0,0,0,-1,0,0,2,0,0,1,0,0,0,0,0,0,0,0,1,1,0,0,-1,0,-1,0,0,0,0,1,0,0,0,0,0,0,0,0,1,1,0,0,0,0,-1,1,1,8224,0,0,0,0,0,0,1,-1,0,0,1,0,0,0,0,1,0,0,0,0,1,-1,[0|0|0|0|0|0|0|0|0|0|0|0|0|0|0|0|0|0|0|0|0|0|0|0|0|0|0|0]
30120000,CONTAINER MISSILE LAUNCHER - BML-G1/P29CNT (Right),0,0,0,[0|0|0],31210,3012010,0,6370,0,0,0,0,0,0,0,0,100,0,0,0,-1,-1,-1,-1,-1,-1,-1,-1,-1,-1,-1,-1,-1,-1,-1,-1,-1,-1,-1,-1,-1,-1,-1,1,1,1,1,0,0,0,4320,0,100,100,0,-1,0,0,100,0,100,0,0,0,0,0,-1,16,0,0,7,3,21,0,0,0,100,0,0,305,0,0,0,0,0,0,0,0,0,0,0,0,0,0,0,0,0,0,0,0,0,0,0,1,1,0,0,0,0,0,0,0,0,0,0,0,1,0,1,0,0,0,0,0,0,0,0,1,0,1,1,1,1,0,0,100,1,1,0,0,-1,-1,-1,-1,-1,-1,-1,-1,-1,-1,-1,-1,-1,-1,-1,-1,-1,-1,-1,-1,-1,-1,-1,-1,0,0,300,0,0,0,0,0,0,0,0,0,0,0,1,1,0,0,0,0,0,0,0,0,0,0,0,0,0,0,0,-1,-1,-1,-1,-1,-1,-1,-1,-1,0,-1,0,0,-1,0,0,0,0,0,-1,-1,-1,0,[0|0|0|0],-1,-1,-1,-1,170,-1,-1,-1,1,1,1,1,1,1,1,1,1,-1,-1,-1,-1,-1,0,-1,0,1,0,0,0,0,1,1,1,1,0,0,-1,0,[0|0|0|0],1,1,1,[0|0|0|0],-1,0,0,[0|0|0|0|0|0|0|0],-1,-1,-1,-1,-1,[0|0|0|0],-1,-1,-1,[0|0|0|0|0|0|0|0],-1,-1,-1,[0|0|0|0|0|0|0|0],0,0,0,[0|0|0|0],12,-1,500,100,1,1,0,-1,5,0,0,9,150,0,-1,0,800,0,-1,[0|0|0|0],0,0,0,0,0,0,0,0,0,0,0,0,0,0,0,0,0,0,0,0,0,0,0,0,0,0,0,0,0,0,0,0,302,[0|0|0|0|0|0|0|0|0|0|0|0],0,0,0,0,0,0,0,0,0,0,0,0,0,0,-1,0,0,0,0,-1,-1,-1,-1,-1,-1,-1,-1,-1,-1,-1,-1,0,0,-1,0,0,0,0,0,0,0,0,[0|0],30120000,8,0,-1,0,0,-1,1,1,1,1,1,1,1,1,0,0,0,0,0,0,0,0,0,0,0,0,0,0,0,0,0,0,0,0,0,0,0,0,0,[0|0],0,0,0,[0|0|0],0,0,0,-1,[0|0|0|0],16,560,0,0,0,-1,-1,-1,-1,-1,-1,-1,-1,-1,-1,0,0,0,0,0,0,0,0,0,-1,[0|0],360,0,0,0,[0|0|0],5,0,0,0,0,-1,-1,-1,-1,-1,-1,[0|0|0|0],0,0,0,0,0,[0|0|0],0,0,0,0,0,0,0,0,0,0,0,0,0,0,0,0,0,0,0,0,0,0,0,0,0,0,0,0,0,0,0,0,0,0,[0|0|0],0,0,0,0,3050,[0|0|0|0],1,0,0,0,0,[0|0|0],0,0,0,0,0,-1,-1,-1,-1,1,0,0,0,0,0,0,0,0,0,0,100,0,0,0,-1,0,2,4,255,1,1,2,2,2,2,2,2,2,2,1,1,0,0,-1,0,-1,0,0,0,0,1,0,0,0,0,0,0,0,0,1,1,0,0,0,0,-1,1,1,8223,0,1,0,0,0,0,1,-1,0,0,1,0,0,0,0,1,0,0,0,0,1,-1,[0|0|0|0|0|0|0|0|0|0|0|0|0|0|0|0|0|0|0|0|0|0|0|0|0|0|0|0]
30130000,CLUSTER MISSILE LAUNCHER - WR-0999 DELIVERY BOY (Right),0,0,0,[0|0|0],31310,3013010,0,6890,0,0,0,0,0,0,0,0,100,0,0,0,-1,-1,-1,-1,-1,-1,-1,-1,-1,-1,-1,-1,-1,-1,-1,-1,-1,-1,-1,-1,-1,-1,-1,1,1,1,1,0,0,0,4340,0,100,100,0,-1,0,0,100,0,100,0,0,0,0,0,-1,16,0,0,7,3,22,0,0,0,100,0,0,305,0,0,0,0,0,0,0,0,0,0,0,0,0,0,0,0,0,0,0,0,0,0,0,1,1,0,0,0,0,0,0,0,0,0,0,0,1,0,1,0,0,0,0,0,0,0,0,1,0,1,1,1,1,0,0,100,1,1,0,0,-1,-1,-1,-1,-1,-1,-1,-1,-1,-1,-1,-1,-1,-1,-1,-1,-1,-1,-1,-1,-1,-1,-1,-1,0,0,300,0,0,0,0,0,0,0,0,0,0,0,1,1,0,0,0,0,0,0,0,0,0,0,0,0,0,0,0,-1,-1,-1,-1,-1,-1,-1,-1,-1,0,-1,0,0,-1,0,0,0,0,0,-1,-1,-1,0,[0|0|0|0],-1,-1,-1,-1,150,-1,-1,-1,1,1,1,1,1,1,1,1,1,-1,-1,-1,-1,-1,0,-1,0,1,0,0,0,0,1,1,1,1,0,0,-1,0,[0|0|0|0],1,1,1,[0|0|0|0],-1,0,0,[0|0|0|0|0|0|0|0],-1,-1,-1,-1,-1,[0|0|0|0],-1,-1,-1,[0|0|0|0|0|0|0|0],-1,-1,-1,[0|0|0|0|0|0|0|0],0,0,0,[0|0|0|0],20,-1,500,100,1,1,0,-1,5,0,0,9,499,0,-1,0,600,0,-1,[0|0|0|0],0,0,0,0,0,0,0,0,0,0,0,0,0,0,0,0,0,0,0,0,0,0,0,0,0,0,0,0,0,0,0,0,302,[0|0|0|0|0|0|0|0|0|0|0|0],0,0,0,0,0,0,0,0,0,0,0,0,0,0,-1,0,0,0,0,-1,-1,-1,-1,-1,-1,-1,-1,-1,-1,-1,-1,0,0,-1,0,0,0,0,0,0,0,0,[0|0],30130000,9,0,-1,0,0,-1,1,1,1,1,1,1,1,1,0,0,0,0,0,0,0,0,0,0,0,0,0,0,0,0,0,0,0,0,0,0,0,0,0,[0|0],0,0,0,[0|0|0],0,0,0,-1,[0|0|0|0],6,570,0,0,0,-1,-1,-1,-1,-1,-1,-1,-1,-1,-1,0,0,0,0,0,0,0,0,0,-1,[0|0],360,0,0,0,[0|0|0],3,0,0,0,0,-1,-1,-1,-1,-1,-1,[0|0|0|0],0,0,0,0,0,[0|0|0],0,0,0,0,0,0,0,0,0,0,0,0,0,0,0,0,0,0,0,0,0,0,0,0,0,0,0,0,0,0,0,0,0,0,[0|0|0],0,0,0,0,3050,[0|0|0|0],1,0,0,0,0,[0|0|0],0,0,0,0,0,-1,-1,-1,-1,1,0,0,0,0,0,0,0,0,0,0,100,0,0,0,-1,0,4,0,255,255,1,4,4,4,4,0,4,0,0,1,1,0,0,-1,0,-1,0,0,0,0,1,0,0,0,0,0,0,0,0,1,1,0,0,0,0,-1,1,1,8225,0,0,0,0,0,0,3,-1,0,0,1,0,0,0,0,1,0,0,0,0,1,-1,[0|0|0|0|0|0|0|0|0|0|0|0|0|0|0|0|0|0|0|0|0|0|0|0|0|0|0|0]
30140100,LASER DRONE - Vvc-700LD (Right),0,0,0,[0|0|0],31410,3014010,0,3800,0,0,0,0,0,0,0,0,100,0,0,0,-1,-1,-1,-1,-1,-1,-1,-1,-1,-1,-1,-1,-1,-1,-1,-1,-1,-1,-1,-1,-1,-1,-1,1,1,1,1,0,0,0,5810,0,100,100,0,-1,0,100,0,0,100,0,0,0,0,0,-1,16,0,0,7,3,22,0,0,0,100,0,0,999,0,0,0,0,0,0,0,0,0,0,0,0,0,0,0,0,0,0,0,0,0,0,0,1,1,0,0,0,0,0,0,0,0,0,0,0,1,0,1,0,0,0,0,0,0,0,0,1,0,1,1,1,1,0,0,100,1,1,0,0,-1,-1,-1,-1,-1,-1,-1,-1,-1,-1,-1,-1,-1,-1,-1,-1,-1,-1,-1,-1,-1,-1,-1,-1,0,0,300,0,0,0,0,0,0,0,0,0,0,0,1,1,0,0,0,0,0,0,0,0,0,0,0,0,0,0,0,-1,-1,-1,-1,-1,-1,-1,-1,-1,0,-1,0,0,-1,0,0,0,0,0,-1,-1,-1,0,[0|0|0|0],-1,-1,-1,-1,350,-1,-1,-1,1,1,1,1,1,1,1,1,1,-1,-1,-1,-1,-1,0,-1,0,1,0,0,0,0,1,1,1,1,0,0,-1,0,[0|0|0|0],6,1,1,[0|0|0|0],-1,0,0,[0|0|0|0|0|0|0|0],-1,-1,-1,-1,-1,[0|0|0|0],-1,-1,-1,[0|0|0|0|0|0|0|0],-1,-1,-1,[0|0|0|0|0|0|0|0],0,0,0,[0|0|0|0],120,-1,500,100,1,1,0,-1,5,0,0,9,570,0,-1,0,150,0,-1,[0|0|0|0],0,0,0,0,0,0,0,0,0,0,0,0,0,0,0,0,0,0,0,0,0,0,0,0,0,0,0,0,0,0,0,0,0,[0|0|0|0|0|0|0|0|0|0|0|0],0,0,0,0,0,0,0,0,0,0,0,0,0,0,-1,0,0,0,0,-1,-1,-1,-1,-1,-1,-1,-1,-1,-1,-1,-1,0,0,-1,0,0,0,0,0,0,0,0,[0|0],30140100,10,0.8,0.5,0.4,0,-1,1,1,1,1,1,1,1,1,0,0,0,0,0,0,0,0,0,0,0,0,0,0,0,0,0,0,0,0,0,0,0,0,0,[0|0],0,0,0,[0|0|0],0,0,0,-1,[0|0|0|0],9,1230,0,0,0,-1,-1,-1,-1,-1,-1,-1,-1,-1,-1,0,0,0,0,0,0,0,0,0,-1,[0|0],360,0,0,0,[0|0|0],0,0,0,0,0,-1,-1,-1,-1,-1,-1,[0|0|0|0],0,0,0,0,0,[0|0|0],0,0,0,0,0,0,0,0,0,0,0,0,0,0,0,0,0,0,0,0,0,0,0,0,0,0,0,0,0,0,0,0,0,0,[0|0|0],0,0,0,0,0,[0|0|0|0],1,0,0,0,0,[0|0|0],0,0,0,0,0,-1,-1,-1,-1,1,0,0,0,0,0,0,0,0,0,0,100,0,0,0,-1,0,3,2,0,0,6,3,3,3,3,1,0,0,0,1,1,0,0,-1,0,600,3,0,0,0,2,3,3,3,3,1,0,0,1,1,1,0,0,0,0,-1,1,1,8235,0,0,0,0,0,0,3,-1,0,0,2,0,0,0,0,1,0,0,0,0,1,-1,[0|0|0|0|0|0|0|0|0|0|0|0|0|0|0|0|0|0|0|0|0|0|0|0|0|0|0|0]
30150000,STUN MISSILE LAUNCHER - EL-PW-04 TORMENTA (Right),0,0,0,[0|0|0],31500,3011000,0,3010,0,0,0,0,0,0,0,0,100,0,0,0,-1,-1,-1,-1,-1,-1,-1,-1,-1,-1,-1,-1,-1,-1,-1,-1,-1,-1,-1,-1,-1,-1,-1,1,1,1,1,0,0,0,4335,0,100,100,0,-1,100,0,0,0,100,0,0,0,0,0,-1,16,0,0,7,3,22,0,0,0,100,0,0,999,0,0,0,0,0,0,0,0,0,0,0,0,0,0,0,0,0,0,0,0,0,0,0,1,1,0,0,0,0,0,0,0,0,0,0,0,1,0,1,0,0,0,0,0,0,0,0,1,0,1,1,1,1,0,0,100,1,1,0,0,-1,-1,-1,-1,-1,-1,-1,-1,-1,-1,-1,-1,-1,-1,-1,-1,-1,-1,-1,-1,-1,-1,-1,-1,0,0,300,0,0,0,0,0,0,0,0,0,0,0,1,1,0,0,0,0,0,0,0,0,0,0,0,0,0,0,0,-1,-1,-1,-1,-1,-1,-1,-1,-1,0,-1,0,0,-1,0,0,0,0,0,-1,-1,-1,0,[0|0|0|0],-1,-1,-1,-1,200,-1,-1,-1,1,1,1,1,1,1,1,1,1,-1,-1,-1,-1,-1,0,-1,0,1,0,0,0,0,1,1,1,1,0,0,-1,0,[0|0|0|0],2,1,1,[0|0|0|0],-1,0,0,[0|0|0|0|0|0|0|0],-1,-1,-1,-1,-1,[0|0|0|0],-1,-1,-1,[0|0|0|0|0|0|0|0],-1,-1,-1,[0|0|0|0|0|0|0|0],0,0,0,[0|0|0|0],68,-1,700,100,1,1,0,-1,5,0,0,9,470,0,-1,0,350,0,-1,[0|0|0|0],0,0,0,0,0,0,0,0,0,0,0,0,0,0,0,0,0,0,0,0,0,0,0,0,0,0,0,0,0,0,0,0,304,[0|0|0|0|0|0|0|0|0|0|0|0],0,0,0,0,0,0,0,0,0,0,0,0,0,0,-1,0,0,0,0,-1,-1,-1,-1,-1,-1,-1,-1,-1,-1,-1,-1,0,0,-1,0,0,0,0,0,0,0,0,[0|0],30110000,4,0,-1,0,0,-1,1,1,1,1,1,1,1,1,0,0,0,0,0,0,0,0,0,0,0,0,0,0,0,0,0,0,0,0,0,0,0,0,0,[0|0],0,0,0,[0|0|0],0,0,0,-1,[0|0|0|0],19,590,0,0,0,-1,-1,-1,-1,-1,-1,-1,-1,-1,-1,0,0,0,0,0,0,0,0,0,-1,[0|0],360,0,0,0,[0|0|0],10,0,0,0,0,-1,-1,-1,-1,-1,-1,[0|0|0|0],0,0,0,0,0,[0|0|0],0,0,0,0,0,0,0,0,0,0,0,0,0,0,0,0,0,0,0,0,0,0,0,0,0,0,0,0,0,0,0,0,0,0,[0|0|0],0,0,0,0,3040,[0|0|0|0],1,0,0,0,0,[0|0|0],0,0,0,0,0,-1,-1,-1,-1,1,0,0,0,0,0,0,0,0,0,0,100,0,0,0,-1,0,0,2,0,0,1,0,0,0,0,0,0,0,0,1,1,0,0,-1,0,-1,0,0,0,0,1,0,0,0,0,0,0,0,0,1,1,0,0,0,0,-1,1,1,8224,0,0,0,0,0,0,1,-1,0,0,1,0,0,0,0,1,0,0,0,0,1,-1,[0|0|0|0|0|0|0|0|0|0|0|0|0|0|0|0|0|0|0|0|0|0|0|0|0|0|0|0]
30150100,LASER TURRET - VP-60LT (Right),0,0,0,[0|0|0],31510,3015010,0,2800,0,0,0,0,0,0,0,0,100,0,0,0,-1,-1,-1,-1,-1,-1,-1,-1,-1,-1,-1,-1,-1,-1,-1,-1,-1,-1,-1,-1,-1,-1,-1,1,1,1,1,0,0,0,5820,0,100,100,0,-1,0,100,0,0,100,0,0,0,0,0,-1,16,0,0,7,3,21,0,0,0,100,0,0,999,0,0,0,0,0,0,0,0,0,0,0,0,0,0,0,0,0,0,0,0,0,0,0,1,1,0,0,0,0,0,0,0,0,0,0,0,1,0,1,0,0,0,0,0,0,0,0,1,0,1,1,1,1,0,0,100,1,1,0,0,-1,-1,-1,-1,-1,-1,-1,-1,-1,-1,-1,-1,-1,-1,-1,-1,-1,-1,-1,-1,-1,-1,-1,-1,0,0,300,0,0,0,0,0,0,0,0,0,0,0,1,1,0,0,0,0,0,0,0,0,0,0,0,0,0,0,0,-1,-1,-1,-1,-1,-1,-1,-1,-1,0,-1,0,0,-1,0,0,0,0,0,-1,-1,-1,0,[0|0|0|0],-1,-1,-1,-1,320,-1,-1,-1,1,1,1,1,1,1,1,1,1,-1,-1,-1,-1,-1,0,-1,0,1,0,0,0,0,1,1,1,1,0,0,-1,0,[0|0|0|0],3,1,1,[0|0|0|0],-1,0,0,[0|0|0|0|0|0|0|0],-1,-1,-1,-1,-1,[0|0|0|0],-1,-1,-1,[0|0|0|0|0|0|0|0],-1,-1,-1,[0|0|0|0|0|0|0|0],0,0,0,[0|0|0|0],52,-1,500,100,1,1,0,-1,5,0,0,9,560,0,-1,0,500,0,-1,[0|0|0|0],0,0,0,0,0,0,0,0,0,0,0,0,0,0,0,0,0,0,0,0,0,0,0,0,0,0,0,0,0,0,0,0,0,[0|0|0|0|0|0|0|0|0|0|0|0],0,0,0,0,0,0,0,0,0,0,0,0,0,0,-1,0,0,0,0,-1,-1,-1,-1,-1,-1,-1,-1,-1,-1,-1,-1,0,0,-1,0,0,0,0,0,0,0,0,[0|0],30150100,5,0,-1,0,0,-1,1,1,1,1,1,1,1,1,0,0,0,0,0,0,0,0,0,0,0,0,0,0,0,0,0,0,0,0,0,0,0,0,0,[0|0],0,0,0,[0|0|0],0,0,0,-1,[0|0|0|0],7,1220,0,0,0,-1,-1,-1,-1,-1,-1,-1,-1,-1,-1,0,0,0,0,0,0,0,0,0,-1,[0|0],360,0,0,0,[0|0|0],0,0,0,0,0,-1,-1,-1,-1,-1,-1,[0|0|0|0],0,0,0,0,0,[0|0|0],0,0,0,0,0,0,0,0,0,0,0,0,0,0,0,0,0,0,0,0,0,0,0,0,0,0,0,0,0,0,0,0,0,0,[0|0|0],0,0,0,0,0,[0|0|0|0],1,0,0,0,0,[0|0|0],0,0,0,0,0,-1,-1,-1,-1,1,0,0,0,0,0,0,0,0,0,0,100,0,0,0,-1,0,4,2,4,3,1,4,4,4,4,4,4,0,0,1,1,0,0,-1,0,-1,0,0,0,0,1,0,0,0,0,0,0,0,0,1,1,0,0,0,0,-1,1,1,8236,0,0,0,0,0,0,1,-1,0,0,1,0,0,0,0,1,0,0,0,0,1,-1,[0|0|0|0|0|0|0|0|0|0|0|0|0|0|0|0|0|0|0|0|0|0|0|0|0|0|0|0]
30150400,SUPPLY SHERPA - SO-S-277 OGAI (Right),0,0,0,[0|0|0],31540,8015040,0,18250,0,0,0,0,0,0,0,0,100,0,0,0,-1,-1,-1,-1,-1,-1,-1,-1,-1,-1,-1,-1,-1,-1,-1,-1,-1,-1,-1,-1,-1,-1,-1,1,1,1,1,0,0,0,5820,0,100,100,0,-1,0,0,0,0,100,0,0,0,0,0,-1,16,0,0,7,3,21,0,0,0,100,0,0,999,0,0,0,0,0,0,0,0,0,0,0,0,0,0,0,0,0,0,0,0,0,0,0,1,1,0,0,0,0,0,0,0,0,0,0,0,1,0,1,0,0,0,0,0,0,0,0,1,0,1,1,1,1,0,0,100,1,1,0,0,-1,-1,-1,-1,-1,-1,-1,-1,-1,-1,-1,-1,-1,-1,-1,-1,-1,-1,-1,-1,-1,-1,-1,-1,0,0,300,0,0,0,0,0,0,0,0,0,0,0,1,1,0,0,0,0,0,0,0,0,0,0,0,0,0,0,0,-1,-1,-1,-1,-1,-1,-1,-1,-1,0,-1,0,0,-1,0,0,0,0,0,-1,-1,-1,0,[0|0|0|0],-1,-1,-1,-1,320,-1,-1,-1,1,1,1,1,1,1,1,1,1,-1,-1,-1,-1,-1,0,-1,0,1,0,0,0,0,1,1,1,1,0,0,-1,0,[0|0|0|0],-1,1,1,[0|0|0|0],-1,0,0,[0|0|0|0|0|0|0|0],-1,-1,-1,-1,-1,[0|0|0|0],-1,-1,-1,[0|0|0|0|0|0|0|0],-1,-1,-1,[0|0|0|0|0|0|0|0],0,0,0,[0|0|0|0],1,-1,500,100,1,1,0,-1,5,0,0,9,1206,0,35150400,0,8000,0,-1,[0|0|0|0],0,0,0,0,0,0,0,0,0,0,0,0,0,0,0,0,0,0,0,0,0,0,0,0,0,0,0,0,0,0,0,0,0,[0|0|0|0|0|0|0|0|0|0|0|0],0,0,0,0,0,0,0,0,0,0,0,0,0,0,-1,0,0,0,0,-1,-1,-1,-1,-1,-1,-1,-1,-1,-1,-1,-1,0,0,-1,0,0,0,0,0,0,0,0,[0|0],30150100,-1,0,-1,0,0,-1,1,1,1,1,1,1,1,1,0,0,0,0,0,0,0,0,0,0,0,0,0,0,0,0,0,0,0,0,0,0,0,0,0,[0|0],0,0,0,[0|0|0],0,0,0,-1,[0|0|0|0],15,1223,0,0,0,-1,-1,-1,-1,-1,-1,-1,-1,-1,-1,0,0,0,0,0,0,0,0,0,-1,[0|0],360,0,0,0,[0|0|0],0,0,0,0,0,-1,-1,-1,-1,-1,-1,[0|0|0|0],0,0,0,0,0,[0|0|0],0,0,0,0,0,0,0,0,0,0,0,0,0,0,0,0,0,0,0,0,0,0,0,0,0,0,0,0,0,0,0,0,0,0,[0|0|0],0,0,0,0,0,[0|0|0|0],1,0,0,0,0,[0|0|0],0,0,0,0,0,-1,-1,-1,-1,1,0,0,0,0,0,0,0,0,0,0,100,0,0,0,-1,0,4,2,4,3,1,4,4,4,4,4,4,0,0,1,1,0,0,-1,0,-1,0,0,0,0,1,0,0,0,0,0,0,0,0,1,1,0,0,0,0,-1,1,1,-1,0,0,0,0,0,0,1,-1,0,0,1,0,0,0,0,1,0,0,0,0,1,-1,[0|0|0|0|0|0|0|0|0|0|0|0|0|0|0|0|0|0|0|0|0|0|0|0|0|0|0|0]
30150200,ROCKET TURRET - RT-699 FABRE (Right),0,0,0,[0|0|0],31520,3015010,0,3000,0,0,0,0,0,0,0,0,100,0,0,0,-1,-1,-1,-1,-1,-1,-1,-1,-1,-1,-1,-1,-1,-1,-1,-1,-1,-1,-1,-1,-1,-1,-1,1,1,1,1,0,0,0,5830,0,100,100,0,-1,0,0,100,0,100,0,0,0,0,0,-1,16,0,0,7,3,21,0,0,0,100,0,0,999,0,0,0,0,0,0,0,0,0,0,0,0,0,0,0,0,0,0,0,0,0,0,0,1,1,0,0,0,0,0,0,0,0,0,0,0,1,0,1,0,0,0,0,0,0,0,0,1,0,1,1,1,1,0,0,100,1,1,0,0,-1,-1,-1,-1,-1,-1,-1,-1,-1,-1,-1,-1,-1,-1,-1,-1,-1,-1,-1,-1,-1,-1,-1,-1,0,0,300,0,0,0,0,0,0,0,0,0,0,0,1,1,0,0,0,0,0,0,0,0,0,0,0,0,0,0,0,-1,-1,-1,-1,-1,-1,-1,-1,-1,0,-1,0,0,-1,0,0,0,0,0,-1,-1,-1,0,[0|0|0|0],-1,-1,-1,-1,320,-1,-1,-1,1,1,1,1,1,1,1,1,1,-1,-1,-1,-1,-1,0,-1,0,1,0,0,0,0,1,1,1,1,0,0,-1,0,[0|0|0|0],2,1,1,[0|0|0|0],-1,0,0,[0|0|0|0|0|0|0|0],-1,-1,-1,-1,-1,[0|0|0|0],-1,-1,-1,[0|0|0|0|0|0|0|0],-1,-1,-1,[0|0|0|0|0|0|0|0],0,0,0,[0|0|0|0],44,-1,500,100,1,1,0,-1,5,0,0,9,490,0,-1,0,600,0,-1,[0|0|0|0],0,0,0,0,0,0,0,0,0,0,0,0,0,0,0,0,0,0,0,0,0,0,0,0,0,0,0,0,0,0,0,0,0,[0|0|0|0|0|0|0|0|0|0|0|0],0,0,0,0,0,0,0,0,0,0,0,0,0,0,-1,0,0,0,0,-1,-1,-1,-1,-1,-1,-1,-1,-1,-1,-1,-1,0,0,-1,0,0,0,0,0,0,0,0,[0|0],30150100,5.7,0,-1,0,0,-1,1,1,1,1,1,1,1,1,0,0,0,0,0,0,0,0,0,0,0,0,0,0,0,0,0,0,0,0,0,0,0,0,0,[0|0],0,0,0,[0|0|0],0,0,0,-1,[0|0|0|0],11,1221,0,0,0,-1,-1,-1,-1,-1,-1,-1,-1,-1,-1,0,0,0,0,0,0,0,0,0,-1,[0|0],360,0,0,0,[0|0|0],0,0,0,0,0,-1,-1,-1,-1,-1,-1,[0|0|0|0],0,0,0,0,0,[0|0|0],0,0,0,0,0,0,0,0,0,0,0,0,0,0,0,0,0,0,0,0,0,0,0,0,0,0,0,0,0,0,0,0,0,0,[0|0|0],0,0,0,0,0,[0|0|0|0],1,0,0,0,0,[0|0|0],0,0,0,0,0,-1,-1,-1,-1,1,0,0,0,0,0,0,0,0,0,0,100,0,0,0,-1,0,4,2,4,3,1,4,4,4,4,4,4,0,0,1,1,0,0,-1,0,-1,0,0,0,0,1,0,0,0,0,0,0,0,0,1,1,0,0,0,0,-1,1,1,8236,0,0,0,0,0,0,1,-1,0,0,1,0,0,0,0,1,0,0,0,0,1,-1,[0|0|0|0|0|0|0|0|0|0|0|0|0|0|0|0|0|0|0|0|0|0|0|0|0|0|0|0]
30150300,FLAME TURRET - CRAZ-E-T-04-RT "MANYPUNK" (Right),0,0,0,[0|0|0],31530,3015010,0,3140,0,0,0,0,0,0,0,0,100,0,0,0,-1,-1,-1,-1,-1,-1,-1,-1,-1,-1,-1,-1,-1,-1,-1,-1,-1,-1,-1,-1,-1,-1,-1,1,1,1,1,0,0,0,5828,0,100,100,0,-1,0,0,100,0,100,0,0,0,0,0,-1,16,0,0,7,3,21,0,0,0,100,0,0,999,0,0,0,0,0,0,0,0,0,0,0,0,0,0,0,0,0,0,0,0,0,0,0,1,1,0,0,0,0,0,0,0,0,0,0,0,1,0,1,0,0,0,0,0,0,0,0,1,0,1,1,1,1,0,0,100,1,1,0,0,-1,-1,-1,-1,-1,-1,-1,-1,-1,-1,-1,-1,-1,-1,-1,-1,-1,-1,-1,-1,-1,-1,-1,-1,0,0,300,0,0,0,0,0,0,0,0,0,0,0,1,1,0,0,0,0,0,0,0,0,0,0,0,0,0,0,0,-1,-1,-1,-1,-1,-1,-1,-1,-1,0,-1,0,0,-1,0,0,0,0,0,-1,-1,-1,0,[0|0|0|0],-1,-1,-1,-1,320,-1,-1,-1,1,1,1,1,1,1,1,1,1,-1,-1,-1,-1,-1,0,-1,0,1,0,0,0,0,1,1,1,1,0,0,-1,0,[0|0|0|0],1,1,1,[0|0|0|0],-1,0,0,[0|0|0|0|0|0|0|0],-1,-1,-1,-1,-1,[0|0|0|0],-1,-1,-1,[0|0|0|0|0|0|0|0],-1,-1,-1,[0|0|0|0|0|0|0|0],0,0,0,[0|0|0|0],58,-1,500,100,1,1,0,-1,5,0,0,9,420,0,-1,0,450,0,-1,[0|0|0|0],0,0,0,0,0,0,0,0,0,0,0,0,0,0,0,0,0,0,0,0,0,0,0,0,0,0,0,0,0,0,0,0,0,[0|0|0|0|0|0|0|0|0|0|0|0],0,0,0,0,0,0,0,0,0,0,0,0,0,0,-1,0,0,0,0,-1,-1,-1,-1,-1,-1,-1,-1,-1,-1,-1,-1,0,0,-1,0,0,0,0,0,0,0,0,[0|0],30150100,6,0,-1,0,0,-1,1,1,1,1,1,1,1,1,0,0,0,0,0,0,0,0,0,0,0,0,0,0,0,0,0,0,0,0,0,0,0,0,0,[0|0],0,0,0,[0|0|0],0,0,0,-1,[0|0|0|0],1,1222,0,0,0,-1,-1,-1,-1,-1,-1,-1,-1,-1,-1,0,0,0,0,0,0,0,0,0,-1,[0|0],360,0,0,0,[0|0|0],0,0,0,0,0,-1,-1,-1,-1,-1,-1,[0|0|0|0],0,0,0,0,0,[0|0|0],0,0,0,0,0,0,0,0,0,0,0,0,0,0,0,0,0,0,0,0,0,0,0,0,0,0,0,0,0,0,0,0,0,0,[0|0|0],0,0,0,0,0,[0|0|0|0],1,0,0,0,0,[0|0|0],0,0,0,0,0,-1,-1,-1,-1,1,0,0,0,0,0,0,0,0,0,0,100,0,0,0,-1,0,4,1,4,3,1,4,4,4,4,4,4,0,0,1,1,0,0,-1,0,-1,0,0,0,0,1,0,0,0,0,0,0,0,0,1,1,0,0,0,0,-1,1,1,8236,0,0,0,0,0,0,1,-1,0,0,1,0,0,0,0,1,0,0,0,0,1,-1,[0|0|0|0|0|0|0|0|0|0|0|0|0|0|0|0|0|0|0|0|0|0|0|0|0|0|0|0]
30200000,SPREAD BAZOOKA - SB-033M MORLEY (Right),0,0,0,[0|0|0],32000,3020000,0,6580,0,0,0,0,0,0,0,0,100,0,0,0,-1,-1,-1,-1,-1,-1,-1,-1,-1,-1,-1,-1,-1,-1,-1,-1,-1,-1,-1,-1,-1,-1,-1,1,1,1,1,0,0,0,4110,0,100,100,0,-1,0,0,100,0,100,0,0,0,0,0,-1,16,0,0,7,3,21,0,0,0,100,0,0,999,0,0,0,0,0,0,0,0,0,0,0,0,0,0,0,0,0,0,0,0,0,0,0,1,1,0,0,0,0,0,0,0,0,0,0,0,1,0,1,0,0,0,0,0,0,0,0,1,0,1,1,1,1,0,0,100,1,1,0,0,-1,-1,-1,-1,-1,-1,-1,-1,-1,-1,-1,-1,-1,-1,-1,-1,-1,-1,-1,-1,-1,-1,-1,-1,0,0,300,0,0,0,0,0,0,0,0,0,0,0,1,1,0,0,0,0,0,0,0,0,0,0,0,0,0,0,0,-1,-1,-1,-1,-1,-1,-1,-1,-1,0,-1,0,0,-1,0,0,0,0,0,-1,-1,-1,0,[0|0|0|0],-1,-1,-1,-1,180,-1,-1,-1,1,1,1,1,1,1,1,1,1,-1,-1,-1,-1,-1,0,-1,0,1,0,0,0,0,1,1,1,1,0,0,-1,0,[0|0|0|0],1,1,1,[0|0|0|0],-1,0,0,[0|0|0|0|0|0|0|0],-1,-1,-1,-1,-1,[0|0|0|0],-1,-1,-1,[0|0|0|0|0|0|0|0],-1,-1,-1,[0|0|0|0|0|0|0|0],0,0,0,[0|0|0|0],25,-1,450,100,1,1,0,-1,5,0,0,10,465,0,-1,0,800,0,-1,[0|0|0|0],0,0,0,0,0,0,0,0,0,0,0,0,0,0,0,0,0,0,0,0,0,0,0,0,0,0,0,0,0,0,0,0,301,[0|0|0|0|0|0|0|0|0|0|0|0],0,0,0,0,0,0,0,0,0,0,0,0,0,0,-1,0,0,0,0,-1,-1,-1,-1,-1,-1,-1,-1,-1,-1,-1,-1,0,0,-1,0,0,0,0,0,0,0,0,[0|0],30200000,5,0,-1,0,0,-1,1,1,1,1,1,1,1,1,0,0,0,0,0,0,0,0,0,0,0,0,0,0,0,0,0,0,0,0,0,0,0,0,0,[0|0],0,0,0,[0|0|0],0,0,0,-1,[0|0|0|0],11,1010,0,0,0,-1,-1,-1,-1,-1,-1,-1,-1,-1,-1,0,0,0,0,0,0,0,0,0,-1,[0|0],360,0,0,0,[0|0|0],9,0,0,0,0,-1,-1,-1,-1,-1,-1,[0|0|0|0],0,0,0,0,0,[0|0|0],0,0,0,0,0,0,0,0,0,0,0,0,0,0,0,0,0,0,0,0,0,0,0,0,0,0,0,0,0,0,0,0,0,0,[0|0|0],0,0,0,0,3010,[0|0|0|0],1,0,0,0,0,[0|0|0],0,0,0,0,0,-1,-1,-1,-1,1,0,0,0,0,0,0,0,0,0,0,100,0,0,0,-1,0,2,0,0,0,1,2,2,2,2,0,2,1,0,1,1,0,0,-1,1,-1,0,0,0,0,1,0,0,0,0,0,0,0,0,1,1,0,0,0,0,-1,1,1,8201,0,0,0,0,0,0,1,-1,0,0,1,0,0,0,0,1,0,0,0,0,1,-1,[0|0|0|0|0|0|0|0|0|0|0|0|0|0|0|0|0|0|0|0|0|0|0|0|0|0|0|0]
30210000,GRENADE CANNON - EARSHOT (Right),0,0,0,[0|0|0],32100,3021000,0,7230,0,0,0,0,0,0,0,0,100,0,0,0,-1,-1,-1,-1,-1,-1,-1,-1,-1,-1,-1,-1,-1,-1,-1,-1,-1,-1,-1,-1,-1,-1,-1,1,1,1,1,0,0,0,4010,0,100,100,0,-1,0,0,100,0,100,0,0,0,0,0,-1,16,0,0,7,3,21,0,0,0,100,0,0,999,0,0,0,0,0,0,0,0,0,0,0,0,0,0,0,0,0,0,0,0,0,0,0,1,1,0,0,0,0,0,0,0,0,0,0,0,1,0,1,0,0,0,0,0,0,0,0,1,0,1,1,1,1,0,0,100,1,1,0,0,-1,-1,-1,-1,-1,-1,-1,-1,-1,-1,-1,-1,-1,-1,-1,-1,-1,-1,-1,-1,-1,-1,-1,-1,0,0,300,0,0,0,0,0,0,0,0,0,0,0,1,1,0,0,0,0,0,0,0,0,0,0,0,0,0,0,0,-1,-1,-1,-1,-1,-1,-1,-1,-1,0,-1,0,0,-1,0,0,0,0,0,-1,-1,-1,0,[0|0|0|0],-1,-1,-1,-1,200,-1,-1,-1,1,1,1,1,1,1,1,1,1,-1,-1,-1,-1,-1,0,-1,0,1,0,0,0,0,1,1,1,1,0,0,-1,0,[0|0|0|0],1,1,1,[0|0|0|0],-1,0,0,[0|0|0|0|0|0|0|0],-1,-1,-1,-1,-1,[0|0|0|0],-1,-1,-1,[0|0|0|0|0|0|0|0],-1,-1,-1,[0|0|0|0|0|0|0|0],0,0,0,[0|0|0|0],16,-1,450,100,1,1,0,-1,5,0,0,10,386,0,-1,0,1600,0,-1,[0|0|0|0],0,0,0,0,0,0,0,0,0,0,0,0,0,0,0,0,0,0,0,0,0,0,0,0,0,0,0,0,0,0,0,0,301,[0|0|0|0|0|0|0|0|0|0|0|0],0,0,0,0,0,0,0,0,0,0,0,0,0,0,-1,0,0,0,0,-1,-1,-1,-1,-1,-1,-1,-1,-1,-1,-1,-1,0,0,-1,0,0,0,0,0,0,0,0,[0|0],30210000,9.3,0,-1,0,0,-1,1,1,1,1,1,1,1,1,0,0,0,0,0,0,0,0,0,0,0,0,0,0,0,0,0,0,0,0,0,0,0,0,0,[0|0],0,0,0,[0|0|0],0,0,0,-1,[0|0|0|0],18,1000,0,0,0,-1,-1,-1,-1,-1,-1,-1,-1,-1,-1,0,0,0,0,0,0,0,0,0,-1,[0|0],360,0,0,0,[0|0|0],11,0,0,0,0,-1,-1,-1,-1,-1,-1,[0|0|0|0],0,0,0,0,0,[0|0|0],0,0,0,0,0,0,0,0,0,0,0,0,0,0,0,0,0,0,0,0,0,0,0,0,0,0,0,0,0,0,0,0,0,0,[0|0|0],0,0,0,0,3010,[0|0|0|0],1,0,0,0,0,[0|0|0],0,0,0,0,0,-1,-1,-1,-1,1,0,0,0,0,0,0,0,0,0,0,100,0,0,0,-1,0,0,0,0,0,1,0,0,0,0,0,1,0,0,1,1,0,0,-1,0,-1,0,0,0,0,1,0,0,0,0,0,0,0,0,1,1,0,0,0,0,-1,1,1,8200,0,0,0,0,0,0,1,-1,0,0,1,0,0,0,0,1,0,0,0,0,1,-1,[0|0|0|0|0|0|0|0|0|0|0|0|0|0|0|0|0|0|0|0|0|0|0|0|0|0|0|0]
30220000,LASER CANNON - VE-60LCA (Right),0,0,0,[0|0|0],32200,3025010,0,14820,0,0,0,0,0,0,0,0,100,0,0,0,-1,-1,-1,-1,-1,-1,-1,-1,-1,-1,-1,-1,-1,-1,-1,-1,-1,-1,-1,-1,-1,-1,-1,1,1,1,1,0,0,0,4710,0,100,100,0,-1,0,100,0,0,100,0,0,0,0,0,-1,16,0,0,7,3,21,0,0,0,100,0,0,999,0,0,0,0,0,0,0,0,0,0,0,0,0,0,0,0,0,0,0,0,0,0,0,1,1,0,0,0,0,0,0,0,0,0,0,0,1,0,1,0,0,0,0,0,0,0,0,1,0,1,1,1,1,0,0,100,1,1,0,0,-1,-1,-1,-1,-1,-1,-1,-1,-1,-1,-1,-1,-1,-1,-1,-1,-1,-1,-1,-1,-1,-1,-1,-1,0,0,300,0,0,0,0,0,0,0,0,0,0,0,1,1,0,0,0,0,0,0,0,0,0,0,0,0,0,0,0,-1,-1,-1,-1,-1,-1,-1,-1,-1,0,-1,0,0,-1,0,0,0,0,0,-1,-1,-1,0,[0|0|0|0],-1,-1,-1,-1,400,-1,-1,-1,1,1,1,1,1,1,1,1,1,-1,-1,-1,-1,-1,0,-1,0,1,0,0,0,0,1,1,1,1,0,0,-1,0,[0|0|0|0],-1,0.5,1,[0|0|0|0],-1,0,0,[0|0|0|0|0|0|0|0],-1,-1,-1,-1,-1,[0|0|0|0],-1,-1,-1,[0|0|0|0|0|0|0|0],-1,-1,-1,[0|0|0|0|0|0|0|0],0,0,0,[0|0|0|0],24,-1,450,100,1,1,0,-1,5,0,0,10,1200,0,-1,0,450,0,-1,[0|0|0|0],0,0,0,0,0,0,0,0,0,0,0,0,0,0,0,0,0,0,0,0,0,0,0,0,0,0,0,0,0,0,0,0,304,[0|0|0|0|0|0|0|0|0|0|0|0],0,0,0,0,0,0,0,0,0,0,0,0,0,0,-1,0,0,0,0,-1,-1,-1,-1,-1,-1,-1,-1,-1,-1,-1,-1,0,0,-1,0,0,0,0,0,0,0,0,[0|0],30220000,0,5,0.5,2.5,0,-1,1,1,1,1,1,1,1,1,0,0,0,0,0,0,0,0,0,0,0,0,0,0,0,0,0,0,0,0,0,0,0,0,0,[0|0],0.3,0.2,2,[0|0|0],0,1,0,-1,[0|0|0|0],20,1040,0,0,0,-1,-1,-1,-1,-1,-1,-1,-1,-1,-1,0,0,0,0,0,0,0,0,0,1440,[0|0],360,0,0,0,[0|0|0],1,23,0,0,0,-1,-1,-1,-1,-1,-1,[0|0|0|0],0,0,1,0,0,[0|0|0],0,0,0,0,0,0,0,0,0,0,0,0,0,0,0,0,0,0,0,0,0,0,0,0,0,0,0,0,0,0,0,0,0,0,[0|0|0],0,0,0,0,3040,[0|0|0|0],1,0,0,0,0,[0|0|0],0,0,0,0,0,-1,-1,-1,-1,1,0,0,0,0,0,0,0,0,0,155,85,2.6,2,0,-1,0,0,1,0,0,1,0,0,0,0,0,0,0,0,1,1,0,0,-1,0,100,0,1,0,0,1,0,0,0,0,0,0,0,0,1,1,0,0,0,0,-1,1,1,8230,0,0,0,0,0,0,1,-1,0,0,1,0,0,0,0,1,0,0,0,0,1,-1,[0|0|0|0|0|0|0|0|0|0|0|0|0|0|0|0|0|0|0|0|0|0|0|0|0|0|0|0]
30220200,NOVA CANNON - WV2M22 VRITRA (Right),0,0,0,[0|0|0],32220,3025010,0,7310,0,0,0,0,0,0,0,0,100,0,0,0,-1,-1,-1,-1,-1,-1,-1,-1,-1,-1,-1,-1,-1,-1,-1,-1,-1,-1,-1,-1,-1,-1,-1,1,1,1,1,0,0,0,4777,0,100,100,0,-1,0,100,100,0,100,0,0,0,0,0,-1,16,0,0,7,3,21,0,0,0,100,0,0,999,0,0,0,0,0,0,0,0,0,0,0,0,0,0,0,0,0,0,0,0,0,0,0,1,1,0,0,0,0,0,0,0,0,0,0,0,1,0,1,0,0,0,0,0,0,0,0,1,0,1,1,1,1,0,0,100,1,1,0,0,-1,-1,-1,-1,-1,-1,-1,-1,-1,-1,-1,-1,-1,-1,-1,-1,-1,-1,-1,-1,-1,-1,-1,-1,0,0,300,0,0,0,0,0,0,0,0,0,0,0,1,1,0,0,0,0,0,0,0,0,0,0,0,0,0,0,0,-1,-1,-1,-1,-1,-1,-1,-1,-1,0,-1,0,0,-1,0,0,0,0,0,-1,-1,-1,0,[0|0|0|0],-1,-1,-1,-1,400,-1,-1,-1,1,1,1,1,1,1,1,1,1,-1,-1,-1,-1,-1,0,-1,0,1,0,0,0,0,1,1,1,1,0,0,-1,0,[0|0|0|0],-1,0.6,1,[0|0|0|0],-1,0,0,[0|0|0|0|0|0|0|0],-1,-1,-1,-1,-1,[0|0|0|0],-1,-1,-1,[0|0|0|0|0|0|0|0],-1,-1,-1,[0|0|0|0|0|0|0|0],0,0,0,[0|0|0|0],44,-1,450,100,1,1,0,-1,5,0,0,10,833,0,-1,0,600,0,-1,[0|0|0|0],0,0,0,0,0,0,0,0,0,0,0,0,0,0,0,0,0,0,0,0,0,0,0,0,0,0,0,0,0,0,0,0,304,[0|0|0|0|0|0|0|0|0|0|0|0],0,0,0,0,0,0,0,0,0,0,0,0,0,0,-1,0,0,0,0,-1,-1,-1,-1,-1,-1,-1,-1,-1,-1,-1,-1,0,0,-1,0,0,0,0,0,0,0,0,[0|0],30220000,0,4.1,0.5,2.5,0,-1,1,1,1,1,1,1,1,1,0,0,0,0,0,0,0,0,0,0,0,0,0,0,0,0,0,0,0,0,0,0,0,0,0,[0|0],0.3,0.2,2,[0|0|0],0,1,0,-1,[0|0|0|0],13,1052,0,0,0,-1,-1,-1,-1,-1,-1,-1,-1,-1,-1,0,0,0,0,0,0,0,0,0,1100,[0|0],360,0,0,0,[0|0|0],1,23,0,0,0,-1,-1,-1,-1,-1,-1,[0|0|0|0],0,0,1,0,0,[0|0|0],0,0,0,0,0,0,0,0,0,0,0,0,0,0,0,0,0,0,0,0,0,0,0,0,0,0,0,0,0,0,0,0,0,0,[0|0|0],0,0,0,0,3040,[0|0|0|0],1,0,0,0,0,[0|0|0],0,0,0,0,0,-1,-1,-1,-1,1,0,0,0,0,0,0,0,0,0,130,66,2.6,2,0,-1,0,1,0,1,1,1,1,1,1,1,0,1,0,0,1,1,0,0,-1,0,100,1,0,1,0,1,1,1,1,1,0,1,0,0,1,1,0,0,0,0,-1,1,1,0,0,0,0,0,0,0,1,-1,0,0,1,0,0,0,0,1,0,0,0,0,1,-1,[0|0|0|0|0|0|0|0|0|0|0|0|0|0|0|0|0|0|0|0|0|0|0|0|0|0|0|0]
30230000,PLASMA CANNON - FASAN/60E (Right),0,0,0,[0|0|0],32300,3023000,0,6270,0,0,0,0,0,0,0,0,100,0,0,0,-1,-1,-1,-1,-1,-1,-1,-1,-1,-1,-1,-1,-1,-1,-1,-1,-1,-1,-1,-1,-1,-1,-1,1,1,1,1,0,0,0,4510,0,100,100,0,-1,0,100,0,0,100,0,0,0,0,0,-1,16,0,0,7,3,21,0,0,0,100,0,0,999,0,0,0,0,0,0,0,0,0,0,0,0,0,0,0,0,0,0,0,0,0,0,0,1,1,0,0,0,0,0,0,0,0,0,0,0,1,0,1,0,0,0,0,0,0,0,0,1,0,1,1,1,1,0,0,100,1,1,0,0,-1,-1,-1,-1,-1,-1,-1,-1,-1,-1,-1,-1,-1,-1,-1,-1,-1,-1,-1,-1,-1,-1,-1,-1,0,0,300,0,0,0,0,0,0,0,0,0,0,0,1,1,0,0,0,0,0,0,0,0,0,0,0,0,0,0,0,-1,-1,-1,-1,-1,-1,-1,-1,-1,0,-1,0,0,-1,0,0,0,0,0,-1,-1,-1,0,[0|0|0|0],-1,-1,-1,-1,350,-1,-1,-1,1,1,1,1,1,1,1,1,1,-1,-1,-1,-1,-1,0,-1,0,1,0,0,0,0,1,1,1,1,0,0,-1,0,[0|0|0|0],-1,0.5,1,[0|0|0|0],-1,0,0,[0|0|0|0|0|0|0|0],-1,-1,-1,-1,-1,[0|0|0|0],-1,-1,-1,[0|0|0|0|0|0|0|0],-1,-1,-1,[0|0|0|0|0|0|0|0],0,0,0,[0|0|0|0],39,-1,450,100,1,1,0,-1,5,0,0,10,882,0,-1,0,540,0,-1,[0|0|0|0],0,0,0,0,0,0,0,0,0,0,0,0,0,0,0,0,0,0,0,0,0,0,0,0,0,0,0,0,0,0,0,0,304,[0|0|0|0|0|0|0|0|0|0|0|0],0,0,0,0,0,0,0,0,0,0,0,0,0,0,-1,0,0,0,0,-1,-1,-1,-1,-1,-1,-1,-1,-1,-1,-1,-1,0,0,-1,0,0,0,0,0,0,0,0,[0|0],30230000,0,2,0.5,1,0,-1,1,1,1,1,1,1,1,1,0,0,0,0,0,0,0,0,0,0,0,0,0,0,0,0,0,0,0,0,0,0,0,0,0,[0|0],1.6,0.2,2.2,[0|0|0],0,1,0,-1,[0|0|0|0],8,1050,0,0,0,-1,-1,-1,-1,-1,-1,-1,-1,-1,-1,0,0,0,0,0,0,0,0,0,944,[0|0],360,0,0,0,[0|0|0],10,17,0,0,0,-1,-1,-1,-1,-1,-1,[0|0|0|0],0,0,1,0,0,[0|0|0],0,0,0,0,0,0,0,0,0,0,0,0,0,0,0,0,0,0,0,0,0,0,0,0,0,0,0,0,0,0,0,0,0,0,[0|0|0],0,0,0,0,3040,[0|0|0|0],1,0,0,0,0,[0|0|0],0,0,0,0,0,-1,-1,-1,-1,1,0,0,0,0,0,0,0,0,0,196,85,1.7,2,0,-1,0,1,0,1,0,1,1,1,1,1,0,1,0,0,1,1,0,0,-1,2,100,1,0,1,2,1,1,1,1,1,0,1,0,0,1,1,0,0,0,0,-1,1,1,8228,0,0,0,0,0,0,1,-1,0,0,1,0,0,0,0,1,0,0,0,0,1,-1,[0|0|0|0|0|0|0|0|0|0|0|0|0|0|0|0|0|0|0|0|0|0|0|0|0|0|0|0]
30230100,PLASMA CANNON - C-MOD_6 ARCUS (Right),0,0,0,[0|0|0],32310,3023000,0,7590,0,0,0,0,0,0,0,0,100,0,0,0,-1,-1,-1,-1,-1,-1,-1,-1,-1,-1,-1,-1,-1,-1,-1,-1,-1,-1,-1,-1,-1,-1,-1,1,1,1,1,0,0,0,4511,0,100,100,0,-1,0,100,0,0,100,0,0,0,0,0,-1,16,0,0,7,3,21,0,0,0,100,0,0,999,0,0,0,0,0,0,0,0,0,0,0,0,0,0,0,0,0,0,0,0,0,0,0,1,1,0,0,0,0,0,0,0,0,0,0,0,1,0,1,0,0,0,0,0,0,0,0,1,0,1,1,1,1,0,0,100,1,1,0,0,-1,-1,-1,-1,-1,-1,-1,-1,-1,-1,-1,-1,-1,-1,-1,-1,-1,-1,-1,-1,-1,-1,-1,-1,0,0,300,0,0,0,0,0,0,0,0,0,0,0,1,1,0,0,0,0,0,0,0,0,0,0,0,0,0,0,0,-1,-1,-1,-1,-1,-1,-1,-1,-1,0,-1,0,0,-1,0,0,0,0,0,-1,-1,-1,0,[0|0|0|0],-1,-1,-1,-1,350,-1,-1,-1,1,1,1,1,1,1,1,1,1,-1,-1,-1,-1,-1,0,-1,0,1,0,0,0,0,1,1,1,1,0,0,-1,0,[0|0|0|0],-1,0.5,1,[0|0|0|0],-1,0,0,[0|0|0|0|0|0|0|0],-1,-1,-1,-1,-1,[0|0|0|0],-1,-1,-1,[0|0|0|0|0|0|0|0],-1,-1,-1,[0|0|0|0|0|0|0|0],0,0,0,[0|0|0|0],28,-1,1200,100,1,1,0,-1,5,0,0,10,911,0,-1,0,630,0,-1,[0|0|0|0],0,0,0,0,0,0,0,0,0,0,0,0,0,0,0,0,0,0,0,0,0,0,0,0,0,0,0,0,0,0,0,0,304,[0|0|0|0|0|0|0|0|0|0|0|0],0,0,0,0,0,0,0,0,0,0,0,0,0,0,-1,0,0,0,0,-1,-1,-1,-1,-1,-1,-1,-1,-1,-1,-1,-1,0,0,-1,0,0,0,0,0,0,0,0,[0|0],30230000,0,3.3,1,2,0,-1,1,1,1,1,1,1,1,1,0,0,0,0,0,0,0,0,0,0,0,0,0,0,0,0,0,0,0,0,0,0,0,0,0,[0|0],1.6,0.2,2.2,[0|0|0],0,1,0,-1,[0|0|0|0],5,1050,0,0,0,-1,-1,-1,-1,-1,-1,-1,-1,-1,-1,0,0,0,0,0,0,0,0,0,1250,[0|0],360,0,0,0,[0|0|0],15,20,0,0,0,-1,-1,-1,-1,-1,-1,[0|0|0|0],0,0,1,0,0,[0|0|0],0,0,0,0,0,0,0,0,0,0,0,0,0,0,0,0,0,0,0,0,0,0,0,0,0,0,0,0,0,0,0,0,0,0,[0|0|0],0,0,0,0,3040,[0|0|0|0],1,0,0,0,0,[0|0|0],0,0,0,0,0,-1,-1,-1,-1,1,0,0,0,0,0,0,0,0,0,178,85,3.5,2,0,-1,0,1,0,1,0,1,1,1,1,1,0,1,0,0,1,1,0,0,-1,2,100,1,0,1,2,1,1,1,1,1,0,4,0,0,1,1,0,0,0,0,-1,1,1,8228,0,0,0,0,0,0,1,-1,0,0,1,0,0,0,0,1,0,0,0,0,1,-1,[0|0|0|0|0|0|0|0|0|0|0|0|0|0|0|0|0|0|0|0|0|0|0|0|0|0|0|0]
30240000,PULSE CANNON - KRANICH/60Z (Right),0,0,0,[0|0|0],32400,3024000,0,2100,0,0,0,0,0,0,0,0,100,0,0,0,-1,-1,-1,-1,-1,-1,-1,-1,-1,-1,-1,-1,-1,-1,-1,-1,-1,-1,-1,-1,-1,-1,-1,1,1,1,1,0,0,0,4810,0,100,100,0,-1,0,100,0,0,100,0,0,0,0,0,-1,16,0,0,7,3,21,0,0,0,100,0,0,999,0,0,0,0,0,0,0,0,0,0,0,0,0,0,0,0,0,0,0,0,0,0,0,1,1,0,0,0,0,0,0,0,0,0,0,0,1,0,1,0,0,0,0,0,0,0,0,1,0,1,1,1,1,0,0,100,1,1,0,0,-1,-1,-1,-1,-1,-1,-1,-1,-1,-1,-1,-1,-1,-1,-1,-1,-1,-1,-1,-1,-1,-1,-1,-1,0,0,300,0,0,0,0,0,0,0,0,0,0,0,1,1,0,0,0,0,0,0,0,0,0,0,0,0,0,0,0,-1,-1,-1,-1,-1,-1,-1,-1,-1,0,-1,0,0,-1,0,0,0,0,0,-1,-1,-1,0,[0|0|0|0],-1,-1,-1,-1,150,-1,-1,-1,1,1,1,1,1,1,1,1,1,-1,-1,-1,-1,-1,0,-1,0,1,0,0,0,0,1,1,1,1,0,0,-1,0,[0|0|0|0],-1,0.5,1,[0|0|0|0],-1,0,0,[0|0|0|0|0|0|0|0],-1,-1,-1,-1,-1,[0|0|0|0],-1,-1,-1,[0|0|0|0|0|0|0|0],-1,-1,-1,[0|0|0|0|0|0|0|0],0,0,0,[0|0|0|0],560,-1,450,100,1,1,0,-1,5,0,0,10,652,0,-1,0,40,0,-1,[0|0|0|0],0,0,0,0,0,0,0,0,0,0,0,0,0,0,0,0,0,0,0,0,0,0,0,0,0,0,0,0,0,0,0,0,301,[0|0|0|0|0|0|0|0|0|0|0|0],0,0,0,0,0,0,0,0,0,0,0,0,0,0,-1,0,0,0,0,-1,-1,-1,-1,-1,-1,-1,-1,-1,-1,-1,-1,0,0,-1,0,0,0,0,0,0,0,0,[0|0],30240000,0,0,-1,0,0,-1,1,1,1,1,1,1,1,1,0,0,0,0,0,0,0,0,0,0,0,0,0,0,0,0,0,0,0,0,0,0,0,0,0,[0|0],0.6,0.2,2,[0|0|0],0,1,0,-1,[0|0|0|0],8,1030,0,0,0,-1,-1,-1,-1,-1,-1,-1,-1,-1,-1,0,0,0,0,0,0,0,0,0,-1,[0|0],360,0,0,0,[0|0|0],0,0,0,0,0,-1,-1,-1,-1,-1,-1,[0|0|0|0],0,0,1,0,0,[0|0|0],0,0,0,0,0,0,0,0,0,0,0,0,0,0,0,0,0,0,0,0,0,0,0,0,0,0,0,0,0,0,0,0,0,0,[0|0|0],0,0,0,0,3010,[0|0|0|0],1,0,0,0,0,[0|0|0],0,0,0,0,0,-1,-1,-1,-1,1,0,0,0,0,0,0,0,0,0,225,85,0.6,1.6,0,-1,0,0,0,0,0,1,0,0,0,0,0,0,0,0,1,1,0,0,-1,0,-1,0,0,0,0,1,0,0,0,0,0,0,0,0,1,1,0,0,0,0,-1,1,1,8231,0,0,0,0,0,0,1,-1,0,0,1,0,0,0,0,1,0,0,0,0,1,-1,[0|0|0|0|0|0|0|0|0|0|0|0|0|0|0|0|0|0|0|0|0|0|0|0|0|0|0|0]
30240100,PULSE CANNON - HC Pulse Guns (Right),0,0,0,[0|0|0],32410,3024000,0,1950,0,0,0,0,0,0,0,0,100,0,0,0,-1,-1,-1,-1,-1,-1,-1,-1,-1,-1,-1,-1,-1,-1,-1,-1,-1,-1,-1,-1,-1,-1,-1,1,1,1,1,0,0,0,4840,0,100,100,0,-1,0,100,0,0,100,0,0,0,0,0,-1,16,0,0,7,3,21,0,0,0,100,0,0,999,0,0,0,0,0,0,0,0,0,0,0,0,0,0,0,0,0,0,0,0,0,0,0,1,1,0,0,0,0,0,0,0,0,0,0,0,1,0,1,0,0,0,0,0,0,0,0,1,0,1,1,1,1,0,0,100,1,1,0,0,-1,-1,-1,-1,-1,-1,-1,-1,-1,-1,-1,-1,-1,-1,-1,-1,-1,-1,-1,-1,-1,-1,-1,-1,0,0,300,0,0,0,0,0,0,0,0,0,0,0,1,1,0,0,0,0,0,0,0,0,0,0,0,0,0,0,0,-1,-1,-1,-1,-1,-1,-1,-1,-1,0,-1,0,0,-1,0,0,0,0,0,-1,-1,-1,0,[0|0|0|0],-1,-1,-1,-1,150,-1,-1,-1,1,1,1,1,1,1,1,1,1,-1,-1,-1,-1,-1,0,-1,0,1,0,0,0,0,1,1,1,1,0,0,-1,0,[0|0|0|0],-1,0.5,1,[0|0|0|0],-1,0,0,[0|0|0|0|0|0|0|0],-1,-1,-1,-1,-1,[0|0|0|0],-1,-1,-1,[0|0|0|0|0|0|0|0],-1,-1,-1,[0|0|0|0|0|0|0|0],0,0,0,[0|0|0|0],400,-1,450,100,1,1,0,-1,5,0,0,10,430,0,-1,0,60,0,-1,[0|0|0|0],0,0,0,0,0,0,0,0,0,0,0,0,0,0,0,0,0,0,0,0,0,0,0,0,0,0,0,0,0,0,0,0,301,[0|0|0|0|0|0|0|0|0|0|0|0],0,0,0,0,0,0,0,0,0,0,0,0,0,0,-1,0,0,0,0,-1,-1,-1,-1,-1,-1,-1,-1,-1,-1,-1,-1,0,0,-1,0,0,0,0,0,0,0,0,[0|0],30240000,0,0,-1,0,0,-1,1,1,1,1,1,1,1,1,0,0,0,0,0,0,0,0,0,0,0,0,0,0,0,0,0,0,0,0,0,0,0,0,0,[0|0],0.6,0.2,2,[0|0|0],0,1,0,-1,[0|0|0|0],3,1030,0,0,0,-1,-1,-1,-1,-1,-1,-1,-1,-1,-1,0,0,0,0,0,0,0,0,0,-1,[0|0],360,0,0,0,[0|0|0],0,0,0,0,0,-1,-1,-1,-1,-1,-1,[0|0|0|0],0,0,1,0,0,[0|0|0],0,0,0,0,0,0,0,0,0,0,0,0,0,0,0,0,0,0,0,0,0,0,0,0,0,0,0,0,0,0,0,0,0,0,[0|0|0],0,0,0,0,3010,[0|0|0|0],1,0,0,0,0,[0|0|0],0,0,0,0,0,-1,-1,-1,-1,1,0,0,0,0,0,0,0,0,0,240,60,0.6,1.6,0,-1,0,0,0,0,0,1,0,0,0,0,0,0,0,0,1,1,0,0,-1,0,-1,0,0,0,0,1,0,0,0,0,0,0,0,0,1,1,0,0,0,0,-1,1,1,8231,0,0,0,0,0,0,1,-1,0,0,1,0,0,0,0,1,0,0,0,0,1,-1,[0|0|0|0|0|0|0|0|0|0|0|0|0|0|0|0|0|0|0|0|0|0|0|0|0|0|0|0]
30240200,FAST LASER CANNON - VP-60LCF (Right),0,0,0,[0|0|0],32420,3024000,0,2340,0,0,0,0,0,0,0,0,100,0,0,0,-1,-1,-1,-1,-1,-1,-1,-1,-1,-1,-1,-1,-1,-1,-1,-1,-1,-1,-1,-1,-1,-1,-1,1,1,1,1,0,0,0,4611,0,100,100,0,-1,0,100,0,0,100,0,0,0,0,0,-1,16,0,0,7,3,21,0,0,0,100,0,0,999,0,0,0,0,0,0,0,0,0,0,0,0,0,0,0,0,0,0,0,0,0,0,0,1,1,0,0,0,0,0,0,0,0,0,0,0,1,0,1,0,0,0,0,0,0,0,0,1,0,1,1,1,1,0,0,100,1,1,0,0,-1,-1,-1,-1,-1,-1,-1,-1,-1,-1,-1,-1,-1,-1,-1,-1,-1,-1,-1,-1,-1,-1,-1,-1,0,0,300,0,0,0,0,0,0,0,0,0,0,0,1,1,0,0,0,0,0,0,0,0,0,0,0,0,0,0,0,-1,-1,-1,-1,-1,-1,-1,-1,-1,0,-1,0,0,-1,0,0,0,0,0,-1,-1,-1,0,[0|0|0|0],-1,-1,-1,-1,150,-1,-1,-1,1,1,1,1,1,1,1,1,1,-1,-1,-1,-1,-1,0,-1,0,1,0,0,0,0,1,1,1,1,0,0,-1,0,[0|0|0|0],-1,0.5,1,[0|0|0|0],-1,0,0,[0|0|0|0|0|0|0|0],-1,-1,-1,-1,-1,[0|0|0|0],-1,-1,-1,[0|0|0|0|0|0|0|0],-1,-1,-1,[0|0|0|0|0|0|0|0],0,0,0,[0|0|0|0],145,-1,450,100,1,1,0,-1,5,0,0,10,400,0,-1,0,101,0,-1,[0|0|0|0],0,0,0,0,0,0,0,0,0,0,0,0,0,0,0,0,0,0,0,0,0,0,0,0,0,0,0,0,0,0,0,0,301,[0|0|0|0|0|0|0|0|0|0|0|0],0,0,0,0,0,0,0,0,0,0,0,0,0,0,-1,0,0,0,0,-1,-1,-1,-1,-1,-1,-1,-1,-1,-1,-1,-1,0,0,-1,0,0,0,0,0,0,0,0,[0|0],30240000,0,0,-1,0,0,-1,1,1,1,1,1,1,1,1,0,0,0,0,0,0,0,0,0,0,0,0,0,0,0,0,0,0,0,0,0,0,0,0,0,[0|0],0.6,0.2,2,[0|0|0],0,1,0,-1,[0|0|0|0],7,1031,0,0,0,-1,-1,-1,-1,-1,-1,-1,-1,-1,-1,0,0,0,0,0,0,0,0,0,-1,[0|0],360,0,0,0,[0|0|0],0,0,0,0,0,-1,-1,-1,-1,-1,-1,[0|0|0|0],0,0,1,0,0,[0|0|0],0,0,0,0,0,0,0,0,0,0,0,0,0,0,0,0,0,0,0,0,0,0,0,0,0,0,0,0,0,0,0,0,0,0,[0|0|0],0,0,0,0,3010,[0|0|0|0],1,0,0,0,0,[0|0|0],0,0,0,0,0,-1,-1,-1,-1,1,0,0,0,0,0,0,0,0,0,240,85,2,2.2,0,-1,0,0,1,0,0,1,0,0,0,0,0,0,0,0,1,1,0,0,-1,0,-1,0,0,0,0,1,0,0,0,0,0,0,0,0,1,1,0,0,0,0,-1,1,1,8231,0,0,0,0,0,0,1,-1,0,0,1,0,0,0,0,1,0,0,0,0,1,-1,[0|0|0|0|0|0|0|0|0|0|0|0|0|0|0|0|0|0|0|0|0|0|0|0|0|0|0|0]
30250000,LASER CANNON - VP-60LCS (Right),0,0,0,[0|0|0],32500,3025000,0,5190,0,0,0,0,0,0,0,0,100,0,0,0,-1,-1,-1,-1,-1,-1,-1,-1,-1,-1,-1,-1,-1,-1,-1,-1,-1,-1,-1,-1,-1,-1,-1,1,1,1,1,0,0,0,4610,0,100,100,0,-1,0,100,0,0,100,0,0,0,0,0,-1,16,0,0,7,3,21,0,0,0,100,0,0,999,0,0,0,0,0,0,0,0,0,0,0,0,0,0,0,0,0,0,0,0,0,0,0,1,1,0,0,0,0,0,0,0,0,0,0,0,1,0,1,0,0,0,0,0,0,0,0,1,0,1,1,1,1,0,0,100,1,1,0,0,-1,-1,-1,-1,-1,-1,-1,-1,-1,-1,-1,-1,-1,-1,-1,-1,-1,-1,-1,-1,-1,-1,-1,-1,0,0,300,0,0,0,0,0,0,0,0,0,0,0,1,1,0,0,0,0,0,0,0,0,0,0,0,0,0,0,0,-1,-1,-1,-1,-1,-1,-1,-1,-1,0,-1,0,0,-1,0,0,0,0,0,-1,-1,-1,0,[0|0|0|0],-1,-1,-1,-1,400,-1,-1,-1,1,1,1,1,1,1,1,1,1,-1,-1,-1,-1,-1,0,-1,0,1,0,0,0,0,1,1,1,1,0,0,-1,0,[0|0|0|0],-1,0.5,1,[0|0|0|0],-1,0,0,[0|0|0|0|0|0|0|0],-1,-1,-1,-1,-1,[0|0|0|0],-1,-1,-1,[0|0|0|0|0|0|0|0],-1,-1,-1,[0|0|0|0|0|0|0|0],0,0,0,[0|0|0|0],57,-1,450,100,1,1,0,-1,5,0,0,10,683,0,-1,0,450,0,-1,[0|0|0|0],0,0,0,0,0,0,0,0,0,0,0,0,0,0,0,0,0,0,0,0,0,0,0,0,0,0,0,0,0,0,0,0,304,[0|0|0|0|0|0|0|0|0|0|0|0],0,0,0,0,0,0,0,0,0,0,0,0,0,0,-1,0,0,0,0,-1,-1,-1,-1,-1,-1,-1,-1,-1,-1,-1,-1,0,0,-1,0,0,0,0,0,0,0,0,[0|0],30250000,0,1.6,0.5,0.8,0,-1,1,1,1,1,1,1,1,1,0,0,0,0,0,0,0,0,0,0,0,0,0,0,0,0,0,0,0,0,0,0,0,0,0,[0|0],1.8,0.2,1.9,[0|0|0],0,1,0,-1,[0|0|0|0],7,1040,0,0,0,-1,-1,-1,-1,-1,-1,-1,-1,-1,-1,0,0,0,0,0,0,0,0,0,759,[0|0],360,0,0,0,[0|0|0],8,17,0,0,0,-1,-1,-1,-1,-1,-1,[0|0|0|0],0,0,1,0,0,[0|0|0],0,0,0,0,0,0,0,0,0,0,0,0,0,0,0,0,0,0,0,0,0,0,0,0,0,0,0,0,0,0,0,0,0,0,[0|0|0],0,0,0,0,3040,[0|0|0|0],1,0,0,0,0,[0|0|0],0,0,0,0,0,-1,-1,-1,-1,1,0,0,0,0,0,0,0,0,0,210,85,1.7,1.6,0,-1,0,0,0,0,0,1,0,0,0,0,0,0,0,0,1,1,0,0,-1,0,100,0,0,0,0,1,0,0,0,0,0,0,0,0,1,1,0,0,0,0,-1,1,1,8229,0,0,0,0,0,0,1,-1,0,0,1,0,0,0,0,1,0,0,0,0,1,-1,[0|0|0|0|0|0|0|0|0|0|0|0|0|0|0|0|0|0|0|0|0|0|0|0|0|0|0|0]
30250100,LASER CANNON - VE-60LCB (Right),0,0,0,[0|0|0],32510,3025020,0,9270,0,0,0,0,0,0,0,0,100,0,0,0,-1,-1,-1,-1,-1,-1,-1,-1,-1,-1,-1,-1,-1,-1,-1,-1,-1,-1,-1,-1,-1,-1,-1,1,1,1,1,0,0,0,4620,0,100,100,0,-1,0,100,0,0,100,0,0,0,0,0,-1,16,0,0,7,3,21,0,0,0,100,0,0,999,0,0,0,0,0,0,0,0,0,0,0,0,0,0,0,0,0,0,0,0,0,0,0,1,1,0,0,0,0,0,0,0,0,0,0,0,1,0,1,0,0,0,0,0,0,0,0,1,0,1,1,1,1,0,0,100,1,1,0,0,-1,-1,-1,-1,-1,-1,-1,-1,-1,-1,-1,-1,-1,-1,-1,-1,-1,-1,-1,-1,-1,-1,-1,-1,0,0,300,0,0,0,0,0,0,0,0,0,0,0,1,1,0,0,0,0,0,0,0,0,0,0,0,0,0,0,0,-1,-1,-1,-1,-1,-1,-1,-1,-1,0,-1,0,0,-1,0,0,0,0,0,-1,-1,-1,0,[0|0|0|0],-1,-1,-1,-1,400,-1,-1,-1,1,1,1,1,1,1,1,1,1,-1,-1,-1,-1,-1,0,-1,0,1,0,0,0,0,1,1,1,1,0,0,-1,0,[0|0|0|0],-1,0.5,1,[0|0|0|0],-1,0,0,[0|0|0|0|0|0|0|0],-1,-1,-1,-1,-1,[0|0|0|0],-1,-1,-1,[0|0|0|0|0|0|0|0],-1,-1,-1,[0|0|0|0|0|0|0|0],0,0,0,[0|0|0|0],32,-1,450,100,1,1,0,-1,5,0,0,10,803,0,-1,0,1000,0,-1,[0|0|0|0],0,0,0,0,0,0,0,0,0,0,0,0,0,0,0,0,0,0,0,0,0,0,0,0,0,0,0,0,0,0,0,0,304,[0|0|0|0|0|0|0|0|0|0|0|0],0,0,0,0,0,0,0,0,0,0,0,0,0,0,-1,0,0,0,0,-1,-1,-1,-1,-1,-1,-1,-1,-1,-1,-1,-1,0,0,-1,0,0,0,0,0,0,0,0,[0|0],30250100,0,4.3,0.5,2.15,0,-1,1,1,1,1,1,1,1,1,0,0,0,0,0,0,0,0,0,0,0,0,0,0,0,0,0,0,0,0,0,0,0,0,0,[0|0],0,0,0,[0|0|0],0,1,0,-1,[0|0|0|0],20,1045,0,0,0,-1,-1,-1,-1,-1,-1,-1,-1,-1,-1,0,0,0,0,0,0,0,0,0,988,[0|0],360,0,0,0,[0|0|0],10,21,0,0,0,-1,-1,-1,-1,-1,-1,[0|0|0|0],0,0,1,0,0,[0|0|0],0,0,0,0,0,0,0,0,0,0,0,0,0,0,0,0,0,0,0,0,0,0,0,0,0,0,0,0,0,0,0,0,0,0,[0|0|0],0,0,0,0,3040,[0|0|0|0],1,0,0,0,0,[0|0|0],0,0,0,0,0,-1,-1,-1,-1,1,0,0,0,0,0,0,0,0,0,172,75,3,2,0,-1,0,0,0,0,0,1,0,0,0,0,0,0,0,0,1,1,0,0,-1,0,100,0,0,0,0,1,0,0,0,0,0,0,0,0,1,1,0,0,0,0,-1,1,1,8239,0,0,0,0,0,0,1,-1,0,0,1,0,0,0,0,1,0,0,0,0,1,-1,[0|0|0|0|0|0|0|0|0|0|0|0|0|0|0|0|0|0|0|0|0|0|0|0|0|0|0|0]
30250200,LINEAR CANNON - LC-040 LINNAEUS (Right),0,0,0,[0|0|0],32520,3027001,0,6820,0,0,0,0,0,0,0,0,100,0,0,0,-1,-1,-1,-1,-1,-1,-1,-1,-1,-1,-1,-1,-1,-1,-1,-1,-1,-1,-1,-1,-1,-1,-1,1,1,1,1,0,0,0,4120,0,100,100,0,-1,100,0,0,0,100,0,0,0,0,0,-1,16,0,0,7,3,21,0,0,0,100,0,0,999,0,0,0,0,0,0,0,0,0,0,0,0,0,0,0,0,0,0,0,0,0,0,0,1,1,0,0,0,0,0,0,0,0,0,0,0,1,0,1,0,0,0,0,0,0,0,0,1,0,1,1,1,1,0,0,100,1,1,0,0,-1,-1,-1,-1,-1,-1,-1,-1,-1,-1,-1,-1,-1,-1,-1,-1,-1,-1,-1,-1,-1,-1,-1,-1,0,0,300,0,0,0,0,0,0,0,0,0,0,0,1,1,0,0,0,0,0,0,0,0,0,0,0,0,0,0,0,-1,-1,-1,-1,-1,-1,-1,-1,-1,0,-1,0,0,-1,0,0,0,0,0,-1,-1,-1,0,[0|0|0|0],-1,-1,-1,-1,400,-1,-1,-1,1,1,1,1,1,1,1,1,1,-1,-1,-1,-1,-1,0,-1,0,1,0,0,0,0,1,1,1,1,0,0,-1,0,[0|0|0|0],-1,0.5,1,[0|0|0|0],-1,0,0,[0|0|0|0|0|0|0|0],-1,-1,-1,-1,-1,[0|0|0|0],-1,-1,-1,[0|0|0|0|0|0|0|0],-1,-1,-1,[0|0|0|0|0|0|0|0],0,0,0,[0|0|0|0],28,-1,450,100,1,1,0,-1,5,0,0,10,515,0,-1,0,520,0,-1,[0|0|0|0],0,0,0,0,0,0,0,0,0,0,0,0,0,0,0,0,0,0,0,0,0,0,0,0,0,0,0,0,0,0,0,0,304,[0|0|0|0|0|0|0|0|0|0|0|0],0,0,0,0,0,0,0,0,0,0,0,0,0,0,-1,0,0,0,0,-1,-1,-1,-1,-1,-1,-1,-1,-1,-1,-1,-1,0,0,-1,0,0,0,0,0,0,0,0,[0|0],30250000,0,2.2,0.5,0.8,0,-1,1,1,1,1,1,1,1,1,0,0,0,0,0,0,0,0,0,0,0,0,0,0,0,0,0,0,0,0,0,0,0,0,0,[0|0],1.8,0.2,1.9,[0|0|0],0,0,0,-1,[0|0|0|0],11,1041,0,0,0,-1,-1,-1,-1,-1,-1,-1,-1,-1,-1,0,0,0,0,0,0,0,0,0,100,[0|0],360,0,0,0,[0|0|0],8,17,0,0,0,-1,-1,-1,-1,-1,-1,[0|0|0|0],0,0,1,0,0,[0|0|0],0,0,0,0,0,0,0,0,0,0,0,0,0,0,0,0,0,0,0,0,0,0,0,0,0,0,0,0,0,0,0,0,0,0,[0|0|0],0,0,0,0,3040,[0|0|0|0],1,0,0,0,0,[0|0|0],0,0,0,0,0,-1,-1,-1,-1,1,0,0,0,0,0,0,0,0,0,100,85,3,1.6,0,-1,0,0,0,0,0,1,0,0,0,0,0,0,0,0,1,1,0,0,-1,0,100,0,0,0,0,1,0,0,0,0,0,0,0,0,1,1,0,0,0,0,-1,1,1,8229,0,0,0,0,0,0,1,-1,0,0,1,0,0,0,0,1,0,0,0,0,1,-1,[0|0|0|0|0|0|0|0|0|0|0|0|0|0|0|0|0|0|0|0|0|0|0|0|0|0|0|0]
30250300,KINETIC CANNON - CX-09 PROVERB (Right),0,0,0,[0|0|0],32530,3027002,0,5220,0,0,0,0,0,0,0,0,100,0,0,0,-1,-1,-1,-1,-1,-1,-1,-1,-1,-1,-1,-1,-1,-1,-1,-1,-1,-1,-1,-1,-1,-1,-1,1,1,1,1,0,0,0,4646,0,100,100,0,-1,100,0,100,0,100,0,0,0,0,0,-1,16,0,0,7,3,21,0,0,0,100,0,0,0,0,0,0,0,0,0,0,0,0,0,0,0,0,0,0,0,0,0,0,0,0,0,0,1,1,0,0,0,0,0,0,0,0,0,0,0,1,0,1,0,0,0,0,0,0,0,0,1,0,1,1,1,1,0,0,100,1,1,0,0,-1,-1,-1,-1,-1,-1,-1,-1,-1,-1,-1,-1,-1,-1,-1,-1,-1,-1,-1,-1,-1,-1,-1,-1,0,0,300,0,0,0,0,0,0,0,0,0,0,0,1,1,0,0,0,0,0,0,0,0,0,0,0,0,0,0,0,-1,-1,-1,-1,-1,-1,-1,-1,-1,0,-1,0,0,-1,0,0,0,0,0,-1,-1,-1,0,[0|0|0|0],-1,-1,-1,-1,400,-1,-1,-1,1,1,1,1,1,1,1,1,1,-1,-1,-1,-1,-1,0,-1,0,1,0,0,0,0,1,1,1,1,0,0,-1,0,[0|0|0|0],-1,0.5,1,[0|0|0|0],-1,0,0,[0|0|0|0|0|0|0|0],-1,-1,-1,-1,-1,[0|0|0|0],-1,-1,-1,[0|0|0|0|0|0|0|0],-1,-1,-1,[0|0|0|0|0|0|0|0],0,0,0,[0|0|0|0],34,-1,450,100,1,1,0,-1,5,0,0,10,210,0,-1,0,850,0,-1,[0|0|0|0],0,0,0,0,0,0,0,0,0,0,0,0,0,0,0,0,0,0,0,0,0,0,0,0,0,0,0,0,0,0,0,0,304,[0|0|0|0|0|0|0|0|0|0|0|0],0,0,0,0,0,0,0,0,0,0,0,0,0,0,-1,0,0,0,0,-1,-1,-1,-1,-1,-1,-1,-1,-1,-1,-1,-1,0,0,-1,0,0,0,0,0,0,0,0,[0|0],30250001,0,1.15,0.6,0.3,0,-1,1,1,1,1,1,1,1,1,0,0,0,0,0,0,0,0,0,0,0,0,0,0,0,0,0,0,0,0,0,0,0,0,0,[0|0],0,0,0,[0|0|0],0,0,0,-1,[0|0|0|0],10,1042,0,0,0,-1,-1,-1,-1,-1,-1,-1,-1,-1,-1,0,0,0,0,0,0,0,0,0,125,[0|0],360,0,0,0,[0|0|0],8,25,0,0,0,-1,-1,-1,-1,-1,-1,[0|0|0|0],0,0,0,0,0,[0|0|0],0,0,0,0,0,0,0,0,0,0,0,0,0,0,0,0,0,0,0,0,0,0,0,0,0,0,0,0,0,0,0,0,0,0,[0|0|0],0,0,0,0,3040,[0|0|0|0],1,0,0,0,0,[0|0|0],0,0,0,0,0,-1,-1,-1,-1,1,0,0,0,0,0,0,0,0,0,168,80,2.3,1,0,-1,0,0,0,0,0,1,0,0,0,0,0,0,0,0,1,1,0,0,-1,1,100,1,0,0,0,1,1,1,1,1,1,1,1,1,1,1,0,0,0,0,-1,1,1,8239,0,0,0,0,0,0,1,-1,0,0,1,0,0,0,0,1,0,0,0,0,1,-1,[0|0|0|0|0|0|0|0|0|0|0|0|0|0|0|0|0|0|0|0|0|0|0|0|0|0|0|0]
30250400,CORAL CANNON - IB-C03W7: CLA 900 (Right),0,0,0,[0|0|0],32540,3025000,0,7100,0,0,0,0,0,0,0,0,100,0,0,0,-1,-1,-1,-1,-1,-1,-1,-1,-1,-1,-1,-1,-1,-1,-1,-1,-1,-1,-1,-1,-1,-1,-1,1,1,1,1,0,0,0,4610,0,100,100,0,-1,0,0,0,100,100,0,0,0,0,0,-1,16,0,0,7,3,21,0,0,0,100,0,0,999,0,0,0,0,0,0,0,0,0,0,0,0,0,0,0,0,0,0,0,0,0,0,0,1,1,0,0,0,0,0,0,0,0,0,0,0,1,0,1,0,0,0,0,0,0,0,0,1,0,1,1,1,1,0,0,100,1,1,0,0,-1,-1,-1,-1,-1,-1,-1,-1,-1,-1,-1,-1,-1,-1,-1,-1,-1,-1,-1,-1,-1,-1,-1,-1,0,0,300,0,0,0,0,0,0,0,0,0,0,0,1,1,0,0,0,0,0,0,0,0,0,0,0,0,0,0,0,-1,-1,-1,-1,-1,-1,-1,-1,-1,0,-1,0,0,-1,0,0,0,0,0,-1,-1,-1,0,[0|0|0|0],-1,-1,-1,-1,400,-1,-1,-1,1,1,1,1,1,1,1,1,1,-1,-1,-1,-1,-1,0,-1,0,1,0,0,0,0,1,1,1,1,0,0,-1,0,[0|0|0|0],-1,0.5,1,[0|0|0|0],-1,0,0,[0|0|0|0|0|0|0|0],-1,-1,-1,-1,-1,[0|0|0|0],-1,-1,-1,[0|0|0|0|0|0|0|0],-1,-1,-1,[0|0|0|0|0|0|0|0],0,0,0,[0|0|0|0],20,-1,450,100,1,1,0,-1,5,0,0,10,714,0,-1,0,1350,0,-1,[0|0|0|0],0,0,0,0,0,0,0,0,0,0,0,0,0,0,0,0,0,0,0,0,0,0,0,0,0,0,0,0,0,0,0,0,304,[0|0|0|0|0|0|0|0|0|0|0|0],0,0,0,0,0,0,0,0,0,0,0,0,0,0,-1,0,0,0,0,-1,-1,-1,-1,-1,-1,-1,-1,-1,-1,-1,-1,0,0,-1,0,0,0,0,0,0,0,0,[0|0],30250000,0,3.1,0.5,0.8,0,-1,1,1,1,1,1,1,1,1,0,0,0,0,0,0,0,0,0,0,0,0,0,0,0,0,0,0,0,0,0,0,0,0,0,[0|0],1.8,0.2,1.9,[0|0|0],0,0,0,-1,[0|0|0|0],2,1051,0,0,0,-1,-1,-1,-1,-1,-1,-1,-1,-1,-1,0,0,0,0,0,0,0,0,0,797,[0|0],360,0,0,0,[0|0|0],10,19,0,0,0,-1,-1,-1,-1,-1,-1,[0|0|0|0],0,0,1,0,0,[0|0|0],0,0,0,0,0,0,0,0,0,0,0,0,0,0,0,0,0,0,0,0,0,0,0,0,0,0,0,0,0,0,0,0,0,0,[0|0|0],0,0,0,0,3040,[0|0|0|0],1,0,0,0,0,[0|0|0],0,0,0,0,0,-1,-1,-1,-1,1,0,0,0,0,0,0,0,0,0,174,85,2.5,2.5,0,-1,0,0,0,0,0,1,0,0,0,0,0,0,0,0,1,1,0,0,-1,0,100,0,0,0,0,1,0,0,0,0,0,0,0,0,1,1,0,0,0,0,-1,1,1,8229,0,0,0,0,0,0,1,-1,0,0,1,0,0,0,0,1,0,0,0,0,1,-1,[0|0|0|0|0|0|0|0|0|0|0|0|0|0|0|0|0|0|0|0|0|0|0|0|0|0|0|0]
30260000,DIFFUSE LASER CANNON - VP-60LCD (Right),0,0,0,[0|0|0],32600,3026000,0,7620,0,0,0,0,0,0,0,0,100,0,0,0,-1,-1,-1,-1,-1,-1,-1,-1,-1,-1,-1,-1,-1,-1,-1,-1,-1,-1,-1,-1,-1,-1,-1,1,1,1,1,0,0,0,5010,0,100,100,0,-1,0,100,0,0,100,0,0,0,0,0,-1,16,0,0,7,3,21,0,0,0,100,0,0,999,0,0,0,0,0,0,0,0,0,0,0,0,0,0,0,0,0,0,0,0,0,0,0,1,1,0,0,0,0,0,0,0,0,0,0,0,1,0,1,0,0,0,0,0,0,0,0,1,0,1,1,1,1,0,0,100,1,1,0,0,-1,-1,-1,-1,-1,-1,-1,-1,-1,-1,-1,-1,-1,-1,-1,-1,-1,-1,-1,-1,-1,-1,-1,-1,0,0,300,0,0,0,0,0,0,0,0,0,0,0,1,1,0,0,0,0,0,0,0,0,0,0,0,0,0,0,0,-1,-1,-1,-1,-1,-1,-1,-1,-1,0,-1,0,0,-1,0,0,0,0,0,-1,-1,-1,0,[0|0|0|0],-1,-1,-1,-1,320,-1,-1,-1,1,1,1,1,1,1,1,1,1,-1,-1,-1,-1,-1,0,-1,0,1,0,0,0,0,1,1,1,1,0,0,-1,0,[0|0|0|0],-1,0.5,1,[0|0|0|0],-1,0,0,[0|0|0|0|0|0|0|0],-1,-1,-1,-1,-1,[0|0|0|0],-1,-1,-1,[0|0|0|0|0|0|0|0],-1,-1,-1,[0|0|0|0|0|0|0|0],0,0,0,[0|0|0|0],54,-1,450,100,1,1,0,-1,5,0,0,10,784,0,-1,0,650,0,-1,[0|0|0|0],0,0,0,0,0,0,0,0,0,0,0,0,0,0,0,0,0,0,0,0,0,0,0,0,0,0,0,0,0,0,0,0,304,[0|0|0|0|0|0|0|0|0|0|0|0],0,0,0,0,0,0,0,0,0,0,0,0,0,0,-1,0,0,0,0,-1,-1,-1,-1,-1,-1,-1,-1,-1,-1,-1,-1,0,0,-1,0,0,0,0,0,0,0,0,[0|0],30260000,0,2,0.5,1,0,-1,1,1,1,1,1,1,1,1,0,0,0,0,0,0,0,0,0,0,0,0,0,0,0,0,0,0,0,0,0,0,0,0,0,[0|0],0.4,0.2,2,[0|0|0],0,1,0,-1,[0|0|0|0],7,1060,0,0,0,-1,-1,-1,-1,-1,-1,-1,-1,-1,-1,0,0,0,0,0,0,0,0,0,902,[0|0],360,0,0,0,[0|0|0],5,17,0,0,0,-1,-1,-1,-1,-1,-1,[0|0|0|0],0,0,1,0,0,[0|0|0],0,0,0,0,0,0,0,0,0,0,0,0,0,0,0,0,0,0,0,0,0,0,0,0,0,0,0,0,0,0,0,0,0,0,[0|0|0],0,0,0,0,3040,[0|0|0|0],1,0,0,0,0,[0|0|0],0,0,0,0,0,-1,-1,-1,-1,1,0,0,0,0,0,0,0,0,0,232,85,1.7,1.6,0,-1,0,0,0,0,0,1,0,0,0,0,0,0,0,0,1,1,0,0,-1,1,100,0,0,0,0,1,0,0,0,0,0,1,0,0,1,1,0,0,0,0,-1,1,1,8232,0,0,0,0,0,0,1,-1,0,0,1,0,0,0,0,1,0,0,0,0,1,-1,[0|0|0|0|0|0|0|0|0|0|0|0|0|0|0|0|0|0|0|0|0|0|0|0|0|0|0|0]
30270000,STUN NEEDLE LAUNCHER - VE-60SNA (Right),0,0,0,[0|0|0],32700,3027000,0,6150,0,0,0,0,0,0,0,0,100,0,0,0,-1,-1,-1,3230700,-1,-1,-1,-1,-1,-1,-1,-1,-1,-1,-1,-1,-1,-1,-1,-1,-1,-1,-1,1,1,1,1,0,0,0,4830,0,100,100,0,-1,100,100,0,0,100,0,0,0,0,0,-1,16,0,0,7,3,21,0,0,0,100,0,0,999,0,0,0,0,0,0,0,0,0,0,0,0,0,0,0,0,0,0,0,0,0,0,0,1,1,0,0,0,0,0,0,0,0,0,0,0,1,0,1,0,0,0,0,0,0,0,0,1,0,1,1,1,1,0,0,100,1,1,0,0,-1,-1,-1,-1,-1,-1,-1,-1,-1,-1,-1,-1,-1,-1,-1,-1,-1,-1,-1,-1,-1,-1,-1,-1,0,0,300,0,0,0,0,0,0,0,0,0,0,0,1,1,0,0,0,0,0,0,0,0,0,0,0,0,0,0,0,-1,-1,-1,-1,-1,-1,-1,-1,-1,0,-1,0,0,-1,0,0,0,0,0,-1,-1,-1,0,[0|0|0|0],-1,-1,-1,-1,235,-1,-1,-1,1,1,1,1,1,1,1,1,1,-1,-1,-1,-1,-1,0,-1,0,1,0,0,0,0,1,1,1,1,0,0,-1,0,[0|0|0|0],1,1,1,[0|0|0|0],-1,0,0,[0|0|0|0|0|0|0|0],-1,-1,-1,-1,-1,[0|0|0|0],-1,-1,-1,[0|0|0|0|0|0|0|0],-1,-1,-1,[0|0|0|0|0|0|0|0],0,0,0,[0|0|0|0],30,-1,450,100,1,1,0,-1,5,0,0,10,825,0,-1,0,800,0,-1,[0|0|0|0],0,0,0,0,0,0,0,0,0,0,0,0,0,0,0,0,0,0,0,0,0,0,0,0,0,0,0,0,0,0,0,0,301,[0|0|0|0|0|0|0|0|0|0|0|0],0,0,0,0,0,0,0,0,0,0,0,0,0,0,-1,0,0,0,0,-1,-1,-1,-1,-1,-1,-1,-1,-1,-1,-1,-1,0,0,-1,0,0,0,0,0,0,0,0,[0|0],30270000,6.5,0,-1,0,0,-1,1,1,1,1,1,1,1,1,0,0,0,0,0,0,0,0,0,0,0,0,0,0,0,0,0,0,0,0,0,0,0,0,0,[0|0],0,0,0,[0|0|0],0,0,0,-1,[0|0|0|0],20,1020,0,0,0,-1,-1,-1,-1,-1,-1,-1,-1,-1,-1,0,0,0,0,0,0,0,0,0,-1,[0|0],360,0,0,0,[0|0|0],1,0,0,0,0,-1,-1,-1,-1,-1,-1,[0|0|0|0],0,0,0,0,0,[0|0|0],0,0,0,0,0,0,0,0,0,0,0,0,0,0,0,0,0,0,0,0,0,0,0,0,0,0,0,0,0,0,0,0,0,0,[0|0|0],0,0,0,0,3010,[0|0|0|0],1,0,0,0,0,[0|0|0],0,0,0,0,0,-1,-1,-1,-1,1,0,0,0,0,0,0,0,0,0,0,100,0,0,0,-1,0,0,0,0,0,1,0,0,0,0,0,2,0,0,1,1,0,0,-1,0,-1,0,0,0,0,1,0,0,0,0,0,0,0,0,1,1,0,0,0,0,-1,1,1,8238,0,0,0,0,0,0,1,-1,0,0,1,0,0,0,0,1,0,0,0,0,1,-1,[0|0|0|0|0|0|0|0|0|0|0|0|0|0|0|0|0|0|0|0|0|0|0|0|0|0|0|0]
30300000,BULLET ORBIT - BO-044 HUXLEY (Right),0,0,0,[0|0|0],33000,3030000,0,2230,0,0,0,0,0,0,0,0,100,0,0,0,-1,-1,-1,-1,-1,-1,-1,-1,-1,-1,-1,-1,-1,-1,-1,-1,-1,-1,-1,-1,-1,-1,-1,1,1,1,1,0,0,0,5710,0,100,100,0,-1,100,0,0,0,100,0,0,0,0,0,-1,16,0,0,7,3,21,0,0,0,100,0,0,999,0,0,0,0,0,0,0,0,0,0,0,0,0,0,0,0,0,0,0,0,0,0,0,1,1,0,0,0,0,0,0,0,0,0,0,0,1,0,1,0,0,0,0,0,0,0,0,1,0,1,1,1,1,0,0,100,1,1,0,0,-1,-1,-1,-1,-1,-1,-1,-1,-1,-1,-1,-1,-1,-1,-1,-1,-1,-1,-1,-1,-1,-1,-1,-1,0,0,300,0,0,0,0,0,0,0,0,0,0,0,1,1,0,0,0,0,0,0,0,0,0,0,0,0,0,0,0,-1,-1,-1,-1,-1,-1,-1,-1,-1,0,-1,0,0,-1,0,0,0,0,0,-1,-1,-1,0,[0|0|0|0],-1,-1,-1,-1,280,-1,-1,-1,1,1,1,1,1,1,1,1,1,-1,-1,-1,-1,-1,0,-1,0,1,0,0,0,0,1,1,1,1,0,0,-1,0,[0|0|0|0],-1,1,1,[0|0|0|0],-1,0,0,[0|0|0|0|0|0|0|0],-1,-1,-1,-1,-1,[0|0|0|0],-1,-1,-1,[0|0|0|0|0|0|0|0],-1,-1,-1,[0|0|0|0|0|0|0|0],0,0,0,[0|0|0|0],240,-1,500,100,1,1,0,-1,5,0,0,10,435,0,-1,0,50,0,-1,[0|0|0|0],0,0,0,0,0,0,0,0,0,0,0,0,0,0,0,0,0,0,0,0,0,0,0,0,0,0,0,0,0,0,0,0,303,[0|0|0|0|0|0|0|0|0|0|0|0],0,0,0,0,0,0,0,0,0,0,0,0,0,0,-1,0,0,0,0,-1,-1,-1,-1,-1,-1,-1,-1,-1,-1,-1,-1,0,0,-1,0,0,0,0,0,0,0,0,[0|0],30300000,5,0,-1,0,0,-1,1,1,1,1,1,1,1,1,0,0,0,0,0,0,0,0,0,0,0,0,0,0,0,0,0,0,0,0,0,0,0,0,0,[0|0],0,0,0,[0|0|0],0,0,0,-1,[0|0|0|0],11,1200,0,0,0,-1,-1,-1,-1,-1,-1,-1,-1,-1,-1,0,0,0,0,0,0,0,0,0,-1,[0|0],360,0,0,0,[0|0|0],0,0,0,0,0,-1,-1,-1,-1,-1,-1,[0|0|0|0],0,0,0,0,0,[0|0|0],0,0,0,0,0,0,0,0,0,0,0,0,0,0,0,0,0,0,0,0,0,0,0,0,0,0,0,0,0,0,0,0,0,0,[0|0|0],0,0,0,0,3030,[0|0|0|0],1,0,0,0,0,[0|0|0],0,0,0,0,0,-1,-1,-1,-1,1,0,0,0,0,0,0,0,0,0,95,85,0.8,1.6,0,-1,0,0,2,0,0,1,0,0,0,0,0,0,0,0,1,1,0,0,-1,0,-1,0,0,0,0,1,0,0,0,0,0,0,0,0,1,1,0,0,0,0,-1,1,1,8233,0,0,0,0,0,0,1,-1,0,0,1,0,0,0,0,1,0,0,0,0,1,-1,[0|0|0|0|0|0|0|0|0|0|0|0|0|0|0|0|0|0|0|0|0|0|0|0|0|0|0|0]
30300100,LASER ORBIT - 45-091 ORBT (Right),0,0,0,[0|0|0],33010,3030010,0,2010,0,0,0,0,0,0,0,0,100,0,0,0,-1,-1,-1,-1,-1,-1,-1,-1,-1,-1,-1,-1,-1,-1,-1,-1,-1,-1,-1,-1,-1,-1,-1,1,1,1,1,0,0,0,5720,0,100,100,0,-1,0,100,0,0,100,0,0,0,0,0,-1,16,0,0,7,3,21,0,0,0,100,0,0,999,0,0,0,0,0,0,0,0,0,0,0,0,0,0,0,0,0,0,0,0,0,0,0,1,1,0,0,0,0,0,0,0,0,0,0,0,1,0,1,0,0,0,0,0,0,0,0,1,0,1,1,1,1,0,0,100,1,1,0,0,-1,-1,-1,-1,-1,-1,-1,-1,-1,-1,-1,-1,-1,-1,-1,-1,-1,-1,-1,-1,-1,-1,-1,-1,0,0,300,0,0,0,0,0,0,0,0,0,0,0,1,1,0,0,0,0,0,0,0,0,0,0,0,0,0,0,0,-1,-1,-1,-1,-1,-1,-1,-1,-1,0,-1,0,0,-1,0,0,0,0,0,-1,-1,-1,0,[0|0|0|0],-1,-1,-1,-1,350,-1,-1,-1,1,1,1,1,1,1,1,1,1,-1,-1,-1,-1,-1,0,-1,0,1,0,0,0,0,1,1,1,1,0,0,-1,0,[0|0|0|0],-1,1,1,[0|0|0|0],-1,0,0,[0|0|0|0|0|0|0|0],-1,-1,-1,-1,-1,[0|0|0|0],-1,-1,-1,[0|0|0|0|0|0|0|0],-1,-1,-1,[0|0|0|0|0|0|0|0],0,0,0,[0|0|0|0],165,-1,500,100,1,1,0,-1,5,0,0,10,446,0,-1,0,100,0,-1,[0|0|0|0],0,0,0,0,0,0,0,0,0,0,0,0,0,0,0,0,0,0,0,0,0,0,0,0,0,0,0,0,0,0,0,0,303,[0|0|0|0|0|0|0|0|0|0|0|0],0,0,0,0,0,0,0,0,0,0,0,0,0,0,-1,0,0,0,0,-1,-1,-1,-1,-1,-1,-1,-1,-1,-1,-1,-1,0,0,-1,0,0,0,0,0,0,0,0,[0|0],30300100,5,0,-1,0,0,-1,1,1,1,1,1,1,1,1,0,0,0,0,0,0,0,0,0,0,0,0,0,0,0,0,0,0,0,0,0,0,0,0,0,[0|0],0,0,0,[0|0|0],0,0,0,-1,[0|0|0|0],4,1210,0,0,0,-1,-1,-1,-1,-1,-1,-1,-1,-1,-1,0,0,0,0,0,0,0,0,0,-1,[0|0],360,0,0,0,[0|0|0],0,0,0,0,0,-1,-1,-1,-1,-1,-1,[0|0|0|0],0,0,0,0,0,[0|0|0],0,0,0,0,0,0,0,0,0,0,0,0,0,0,0,0,0,0,0,0,0,0,0,0,0,0,0,0,0,0,0,0,0,0,[0|0|0],0,0,0,0,3030,[0|0|0|0],1,0,0,0,0,[0|0|0],0,0,0,0,0,-1,-1,-1,-1,1,0,0,0,0,0,0,0,0,0,145,85,1.2,1.6,0,-1,0,0,2,0,0,1,0,0,0,0,0,0,0,0,1,1,0,0,-1,0,-1,0,0,0,0,1,0,0,0,0,0,0,0,0,1,1,0,0,0,0,-1,1,1,8234,0,0,0,0,0,0,1,-1,0,0,1,0,0,0,0,1,0,0,0,0,1,-1,[0|0|0|0|0|0|0|0|0|0|0|0|0|0|0|0|0|0|0|0|0|0|0|0|0|0|0|0]
30300200,CORAL ORBIT - IB-C03A2: AYR 007 (Right),0,0,0,[0|0|0],33020,3030010,0,2220,0,0,0,0,0,0,0,0,100,0,0,0,-1,-1,-1,-1,-1,-1,-1,-1,-1,-1,-1,-1,-1,-1,-1,-1,-1,-1,-1,-1,-1,-1,-1,1,1,1,1,0,0,0,5725,0,100,100,0,-1,0,0,0,100,100,0,0,0,0,0,-1,16,0,0,7,3,21,0,0,0,100,0,0,999,0,0,0,0,0,0,0,0,0,0,0,0,0,0,0,0,0,0,0,0,0,0,0,1,1,0,0,0,0,0,0,0,0,0,0,0,1,0,1,0,0,0,0,0,0,0,0,1,0,1,1,1,1,0,0,100,1,1,0,0,-1,-1,-1,-1,-1,-1,-1,-1,-1,-1,-1,-1,-1,-1,-1,-1,-1,-1,-1,-1,-1,-1,-1,-1,0,0,300,0,0,0,0,0,0,0,0,0,0,0,1,1,0,0,0,0,0,0,0,0,0,0,0,0,0,0,0,-1,-1,-1,-1,-1,-1,-1,-1,-1,0,-1,0,0,-1,0,0,0,0,0,-1,-1,-1,0,[0|0|0|0],-1,-1,-1,-1,350,-1,-1,-1,1,1,1,1,1,1,1,1,1,-1,-1,-1,-1,-1,0,-1,0,1,0,0,0,0,1,1,1,1,0,0,-1,0,[0|0|0|0],-1,1,1,[0|0|0|0],-1,0,0,[0|0|0|0|0|0|0|0],-1,-1,-1,-1,-1,[0|0|0|0],-1,-1,-1,[0|0|0|0|0|0|0|0],-1,-1,-1,[0|0|0|0|0|0|0|0],0,0,0,[0|0|0|0],42,-1,500,100,1,1,0,-1,5,0,0,10,461,0,-1,0,1200,0,-1,[0|0|0|0],0,0,0,0,0,0,0,0,0,0,0,0,0,0,0,0,0,0,0,0,0,0,0,0,0,0,0,0,0,0,0,0,303,[0|0|0|0|0|0|0|0|0|0|0|0],0,0,0,0,0,0,0,0,0,0,0,0,0,0,-1,0,0,0,0,-1,-1,-1,-1,-1,-1,-1,-1,-1,-1,-1,-1,0,0,-1,0,0,0,0,0,0,0,0,[0|0],30300100,5,0,-1,0,0,-1,1,1,1,1,1,1,1,1,0,0,0,0,0,0,0,0,0,0,0,0,0,0,0,0,0,0,0,0,0,0,0,0,0,[0|0],0,0,0,[0|0|0],0,0,0,-1,[0|0|0|0],2,1211,0,0,0,-1,-1,-1,-1,-1,-1,-1,-1,-1,-1,0,0,0,0,0,0,0,0,0,-1,[0|0],360,0,0,0,[0|0|0],0,0,0,0,0,-1,-1,-1,-1,-1,-1,[0|0|0|0],0,0,0,0,0,[0|0|0],0,0,0,0,0,0,0,0,0,0,0,0,0,0,0,0,0,0,0,0,0,0,0,0,0,0,0,0,0,0,0,0,0,0,[0|0|0],0,0,0,0,3030,[0|0|0|0],1,0,0,0,0,[0|0|0],0,0,0,0,0,-1,-1,-1,-1,1,0,0,0,0,0,0,0,0,0,125,78,1.2,1.6,0,-1,0,0,2,0,0,1,0,0,0,0,0,0,0,0,1,1,0,0,-1,0,-1,0,0,0,0,1,0,0,0,0,0,0,0,0,1,1,0,0,0,0,-1,1,1,8234,0,0,0,0,0,0,1,-1,0,0,1,0,0,0,0,1,0,0,0,0,1,-1,[0|0|0|0|0|0|0|0|0|0|0|0|0|0|0|0|0|0|0|0|0|0|0|0|0|0|0|0]
30310000,PULSE SHIELD LAUNCHER - EULE/60D (Right),0,0,0,[0|0|0],33100,3031000,0,2760,0,0,0,0,0,0,0,0,100,100,100,100,-1,-1,-1,-1,-1,-1,-1,-1,-1,-1,-1,-1,-1,-1,-1,-1,-1,-1,-1,-1,-1,-1,-1,1,1,1,1,0,0,0,4820,0,100,100,0,-1,100,100,0,0,100,0,0,0,0,0,-1,16,0,0,7,3,21,0,0,0,102,0,0,999,0,0,0,0,0,0,0,0,0,0,0,0,0,0,0,0,100,100,100,0,0,0,0,1,1,0,0,0,0,0,0,0,0,0,0,0,1,0,1,0,0,0,0,0,0,0,0,1,0,1,1,1,1,0,0,102,1,1,0,0,-1,-1,-1,-1,-1,-1,-1,-1,-1,-1,-1,-1,-1,-1,-1,-1,-1,-1,-1,-1,-1,-1,-1,-1,0,0,300,0,0,0,0,0,0,0,0,0,0,0,1,1,0,0,0,0,0,0,0,0,0,0,0,0,0,0,0,-1,-1,-1,-1,-1,-1,-1,-1,-1,0,-1,0,0,-1,0,0,0,0,0,-1,-1,-1,0,[0|0|0|0],-1,-1,-1,-1,110,-1,-1,-1,1,1,1,1,1,1,1,1,1,-1,-1,-1,-1,-1,0,-1,0,1,0,0,0,0,1,1,1,1,0,0,-1,0,[0|0|0|0],3,1,1,[0|0|0|0],-1,0,0,[0|0|0|0|0|0|0|0],-1,-1,-1,-1,-1,[0|0|0|0],-1,-1,-1,[0|0|0|0|0|0|0|0],-1,-1,-1,[0|0|0|0|0|0|0|0],0,0,0,[0|0|0|0],45,-1,500,100,1,1,0,-1,5,0,0,10,382,0,-1,0,400,0,-1,[0|0|0|0],0,0,0,0,0,0,0,0,0,0,0,0,0,0,0,0,0,0,0,0,0,0,0,0,0,0,0,0,0,0,0,0,304,[0|0|0|0|0|0|0|0|0|0|0|0],0,0,0,0,0,0,0,0,0,0,0,0,0,0,-1,0,0,0,0,-1,-1,-1,-1,-1,-1,-1,-1,-1,-1,-1,-1,102,102,-1,0,0,0,0,0,0,0,0,[0|0],30310000,6,0,-1,0,0,-1,1,1,1,1,1,1,1,1,0,0,0,0,0,0,0,0,0,0,0,0,0,0,0,0,0,0,0,0,0,0,0,0,0,[0|0],0,0,0,[0|0|0],0,0,0,-1,[0|0|0|0],8,1080,0,0,0,-1,-1,-1,-1,-1,-1,-1,-1,-1,-1,0,0,0,0,0,0,0,0,0,-1,[0|0],360,0,0,0,[0|0|0],0,0,0,0,0,-1,-1,-1,-1,-1,-1,[0|0|0|0],0,0,0,100,0,[0|0|0],0,0,0,0,0,0,0,0,0,0,0,0,0,0,0,0,0,0,0,0,0,0,0,0,0,0,0,0,0,0,0,0,0,0,[0|0|0],0,0,0,0,3040,[0|0|0|0],1,0,0,0,0,[0|0|0],30,20000,-800,102,102,990080,990081,990082,990083,1,0,0,0,0,0,0,0,0,0,0,100,0,0,0,-1,0,3,0,0,0,1,3,3,3,0,0,3,0,0,1,1,0,0,-1,0,-1,0,0,0,0,1,0,0,0,0,0,0,0,0,1,1,0,0,0,0,-1,1,1,8237,0,0,0,0,0,0,1,-1,0,0,1,0,0,0,0,1,0,0,0,0,1,-1,[0|0|0|0|0|0|0|0|0|0|0|0|0|0|0|0|0|0|0|0|0|0|0|0|0|0|0|0]
30350100,LIGHT WAVE CANNON - IA-C01W3: AURORA (Right),0,0,0,[0|0|0],33500,3035010,0,3330,0,0,0,0,0,0,0,0,100,0,0,0,-1,-1,-1,-1,-1,-1,-1,-1,-1,-1,-1,-1,-1,-1,-1,-1,-1,-1,-1,-1,-1,-1,-1,1,1,1,1,0,0,0,4350,0,100,100,0,-1,0,100,0,0,100,0,0,0,0,0,-1,16,0,0,7,3,22,0,0,0,100,0,0,999,0,0,0,0,0,0,0,0,0,0,0,0,0,0,0,0,0,0,0,0,0,0,0,1,1,0,0,0,0,0,0,0,0,0,0,0,1,0,1,0,0,0,0,0,0,0,0,1,0,1,1,1,1,0,0,100,1,1,0,0,-1,-1,-1,-1,-1,-1,-1,-1,-1,-1,-1,-1,-1,-1,-1,-1,-1,-1,-1,-1,-1,-1,-1,-1,0,0,300,0,0,0,0,0,0,0,0,0,0,0,1,1,0,0,0,0,0,0,0,0,0,0,0,0,0,0,0,-1,-1,-1,-1,-1,-1,-1,-1,-1,0,-1,0,0,-1,0,0,0,0,0,-1,-1,-1,0,[0|0|0|0],-1,-1,-1,-1,-1,-1,-1,-1,1,1,1,1,1,1,1,1,1,-1,-1,-1,-1,-1,0,-1,0,1,0,0,0,0,1,1,1,1,0,0,-1,0,[0|0|0|0],4,1,1,[0|0|0|0],-1,0,0,[0|0|0|0|0|0|0|0],-1,-1,-1,-1,-1,[0|0|0|0],-1,-1,-1,[0|0|0|0|0|0|0|0],-1,-1,-1,[0|0|0|0|0|0|0|0],0,0,0,[0|0|0|0],100,-1,500,100,1,1,0,-1,5,0,0,9,390,0,-1,0,80,0,-1,[0|0|0|0],0,0,0,0,0,0,0,0,0,0,0,0,0,0,0,0,0,0,0,0,0,0,0,0,0,0,0,0,0,0,0,0,300,[0|0|0|0|0|0|0|0|0|0|0|0],0,0,0,0,0,0,0,0,0,0,0,0,0,0,-1,0,0,0,0,-1,-1,-1,-1,-1,-1,-1,-1,-1,-1,-1,-1,0,0,-1,0,0,0,0,0,0,0,0,[0|0],30350100,5.5,0,-1,0,0,-1,1,1,1,1,1,1,1,1,0,0,0,0,0,0,0,0,0,0,0,0,0,0,0,0,0,0,0,0,0,0,0,0,0,[0|0],0,0,0,[0|0|0],0,1,0,-1,[0|0|0|0],2,1070,0,0,0,-1,-1,-1,-1,-1,-1,-1,-1,-1,-1,0,0,0,0,0,0,0,0,0,-1,[0|0],360,0,0,0,[0|0|0],0,0,0,0,0,-1,-1,-1,-1,-1,-1,[0|0|0|0],0,0,0,0,0,[0|0|0],0,0,0,0,0,0,0,0,0,0,0,0,0,0,0,0,0,0,0,0,0,0,0,0,0,0,0,0,0,0,0,0,0,0,[0|0|0],0,0,0,0,3000,[0|0|0|0],1,0,0,0,0,[0|0|0],0,0,0,0,0,-1,-1,-1,-1,1,0,0,0,0,0,0,0,0,0,0,100,0,0,0,-1,0,0,3,0,0,1,0,0,0,0,0,0,0,0,1,1,0,0,-1,0,-1,0,0,0,0,1,0,0,0,0,0,0,0,0,1,1,0,0,0,0,-1,1,1,8226,0,0,0,0,0,0,1,-1,0,0,1,0,0,0,0,1,0,0,0,0,1,-1,[0|0|0|0|0|0|0|0|0|0|0|0|0|0|0|0|0|0|0|0|0|0|0|0|0|0|0|0]
30400000,GATLING CANNON - DF-GA-09 SHAO-WEI (Right),0,0,0,[0|0|0],34000,0,0,3960,0,0,0,0,0,0,0,0,100,0,0,0,-1,-1,-1,-1,-1,-1,-1,-1,-1,-1,-1,-1,-1,-1,-1,-1,-1,-1,-1,-1,-1,-1,-1,1,1,1,1,0,0,0,5110,0,100,100,0,-1,100,0,0,0,100,0,0,0,0,0,-1,16,0,0,7,3,21,0,0,0,100,0,0,999,0,0,0,0,0,0,0,0,0,0,0,0,0,0,0,0,0,0,0,0,0,0,0,1,1,0,0,0,0,0,0,0,0,0,0,0,1,0,1,0,0,0,0,0,0,0,0,1,0,1,1,1,1,0,0,100,1,1,0,0,-1,-1,-1,-1,-1,-1,-1,-1,-1,-1,-1,-1,-1,-1,-1,-1,-1,-1,-1,-1,-1,-1,-1,-1,0,0,300,0,0,0,0,0,0,0,0,0,0,0,1,1,0,0,0,0,0,0,0,0,0,0,0,0,0,0,0,-1,-1,-1,-1,-1,-1,-1,-1,-1,0,-1,0,0,-1,0,0,0,0,0,-1,-1,-1,0,[0|0|0|0],-1,-1,-1,-1,150,-1,-1,-1,1,1,1,1,1,1,1,1,1,-1,-1,-1,-1,-1,0,-1,0,1,0,0,0,0,1,1,1,1,0,0,-1,0,[0|0|0|0],-1,0.5,1,[0|0|0|0],-1,0,0,[0|0|0|0|0|0|0|0],-1,-1,-1,-1,-1,[0|0|0|0],-1,-1,-1,[0|0|0|0|0|0|0|0],-1,-1,-1,[0|0|0|0|0|0|0|0],0,0,0,[0|0|0|0],800,-1,450,100,1,1,0,-1,5,0,0,10,404,0,-1,0,20,0,-1,[0|0|0|0],0,0,0,0,0,0,0,0,0,0,0,0,0,0,0,0,0,0,0,0,0,0,0,0,0,0,0,0,0,0,0,0,301,[0|0|0|0|0|0|0|0|0|0|0|0],0,0,0,0,0,0,0,0,0,0,0,0,0,0,-1,0,0,0,0,-1,-1,-1,-1,-1,-1,-1,-1,-1,-1,-1,-1,0,0,-1,0,0,0,0,0,0,0,0,[0|0],30400000,0,0,-1,0,0,-1,1,1,1,1,1,1,1,1,0,0,0,0,0,0,0,0,0,0,0,0,0,0,0,0,0,0,0,0,0,0,0,0,0,[0|0],0,0,0,[0|0|0],0,0,0,-1,[0|0|0|0],12,1090,0,0,0,-1,-1,-1,-1,-1,-1,-1,-1,-1,-1,0,0,0,0,0,0,0,0,0,-1,[0|0],360,0,0,0,[0|0|0],0,0,0,0,0,-1,-1,-1,-1,-1,-1,[0|0|0|0],0,0,0,0,0,[0|0|0],0,0,0,0,0,0,0,0,0,0,0,0,0,0,0,0,0,0,0,0,0,0,0,0,0,0,0,0,0,0,0,0,0,0,[0|0|0],0,0,0,0,3010,[0|0|0|0],1,0,0,0,0,[0|0|0],0,0,0,0,0,-1,-1,-1,-1,1,0,0,0,0,0,0,0,0,0,650,90,0.12,0.8,0,-1,0,0,0,0,0,1,0,0,0,0,0,0,0,0,1,1,0,0,-1,0,-1,0,0,0,0,1,0,0,0,0,0,0,0,0,1,1,0,0,0,0,-1,1,1,8240,0,0,0,0,0,0,1,-1,0,0,1,0,0,0,0,1,0,0,0,0,1,-1,[0|0|0|0|0|0|0|0|0|0|0|0|0|0|0|0|0|0|0|0|0|0|0|0|0|0|0|0]
30401000,SIMPLE CANNON - DF-SC-00 FENG-HUANG (Right),0,0,0,[0|0|0],34010,0,0,4310,0,0,0,0,0,0,0,0,100,0,0,0,-1,-1,-1,-1,-1,-1,-1,-1,-1,-1,-1,-1,-1,-1,-1,-1,-1,-1,-1,-1,-1,-1,-1,1,1,1,1,0,0,0,5120,0,100,100,0,-1,100,0,0,0,100,0,0,0,0,0,-1,16,0,0,7,3,21,0,0,0,100,0,0,999,0,0,0,0,0,0,0,0,0,0,0,0,0,0,0,0,0,0,0,0,0,0,0,1,1,0,0,0,0,0,0,0,0,0,0,0,1,0,1,0,0,0,0,0,0,0,0,1,0,1,1,1,1,0,0,100,1,1,0,0,-1,-1,-1,-1,-1,-1,-1,-1,-1,-1,-1,-1,-1,-1,-1,-1,-1,-1,-1,-1,-1,-1,-1,-1,0,0,300,0,0,0,0,0,0,0,0,0,0,0,1,1,0,0,0,0,0,0,0,0,0,0,0,0,0,0,0,-1,-1,-1,-1,-1,-1,-1,-1,-1,0,-1,0,0,-1,0,0,0,0,0,-1,-1,-1,0,[0|0|0|0],-1,-1,-1,-1,150,-1,-1,-1,1,1,1,1,1,1,1,1,1,-1,-1,-1,-1,-1,0,-1,0,1,0,0,0,0,1,1,1,1,0,0,-1,0,[0|0|0|0],17,0.5,1,[0|0|0|0],-1,0,0,[0|0|0|0|0|0|0|0],-1,-1,-1,-1,-1,[0|0|0|0],-1,-1,-1,[0|0|0|0|0|0|0|0],-1,-1,-1,[0|0|0|0|0|0|0|0],0,0,0,[0|0|0|0],245,-1,450,100,1,1,0,-1,5,0,0,10,366,0,-1,0,35,0,-1,[0|0|0|0],0,0,0,0,0,0,0,0,0,0,0,0,0,0,0,0,0,0,0,0,0,0,0,0,0,0,0,0,0,0,0,0,301,[0|0|0|0|0|0|0|0|0|0|0|0],0,0,0,0,0,0,0,0,0,0,0,0,0,0,-1,0,0,0,0,-1,-1,-1,-1,-1,-1,-1,-1,-1,-1,-1,-1,0,0,-1,0,0,0,0,0,0,0,0,[0|0],30400000,4.8,0,-1,0,0,-1,1,1,1,1,1,1,1,1,0,0,0,0,0,0,0,0,0,0,0,0,0,0,0,0,0,0,0,0,0,0,0,0,0,[0|0],0,0,0,[0|0|0],0,0,0,-1,[0|0|0|0],12,1091,0,0,0,-1,-1,-1,-1,-1,-1,-1,-1,-1,-1,0,0,0,0,0,0,0,0,0,-1,[0|0],360,0,0,0,[0|0|0],0,0,0,0,0,-1,-1,-1,-1,-1,-1,[0|0|0|0],0,0,0,0,0,[0|0|0],0,0,0,0,0,0,0,0,0,0,0,0,0,0,0,0,0,0,0,0,0,0,0,0,0,0,0,0,0,0,0,0,0,0,[0|0|0],0,0,0,0,3010,[0|0|0|0],1,0,0,0,0,[0|0|0],0,0,0,0,0,-1,-1,-1,-1,1,0,0,0,0,0,0,0,0,0,650,90,0.12,0.8,0,-1,0,0,0,0,0,1,0,0,0,0,0,0,0,0,1,1,0,0,-1,0,-1,0,0,0,0,1,0,0,0,0,0,0,0,0,1,1,0,0,0,0,-1,1,1,8240,0,0,0,0,0,0,1,-1,0,0,1,0,0,0,0,1,0,0,0,0,1,-1,[0|0|0|0|0|0|0|0|0|0|0|0|0|0|0|0|0|0|0|0|0|0|0|0|0|0|0|0]
30402000,DIFFUSION GATLING CANNON - GX-67 WISDOM (Right),0,0,0,[0|0|0],34020,0,0,4190,0,0,0,0,0,0,0,0,100,0,0,0,-1,-1,-1,-1,-1,-1,-1,-1,-1,-1,-1,-1,-1,-1,-1,-1,-1,-1,-1,-1,-1,-1,-1,1,1,1,1,0,0,0,5199,0,100,100,0,-1,100,0,0,0,100,0,0,0,0,0,-1,16,0,0,7,3,21,0,0,0,100,0,0,999,0,0,0,0,0,0,0,0,0,0,0,0,0,0,0,0,0,0,0,0,0,0,0,1,1,0,0,0,0,0,0,0,0,0,0,0,1,0,1,0,0,0,0,0,0,0,0,1,0,1,1,1,1,0,0,100,1,1,0,0,-1,-1,-1,-1,-1,-1,-1,-1,-1,-1,-1,-1,-1,-1,-1,-1,-1,-1,-1,-1,-1,-1,-1,-1,0,0,300,0,0,0,0,0,0,0,0,0,0,0,1,1,0,0,0,0,0,0,0,0,0,0,0,0,0,0,0,-1,-1,-1,-1,-1,-1,-1,-1,-1,0,-1,0,0,-1,0,0,0,0,0,-1,-1,-1,0,[0|0|0|0],-1,-1,-1,-1,150,-1,-1,-1,1,1,1,1,1,1,1,1,1,-1,-1,-1,-1,-1,0,-1,0,1,0,0,0,0,1,1,1,1,0,0,-1,0,[0|0|0|0],-1,0.5,1,[0|0|0|0],-1,0,0,[0|0|0|0|0|0|0|0],-1,-1,-1,-1,-1,[0|0|0|0],-1,-1,-1,[0|0|0|0|0|0|0|0],-1,-1,-1,[0|0|0|0|0|0|0|0],0,0,0,[0|0|0|0],1800,-1,450,100,1,1,0,-1,5,0,0,10,499,0,-1,0,5,0,-1,[0|0|0|0],0,0,0,0,0,0,0,0,0,0,0,0,0,0,0,0,0,0,0,0,0,0,0,0,0,0,0,0,0,0,0,0,301,[0|0|0|0|0|0|0|0|0|0|0|0],0,0,0,0,0,0,0,0,0,0,0,0,0,0,-1,0,0,0,0,-1,-1,-1,-1,-1,-1,-1,-1,-1,-1,-1,-1,0,0,-1,0,0,0,0,0,0,0,0,[0|0],30400000,0,0,-1,0,0,-1,1,1,1,1,1,1,1,1,0,0,0,0,0,0,0,0,0,0,0,0,0,0,0,0,0,0,0,0,0,0,0,0,0,[0|0],0,0,0,[0|0|0],0,0,0,-1,[0|0|0|0],10,1090,0,0,0,-1,-1,-1,-1,-1,-1,-1,-1,-1,-1,0,0,0,0,0,0,0,0,0,-1,[0|0],360,0,0,0,[0|0|0],0,0,0,0,0,-1,-1,-1,-1,-1,-1,[0|0|0|0],0,0,0,0,0,[0|0|0],0,0,0,0,0,0,0,0,0,0,0,0,0,0,0,0,0,0,0,0,0,0,0,0,0,0,0,0,0,0,0,0,0,0,[0|0|0],0,0,0,0,3010,[0|0|0|0],1,0,0,0,0,[0|0|0],0,0,0,0,0,-1,-1,-1,-1,1,0,0,0,0,0,0,0,0,0,210,90,0.12,0.8,0,-1,0,0,1,0,0,1,0,0,0,0,0,0,0,0,1,1,0,0,-1,0,-1,0,0,0,0,1,0,0,0,0,0,0,0,0,1,1,0,0,0,0,-1,1,1,8240,0,0,0,0,0,0,1,-1,0,0,1,0,0,0,0,1,0,0,0,0,1,-1,[0|0|0|0|0|0|0|0|0|0|0|0|0|0|0|0|0|0|0|0|0|0|0|0|0|0|0|0]
35000000,PLASMA MISSILE LAUNCHER - Vvc-703PM (Left),0,0,0,[0|0|0],30005,3000000,0,2310,0,0,0,0,0,0,0,0,100,0,0,0,-1,-1,-1,-1,-1,-1,-1,-1,-1,-1,-1,-1,-1,-1,-1,-1,-1,-1,-1,-1,-1,-1,-1,1,1,1,1,0,0,0,4210,0,100,100,0,-1,0,100,0,0,100,0,0,0,0,0,-1,16,0,0,7,3,22,0,0,0,100,0,0,999,0,0,0,0,0,0,0,0,0,0,0,0,0,0,0,0,0,0,0,0,0,0,0,1,0,1,0,0,0,0,0,0,0,0,0,0,1,0,1,0,0,0,0,0,0,0,0,1,0,1,1,1,1,0,0,100,1,1,0,0,-1,-1,-1,-1,-1,-1,-1,-1,-1,-1,-1,-1,-1,-1,-1,-1,-1,-1,-1,-1,-1,-1,-1,-1,0,0,300,0,0,0,0,0,0,0,0,0,0,0,1,1,0,0,0,0,0,0,0,0,0,0,0,0,0,0,0,-1,-1,-1,-1,-1,-1,-1,-1,-1,0,-1,0,0,-1,0,0,0,0,0,-1,-1,-1,800,[0|0|0|0],-1,-1,-1,-1,150,-1,-1,-1,1,1,1,1,1,1,1,1,1,-1,-1,-1,-1,-1,0,-1,0,1,0,0,0,0,1,1,1,1,0,0,-1,0,[0|0|0|0],3,1,1,[0|0|0|0],-1,0,0,[0|0|0|0|0|0|0|0],-1,-1,-1,-1,-1,[0|0|0|0],-1,-1,-1,[0|0|0|0|0|0|0|0],-1,-1,-1,[0|0|0|0|0|0|0|0],0,0,0,[0|0|0|0],120,-1,500,100,1,1,0,-1,4,0,0,9,210,0,-1,0,100,0,-1,[0|0|0|0],0,0,0,0,0,0,0,0,0,0,0,0,0,0,0,0,0,0,0,0,0,0,0,0,0,0,0,0,0,0,0,0,300,[0|0|0|0|0|0|0|0|0|0|0|0],0,0,0,0,0,0,0,0,0,0,0,0,0,0,-1,0,0,0,0,-1,-1,-1,-1,-1,-1,-1,-1,-1,-1,-1,-1,0,0,-1,0,0,0,0,0,0,0,0,[0|0],35000000,4.2,0,-1,0,0,-1,1,1,1,1,1,1,1,1,0,0,0,0,0,0,0,0,0,0,0,0,0,0,0,0,0,0,0,0,0,0,0,0,0,[0|0],0,0,0,[0|0|0],0,0,0,-1,[0|0|0|0],9,500,0,0,0,-1,-1,-1,-1,-1,-1,-1,-1,-1,-1,0,0,0,0,0,0,0,0,0,-1,[0|0],360,0,0,0,[0|0|0],0,0,0,0,0,-1,-1,-1,-1,-1,-1,[0|0|0|0],0,0,0,0,0,[0|0|0],0,0,0,0,0,0,0,0,0,0,0,0,0,0,0,0,0,0,0,0,0,0,0,0,0,0,0,0,0,0,0,0,0,0,[0|0|0],0,0,0,0,3000,[0|0|0|0],1,0,0,0,0,[0|0|0],0,0,0,0,0,-1,-1,-1,-1,1,0,0,0,0,0,0,0,0,0,0,100,0,0,0,-1,0,1,0,1,0,1,1,1,1,1,0,1,0,0,1,1,0,1,-1,2,-1,0,0,0,0,1,0,0,0,0,0,0,0,0,1,1,0,0,0,0,-1,1,1,8202,0,0,0,0,0,0,1,-1,0,0,1,0,0,0,0,1,0,0,0,0,1,-1,[0|0|0|0|0|0|0|0|0|0|0|0|0|0|0|0|0|0|0|0|0|0|0|0|0|0|0|0]
35013000,PULSE MISSILE LAUNCHER - FISCHALDER/60F (Left),0,0,0,[0|0|0],30135,3003001,0,2590,0,0,0,0,0,0,0,0,100,0,0,0,-1,-1,-1,-1,-1,-1,-1,-1,-1,-1,-1,-1,-1,-1,-1,-1,-1,-1,-1,-1,-1,-1,-1,1,1,1,1,0,0,0,4229,0,100,100,0,-1,0,100,0,0,100,0,0,0,0,0,-1,16,0,0,7,3,22,0,0,0,100,0,0,999,0,0,0,0,0,0,0,0,0,0,0,0,0,0,0,0,0,0,0,0,0,0,0,1,0,1,0,0,0,0,0,0,0,0,0,0,1,0,1,0,0,0,0,0,0,0,0,1,0,1,1,1,1,0,0,100,1,1,0,0,-1,-1,-1,-1,-1,-1,-1,-1,-1,-1,-1,-1,-1,-1,-1,-1,-1,-1,-1,-1,-1,-1,-1,-1,0,0,300,0,0,0,0,0,0,0,0,0,0,0,1,1,0,0,0,0,0,0,0,0,0,0,0,0,0,0,0,-1,-1,-1,-1,-1,-1,-1,-1,-1,0,-1,0,0,-1,0,0,0,0,0,-1,-1,-1,800,[0|0|0|0],-1,-1,-1,-1,150,-1,-1,-1,1,1,1,1,1,1,1,1,1,-1,-1,-1,-1,-1,0,-1,0,1,0,0,0,0,1,1,1,1,0,0,-1,0,[0|0|0|0],2,1,1,[0|0|0|0],-1,0,0,[0|0|0|0|0|0|0|0],-1,-1,-1,-1,-1,[0|0|0|0],-1,-1,-1,[0|0|0|0|0|0|0|0],-1,-1,-1,[0|0|0|0|0|0|0|0],0,0,0,[0|0|0|0],202,-1,500,100,1,1,0,-1,4,0,0,9,245,0,-1,0,120,0,-1,[0|0|0|0],0,0,0,0,0,0,0,0,0,0,0,0,0,0,0,0,0,0,0,0,0,0,0,0,0,0,0,0,0,0,0,0,300,[0|0|0|0|0|0|0|0|0|0|0|0],0,0,0,0,0,0,0,0,0,0,0,0,0,0,-1,0,0,0,0,-1,-1,-1,-1,-1,-1,-1,-1,-1,-1,-1,-1,0,0,-1,0,0,0,0,0,0,0,0,[0|0],35000000,2.9,0,-1,0,0,-1,1,1,1,1,1,1,1,1,0,0,0,0,0,0,0,0,0,0,0,0,0,0,0,0,0,0,0,0,0,0,0,0,0,[0|0],0,0,0,[0|0|0],0,0,0,-1,[0|0|0|0],8,276,0,0,0,-1,-1,-1,-1,-1,-1,-1,-1,-1,-1,0,0,0,0,0,0,0,0,0,-1,[0|0],360,0,0,0,[0|0|0],0,0,0,0,0,-1,-1,-1,-1,-1,-1,[0|0|0|0],0,0,0,0,0,[0|0|0],0,0,0,0,0,0,0,0,0,0,0,0,0,0,0,0,0,0,0,0,0,0,0,0,0,0,0,0,0,0,0,0,0,0,[0|0|0],0,0,0,0,3000,[0|0|0|0],1,0,0,0,0,[0|0|0],0,0,0,0,0,-1,-1,-1,-1,1,0,0,0,0,0,0,0,0,0,0,100,0,0,0,-1,0,1,1,0,0,1,1,1,1,1,0,1,0,0,1,1,0,1,-1,1,-1,0,0,0,0,1,0,0,0,0,0,0,0,0,1,1,0,0,0,0,-1,1,1,8202,0,0,0,0,0,0,1,-1,0,0,1,0,0,0,0,1,0,0,0,0,1,-1,[0|0|0|0|0|0|0|0|0|0|0|0|0|0|0|0|0|0|0|0|0|0|0|0|0|0|0|0]
35000100,PLASMA MISSILE LAUNCHER - Vvc-70VPM (Left),0,0,0,[0|0|0],30015,3000020,0,3760,0,0,0,0,0,0,0,0,100,0,0,0,-1,-1,-1,-1,-1,-1,-1,-1,-1,-1,-1,-1,-1,-1,-1,-1,-1,-1,-1,-1,-1,-1,-1,1,1,1,1,0,0,0,4220,0,100,100,0,-1,0,100,0,0,100,0,0,0,0,0,-1,16,0,0,7,3,22,0,0,0,100,0,0,999,0,0,0,0,0,0,0,0,0,0,0,0,0,0,0,0,0,0,0,0,0,0,0,1,0,1,0,0,0,0,0,0,0,0,0,0,1,0,1,0,0,0,0,0,0,0,0,1,0,1,1,1,1,0,0,100,1,1,0,0,-1,-1,-1,-1,-1,-1,-1,-1,-1,-1,-1,-1,-1,-1,-1,-1,-1,-1,-1,-1,-1,-1,-1,-1,0,0,300,0,0,0,0,0,0,0,0,0,0,0,1,1,0,0,0,0,0,0,0,0,0,0,0,0,0,0,0,-1,-1,-1,-1,-1,-1,-1,-1,-1,0,-1,0,0,-1,0,0,0,0,0,-1,-1,-1,0,[0|0|0|0],-1,-1,-1,-1,150,-1,-1,-1,1,1,1,1,1,1,1,1,1,-1,-1,-1,-1,-1,0,-1,0,1,0,0,0,0,1,1,1,1,0,0,-1,0,[0|0|0|0],5,1,1,[0|0|0|0],-1,0,0,[0|0|0|0|0|0|0|0],-1,-1,-1,-1,-1,[0|0|0|0],-1,-1,-1,[0|0|0|0|0|0|0|0],-1,-1,-1,[0|0|0|0|0|0|0|0],0,0,0,[0|0|0|0],240,-1,500,100,1,1,0,-1,4,0,0,9,268,0,-1,0,150,0,-1,[0|0|0|0],0,0,0,0,0,0,0,0,0,0,0,0,0,0,0,0,0,0,0,0,0,0,0,0,0,0,0,0,0,0,0,0,300,[0|0|0|0|0|0|0|0|0|0|0|0],0,0,0,0,0,0,0,0,0,0,0,0,0,0,-1,0,0,0,0,-1,-1,-1,-1,-1,-1,-1,-1,-1,-1,-1,-1,0,0,-1,0,0,0,0,0,0,0,0,[0|0],35000100,6.2,0,-1,0,0,-1,1,1,1,1,1,1,1,1,0,0,0,0,0,0,0,0,0,0,0,0,0,0,0,0,0,0,0,0,0,0,0,0,0,[0|0],0,0,0,[0|0|0],0,0,0,-1,[0|0|0|0],9,500,0,0,0,-1,-1,-1,-1,-1,-1,-1,-1,-1,-1,0,0,0,0,0,0,0,0,0,-1,[0|0],360,0,0,0,[0|0|0],0,0,0,0,0,-1,-1,-1,-1,-1,-1,[0|0|0|0],0,0,0,0,0,[0|0|0],0,0,0,0,0,0,0,0,0,0,0,0,0,0,0,0,0,0,0,0,0,0,0,0,0,0,0,0,0,0,0,0,0,0,[0|0|0],0,0,0,0,3000,[0|0|0|0],1,0,0,0,0,[0|0|0],0,0,0,0,0,-1,-1,-1,-1,1,0,0,0,0,0,0,0,0,0,0,100,0,0,0,-1,0,2,0,2,0,1,2,2,2,2,1,2,0,1,1,1,0,2,-1,2,-1,0,0,0,0,1,0,0,0,0,0,0,0,0,1,1,0,0,0,0,-1,1,1,8204,0,0,0,0,0,0,1,-1,0,0,1,0,0,0,0,1,0,0,0,0,1,-1,[0|0|0|0|0|0|0|0|0|0|0|0|0|0|0|0|0|0|0|0|0|0|0|0|0|0|0|0]
35000200,PLASMA MISSILE LAUNCHER - Vvc-706PM (Left),0,0,0,[0|0|0],30025,3000010,0,3650,0,0,0,0,0,0,0,0,100,0,0,0,-1,-1,-1,-1,-1,-1,-1,-1,-1,-1,-1,-1,-1,-1,-1,-1,-1,-1,-1,-1,-1,-1,-1,1,1,1,1,0,0,0,4211,0,100,100,0,-1,0,100,0,0,100,0,0,0,0,0,-1,16,0,0,7,3,22,0,0,0,100,0,0,999,0,0,0,0,0,0,0,0,0,0,0,0,0,0,0,0,0,0,0,0,0,0,0,1,0,1,0,0,0,0,0,0,0,0,0,0,1,0,1,0,0,0,0,0,0,0,0,1,0,1,1,1,1,0,0,100,1,1,0,0,-1,-1,-1,-1,-1,-1,-1,-1,-1,-1,-1,-1,-1,-1,-1,-1,-1,-1,-1,-1,-1,-1,-1,-1,0,0,300,0,0,0,0,0,0,0,0,0,0,0,1,1,0,0,0,0,0,0,0,0,0,0,0,0,0,0,0,-1,-1,-1,-1,-1,-1,-1,-1,-1,0,-1,0,0,-1,0,0,0,0,0,-1,-1,-1,0,[0|0|0|0],-1,-1,-1,-1,150,-1,-1,-1,1,1,1,1,1,1,1,1,1,-1,-1,-1,-1,-1,0,-1,0,1,0,0,0,0,1,1,1,1,0,0,-1,0,[0|0|0|0],6,1,1,[0|0|0|0],-1,0,0,[0|0|0|0|0|0|0|0],-1,-1,-1,-1,-1,[0|0|0|0],-1,-1,-1,[0|0|0|0|0|0|0|0],-1,-1,-1,[0|0|0|0|0|0|0|0],0,0,0,[0|0|0|0],210,-1,500,100,1,1,0,-1,4,0,0,9,276,0,-1,0,100,0,-1,[0|0|0|0],0,0,0,0,0,0,0,0,0,0,0,0,0,0,0,0,0,0,0,0,0,0,0,0,0,0,0,0,0,0,0,0,300,[0|0|0|0|0|0|0|0|0|0|0|0],0,0,0,0,0,0,0,0,0,0,0,0,0,0,-1,0,0,0,0,-1,-1,-1,-1,-1,-1,-1,-1,-1,-1,-1,-1,0,0,-1,0,0,0,0,0,0,0,0,[0|0],35000200,6,0,-1,0,0,-1,1,1,1,1,1,1,1,1,0,0,0,0,0,0,0,0,0,0,0,0,0,0,0,0,0,0,0,0,0,0,0,0,0,[0|0],0,0,0,[0|0|0],0,0,0,-1,[0|0|0|0],9,500,0,0,0,-1,-1,-1,-1,-1,-1,-1,-1,-1,-1,0,0,0,0,0,0,0,0,0,-1,[0|0],360,0,0,0,[0|0|0],0,0,0,0,0,-1,-1,-1,-1,-1,-1,[0|0|0|0],0,0,0,0,0,[0|0|0],0,0,0,0,0,0,0,0,0,0,0,0,0,0,0,0,0,0,0,0,0,0,0,0,0,0,0,0,0,0,0,0,0,0,[0|0|0],0,0,0,0,3000,[0|0|0|0],1,0,0,0,0,[0|0|0],0,0,0,0,0,-1,-1,-1,-1,1,0,0,0,0,0,0,0,0,0,0,100,0,0,0,-1,0,1,0,1,0,1,1,1,1,1,0,1,0,0,1,1,0,1,-1,2,-1,0,0,0,0,1,0,0,0,0,0,0,0,0,1,1,0,0,0,0,-1,1,1,8203,0,0,0,0,0,0,1,-1,0,0,1,0,0,0,0,1,0,0,0,0,1,-1,[0|0|0|0|0|0|0|0|0|0|0|0|0|0|0|0|0|0|0|0|0|0|0|0|0|0|0|0]
35010000,ACTIVE HOMING MISSILE LAUNCHER - BML-G3/P05ACT-02 (Left),0,0,0,[0|0|0],30100,3001010,0,4320,0,0,0,0,0,0,0,0,100,0,0,0,-1,-1,-1,-1,-1,-1,-1,-1,-1,-1,-1,-1,-1,-1,-1,-1,-1,-1,-1,-1,-1,-1,-1,1,1,1,1,0,0,0,4230,0,100,100,0,-1,0,0,100,0,100,0,0,0,0,0,-1,16,0,0,7,3,22,0,0,0,100,0,0,999,0,0,0,0,0,0,0,0,0,0,0,0,0,0,0,0,0,0,0,0,0,0,0,1,0,1,0,0,0,0,0,0,0,0,0,0,1,0,1,0,0,0,0,0,0,0,0,1,0,1,1,1,1,0,0,100,1,1,0,0,-1,-1,-1,-1,-1,-1,-1,-1,-1,-1,-1,-1,-1,-1,-1,-1,-1,-1,-1,-1,-1,-1,-1,-1,0,0,300,0,0,0,0,0,0,0,0,0,0,0,1,1,0,0,0,0,0,0,0,0,0,0,0,0,0,0,0,-1,-1,-1,-1,-1,-1,-1,-1,-1,0,-1,0,0,-1,0,0,0,0,0,-1,-1,-1,0,[0|0|0|0],-1,-1,-1,-1,250,-1,-1,-1,1,1,1,1,1,1,1,1,1,-1,-1,-1,-1,-1,0,-1,0,1,0,0,0,0,1,1,1,1,0,0,-1,0,[0|0|0|0],2,1,1,[0|0|0|0],-1,0,0,[0|0|0|0|0|0|0|0],-1,-1,-1,-1,-1,[0|0|0|0],-1,-1,-1,[0|0|0|0|0|0|0|0],-1,-1,-1,[0|0|0|0|0|0|0|0],0,0,0,[0|0|0|0],72,-1,500,100,1,1,0,-1,4,0,0,9,424,0,-1,0,450,0,-1,[0|0|0|0],0,0,0,0,0,0,0,0,0,0,0,0,0,0,0,0,0,0,0,0,0,0,0,0,0,0,0,0,0,0,0,0,300,[0|0|0|0|0|0|0|0|0|0|0|0],0,0,0,0,0,0,0,0,0,0,0,0,0,0,-1,0,0,0,0,-1,-1,-1,-1,-1,-1,-1,-1,-1,-1,-1,-1,0,0,-1,0,0,0,0,0,0,0,0,[0|0],35010000,4.2,0,-1,0,0,-1,1,1,1,1,1,1,1,1,0,0,0,0,0,0,0,0,0,0,0,0,0,0,0,0,0,0,0,0,0,0,0,0,0,[0|0],0,0,0,[0|0|0],0,0,0,-1,[0|0|0|0],16,530,0,0,0,-1,-1,-1,-1,-1,-1,-1,-1,-1,-1,0,0,0,0,0,0,0,0,0,-1,[0|0],360,0,0,0,[0|0|0],0,0,0,0,0,-1,-1,-1,-1,-1,-1,[0|0|0|0],0,0,0,0,0,[0|0|0],0,0,0,0,0,0,0,0,0,0,0,0,0,0,0,0,0,0,0,0,0,0,0,0,0,0,0,0,0,0,0,0,0,0,[0|0|0],0,0,0,0,3000,[0|0|0|0],1,0,0,0,0,[0|0|0],0,0,0,0,0,-1,-1,-1,-1,1,0,0,0,0,0,0,0,0,0,0,100,0,0,0,-1,0,1,3,0,0,1,1,1,1,1,0,1,0,0,1,1,0,0,-1,0,-1,0,0,0,0,1,0,0,0,0,0,0,0,0,1,1,0,0,0,0,-1,1,1,8205,0,0,0,0,0,0,1,-1,0,0,1,0,0,0,0,1,0,0,0,0,1,-1,[0|0|0|0|0|0|0|0|0|0|0|0|0|0|0|0|0|0|0|0|0|0|0|0|0|0|0|0]
35010100,ACTIVE HOMING MISSILE LAUNCHER - BML-G3/P04ACT-01 (Left),0,0,0,[0|0|0],30110,3001000,0,2270,0,0,0,0,0,0,0,0,100,0,0,0,-1,-1,-1,-1,-1,-1,-1,-1,-1,-1,-1,-1,-1,-1,-1,-1,-1,-1,-1,-1,-1,-1,-1,1,1,1,1,0,0,0,4231,0,100,100,0,-1,0,0,100,0,100,0,0,0,0,0,-1,16,0,0,7,3,22,0,0,0,100,0,0,999,0,0,0,0,0,0,0,0,0,0,0,0,0,0,0,0,0,0,0,0,0,0,0,1,0,1,0,0,0,0,0,0,0,0,0,0,1,0,1,0,0,0,0,0,0,0,0,1,0,1,1,1,1,0,0,100,1,1,0,0,-1,-1,-1,-1,-1,-1,-1,-1,-1,-1,-1,-1,-1,-1,-1,-1,-1,-1,-1,-1,-1,-1,-1,-1,0,0,300,0,0,0,0,0,0,0,0,0,0,0,1,1,0,0,0,0,0,0,0,0,0,0,0,0,0,0,0,-1,-1,-1,-1,-1,-1,-1,-1,-1,0,-1,0,0,-1,0,0,0,0,0,-1,-1,-1,0,[0|0|0|0],-1,-1,-1,-1,250,-1,-1,-1,1,1,1,1,1,1,1,1,1,-1,-1,-1,-1,-1,0,-1,0,1,0,0,0,0,1,1,1,1,0,0,-1,0,[0|0|0|0],1,1,1,[0|0|0|0],-1,0,0,[0|0|0|0|0|0|0|0],-1,-1,-1,-1,-1,[0|0|0|0],-1,-1,-1,[0|0|0|0|0|0|0|0],-1,-1,-1,[0|0|0|0|0|0|0|0],0,0,0,[0|0|0|0],45,-1,500,100,1,1,0,-1,4,0,0,9,213,0,-1,0,450,0,-1,[0|0|0|0],0,0,0,0,0,0,0,0,0,0,0,0,0,0,0,0,0,0,0,0,0,0,0,0,0,0,0,0,0,0,0,0,300,[0|0|0|0|0|0|0|0|0|0|0|0],0,0,0,0,0,0,0,0,0,0,0,0,0,0,-1,0,0,0,0,-1,-1,-1,-1,-1,-1,-1,-1,-1,-1,-1,-1,0,0,-1,0,0,0,0,0,0,0,0,[0|0],35010100,2.4,0,-1,0,0,-1,1,1,1,1,1,1,1,1,0,0,0,0,0,0,0,0,0,0,0,0,0,0,0,0,0,0,0,0,0,0,0,0,0,[0|0],0,0,0,[0|0|0],0,0,0,-1,[0|0|0|0],16,530,0,0,0,-1,-1,-1,-1,-1,-1,-1,-1,-1,-1,0,0,0,0,0,0,0,0,0,-1,[0|0],360,0,0,0,[0|0|0],0,0,0,0,0,-1,-1,-1,-1,-1,-1,[0|0|0|0],0,0,0,0,0,[0|0|0],0,0,0,0,0,0,0,0,0,0,0,0,0,0,0,0,0,0,0,0,0,0,0,0,0,0,0,0,0,0,0,0,0,0,[0|0|0],0,0,0,0,3000,[0|0|0|0],1,0,0,0,0,[0|0|0],0,0,0,0,0,-1,-1,-1,-1,1,0,0,0,0,0,0,0,0,0,0,100,0,0,0,-1,0,1,0,0,0,1,1,1,1,1,0,1,0,0,1,1,0,0,-1,0,-1,0,0,0,0,1,0,0,0,0,0,0,0,0,1,1,0,0,0,0,-1,1,1,8206,0,0,0,0,0,0,1,-1,0,0,1,0,0,0,0,1,0,0,0,0,1,-1,[0|0|0|0|0|0|0|0|0|0|0|0|0|0|0|0|0|0|0|0|0|0|0|0|0|0|0|0]
35010200,NUCLEAR MISSILE LAUNCHER - TX-99 PSALM "TEMPEST" (Left),0,0,0,[0|0|0],30120,3013011,0,6100,0,0,0,0,0,0,0,0,100,0,0,0,-1,-1,-1,-1,-1,-1,-1,-1,-1,-1,-1,-1,-1,-1,-1,-1,-1,-1,-1,-1,-1,-1,-1,1,1,1,1,0,0,0,4321,0,100,100,0,-1,0,0,100,0,100,0,0,0,0,0,-1,16,0,0,7,3,22,0,0,0,100,0,0,999,0,0,0,0,0,0,0,0,0,0,0,0,0,0,0,0,0,0,0,0,0,0,0,1,0,1,0,0,0,0,0,0,0,0,0,0,1,0,1,0,0,0,0,0,0,0,0,1,0,1,1,1,1,0,0,100,1,1,0,0,-1,-1,-1,-1,-1,-1,-1,-1,-1,-1,-1,-1,-1,-1,-1,-1,-1,-1,-1,-1,-1,-1,-1,-1,0,0,300,0,0,0,0,0,0,0,0,0,0,0,1,1,0,0,0,0,0,0,0,0,0,0,0,0,0,0,0,-1,-1,-1,-1,-1,-1,-1,-1,-1,0,-1,0,0,-1,0,0,0,0,0,-1,-1,-1,0,[0|0|0|0],-1,-1,-1,-1,250,-1,-1,-1,1,1,1,1,1,1,1,1,1,-1,-1,-1,-1,-1,0,-1,0,1,0,0,0,0,1,1,1,1,0,0,-1,0,[0|0|0|0],1,1,1,[0|0|0|0],-1,0,0,[0|0|0|0|0|0|0|0],-1,-1,-1,-1,-1,[0|0|0|0],-1,-1,-1,[0|0|0|0|0|0|0|0],-1,-1,-1,[0|0|0|0|0|0|0|0],0,0,0,[0|0|0|0],2,-1,500,100,1,1,0,-1,4,0,0,9,515,0,-1,0,2500,0,-1,[0|0|0|0],0,0,0,0,0,0,0,0,0,0,0,0,0,0,0,0,0,0,0,0,0,0,0,0,0,0,0,0,0,0,0,0,300,[0|0|0|0|0|0|0|0|0|0|0|0],0,0,0,0,0,0,0,0,0,0,0,0,0,0,-1,0,0,0,0,-1,-1,-1,-1,-1,-1,-1,-1,-1,-1,-1,-1,0,0,-1,0,0,0,0,0,0,0,0,[0|0],35010100,10,0,-1,0,0,-1,1,1,1,1,1,1,1,1,0,0,0,0,0,0,0,0,0,0,0,0,0,0,0,0,0,0,0,0,0,0,0,0,0,[0|0],0,0,0,[0|0|0],0,0,0,-1,[0|0|0|0],10,531,0,0,0,-1,-1,-1,-1,-1,-1,-1,-1,-1,-1,0,0,0,0,0,0,0,0,0,-1,[0|0],360,0,0,0,[0|0|0],0,0,0,0,0,-1,-1,-1,-1,-1,-1,[0|0|0|0],0,0,0,0,0,[0|0|0],0,0,0,0,0,0,0,0,0,0,0,0,0,0,0,0,0,0,0,0,0,0,0,0,0,0,0,0,0,0,0,0,0,0,[0|0|0],0,0,0,0,3000,[0|0|0|0],1,0,0,0,0,[0|0|0],0,0,0,0,0,-1,-1,-1,-1,1,0,0,0,0,0,0,0,0,0,0,100,0,0,0,-1,0,1,0,0,0,1,1,1,1,1,0,1,0,0,1,1,0,0,-1,0,-1,0,0,0,0,1,0,0,0,0,0,0,0,0,1,1,0,0,0,0,-1,1,1,8206,0,0,0,0,0,0,1,-1,0,0,1,0,0,0,0,1,0,0,0,0,1,-1,[0|0|0|0|0|0|0|0|0|0|0|0|0|0|0|0|0|0|0|0|0|0|0|0|0|0|0|0]
35020000,MISSILE LAUNCHER - BML-G2/P03MLT-06 (Left),0,0,0,[0|0|0],30205,3002010,0,3610,0,0,0,0,0,0,0,0,100,0,0,0,-1,-1,-1,-1,-1,-1,-1,-1,-1,-1,-1,-1,-1,-1,-1,-1,-1,-1,-1,-1,-1,-1,-1,1,1,1,1,0,0,0,4290,0,100,100,0,-1,0,0,100,0,100,0,0,0,0,0,-1,16,0,0,7,3,22,0,0,0,100,0,0,999,0,0,0,0,0,0,0,0,0,0,0,0,0,0,0,0,0,0,0,0,0,0,0,1,0,1,0,0,0,0,0,0,0,0,0,0,1,0,1,0,0,0,0,0,0,0,0,1,0,1,1,1,1,0,0,100,1,1,0,0,-1,-1,-1,-1,-1,-1,-1,-1,-1,-1,-1,-1,-1,-1,-1,-1,-1,-1,-1,-1,-1,-1,-1,-1,0,0,300,0,0,0,0,0,0,0,0,0,0,0,1,1,0,0,0,0,0,0,0,0,0,0,0,0,0,0,0,-1,-1,-1,-1,-1,-1,-1,-1,-1,0,-1,0,0,-1,0,0,0,0,0,-1,-1,-1,0,[0|0|0|0],-1,-1,-1,-1,220,-1,-1,-1,1,1,1,1,1,1,1,1,1,-1,-1,-1,-1,-1,0,-1,0,1,0,0,0,0,1,1,1,1,0,0,-1,0,[0|0|0|0],6,3,1,[0|0|0|0],-1,0,0,[0|0|0|0|0|0|0|0],-1,-1,-1,-1,-1,[0|0|0|0],-1,-1,-1,[0|0|0|0|0|0|0|0],-1,-1,-1,[0|0|0|0|0|0|0|0],0,0,0,[0|0|0|0],228,-1,500,100,1,1,0,-1,4,0,0,9,241,0,-1,0,80,0,-1,[0|0|0|0],0,0,0,0,0,0,0,0,0,0,0,0,0,0,0,0,0,0,0,0,0,0,0,0,0,0,0,0,0,0,0,0,300,[0|0|0|0|0|0|0|0|0|0|0|0],0,0,0,0,0,0,0,0,0,0,0,0,0,0,-1,0,0,0,0,-1,-1,-1,-1,-1,-1,-1,-1,-1,-1,-1,-1,0,0,-1,0,0,0,0,0,0,0,0,[0|0],35020000,4,0,-1,0,0,-1,1,1,1,1,1,1,1,1,0,0,0,0,0,0,0,0,0,0,0,0,0,0,0,0,0,0,0,0,0,0,0,0,0,[0|0],0,0,0,[0|0|0],0,0,0,-1,[0|0|0|0],16,510,0,0,0,-1,-1,-1,-1,-1,-1,-1,-1,-1,-1,0,0,0,0,0,0,0,0,0,-1,[0|0],360,0,0,0,[0|0|0],0,0,0,0,0,-1,-1,-1,-1,-1,-1,[0|0|0|0],0,0,0,0,0,[0|0|0],0,0,0,0,0,0,0,0,0,0,0,0,0,0,0,0,0,0,0,0,0,0,0,0,0,0,0,0,0,0,0,0,0,0,[0|0|0],0,0,0,0,3000,[0|0|0|0],1,0,0,0,0,[0|0|0],0,0,0,0,0,-1,-1,-1,-1,1,0,0,0,0,0,0,0,0,0,0,100,0,0,0,-1,0,0,3,0,0,1,0,0,0,0,0,0,0,0,1,1,0,0,-1,0,-1,1,0,0,0,1,1,1,1,1,0,1,1,0,1,1,0,0,0,0,-1,1,1,8214,0,0,0,0,0,0,1,-1,0,0,1,0,0,0,0,1,0,0,0,0,1,-1,[0|0|0|0|0|0|0|0|0|0|0|0|0|0|0|0|0|0|0|0|0|0|0|0|0|0|0|0]
35020100,MISSILE LAUNCHER - BML-G1/P20MLT-04 (Left),0,0,0,[0|0|0],30215,3002000,0,1770,0,0,0,0,0,0,0,0,100,0,0,0,-1,-1,-1,-1,-1,-1,-1,-1,-1,-1,-1,-1,-1,-1,-1,-1,-1,-1,-1,-1,-1,-1,-1,1,1,1,1,0,0,0,4291,0,100,100,0,-1,0,0,100,0,100,0,0,0,0,0,-1,16,0,0,7,3,22,0,0,0,100,0,0,999,0,0,0,0,0,0,0,0,0,0,0,0,0,0,0,0,0,0,0,0,0,0,0,1,0,1,0,0,0,0,0,0,0,0,0,0,1,0,1,0,0,0,0,0,0,0,0,1,0,1,1,1,1,0,0,100,1,1,0,0,-1,-1,-1,-1,-1,-1,-1,-1,-1,-1,-1,-1,-1,-1,-1,-1,-1,-1,-1,-1,-1,-1,-1,-1,0,0,300,0,0,0,0,0,0,0,0,0,0,0,1,1,0,0,0,0,0,0,0,0,0,0,0,0,0,0,0,-1,-1,-1,-1,-1,-1,-1,-1,-1,0,-1,0,0,-1,0,0,0,0,0,-1,-1,-1,0,[0|0|0|0],-1,-1,-1,-1,220,-1,-1,-1,1,1,1,1,1,1,1,1,1,-1,-1,-1,-1,-1,0,-1,0,1,0,0,0,0,1,1,1,1,0,0,-1,0,[0|0|0|0],4,3,1,[0|0|0|0],-1,0,0,[0|0|0|0|0|0|0|0],-1,-1,-1,-1,-1,[0|0|0|0],-1,-1,-1,[0|0|0|0|0|0|0|0],-1,-1,-1,[0|0|0|0|0|0|0|0],0,0,0,[0|0|0|0],140,-1,500,100,1,1,0,-1,4,0,0,9,154,0,-1,0,80,0,-1,[0|0|0|0],0,0,0,0,0,0,0,0,0,0,0,0,0,0,0,0,0,0,0,0,0,0,0,0,0,0,0,0,0,0,0,0,300,[0|0|0|0|0|0|0|0|0|0|0|0],0,0,0,0,0,0,0,0,0,0,0,0,0,0,-1,0,0,0,0,-1,-1,-1,-1,-1,-1,-1,-1,-1,-1,-1,-1,0,0,-1,0,0,0,0,0,0,0,0,[0|0],35020100,3.8,0,-1,0,0,-1,1,1,1,1,1,1,1,1,0,0,0,0,0,0,0,0,0,0,0,0,0,0,0,0,0,0,0,0,0,0,0,0,0,[0|0],1.2,0.2,0.2,[0|0|0],0,0,0,-1,[0|0|0|0],16,510,0,0,0,-1,-1,-1,-1,-1,-1,-1,-1,-1,-1,0,0,0,0,0,0,0,0,0,-1,[0|0],360,0,0,0,[0|0|0],0,0,0,0,0,-1,-1,-1,-1,-1,-1,[0|0|0|0],0,0,0,0,0,[0|0|0],0,0,0,0,0,0,0,0,0,0,0,0,0,0,0,0,0,0,0,0,0,0,0,0,0,0,0,0,0,0,0,0,0,0,[0|0|0],0,0,0,0,3000,[0|0|0|0],1,0,0,0,0,[0|0|0],0,0,0,0,0,-1,-1,-1,-1,1,0,0,0,0,0,0,0,0,0,0,100,0,0,0,-1,0,0,3,0,0,1,0,0,0,0,0,0,0,0,1,1,0,0,-1,0,-1,1,0,0,0,1,1,1,1,1,0,1,1,0,1,1,0,0,0,0,-1,1,1,8215,0,0,0,0,0,0,1,-1,0,0,1,0,0,0,0,1,0,0,0,0,1,-1,[0|0|0|0|0|0|0|0|0|0|0|0|0|0|0|0|0|0|0|0|0|0|0|0|0|0|0|0]
35020200,MISSILE LAUNCHER - BML-G2/P05MLT-10 (Left),0,0,0,[0|0|0],30225,3002020,0,5220,0,0,0,0,0,0,0,0,100,0,0,0,-1,-1,-1,-1,-1,-1,-1,-1,-1,-1,-1,-1,-1,-1,-1,-1,-1,-1,-1,-1,-1,-1,-1,1,1,1,1,0,0,0,4292,0,100,100,0,-1,0,0,100,0,100,0,0,0,0,0,-1,16,0,0,7,3,22,0,0,0,100,0,0,999,0,0,0,0,0,0,0,0,0,0,0,0,0,0,0,0,0,0,0,0,0,0,0,1,0,1,0,0,0,0,0,0,0,0,0,0,1,0,1,0,0,0,0,0,0,0,0,1,0,1,1,1,1,0,0,100,1,1,0,0,-1,-1,-1,-1,-1,-1,-1,-1,-1,-1,-1,-1,-1,-1,-1,-1,-1,-1,-1,-1,-1,-1,-1,-1,0,0,300,0,0,0,0,0,0,0,0,0,0,0,1,1,0,0,0,0,0,0,0,0,0,0,0,0,0,0,0,-1,-1,-1,-1,-1,-1,-1,-1,-1,0,-1,0,0,-1,0,0,0,0,0,-1,-1,-1,0,[0|0|0|0],-1,-1,-1,-1,220,-1,-1,-1,1,1,1,1,1,1,1,1,1,-1,-1,-1,-1,-1,0,-1,0,1,0,0,0,0,1,1,1,1,0,0,-1,0,[0|0|0|0],10,3,1,[0|0|0|0],-1,0,0,[0|0|0|0|0|0|0|0],-1,-1,-1,-1,-1,[0|0|0|0],-1,-1,-1,[0|0|0|0|0|0|0|0],-1,-1,-1,[0|0|0|0|0|0|0|0],0,0,0,[0|0|0|0],300,-1,500,100,1,1,0,-1,4,0,0,9,320,0,-1,0,80,0,-1,[0|0|0|0],0,0,0,0,0,0,0,0,0,0,0,0,0,0,0,0,0,0,0,0,0,0,0,0,0,0,0,0,0,0,0,0,300,[0|0|0|0|0|0|0|0|0|0|0|0],0,0,0,0,0,0,0,0,0,0,0,0,0,0,-1,0,0,0,0,-1,-1,-1,-1,-1,-1,-1,-1,-1,-1,-1,-1,0,0,-1,0,0,0,0,0,0,0,0,[0|0],35020200,6.4,0,-1,0,0,-1,1,1,1,1,1,1,1,1,0,0,0,0,0,0,0,0,0,0,0,0,0,0,0,0,0,0,0,0,0,0,0,0,0,[0|0],1.2,0.2,0.2,[0|0|0],0,0,0,-1,[0|0|0|0],16,510,0,0,0,-1,-1,-1,-1,-1,-1,-1,-1,-1,-1,0,0,0,0,0,0,0,0,0,-1,[0|0],360,0,0,0,[0|0|0],0,0,0,0,0,-1,-1,-1,-1,-1,-1,[0|0|0|0],0,0,0,0,0,[0|0|0],0,0,0,0,0,0,0,0,0,0,0,0,0,0,0,0,0,0,0,0,0,0,0,0,0,0,0,0,0,0,0,0,0,0,[0|0|0],0,0,0,0,3000,[0|0|0|0],1,0,0,0,0,[0|0|0],0,0,0,0,0,-1,-1,-1,-1,1,0,0,0,0,0,0,0,0,0,0,100,0,0,0,-1,0,0,3,0,0,1,0,0,0,0,0,0,0,0,1,1,0,0,-1,0,-1,1,0,0,0,1,1,1,1,1,0,1,1,0,1,1,0,0,0,0,-1,1,1,8216,0,0,0,0,0,0,1,-1,0,0,1,0,0,0,0,1,0,0,0,0,1,-1,[0|0|0|0|0|0|0|0|0|0|0|0|0|0|0|0|0|0|0|0|0|0|0|0|0|0|0|0]
35020300,SPLIT MISSILE LAUNCHER - BML-G3/P18SPL-46 (Left),0,0,0,[0|0|0],30235,3009021,0,6740,0,0,0,0,0,0,0,0,100,0,0,0,-1,-1,-1,-1,-1,-1,-1,-1,-1,-1,-1,-1,-1,-1,-1,-1,-1,-1,-1,-1,-1,-1,-1,1,1,1,1,0,0,0,4200,0,100,100,0,-1,0,0,100,0,100,0,0,0,0,0,-1,16,0,0,7,3,22,0,0,0,100,0,0,999,0,0,0,0,0,0,0,0,0,0,0,0,0,0,0,0,0,0,0,0,0,0,0,1,0,1,0,0,0,0,0,0,0,0,0,0,1,0,1,0,0,0,0,0,0,0,0,1,0,1,1,1,1,0,0,100,1,1,0,0,-1,-1,-1,-1,-1,-1,-1,-1,-1,-1,-1,-1,-1,-1,-1,-1,-1,-1,-1,-1,-1,-1,-1,-1,0,0,300,0,0,0,0,0,0,0,0,0,0,0,1,1,0,0,0,0,0,0,0,0,0,0,0,0,0,0,0,-1,-1,-1,-1,-1,-1,-1,-1,-1,0,-1,0,0,-1,0,0,0,0,0,-1,-1,-1,0,[0|0|0|0],-1,-1,-1,-1,220,-1,-1,-1,1,1,1,1,1,1,1,1,1,-1,-1,-1,-1,-1,0,-1,0,1,0,0,0,0,1,1,1,1,0,0,-1,0,[0|0|0|0],4,3,1,[0|0|0|0],-1,0,0,[0|0|0|0|0|0|0|0],-1,-1,-1,-1,-1,[0|0|0|0],-1,-1,-1,[0|0|0|0|0|0|0|0],-1,-1,-1,[0|0|0|0|0|0|0|0],0,0,0,[0|0|0|0],44,-1,500,100,1,1,0,-1,4,0,0,9,465,0,-1,0,80,0,-1,[0|0|0|0],0,0,0,0,0,0,0,0,0,0,0,0,0,0,0,0,0,0,0,0,0,0,0,0,0,0,0,0,0,0,0,0,300,[0|0|0|0|0|0|0|0|0|0|0|0],0,0,0,0,0,0,0,0,0,0,0,0,0,0,-1,0,0,0,0,-1,-1,-1,-1,-1,-1,-1,-1,-1,-1,-1,-1,0,0,-1,0,0,0,0,0,0,0,0,[0|0],35020100,8.2,0,-1,0,0,-1,1,1,1,1,1,1,1,1,0,0,0,0,0,0,0,0,0,0,0,0,0,0,0,0,0,0,0,0,0,0,0,0,0,[0|0],1.2,0.2,0.2,[0|0|0],0,0,0,-1,[0|0|0|0],16,540,0,0,0,-1,-1,-1,-1,-1,-1,-1,-1,-1,-1,0,0,0,0,0,0,0,0,0,-1,[0|0],360,0,0,0,[0|0|0],0,0,0,0,0,-1,-1,-1,-1,-1,-1,[0|0|0|0],0,0,0,0,0,[0|0|0],0,0,0,0,0,0,0,0,0,0,0,0,0,0,0,0,0,0,0,0,0,0,0,0,0,0,0,0,0,0,0,0,0,0,[0|0|0],0,0,0,0,3000,[0|0|0|0],1,0,0,0,0,[0|0|0],0,0,0,0,0,-1,-1,-1,-1,1,0,0,0,0,0,0,0,0,0,0,100,0,0,0,-1,0,1,3,1,1,1,1,1,1,1,1,1,1,1,1,1,0,0,-1,1,-1,0,0,0,0,1,0,0,0,0,0,0,0,0,1,1,0,0,0,0,-1,1,1,8215,0,0,0,0,0,0,1,-1,0,0,1,0,0,0,0,1,0,0,0,0,1,-1,[0|0|0|0|0|0|0|0|0|0|0|0|0|0|0|0|0|0|0|0|0|0|0|0|0|0|0|0]
35020400,BALLISTIC MISSILE LAUNCHER - MX-47 CHRONICLE (Left),0,0,0,[0|0|0],30245,3002021,0,4180,0,0,0,0,0,0,0,0,100,0,0,0,-1,-1,-1,-1,-1,-1,-1,-1,-1,-1,-1,-1,-1,-1,-1,-1,-1,-1,-1,-1,-1,-1,-1,1,1,1,1,0,0,0,4293,0,100,100,0,-1,0,0,100,0,100,0,0,0,0,0,-1,16,0,0,7,3,22,0,0,0,100,0,0,999,0,0,0,0,0,0,0,0,0,0,0,0,0,0,0,0,0,0,0,0,0,0,0,1,0,1,0,0,0,0,0,0,0,0,0,0,1,0,1,0,0,0,0,0,0,0,0,1,0,1,1,1,1,0,0,100,1,1,0,0,-1,-1,-1,-1,-1,-1,-1,-1,-1,-1,-1,-1,-1,-1,-1,-1,-1,-1,-1,-1,-1,-1,-1,-1,0,0,300,0,0,0,0,0,0,0,0,0,0,0,1,1,0,0,0,0,0,0,0,0,0,0,0,0,0,0,0,-1,-1,-1,-1,-1,-1,-1,-1,-1,0,-1,0,0,-1,0,0,0,0,0,-1,-1,-1,0,[0|0|0|0],-1,-1,-1,-1,220,-1,-1,-1,1,1,1,1,1,1,1,1,1,-1,-1,-1,-1,-1,0,-1,0,1,0,0,0,0,1,1,1,1,0,0,-1,0,[0|0|0|0],3,3,1,[0|0|0|0],-1,0,0,[0|0|0|0|0|0|0|0],-1,-1,-1,-1,-1,[0|0|0|0],-1,-1,-1,[0|0|0|0|0|0|0|0],-1,-1,-1,[0|0|0|0|0|0|0|0],0,0,0,[0|0|0|0],93,-1,450,100,1,1,0,-1,4,0,0,9,398,0,-1,0,160,0,-1,[0|0|0|0],0,0,0,0,0,0,0,0,0,0,0,0,0,0,0,0,0,0,0,0,0,0,0,0,0,0,0,0,0,0,0,0,300,[0|0|0|0|0|0|0|0|0|0|0|0],0,0,0,0,0,0,0,0,0,0,0,0,0,0,-1,0,0,0,0,-1,-1,-1,-1,-1,-1,-1,-1,-1,-1,-1,-1,0,0,-1,0,0,0,0,0,0,0,0,[0|0],35020100,6.2,0,-1,0,0,-1,1,1,1,1,1,1,1,1,0,0,0,0,0,0,0,0,0,0,0,0,0,0,0,0,0,0,0,0,0,0,0,0,0,[0|0],1.2,0.2,0.2,[0|0|0],0,0,0,-1,[0|0|0|0],10,510,0,0,0,-1,-1,-1,-1,-1,-1,-1,-1,-1,-1,0,0,0,0,0,0,0,0,0,-1,[0|0],360,0,0,0,[0|0|0],0,0,0,0,0,-1,-1,-1,-1,-1,-1,[0|0|0|0],0,0,0,0,0,[0|0|0],0,0,0,0,0,0,0,0,0,0,0,0,0,0,0,0,0,0,0,0,0,0,0,0,0,0,0,0,0,0,0,0,0,0,[0|0|0],0,0,0,0,3000,[0|0|0|0],1,0,0,0,0,[0|0|0],0,0,0,0,0,-1,-1,-1,-1,1,0,0,0,0,0,0,0,0,0,0,100,0,0,0,-1,0,0,3,0,0,1,0,0,0,0,0,0,0,0,1,1,0,0,-1,0,-1,1,0,0,0,1,1,1,1,1,0,1,1,0,1,1,0,0,0,0,-1,1,1,8215,0,0,0,0,0,0,1,-1,0,0,1,0,0,0,0,1,0,0,0,0,1,-1,[0|0|0|0|0|0|0|0|0|0|0|0|0|0|0|0|0|0|0|0|0|0|0|0|0|0|0|0]
35030000,CORAL MISSILE LAUNCHER - IB-C03W3: NGI 006 (Left),0,0,0,[0|0|0],30300,3003000,0,4200,0,0,0,0,0,0,0,0,100,0,0,0,-1,-1,-1,-1,-1,-1,-1,-1,-1,-1,-1,-1,-1,-1,-1,-1,-1,-1,-1,-1,-1,-1,-1,1,1,1,1,0,0,0,4240,0,100,100,0,-1,0,0,0,100,100,0,0,0,0,0,-1,16,0,0,7,3,22,0,0,0,100,0,0,999,0,0,0,0,0,0,0,0,0,0,0,0,0,0,0,0,0,0,0,0,0,0,0,1,0,1,0,0,0,0,0,0,0,0,0,0,1,0,1,0,0,0,0,0,0,0,0,1,0,1,1,1,1,0,0,100,1,1,0,0,-1,-1,-1,-1,-1,-1,-1,-1,-1,-1,-1,-1,-1,-1,-1,-1,-1,-1,-1,-1,-1,-1,-1,-1,0,0,300,0,0,0,0,0,0,0,0,0,0,0,1,1,0,0,0,0,0,0,0,0,0,0,0,0,0,0,0,-1,-1,-1,-1,-1,-1,-1,-1,-1,0,-1,0,0,-1,0,0,0,0,0,-1,-1,-1,0,[0|0|0|0],-1,-1,-1,-1,280,-1,-1,-1,1,1,1,1,1,1,1,1,1,-1,-1,-1,-1,-1,0,-1,0,1,0,0,0,0,1,1,1,1,0,0,-1,0,[0|0|0|0],1,1,1,[0|0|0|0],-1,0,0,[0|0|0|0|0|0|0|0],-1,-1,-1,-1,-1,[0|0|0|0],-1,-1,-1,[0|0|0|0|0|0|0|0],-1,-1,-1,[0|0|0|0|0|0|0|0],0,0,0,[0|0|0|0],12,-1,500,100,1,1,0,-1,4,0,0,9,783,0,-1,0,1950,0,-1,[0|0|0|0],0,0,0,0,0,0,0,0,0,0,0,0,0,0,0,0,0,0,0,0,0,0,0,0,0,0,0,0,0,0,0,0,0,[0|0|0|0|0|0|0|0|0|0|0|0],0,0,0,0,0,0,0,0,0,0,0,0,0,0,-1,0,0,0,0,-1,-1,-1,-1,-1,-1,-1,-1,-1,-1,-1,-1,0,0,-1,0,0,0,0,0,0,0,0,[0|0],35030000,8.6,3.5,0.5,1.75,0,-1,1,1,1,1,1,1,1,1,0,0,0,0,0,0,0,0,0,0,0,0,0,0,0,0,0,0,0,0,0,0,0,0,0,[0|0],0,0,0,[0|0|0],0,0,0,-1,[0|0|0|0],2,550,0,0,0,-1,-1,-1,-1,-1,-1,-1,-1,-1,-1,0,0,0,0,0,0,0,0,0,932,[0|0],360,0,0,0,[0|0|0],5,5,0,0,0,-1,-1,-1,-1,-1,-1,[0|0|0|0],0,0,0,0,0,[0|0|0],0,0,0,0,0,0,0,0,0,0,0,0,0,0,0,0,0,0,0,0,0,0,0,0,0,0,0,0,0,0,0,0,0,0,[0|0|0],0,0,0,0,3040,[0|0|0|0],1,0,0,0,0,[0|0|0],0,0,0,0,0,-1,-1,-1,-1,1,0,0,0,0,0,0,0,0,0,0,100,0,0,0,-1,0,2,0,0,255,1,2,2,2,2,0,2,0,0,1,1,0,0,-1,0,600,4,0,4,0,1,4,4,4,4,1,0,1,0,1,1,0,0,0,0,-1,1,1,8207,0,1,0,1,0,0,1,-1,0,0,24,0,0,0,0,1,0,0,0,0,1,-1,[0|0|0|0|0|0|0|0|0|0|0|0|0|0|0|0|0|0|0|0|0|0|0|0|0|0|0|0]
35040000,VERTICAL MISSILE LAUNCHER - BML-G1/P07VTC-12 (Left),0,0,0,[0|0|0],30400,3008120,0,5010,0,0,0,0,0,0,0,0,100,0,0,0,-1,-1,-1,-1,-1,-1,-1,-1,-1,-1,-1,-1,-1,-1,-1,-1,-1,-1,-1,-1,-1,-1,-1,1,1,1,1,0,0,0,4250,0,100,100,0,-1,0,0,100,0,100,0,0,0,0,0,-1,16,0,0,7,3,22,0,0,0,100,0,0,999,0,0,0,0,0,0,0,0,0,0,0,0,0,0,0,0,0,0,0,0,0,0,0,1,0,1,0,0,0,0,0,0,0,0,0,0,1,0,1,0,0,0,0,0,0,0,0,1,0,1,1,1,1,0,0,100,1,1,0,0,-1,-1,-1,-1,-1,-1,-1,-1,-1,-1,-1,-1,-1,-1,-1,-1,-1,-1,-1,-1,-1,-1,-1,-1,0,0,300,0,0,0,0,0,0,0,0,0,0,0,1,1,0,0,0,0,0,0,0,0,0,0,0,0,0,0,0,-1,-1,-1,-1,-1,-1,-1,-1,-1,0,-1,0,0,-1,0,0,0,0,0,-1,-1,-1,0,[0|0|0|0],-1,-1,-1,-1,210,-1,-1,-1,1,1,1,1,1,1,1,1,1,-1,-1,-1,-1,-1,0,-1,0,1,0,0,0,0,1,1,1,1,0,0,-1,0,[0|0|0|0],12,1,1,[0|0|0|0],-1,0,0,[0|0|0|0|0|0|0|0],-1,-1,-1,-1,-1,[0|0|0|0],-1,-1,-1,[0|0|0|0|0|0|0|0],-1,-1,-1,[0|0|0|0|0|0|0|0],0,0,0,[0|0|0|0],360,-1,500,100,1,1,0,-1,4,0,0,9,525,0,-1,0,120,0,-1,[0|0|0|0],0,0,0,0,0,0,0,0,0,0,0,0,0,0,0,0,0,0,0,0,0,0,0,0,0,0,0,0,0,0,0,0,300,[0|0|0|0|0|0|0|0|0|0|0|0],0,0,0,0,0,0,0,0,0,0,0,0,0,0,-1,0,0,0,0,-1,-1,-1,-1,-1,-1,-1,-1,-1,-1,-1,-1,0,0,-1,0,0,0,0,0,0,0,0,[0|0],35040000,7.5,0,-1,0,0,-1,1,1,1,1,1,1,1,1,0,0,0,0,0,0,0,0,0,0,0,0,0,0,0,0,0,0,0,0,0,0,0,0,0,[0|0],0,0,0,[0|0|0],0,0,0,-1,[0|0|0|0],16,580,0,0,0,-1,-1,-1,-1,-1,-1,-1,-1,-1,-1,0,0,0,0,0,0,0,0,0,-1,[0|0],360,0,0,0,[0|0|0],0,0,0,0,0,-1,-1,-1,-1,-1,-1,[0|0|0|0],0,0,0,0,0,[0|0|0],0,0,0,0,0,0,0,0,0,0,0,0,0,0,0,0,0,0,0,0,0,0,0,0,0,0,0,0,0,0,0,0,0,0,[0|0|0],0,0,0,0,3000,[0|0|0|0],1,0,0,0,0,[0|0|0],0,0,0,0,0,-1,-1,-1,-1,1,0,0,0,0,0,0,0,0,0,0,100,0,0,0,-1,0,1,3,0,0,1,1,1,1,1,1,1,1,1,1,1,0,0,-1,0,-1,0,0,0,0,1,0,0,0,0,0,0,0,0,1,1,0,0,0,0,-1,1,1,8208,0,0,0,0,0,0,1,-1,0,0,1,0,0,0,0,1,0,0,0,0,1,-1,[0|0|0|0|0|0|0|0|0|0|0|0|0|0|0|0|0|0|0|0|0|0|0|0|0|0|0|0]
35040100,VERTICAL MISSILE LAUNCHER - BML-G1/P03VTC-08 (Left),0,0,0,[0|0|0],30410,3008110,0,3920,0,0,0,0,0,0,0,0,100,0,0,0,-1,-1,-1,-1,-1,-1,-1,-1,-1,-1,-1,-1,-1,-1,-1,-1,-1,-1,-1,-1,-1,-1,-1,1,1,1,1,0,0,0,4252,0,100,100,0,-1,0,0,100,0,100,0,0,0,0,0,-1,16,0,0,7,3,22,0,0,0,100,0,0,999,0,0,0,0,0,0,0,0,0,0,0,0,0,0,0,0,0,0,0,0,0,0,0,1,0,1,0,0,0,0,0,0,0,0,0,0,1,0,1,0,0,0,0,0,0,0,0,1,0,1,1,1,1,0,0,100,1,1,0,0,-1,-1,-1,-1,-1,-1,-1,-1,-1,-1,-1,-1,-1,-1,-1,-1,-1,-1,-1,-1,-1,-1,-1,-1,0,0,300,0,0,0,0,0,0,0,0,0,0,0,1,1,0,0,0,0,0,0,0,0,0,0,0,0,0,0,0,-1,-1,-1,-1,-1,-1,-1,-1,-1,0,-1,0,0,-1,0,0,0,0,0,-1,-1,-1,0,[0|0|0|0],-1,-1,-1,-1,210,-1,-1,-1,1,1,1,1,1,1,1,1,1,-1,-1,-1,-1,-1,0,-1,0,1,0,0,0,0,1,1,1,1,0,0,-1,0,[0|0|0|0],8,1,1,[0|0|0|0],-1,0,0,[0|0|0|0|0|0|0|0],-1,-1,-1,-1,-1,[0|0|0|0],-1,-1,-1,[0|0|0|0|0|0|0|0],-1,-1,-1,[0|0|0|0|0|0|0|0],0,0,0,[0|0|0|0],224,-1,500,100,1,1,0,-1,4,0,0,9,380,0,-1,0,120,0,-1,[0|0|0|0],0,0,0,0,0,0,0,0,0,0,0,0,0,0,0,0,0,0,0,0,0,0,0,0,0,0,0,0,0,0,0,0,300,[0|0|0|0|0|0|0|0|0|0|0|0],0,0,0,0,0,0,0,0,0,0,0,0,0,0,-1,0,0,0,0,-1,-1,-1,-1,-1,-1,-1,-1,-1,-1,-1,-1,0,0,-1,0,0,0,0,0,0,0,0,[0|0],35040100,6,0,-1,0,0,-1,1,1,1,1,1,1,1,1,0,0,0,0,0,0,0,0,0,0,0,0,0,0,0,0,0,0,0,0,0,0,0,0,0,[0|0],0,0,0,[0|0|0],0,0,0,-1,[0|0|0|0],16,580,0,0,0,-1,-1,-1,-1,-1,-1,-1,-1,-1,-1,0,0,0,0,0,0,0,0,0,-1,[0|0],360,0,0,0,[0|0|0],0,0,0,0,0,-1,-1,-1,-1,-1,-1,[0|0|0|0],0,0,0,0,0,[0|0|0],0,0,0,0,0,0,0,0,0,0,0,0,0,0,0,0,0,0,0,0,0,0,0,0,0,0,0,0,0,0,0,0,0,0,[0|0|0],0,0,0,0,3000,[0|0|0|0],1,0,0,0,0,[0|0|0],0,0,0,0,0,-1,-1,-1,-1,1,0,0,0,0,0,0,0,0,0,0,100,0,0,0,-1,0,1,3,0,0,1,1,1,1,1,1,1,1,1,1,1,0,0,-1,0,-1,0,0,0,0,1,0,0,0,0,0,0,0,0,1,1,0,0,0,0,-1,1,1,8210,0,0,0,0,0,0,1,-1,0,0,1,0,0,0,0,1,0,0,0,0,1,-1,[0|0|0|0|0|0|0|0|0|0|0|0|0|0|0|0|0|0|0|0|0|0|0|0|0|0|0|0]
35040200,VERTICAL MISSILE LAUNCHER - BML-G1/P01VTC-04 (Left),0,0,0,[0|0|0],30420,3008100,0,2240,0,0,0,0,0,0,0,0,100,0,0,0,-1,-1,-1,-1,-1,-1,-1,-1,-1,-1,-1,-1,-1,-1,-1,-1,-1,-1,-1,-1,-1,-1,-1,1,1,1,1,0,0,0,4251,0,100,100,0,-1,0,0,100,0,100,0,0,0,0,0,-1,16,0,0,7,3,22,0,0,0,100,0,0,999,0,0,0,0,0,0,0,0,0,0,0,0,0,0,0,0,0,0,0,0,0,0,0,1,0,1,0,0,0,0,0,0,0,0,0,0,1,0,1,0,0,0,0,0,0,0,0,1,0,1,1,1,1,0,0,100,1,1,0,0,-1,-1,-1,-1,-1,-1,-1,-1,-1,-1,-1,-1,-1,-1,-1,-1,-1,-1,-1,-1,-1,-1,-1,-1,0,0,300,0,0,0,0,0,0,0,0,0,0,0,1,1,0,0,0,0,0,0,0,0,0,0,0,0,0,0,0,-1,-1,-1,-1,-1,-1,-1,-1,-1,0,-1,0,0,-1,0,0,0,0,0,-1,-1,-1,0,[0|0|0|0],-1,-1,-1,-1,210,-1,-1,-1,1,1,1,1,1,1,1,1,1,-1,-1,-1,-1,-1,0,-1,0,1,0,0,0,0,1,1,1,1,0,0,-1,0,[0|0|0|0],4,1,1,[0|0|0|0],-1,0,0,[0|0|0|0|0|0|0|0],-1,-1,-1,-1,-1,[0|0|0|0],-1,-1,-1,[0|0|0|0|0|0|0|0],-1,-1,-1,[0|0|0|0|0|0|0|0],0,0,0,[0|0|0|0],108,-1,500,100,1,1,0,-1,4,0,0,9,258,0,-1,0,120,0,-1,[0|0|0|0],0,0,0,0,0,0,0,0,0,0,0,0,0,0,0,0,0,0,0,0,0,0,0,0,0,0,0,0,0,0,0,0,300,[0|0|0|0|0|0|0|0|0|0|0|0],0,0,0,0,0,0,0,0,0,0,0,0,0,0,-1,0,0,0,0,-1,-1,-1,-1,-1,-1,-1,-1,-1,-1,-1,-1,0,0,-1,0,0,0,0,0,0,0,0,[0|0],35040200,4.8,0,-1,0,0,-1,1,1,1,1,1,1,1,1,0,0,0,0,0,0,0,0,0,0,0,0,0,0,0,0,0,0,0,0,0,0,0,0,0,[0|0],0,0,0,[0|0|0],0,0,0,-1,[0|0|0|0],16,580,0,0,0,-1,-1,-1,-1,-1,-1,-1,-1,-1,-1,0,0,0,0,0,0,0,0,0,-1,[0|0],360,0,0,0,[0|0|0],0,0,0,0,0,-1,-1,-1,-1,-1,-1,[0|0|0|0],0,0,0,0,0,[0|0|0],0,0,0,0,0,0,0,0,0,0,0,0,0,0,0,0,0,0,0,0,0,0,0,0,0,0,0,0,0,0,0,0,0,0,[0|0|0],0,0,0,0,3000,[0|0|0|0],1,0,0,0,0,[0|0|0],0,0,0,0,0,-1,-1,-1,-1,1,0,0,0,0,0,0,0,0,0,0,100,0,0,0,-1,0,1,3,0,0,1,1,1,1,1,1,1,1,1,1,1,0,0,-1,0,-1,0,0,0,0,1,0,0,0,0,0,0,0,0,1,1,0,0,0,0,-1,1,1,8209,0,0,0,0,0,0,1,-1,0,0,1,0,0,0,0,1,0,0,0,0,1,-1,[0|0|0|0|0|0|0|0|0|0|0|0|0|0|0|0|0|0|0|0|0|0|0|0|0|0|0|0]
35040300,VERTICAL CLUSTER BOMB - BML-G3/P44VCB (Left),0,0,0,[0|0|0],30430,3008099,0,2520,0,0,0,0,0,0,0,0,100,0,0,0,-1,-1,-1,-1,-1,-1,-1,-1,-1,-1,-1,-1,-1,-1,-1,-1,-1,-1,-1,-1,-1,-1,-1,1,1,1,1,0,0,0,4255,0,100,100,0,-1,0,0,100,0,100,0,0,0,0,0,-1,16,0,0,7,3,22,0,0,0,100,0,0,999,0,0,0,0,0,0,0,0,0,0,0,0,0,0,0,0,0,0,0,0,0,0,0,1,0,1,0,0,0,0,0,0,0,0,0,0,1,0,1,0,0,0,0,0,0,0,0,1,0,1,1,1,1,0,0,100,1,1,0,0,-1,-1,-1,-1,-1,-1,-1,-1,-1,-1,-1,-1,-1,-1,-1,-1,-1,-1,-1,-1,-1,-1,-1,-1,0,0,300,0,0,0,0,0,0,0,0,0,0,0,1,1,0,0,0,0,0,0,0,0,0,0,0,0,0,0,0,-1,-1,-1,-1,-1,-1,-1,-1,-1,0,-1,0,0,-1,0,0,0,0,0,-1,-1,-1,0,[0|0|0|0],-1,-1,-1,-1,210,-1,-1,-1,1,1,1,1,1,1,1,1,1,-1,-1,-1,-1,-1,0,-1,0,1,0,0,0,0,1,1,1,1,0,0,-1,0,[0|0|0|0],1,1,1,[0|0|0|0],-1,0,0,[0|0|0|0|0|0|0|0],-1,-1,-1,-1,-1,[0|0|0|0],-1,-1,-1,[0|0|0|0|0|0|0|0],-1,-1,-1,[0|0|0|0|0|0|0|0],0,0,0,[0|0|0|0],38,-1,500,100,1,1,0,-1,4,0,0,9,269,0,-1,0,120,0,-1,[0|0|0|0],0,0,0,0,0,0,0,0,0,0,0,0,0,0,0,0,0,0,0,0,0,0,0,0,0,0,0,0,0,0,0,0,300,[0|0|0|0|0|0|0|0|0|0|0|0],0,0,0,0,0,0,0,0,0,0,0,0,0,0,-1,0,0,0,0,-1,-1,-1,-1,-1,-1,-1,-1,-1,-1,-1,-1,0,0,-1,0,0,0,0,0,0,0,0,[0|0],35040200,5.5,0,-1,0,0,-1,1,1,1,1,1,1,1,1,0,0,0,0,0,0,0,0,0,0,0,0,0,0,0,0,0,0,0,0,0,0,0,0,0,[0|0],0,0,0,[0|0|0],0,0,0,-1,[0|0|0|0],10,581,0,0,0,-1,-1,-1,-1,-1,-1,-1,-1,-1,-1,0,0,0,0,0,0,0,0,0,-1,[0|0],360,0,0,0,[0|0|0],0,0,0,0,0,-1,-1,-1,-1,-1,-1,[0|0|0|0],0,0,0,0,0,[0|0|0],0,0,0,0,0,0,0,0,0,0,0,0,0,0,0,0,0,0,0,0,0,0,0,0,0,0,0,0,0,0,0,0,0,0,[0|0|0],0,0,0,0,3000,[0|0|0|0],1,0,0,0,0,[0|0|0],0,0,0,0,0,-1,-1,-1,-1,1,0,0,0,0,0,0,0,0,0,0,100,0,0,0,-1,0,3,3,3,0,1,3,3,3,3,1,1,1,1,1,1,0,0,-1,0,-1,0,0,0,0,1,0,0,0,0,0,0,0,0,1,1,0,0,0,0,-1,1,1,8209,0,0,0,0,0,0,1,-1,0,0,1,0,0,0,0,1,0,0,0,0,1,-1,[0|0|0|0|0|0|0|0|0|0|0|0|0|0|0|0|0|0|0|0|0|0|0|0|0|0|0|0]
35040400,VERTICAL HELLFIRE MISSILES - BML-G3/P11VHF-12 (Left),0,0,0,[0|0|0],30440,3008120,0,5220,0,0,0,0,0,0,0,0,100,0,0,0,-1,-1,-1,-1,-1,-1,-1,-1,-1,-1,-1,-1,-1,-1,-1,-1,-1,-1,-1,-1,-1,-1,-1,1,1,1,1,0,0,0,4253,0,100,100,0,-1,0,0,100,0,100,0,0,0,0,0,-1,16,0,0,7,3,22,0,0,0,100,0,0,999,0,0,0,0,0,0,0,0,0,0,0,0,0,0,0,0,0,0,0,0,0,0,0,1,0,1,0,0,0,0,0,0,0,0,0,0,1,0,1,0,0,0,0,0,0,0,0,1,0,1,1,1,1,0,0,100,1,1,0,0,-1,-1,-1,-1,-1,-1,-1,-1,-1,-1,-1,-1,-1,-1,-1,-1,-1,-1,-1,-1,-1,-1,-1,-1,0,0,300,0,0,0,0,0,0,0,0,0,0,0,1,1,0,0,0,0,0,0,0,0,0,0,0,0,0,0,0,-1,-1,-1,-1,-1,-1,-1,-1,-1,0,-1,0,0,-1,0,0,0,0,0,-1,-1,-1,0,[0|0|0|0],-1,-1,-1,-1,210,-1,-1,-1,1,1,1,1,1,1,1,1,1,-1,-1,-1,-1,-1,0,-1,0,1,0,0,0,0,1,1,1,1,0,0,-1,0,[0|0|0|0],16,1,1,[0|0|0|0],-1,0,0,[0|0|0|0|0|0|0|0],-1,-1,-1,-1,-1,[0|0|0|0],-1,-1,-1,[0|0|0|0|0|0|0|0],-1,-1,-1,[0|0|0|0|0|0|0|0],0,0,0,[0|0|0|0],252,-1,600,100,1,1,0,-1,4,0,0,9,585,0,-1,0,200,0,-1,[0|0|0|0],0,0,0,0,0,0,0,0,0,0,0,0,0,0,0,0,0,0,0,0,0,0,0,0,0,0,0,0,0,0,0,0,300,[0|0|0|0|0|0|0|0|0|0|0|0],0,0,0,0,0,0,0,0,0,0,0,0,0,0,-1,0,0,0,0,-1,-1,-1,-1,-1,-1,-1,-1,-1,-1,-1,-1,0,0,-1,0,0,0,0,0,0,0,0,[0|0],35040000,12.05,0,-1,0,0,-1,1,1,1,1,1,1,1,1,0,0,0,0,0,0,0,0,0,0,0,0,0,0,0,0,0,0,0,0,0,0,0,0,0,[0|0],0,0,0,[0|0|0],0,0,0,-1,[0|0|0|0],10,582,0,0,0,-1,-1,-1,-1,-1,-1,-1,-1,-1,-1,0,0,0,0,0,0,0,0,0,-1,[0|0],360,0,0,0,[0|0|0],0,0,0,0,0,-1,-1,-1,-1,-1,-1,[0|0|0|0],0,0,0,0,0,[0|0|0],0,0,0,0,0,0,0,0,0,0,0,0,0,0,0,0,0,0,0,0,0,0,0,0,0,0,0,0,0,0,0,0,0,0,[0|0|0],0,0,0,0,3000,[0|0|0|0],1,0,0,0,0,[0|0|0],0,0,0,0,0,-1,-1,-1,-1,1,0,0,0,0,0,0,0,0,0,0,100,0,0,0,-1,0,2,0,0,0,1,1,1,1,1,1,1,1,1,1,1,0,0,-1,0,-1,0,0,0,0,1,0,0,0,0,0,0,0,0,1,1,0,0,0,0,-1,1,1,8208,0,0,0,0,0,0,1,-1,0,0,1,0,0,0,0,1,0,0,0,0,1,-1,[0|0|0|0|0|0|0|0|0|0|0|0|0|0|0|0|0|0|0|0|0|0|0|0|0|0|0|0]
35050000,DETONATING MISSILE LAUNCHER - 45-091 JVLN BETA (Left),0,0,0,[0|0|0],30500,3005000,0,4250,0,0,0,0,0,0,0,0,100,0,0,0,-1,-1,-1,-1,-1,-1,-1,-1,-1,-1,-1,-1,-1,-1,-1,-1,-1,-1,-1,-1,-1,-1,-1,1,1,1,1,0,0,0,4260,0,100,100,0,-1,0,0,100,0,100,0,0,0,0,0,-1,16,0,0,7,3,22,0,0,0,100,0,0,999,0,0,0,0,0,0,0,0,0,0,0,0,0,0,0,0,0,0,0,0,0,0,0,1,0,1,0,0,0,0,0,0,0,0,0,0,1,0,1,0,0,0,0,0,0,0,0,1,0,1,1,1,1,0,0,100,1,1,0,0,-1,-1,-1,-1,-1,-1,-1,-1,-1,-1,-1,-1,-1,-1,-1,-1,-1,-1,-1,-1,-1,-1,-1,-1,0,0,300,0,0,0,0,0,0,0,0,0,0,0,1,1,0,0,0,0,0,0,0,0,0,0,0,0,0,0,0,-1,-1,-1,-1,-1,-1,-1,-1,-1,0,-1,0,0,-1,0,0,0,0,0,-1,-1,-1,0,[0|0|0|0],-1,-1,-1,-1,200,-1,-1,-1,1,1,1,1,1,1,1,1,1,-1,-1,-1,-1,-1,0,-1,0,1,0,0,0,0,1,1,1,1,0,0,-1,0,[0|0|0|0],1,1,1,[0|0|0|0],-1,0,0,[0|0|0|0|0|0|0|0],-1,-1,-1,-1,-1,[0|0|0|0],-1,-1,-1,[0|0|0|0|0|0|0|0],-1,-1,-1,[0|0|0|0|0|0|0|0],0,0,0,[0|0|0|0],32,-1,500,100,1,1,0,-1,4,0,0,9,425,0,-1,0,450,0,-1,[0|0|0|0],0,0,0,0,0,0,0,0,0,0,0,0,0,0,0,0,0,0,0,0,0,0,0,0,0,0,0,0,0,0,0,0,300,[0|0|0|0|0|0|0|0|0|0|0|0],0,0,0,0,0,0,0,0,0,0,0,0,0,0,-1,0,0,0,0,-1,-1,-1,-1,-1,-1,-1,-1,-1,-1,-1,-1,0,0,-1,0,0,0,0,0,0,0,0,[0|0],35050000,4.1,0,-1,0,0,-1,1,1,1,1,1,1,1,1,0,0,0,0,0,0,0,0,0,0,0,0,0,0,0,0,0,0,0,0,0,0,0,0,0,[0|0],0,0,0,[0|0|0],0,0,0,-1,[0|0|0|0],4,600,0,0,0,-1,-1,-1,-1,-1,-1,-1,-1,-1,-1,0,0,0,0,0,0,0,0,0,-1,[0|0],360,0,0,0,[0|0|0],0,0,0,0,0,-1,-1,-1,-1,-1,-1,[0|0|0|0],0,0,0,0,0,[0|0|0],0,0,0,0,0,0,0,0,0,0,0,0,0,0,0,0,0,0,0,0,0,0,0,0,0,0,0,0,0,0,0,0,0,0,[0|0|0],0,0,0,0,3000,[0|0|0|0],1,0,0,0,0,[0|0|0],0,0,0,0,0,-1,-1,-1,-1,1,0,0,0,0,0,0,0,0,0,0,100,0,0,0,-1,0,2,0,255,255,1,2,2,2,2,0,2,0,0,1,1,0,0,-1,0,-1,0,0,0,0,1,0,0,0,0,0,0,0,0,1,1,0,0,0,0,-1,1,1,8211,0,0,0,0,0,0,1,-1,0,0,1,0,0,0,0,1,0,0,0,0,1,-1,[0|0|0|0|0|0|0|0|0|0|0|0|0|0|0|0|0|0|0|0|0|0|0|0|0|0|0|0]
35070000,SCATTER MISSILE LAUNCHER - WS-5001 SOUP (Left),0,0,0,[0|0|0],35700,3004999,0,5620,0,0,0,0,0,0,0,0,100,0,0,0,-1,-1,-1,-1,-1,-1,-1,-1,-1,-1,-1,-1,-1,-1,-1,-1,-1,-1,-1,-1,-1,-1,-1,1,1,1,1,0,0,0,4280,0,100,100,0,-1,0,0,100,0,100,0,0,0,0,0,-1,16,0,0,7,3,22,0,0,0,100,0,0,999,0,0,0,0,0,0,0,0,0,0,0,0,0,0,0,0,0,0,0,0,0,0,0,1,0,1,0,0,0,0,0,0,0,0,0,0,1,0,1,0,0,0,0,0,0,0,0,1,0,1,1,1,1,0,0,100,1,1,0,0,-1,-1,-1,-1,-1,-1,-1,-1,-1,-1,-1,-1,-1,-1,-1,-1,-1,-1,-1,-1,-1,-1,-1,-1,0,0,300,0,0,0,0,0,0,0,0,0,0,0,1,1,0,0,0,0,0,0,0,0,0,0,0,0,0,0,0,-1,-1,-1,-1,-1,-1,-1,-1,-1,0,-1,0,0,-1,0,0,0,0,0,-1,-1,-1,0,[0|0|0|0],-1,-1,-1,-1,180,-1,-1,-1,1,1,1,1,1,1,1,1,1,-1,-1,-1,-1,-1,0,-1,0,1,0,0,0,0,1,1,1,1,0,0,-1,0,[0|0|0|0],30,1,1,[0|0|0|0],-1,0,0,[0|0|0|0|0|0|0|0],-1,-1,-1,-1,-1,[0|0|0|0],-1,-1,-1,[0|0|0|0|0|0|0|0],-1,-1,-1,[0|0|0|0|0|0|0|0],0,0,0,[0|0|0|0],420,-1,500,100,1,1,0,-1,4,0,0,9,680,0,-1,0,50,0,-1,[0|0|0|0],0,0,0,0,0,0,0,0,0,0,0,0,0,0,0,0,0,0,0,0,0,0,0,0,0,0,0,0,0,0,0,0,300,[0|0|0|0|0|0|0|0|0|0|0|0],0,0,0,0,0,0,0,0,0,0,0,0,0,0,-1,0,0,0,0,-1,-1,-1,-1,-1,-1,-1,-1,-1,-1,-1,-1,0,0,-1,0,0,0,0,0,0,0,0,[0|0],35070000,8,0,-1,0,0,-1,1,1,1,1,1,1,1,1,0,0,0,0,0,0,0,0,0,0,0,0,0,0,0,0,0,0,0,0,0,0,0,0,0,[0|0],0,0,0,[0|0|0],0,0,0,-1,[0|0|0|0],6,610,0,0,0,-1,-1,-1,-1,-1,-1,-1,-1,-1,-1,0,0,0,0,0,0,0,0,0,-1,[0|0],360,0,0,0,[0|0|0],0,0,0,0,0,-1,-1,-1,-1,-1,-1,[0|0|0|0],0,0,0,0,0,[0|0|0],0,0,0,0,0,0,0,0,0,0,0,0,0,0,0,0,0,0,0,0,0,0,0,0,0,0,0,0,0,0,0,0,0,0,[0|0|0],0,0,0,0,3000,[0|0|0|0],1,0,0,0,0,[0|0|0],0,0,0,0,0,-1,-1,-1,-1,1,0,0,0,0,0,0,0,0,0,0,100,0,0,0,-1,0,1,1,0,255,1,1,1,1,1,1,1,1,1,1,1,0,0,-1,0,-1,1,0,0,0,1,1,1,1,1,0,1,0,0,1,1,0,0,0,0,-1,1,1,8213,0,0,0,0,0,0,1,-1,0,0,1,0,0,0,0,1,0,0,0,0,1,-1,[0|0|0|0|0|0|0|0|0|0|0|0|0|0|0|0|0|0|0|0|0|0|0|0|0|0|0|0]
35080000,DUAL MISSILE LAUNCHER - BML-G1/P32DUO-03 (Left),0,0,0,[0|0|0],30800,3008010,0,3450,0,0,0,0,0,0,0,0,100,0,0,0,-1,-1,-1,-1,-1,-1,-1,-1,-1,-1,-1,-1,-1,-1,-1,-1,-1,-1,-1,-1,-1,-1,-1,1,1,1,1,0,0,0,4300,0,100,100,0,-1,0,0,100,0,100,0,0,0,0,0,-1,16,0,0,7,3,22,0,0,0,100,0,0,999,0,0,0,0,0,0,0,0,0,0,0,0,0,0,0,0,0,0,0,0,0,0,0,1,0,1,0,0,0,0,0,0,0,0,0,0,1,0,1,0,0,0,0,0,0,0,0,1,0,1,1,1,1,0,0,100,1,1,0,0,-1,-1,-1,-1,-1,-1,-1,-1,-1,-1,-1,-1,-1,-1,-1,-1,-1,-1,-1,-1,-1,-1,-1,-1,0,0,300,0,0,0,0,0,0,0,0,0,0,0,1,1,0,0,0,0,0,0,0,0,0,0,0,0,0,0,0,-1,-1,-1,-1,-1,-1,-1,-1,-1,0,-1,0,0,-1,0,0,0,0,0,-1,-1,-1,0,[0|0|0|0],-1,-1,-1,-1,220,-1,-1,-1,1,1,1,1,1,1,1,1,1,-1,-1,-1,-1,-1,0,-1,0,1,0,0,0,0,1,1,1,1,0,0,-1,0,[0|0|0|0],6,1,1,[0|0|0|0],-1,0,0,[0|0|0|0|0|0|0|0],-1,-1,-1,-1,-1,[0|0|0|0],-1,-1,-1,[0|0|0|0|0|0|0|0],-1,-1,-1,[0|0|0|0|0|0|0|0],0,0,0,[0|0|0|0],180,-1,500,100,1,1,0,-1,4,0,0,9,262,0,-1,0,70,0,-1,[0|0|0|0],0,0,0,0,0,0,0,0,0,0,0,0,0,0,0,0,0,0,0,0,0,0,0,0,0,0,0,0,0,0,0,0,300,[0|0|0|0|0|0|0|0|0|0|0|0],0,0,0,0,0,0,0,0,0,0,0,0,0,0,-1,0,0,0,0,-1,-1,-1,-1,-1,-1,-1,-1,-1,-1,-1,-1,0,0,-1,0,0,0,0,0,0,0,0,[0|0],35080000,3.5,0,-1,0,0,-1,1,1,1,1,1,1,1,1,0,0,0,0,0,0,0,0,0,0,0,0,0,0,0,0,0,0,0,0,0,0,0,0,0,[0|0],0,0,0,[0|0|0],0,0,0,-1,[0|0|0|0],16,520,0,0,0,-1,-1,-1,-1,-1,-1,-1,-1,-1,-1,0,0,0,0,0,0,0,0,0,-1,[0|0],360,0,0,0,[0|0|0],0,0,0,0,0,-1,-1,-1,-1,-1,-1,[0|0|0|0],0,0,0,0,0,[0|0|0],0,0,0,0,0,0,0,0,0,0,0,0,0,0,0,0,0,0,0,0,0,0,0,0,0,0,0,0,0,0,0,0,0,0,[0|0|0],0,0,0,0,3000,[0|0|0|0],1,0,0,0,0,[0|0|0],0,0,0,0,0,-1,-1,-1,-1,1,0,0,0,0,0,0,0,0,0,0,100,0,0,0,-1,0,2,0,2,255,6,2,2,2,2,2,2,2,2,1,1,0,0,-1,1,-1,0,0,0,0,1,0,0,0,0,0,0,0,0,1,1,0,0,0,0,-1,1,1,8217,0,0,0,0,0,0,1,-1,0,0,1,0,0,0,0,1,0,0,0,0,1,-1,[0|0|0|0|0|0|0|0|0|0|0|0|0|0|0|0|0|0|0|0|0|0|0|0|0|0|0|0]
35080300,INTERCEPTOR MISSILE LAUNCHER - BML-G1/P44INT-10 (Left),0,0,0,[0|0|0],30830,3008030,0,3010,0,0,0,0,0,0,0,0,100,0,0,0,-1,-1,-1,-1,-1,-1,-1,-1,-1,-1,-1,-1,-1,-1,-1,-1,-1,-1,-1,-1,-1,-1,-1,1,1,1,1,0,0,0,4300,0,100,100,0,-1,0,0,100,0,100,0,0,0,0,0,-1,16,0,0,7,3,22,0,0,0,100,0,0,999,0,0,0,0,0,0,0,0,0,0,0,0,0,0,0,0,0,0,0,0,0,0,0,1,0,1,0,0,0,0,0,0,0,0,0,0,1,0,1,0,0,0,0,0,0,0,0,1,0,1,1,1,1,0,0,100,1,1,0,0,-1,-1,-1,-1,-1,-1,-1,-1,-1,-1,-1,-1,-1,-1,-1,-1,-1,-1,-1,-1,-1,-1,-1,-1,0,0,300,0,0,0,0,0,0,0,0,0,0,0,1,1,0,0,0,0,0,0,0,0,0,0,0,0,0,0,0,-1,-1,-1,-1,-1,-1,-1,-1,-1,0,-1,0,0,-1,0,0,0,0,0,-1,-1,-1,0,[0|0|0|0],-1,-1,-1,-1,220,-1,-1,-1,1,1,1,1,1,1,1,1,1,-1,-1,-1,-1,-1,0,-1,0,1,0,0,0,0,1,1,1,1,0,0,-1,0,[0|0|0|0],10,1,1,[0|0|0|0],-1,0,0,[0|0|0|0|0|0|0|0],-1,-1,-1,-1,-1,[0|0|0|0],-1,-1,-1,[0|0|0|0|0|0|0|0],-1,-1,-1,[0|0|0|0|0|0|0|0],0,0,0,[0|0|0|0],340,-1,450,100,1,1,0,-1,4,0,0,9,301,0,-1,0,80,0,-1,[0|0|0|0],0,0,0,0,0,0,0,0,0,0,0,0,0,0,0,0,0,0,0,0,0,0,0,0,0,0,0,0,0,0,0,0,300,[0|0|0|0|0|0|0|0|0|0|0|0],0,0,0,0,0,0,0,0,0,0,0,0,0,0,-1,0,0,0,0,-1,-1,-1,-1,-1,-1,-1,-1,-1,-1,-1,-1,0,0,-1,0,0,0,0,0,0,0,0,[0|0],35080000,6.1,0,-1,0,0,-1,1,1,1,1,1,1,1,1,0,0,0,0,0,0,0,0,0,0,0,0,0,0,0,0,0,0,0,0,0,0,0,0,0,[0|0],0,0,0,[0|0|0],0,0,0,-1,[0|0|0|0],16,521,0,0,0,-1,-1,-1,-1,-1,-1,-1,-1,-1,-1,0,0,0,0,0,0,0,0,0,-1,[0|0],360,0,0,0,[0|0|0],0,0,0,0,0,-1,-1,-1,-1,-1,-1,[0|0|0|0],0,0,0,0,0,[0|0|0],0,0,0,0,0,0,0,0,0,0,0,0,0,0,0,0,0,0,0,0,0,0,0,0,0,0,0,0,0,0,0,0,0,0,[0|0|0],0,0,0,0,3000,[0|0|0|0],1,0,0,0,0,[0|0|0],0,0,0,0,0,-1,-1,-1,-1,1,0,0,0,0,0,0,0,0,0,0,100,0,0,0,-1,0,0,0,0,255,6,0,0,0,0,0,0,0,0,1,1,0,0,-1,1,-1,0,0,0,0,1,0,0,0,0,0,0,0,0,1,1,0,0,0,0,-1,1,1,8217,0,0,0,0,0,0,1,-1,0,0,1,0,0,0,0,1,0,0,0,0,1,-1,[0|0|0|0|0|0|0|0|0|0|0|0|0|0|0|0|0|0|0|0|0|0|0|0|0|0|0|0]
35080100,DUAL MISSILE LAUNCHER - BML-G2/P08DUO-03 (Left),0,0,0,[0|0|0],30810,3008020,0,4020,0,0,0,0,0,0,0,0,100,0,0,0,-1,-1,-1,-1,-1,-1,-1,-1,-1,-1,-1,-1,-1,-1,-1,-1,-1,-1,-1,-1,-1,-1,-1,1,1,1,1,0,0,0,4301,0,100,100,0,-1,0,0,100,0,100,0,0,0,0,0,-1,16,0,0,7,3,22,0,0,0,100,0,0,999,0,0,0,0,0,0,0,0,0,0,0,0,0,0,0,0,0,0,0,0,0,0,0,1,0,1,0,0,0,0,0,0,0,0,0,0,1,0,1,0,0,0,0,0,0,0,0,1,0,1,1,1,1,0,0,100,1,1,0,0,-1,-1,-1,-1,-1,-1,-1,-1,-1,-1,-1,-1,-1,-1,-1,-1,-1,-1,-1,-1,-1,-1,-1,-1,0,0,300,0,0,0,0,0,0,0,0,0,0,0,1,1,0,0,0,0,0,0,0,0,0,0,0,0,0,0,0,-1,-1,-1,-1,-1,-1,-1,-1,-1,0,-1,0,0,-1,0,0,0,0,0,-1,-1,-1,0,[0|0|0|0],-1,-1,-1,-1,220,-1,-1,-1,1,1,1,1,1,1,1,1,1,-1,-1,-1,-1,-1,0,-1,0,1,0,0,0,0,1,1,1,1,0,0,-1,0,[0|0|0|0],6,1,1,[0|0|0|0],-1,0,0,[0|0|0|0|0|0|0|0],-1,-1,-1,-1,-1,[0|0|0|0],-1,-1,-1,[0|0|0|0|0|0|0|0],-1,-1,-1,[0|0|0|0|0|0|0|0],0,0,0,[0|0|0|0],156,-1,500,100,1,1,0,-1,4,0,0,9,332,0,-1,0,100,0,-1,[0|0|0|0],0,0,0,0,0,0,0,0,0,0,0,0,0,0,0,0,0,0,0,0,0,0,0,0,0,0,0,0,0,0,0,0,300,[0|0|0|0|0|0|0|0|0|0|0|0],0,0,0,0,0,0,0,0,0,0,0,0,0,0,-1,0,0,0,0,-1,-1,-1,-1,-1,-1,-1,-1,-1,-1,-1,-1,0,0,-1,0,0,0,0,0,0,0,0,[0|0],35080100,5.4,0,-1,0,0,-1,1,1,1,1,1,1,1,1,0,0,0,0,0,0,0,0,0,0,0,0,0,0,0,0,0,0,0,0,0,0,0,0,0,[0|0],0,0,0,[0|0|0],0,0,0,-1,[0|0|0|0],16,520,0,0,0,-1,-1,-1,-1,-1,-1,-1,-1,-1,-1,0,0,0,0,0,0,0,0,0,-1,[0|0],360,0,0,0,[0|0|0],0,0,0,0,0,-1,-1,-1,-1,-1,-1,[0|0|0|0],0,0,0,0,0,[0|0|0],0,0,0,0,0,0,0,0,0,0,0,0,0,0,0,0,0,0,0,0,0,0,0,0,0,0,0,0,0,0,0,0,0,0,[0|0|0],0,0,0,0,3000,[0|0|0|0],1,0,0,0,0,[0|0|0],0,0,0,0,0,-1,-1,-1,-1,1,0,0,0,0,0,0,0,0,0,0,100,0,0,0,-1,0,2,0,2,255,6,2,2,2,2,2,2,2,2,1,1,0,0,-1,0,-1,0,0,0,0,1,0,0,0,0,0,0,0,0,1,1,0,0,0,0,-1,1,1,8218,0,0,0,0,0,0,1,-1,0,0,1,0,0,0,0,1,0,0,0,0,1,-1,[0|0|0|0|0|0|0|0|0|0|0|0|0|0|0|0|0|0|0|0|0|0|0|0|0|0|0|0]
35080200,DUAL MISSILE LAUNCHER - BML-G1/P31DUO-02 (Left),0,0,0,[0|0|0],30820,3008000,0,1900,0,0,0,0,0,0,0,0,100,0,0,0,-1,-1,-1,-1,-1,-1,-1,-1,-1,-1,-1,-1,-1,-1,-1,-1,-1,-1,-1,-1,-1,-1,-1,1,1,1,1,0,0,0,4303,0,100,100,0,-1,0,0,100,0,100,0,0,0,0,0,-1,16,0,0,7,3,22,0,0,0,100,0,0,999,0,0,0,0,0,0,0,0,0,0,0,0,0,0,0,0,0,0,0,0,0,0,0,1,0,1,0,0,0,0,0,0,0,0,0,0,1,0,1,0,0,0,0,0,0,0,0,1,0,1,1,1,1,0,0,100,1,1,0,0,-1,-1,-1,-1,-1,-1,-1,-1,-1,-1,-1,-1,-1,-1,-1,-1,-1,-1,-1,-1,-1,-1,-1,-1,0,0,300,0,0,0,0,0,0,0,0,0,0,0,1,1,0,0,0,0,0,0,0,0,0,0,0,0,0,0,0,-1,-1,-1,-1,-1,-1,-1,-1,-1,0,-1,0,0,-1,0,0,0,0,0,-1,-1,-1,0,[0|0|0|0],-1,-1,-1,-1,220,-1,-1,-1,1,1,1,1,1,1,1,1,1,-1,-1,-1,-1,-1,0,-1,0,1,0,0,0,0,1,1,1,1,0,0,-1,0,[0|0|0|0],4,1,1,[0|0|0|0],-1,0,0,[0|0|0|0|0|0|0|0],-1,-1,-1,-1,-1,[0|0|0|0],-1,-1,-1,[0|0|0|0|0|0|0|0],-1,-1,-1,[0|0|0|0|0|0|0|0],0,0,0,[0|0|0|0],124,-1,500,100,1,1,0,-1,4,0,0,9,182,0,-1,0,70,0,-1,[0|0|0|0],0,0,0,0,0,0,0,0,0,0,0,0,0,0,0,0,0,0,0,0,0,0,0,0,0,0,0,0,0,0,0,0,300,[0|0|0|0|0|0|0|0|0|0|0|0],0,0,0,0,0,0,0,0,0,0,0,0,0,0,-1,0,0,0,0,-1,-1,-1,-1,-1,-1,-1,-1,-1,-1,-1,-1,0,0,-1,0,0,0,0,0,0,0,0,[0|0],35080200,3.1,0,-1,0,0,-1,1,1,1,1,1,1,1,1,0,0,0,0,0,0,0,0,0,0,0,0,0,0,0,0,0,0,0,0,0,0,0,0,0,[0|0],0,0,0,[0|0|0],0,0,0,-1,[0|0|0|0],16,520,0,0,0,-1,-1,-1,-1,-1,-1,-1,-1,-1,-1,0,0,0,0,0,0,0,0,0,-1,[0|0],360,0,0,0,[0|0|0],0,0,0,0,0,-1,-1,-1,-1,-1,-1,[0|0|0|0],0,0,0,0,0,[0|0|0],0,0,0,0,0,0,0,0,0,0,0,0,0,0,0,0,0,0,0,0,0,0,0,0,0,0,0,0,0,0,0,0,0,0,[0|0|0],0,0,0,0,3000,[0|0|0|0],1,0,0,0,0,[0|0|0],0,0,0,0,0,-1,-1,-1,-1,1,0,0,0,0,0,0,0,0,0,0,100,0,0,0,-1,0,2,0,2,255,4,2,2,2,2,2,2,2,2,1,1,0,0,-1,1,-1,0,0,0,0,1,0,0,0,0,0,0,0,0,1,1,0,0,0,0,-1,1,1,8220,0,0,0,0,0,0,1,-1,0,0,1,0,0,0,0,1,0,0,0,0,1,-1,[0|0|0|0|0|0|0|0|0|0|0|0|0|0|0|0|0|0|0|0|0|0|0|0|0|0|0|0]
35090000,SPLIT MISSILE LAUNCHER - BML-G2/P19SPL-12 (Left),0,0,0,[0|0|0],30900,3009000,0,3580,0,0,0,0,0,0,0,0,100,0,0,0,-1,-1,-1,-1,-1,-1,-1,-1,-1,-1,-1,-1,-1,-1,-1,-1,-1,-1,-1,-1,-1,-1,-1,1,1,1,1,0,0,0,4310,0,100,100,0,-1,0,0,100,0,100,0,0,0,0,0,-1,16,0,0,7,3,22,0,0,0,100,0,0,999,0,0,0,0,0,0,0,0,0,0,0,0,0,0,0,0,0,0,0,0,0,0,0,1,0,1,0,0,0,0,0,0,0,0,0,0,1,0,1,0,0,0,0,0,0,0,0,1,0,1,1,1,1,0,0,100,1,1,0,0,-1,-1,-1,-1,-1,-1,-1,-1,-1,-1,-1,-1,-1,-1,-1,-1,-1,-1,-1,-1,-1,-1,-1,-1,0,0,300,0,0,0,0,0,0,0,0,0,0,0,1,1,0,0,0,0,0,0,0,0,0,0,0,0,0,0,0,-1,-1,-1,-1,-1,-1,-1,-1,-1,0,-1,0,0,-1,0,0,0,0,0,-1,-1,-1,0,[0|0|0|0],-1,-1,-1,-1,210,-1,-1,-1,1,1,1,1,1,1,1,1,1,-1,-1,-1,-1,-1,0,-1,0,1,0,0,0,0,1,1,1,1,0,0,-1,0,[0|0|0|0],2,1,1,[0|0|0|0],-1,0,0,[0|0|0|0|0|0|0|0],-1,-1,-1,-1,-1,[0|0|0|0],-1,-1,-1,[0|0|0|0|0|0|0|0],-1,-1,-1,[0|0|0|0|0|0|0|0],0,0,0,[0|0|0|0],80,-1,500,100,1,1,0,-1,4,0,0,9,325,0,-1,0,400,0,-1,[0|0|0|0],0,0,0,0,0,0,0,0,0,0,0,0,0,0,0,0,0,0,0,0,0,0,0,0,0,0,0,0,0,0,0,0,300,[0|0|0|0|0|0|0|0|0|0|0|0],0,0,0,0,0,0,0,0,0,0,0,0,0,0,-1,0,0,0,0,-1,-1,-1,-1,-1,-1,-1,-1,-1,-1,-1,-1,0,0,-1,0,0,0,0,0,0,0,0,[0|0],35090000,6,0,-1,0,0,-1,1,1,1,1,1,1,1,1,0,0,0,0,0,0,0,0,0,0,0,0,0,0,0,0,0,0,0,0,0,0,0,0,0,[0|0],0,0,0,[0|0|0],0,0,0,-1,[0|0|0|0],16,540,0,0,0,-1,-1,-1,-1,-1,-1,-1,-1,-1,-1,0,0,0,0,0,0,0,0,0,-1,[0|0],360,0,0,0,[0|0|0],0,0,0,0,0,-1,-1,-1,-1,-1,-1,[0|0|0|0],0,0,0,0,0,[0|0|0],0,0,0,0,0,0,0,0,0,0,0,0,0,0,0,0,0,0,0,0,0,0,0,0,0,0,0,0,0,0,0,0,0,0,[0|0|0],0,0,0,0,3000,[0|0|0|0],1,0,0,0,0,[0|0|0],0,0,0,0,0,-1,-1,-1,-1,1,0,0,0,0,0,0,0,0,0,0,100,0,0,0,-1,0,1,3,1,1,1,1,1,1,1,1,1,1,1,1,1,0,0,-1,1,-1,0,0,0,0,1,0,0,0,0,0,0,0,0,1,1,0,0,0,0,-1,1,1,8221,0,0,0,0,0,0,1,-1,0,0,1,0,0,0,0,1,0,0,0,0,1,-1,[0|0|0|0|0|0|0|0|0|0|0|0|0|0|0|0|0|0|0|0|0|0|0|0|0|0|0|0]
35090100,SPLIT MISSILE LAUNCHER - BML-G2/P16SPL-08 (Left),0,0,0,[0|0|0],30910,3009010,0,2800,0,0,0,0,0,0,0,0,100,0,0,0,-1,-1,-1,-1,-1,-1,-1,-1,-1,-1,-1,-1,-1,-1,-1,-1,-1,-1,-1,-1,-1,-1,-1,1,1,1,1,0,0,0,4311,0,100,100,0,-1,0,0,100,0,100,0,0,0,0,0,-1,16,0,0,7,3,22,0,0,0,100,0,0,999,0,0,0,0,0,0,0,0,0,0,0,0,0,0,0,0,0,0,0,0,0,0,0,1,0,1,0,0,0,0,0,0,0,0,0,0,1,0,1,0,0,0,0,0,0,0,0,1,0,1,1,1,1,0,0,100,1,1,0,0,-1,-1,-1,-1,-1,-1,-1,-1,-1,-1,-1,-1,-1,-1,-1,-1,-1,-1,-1,-1,-1,-1,-1,-1,0,0,300,0,0,0,0,0,0,0,0,0,0,0,1,1,0,0,0,0,0,0,0,0,0,0,0,0,0,0,0,-1,-1,-1,-1,-1,-1,-1,-1,-1,0,-1,0,0,-1,0,0,0,0,0,-1,-1,-1,0,[0|0|0|0],-1,-1,-1,-1,210,-1,-1,-1,1,1,1,1,1,1,1,1,1,-1,-1,-1,-1,-1,0,-1,0,1,0,0,0,0,1,1,1,1,0,0,-1,0,[0|0|0|0],1,1,1,[0|0|0|0],-1,0,0,[0|0|0|0|0|0|0|0],-1,-1,-1,-1,-1,[0|0|0|0],-1,-1,-1,[0|0|0|0|0|0|0|0],-1,-1,-1,[0|0|0|0|0|0|0|0],0,0,0,[0|0|0|0],40,-1,500,100,1,1,0,-1,4,0,0,9,228,0,-1,0,500,0,-1,[0|0|0|0],0,0,0,0,0,0,0,0,0,0,0,0,0,0,0,0,0,0,0,0,0,0,0,0,0,0,0,0,0,0,0,0,300,[0|0|0|0|0|0|0|0|0|0|0|0],0,0,0,0,0,0,0,0,0,0,0,0,0,0,-1,0,0,0,0,-1,-1,-1,-1,-1,-1,-1,-1,-1,-1,-1,-1,0,0,-1,0,0,0,0,0,0,0,0,[0|0],35090100,4.5,0,-1,0,0,-1,1,1,1,1,1,1,1,1,0,0,0,0,0,0,0,0,0,0,0,0,0,0,0,0,0,0,0,0,0,0,0,0,0,[0|0],0,0,0,[0|0|0],0,0,0,-1,[0|0|0|0],16,540,0,0,0,-1,-1,-1,-1,-1,-1,-1,-1,-1,-1,0,0,0,0,0,0,0,0,0,-1,[0|0],360,0,0,0,[0|0|0],0,0,0,0,0,-1,-1,-1,-1,-1,-1,[0|0|0|0],0,0,0,0,0,[0|0|0],0,0,0,0,0,0,0,0,0,0,0,0,0,0,0,0,0,0,0,0,0,0,0,0,0,0,0,0,0,0,0,0,0,0,[0|0|0],0,0,0,0,3000,[0|0|0|0],1,0,0,0,0,[0|0|0],0,0,0,0,0,-1,-1,-1,-1,1,0,0,0,0,0,0,0,0,0,0,100,0,0,0,-1,0,1,3,1,1,1,1,1,1,1,1,1,1,1,1,1,0,0,-1,1,-1,0,0,0,0,1,0,0,0,0,0,0,0,0,1,1,0,0,0,0,-1,1,1,8222,0,0,0,0,0,0,1,-1,0,0,1,0,0,0,0,1,0,0,0,0,1,-1,[0|0|0|0|0|0|0|0|0|0|0|0|0|0|0|0|0|0|0|0|0|0|0|0|0|0|0|0]
35090200,SPLIT MISSILE LAUNCHER - BML-G2/P17SPL-16 (Left),0,0,0,[0|0|0],30920,3009020,0,5010,0,0,0,0,0,0,0,0,100,0,0,0,-1,-1,-1,-1,-1,-1,-1,-1,-1,-1,-1,-1,-1,-1,-1,-1,-1,-1,-1,-1,-1,-1,-1,1,1,1,1,0,0,0,4302,0,100,100,0,-1,0,0,100,0,100,0,0,0,0,0,-1,16,0,0,7,3,22,0,0,0,100,0,0,999,0,0,0,0,0,0,0,0,0,0,0,0,0,0,0,0,0,0,0,0,0,0,0,1,0,1,0,0,0,0,0,0,0,0,0,0,1,0,1,0,0,0,0,0,0,0,0,1,0,1,1,1,1,0,0,100,1,1,0,0,-1,-1,-1,-1,-1,-1,-1,-1,-1,-1,-1,-1,-1,-1,-1,-1,-1,-1,-1,-1,-1,-1,-1,-1,0,0,300,0,0,0,0,0,0,0,0,0,0,0,1,1,0,0,0,0,0,0,0,0,0,0,0,0,0,0,0,-1,-1,-1,-1,-1,-1,-1,-1,-1,0,-1,0,0,-1,0,0,0,0,0,-1,-1,-1,0,[0|0|0|0],-1,-1,-1,-1,210,-1,-1,-1,1,1,1,1,1,1,1,1,1,-1,-1,-1,-1,-1,0,-1,0,1,0,0,0,0,1,1,1,1,0,0,-1,0,[0|0|0|0],2,1,1,[0|0|0|0],-1,0,0,[0|0|0|0|0|0|0|0],-1,-1,-1,-1,-1,[0|0|0|0],-1,-1,-1,[0|0|0|0|0|0|0|0],-1,-1,-1,[0|0|0|0|0|0|0|0],0,0,0,[0|0|0|0],72,-1,500,100,1,1,0,-1,4,0,0,9,510,0,-1,0,500,0,-1,[0|0|0|0],0,0,0,0,0,0,0,0,0,0,0,0,0,0,0,0,0,0,0,0,0,0,0,0,0,0,0,0,0,0,0,0,300,[0|0|0|0|0|0|0|0|0|0|0|0],0,0,0,0,0,0,0,0,0,0,0,0,0,0,-1,0,0,0,0,-1,-1,-1,-1,-1,-1,-1,-1,-1,-1,-1,-1,0,0,-1,0,0,0,0,0,0,0,0,[0|0],35090200,7.7,0,-1,0,0,-1,1,1,1,1,1,1,1,1,0,0,0,0,0,0,0,0,0,0,0,0,0,0,0,0,0,0,0,0,0,0,0,0,0,[0|0],0,0,0,[0|0|0],0,0,0,-1,[0|0|0|0],16,540,0,0,0,-1,-1,-1,-1,-1,-1,-1,-1,-1,-1,0,0,0,0,0,0,0,0,0,-1,[0|0],360,0,0,0,[0|0|0],0,0,0,0,0,-1,-1,-1,-1,-1,-1,[0|0|0|0],0,0,0,0,0,[0|0|0],0,0,0,0,0,0,0,0,0,0,0,0,0,0,0,0,0,0,0,0,0,0,0,0,0,0,0,0,0,0,0,0,0,0,[0|0|0],0,0,0,0,3000,[0|0|0|0],1,0,0,0,0,[0|0|0],0,0,0,0,0,-1,-1,-1,-1,1,0,0,0,0,0,0,0,0,0,0,100,0,0,0,-1,0,1,3,1,1,1,1,1,1,1,1,1,1,1,1,1,0,0,-1,1,-1,0,0,0,0,1,0,0,0,0,0,0,0,0,1,1,0,0,0,0,-1,1,1,8219,0,0,0,0,0,0,1,-1,0,0,1,0,0,0,0,1,0,0,0,0,1,-1,[0|0|0|0|0|0|0|0|0|0|0|0|0|0|0|0|0|0|0|0|0|0|0|0|0|0|0|0]
35100000,GRENADE CANNON - SONGBIRDS (Left),0,0,0,[0|0|0],31000,3021010,0,5500,0,0,0,0,0,0,0,0,100,0,0,0,-1,-1,-1,-1,-1,-1,-1,-1,-1,-1,-1,-1,-1,-1,-1,-1,-1,-1,-1,-1,-1,-1,-1,1,1,1,1,0,0,0,4410,0,100,100,0,-1,0,0,100,0,100,0,0,0,0,0,-1,16,0,0,7,3,21,0,0,0,100,0,0,999,0,0,0,0,0,0,0,0,0,0,0,0,0,0,0,0,0,0,0,0,0,0,0,1,0,1,0,0,0,0,0,0,0,0,0,0,1,0,1,0,0,0,0,0,0,0,0,1,0,1,1,1,1,0,0,100,1,1,0,0,-1,-1,-1,-1,-1,-1,-1,-1,-1,-1,-1,-1,-1,-1,-1,-1,-1,-1,-1,-1,-1,-1,-1,-1,0,0,300,0,0,0,0,0,0,0,0,0,0,0,1,1,0,0,0,0,0,0,0,0,0,0,0,0,0,0,0,-1,-1,-1,-1,-1,-1,-1,-1,-1,0,-1,0,0,-1,0,0,0,0,0,-1,-1,-1,0,[0|0|0|0],-1,-1,-1,-1,210,-1,-1,-1,1,1,1,1,1,1,1,1,1,-1,-1,-1,-1,-1,0,-1,0,1,0,0,0,0,1,1,1,1,0,0,-1,0,[0|0|0|0],2,1,1,[0|0|0|0],-1,0,0,[0|0|0|0|0|0|0|0],-1,-1,-1,-1,-1,[0|0|0|0],-1,-1,-1,[0|0|0|0|0|0|0|0],-1,-1,-1,[0|0|0|0|0|0|0|0],0,0,0,[0|0|0|0],42,-1,500,100,1,1,0,-1,4,0,0,9,285,0,-1,0,600,0,-1,[0|0|0|0],0,0,0,0,0,0,0,0,0,0,0,0,0,0,0,0,0,0,0,0,0,0,0,0,0,0,0,0,0,0,0,0,304,[0|0|0|0|0|0|0|0|0|0|0|0],0,0,0,0,0,0,0,0,0,0,0,0,0,0,-1,0,0,0,0,-1,-1,-1,-1,-1,-1,-1,-1,-1,-1,-1,-1,0,0,-1,0,0,0,0,0,0,0,0,[0|0],35100000,6.4,0,-1,0,0,-1,1,1,1,1,1,1,1,1,0,0,0,0,0,0,0,0,0,0,0,0,0,0,0,0,0,0,0,0,0,0,0,0,0,[0|0],0,0,0,[0|0|0],0,0,0,-1,[0|0|0|0],18,1001,0,0,0,-1,-1,-1,-1,-1,-1,-1,-1,-1,-1,0,0,0,0,0,0,0,0,0,-1,[0|0],360,0,0,0,[0|0|0],10,0,0,0,0,-1,-1,-1,-1,-1,-1,[0|0|0|0],0,0,0,0,0,[0|0|0],0,0,0,0,0,0,0,0,0,0,0,0,0,0,0,0,0,0,0,0,0,0,0,0,0,0,0,0,0,0,0,0,0,0,[0|0|0],0,0,0,0,3040,[0|0|0|0],1,0,0,0,0,[0|0|0],0,0,0,0,0,-1,-1,-1,-1,1,0,0,0,0,0,0,0,0,0,0,100,0,0,0,-1,0,0,2,0,0,1,0,0,0,0,0,1,0,0,1,1,0,0,-1,0,-1,0,0,0,0,1,0,0,0,0,0,0,0,0,1,1,0,0,0,0,-1,1,1,8227,0,0,0,0,0,0,1,-1,0,0,1,0,0,0,0,1,0,0,0,0,1,-1,[0|0|0|0|0|0|0|0|0|0|0|0|0|0|0|0|0|0|0|0|0|0|0|0|0|0|0|0]
35110000,NEEDLE MISSILE LAUNCHER - EL-PW-01 TRUENO (Left),0,0,0,[0|0|0],31100,3011000,0,3100,0,0,0,0,0,0,0,0,100,0,0,0,-1,-1,-1,-1,-1,-1,-1,-1,-1,-1,-1,-1,-1,-1,-1,-1,-1,-1,-1,-1,-1,-1,-1,1,1,1,1,0,0,0,4330,0,100,100,0,-1,100,0,0,0,100,0,0,0,0,0,-1,16,0,0,7,3,22,0,0,0,100,0,0,999,0,0,0,0,0,0,0,0,0,0,0,0,0,0,0,0,0,0,0,0,0,0,0,1,0,1,0,0,0,0,0,0,0,0,0,0,1,0,1,0,0,0,0,0,0,0,0,1,0,1,1,1,1,0,0,100,1,1,0,0,-1,-1,-1,-1,-1,-1,-1,-1,-1,-1,-1,-1,-1,-1,-1,-1,-1,-1,-1,-1,-1,-1,-1,-1,0,0,300,0,0,0,0,0,0,0,0,0,0,0,1,1,0,0,0,0,0,0,0,0,0,0,0,0,0,0,0,-1,-1,-1,-1,-1,-1,-1,-1,-1,0,-1,0,0,-1,0,0,0,0,0,-1,-1,-1,0,[0|0|0|0],-1,-1,-1,-1,200,-1,-1,-1,1,1,1,1,1,1,1,1,1,-1,-1,-1,-1,-1,0,-1,0,1,0,0,0,0,1,1,1,1,0,0,-1,0,[0|0|0|0],2,1,1,[0|0|0|0],-1,0,0,[0|0|0|0|0|0|0|0],-1,-1,-1,-1,-1,[0|0|0|0],-1,-1,-1,[0|0|0|0|0|0|0|0],-1,-1,-1,[0|0|0|0|0|0|0|0],0,0,0,[0|0|0|0],62,-1,500,100,1,1,0,-1,4,0,0,9,420,0,-1,0,300,0,-1,[0|0|0|0],0,0,0,0,0,0,0,0,0,0,0,0,0,0,0,0,0,0,0,0,0,0,0,0,0,0,0,0,0,0,0,0,304,[0|0|0|0|0|0|0|0|0|0|0|0],0,0,0,0,0,0,0,0,0,0,0,0,0,0,-1,0,0,0,0,-1,-1,-1,-1,-1,-1,-1,-1,-1,-1,-1,-1,0,0,-1,0,0,0,0,0,0,0,0,[0|0],35110000,4.2,0,-1,0,0,-1,1,1,1,1,1,1,1,1,0,0,0,0,0,0,0,0,0,0,0,0,0,0,0,0,0,0,0,0,0,0,0,0,0,[0|0],0,0,0,[0|0|0],0,0,0,-1,[0|0|0|0],19,590,0,0,0,-1,-1,-1,-1,-1,-1,-1,-1,-1,-1,0,0,0,0,0,0,0,0,0,-1,[0|0],360,0,0,0,[0|0|0],10,0,0,0,0,-1,-1,-1,-1,-1,-1,[0|0|0|0],0,0,0,0,0,[0|0|0],0,0,0,0,0,0,0,0,0,0,0,0,0,0,0,0,0,0,0,0,0,0,0,0,0,0,0,0,0,0,0,0,0,0,[0|0|0],0,0,0,0,3040,[0|0|0|0],1,0,0,0,0,[0|0|0],0,0,0,0,0,-1,-1,-1,-1,1,0,0,0,0,0,0,0,0,0,0,100,0,0,0,-1,0,0,2,0,0,1,0,0,0,0,0,0,0,0,1,1,0,0,-1,0,-1,0,0,0,0,1,0,0,0,0,0,0,0,0,1,1,0,0,0,0,-1,1,1,8224,0,0,0,0,0,0,1,-1,0,0,1,0,0,0,0,1,0,0,0,0,1,-1,[0|0|0|0|0|0|0|0|0|0|0|0|0|0|0|0|0|0|0|0|0|0|0|0|0|0|0|0]
35120000,CONTAINER MISSILE LAUNCHER - BML-G1/P29CNT (Left),0,0,0,[0|0|0],31210,3012010,0,6370,0,0,0,0,0,0,0,0,100,0,0,0,-1,-1,-1,-1,-1,-1,-1,-1,-1,-1,-1,-1,-1,-1,-1,-1,-1,-1,-1,-1,-1,-1,-1,1,1,1,1,0,0,0,4320,0,100,100,0,-1,0,0,100,0,100,0,0,0,0,0,-1,16,0,0,7,3,21,0,0,0,100,0,0,305,0,0,0,0,0,0,0,0,0,0,0,0,0,0,0,0,0,0,0,0,0,0,0,1,0,1,0,0,0,0,0,0,0,0,0,0,1,0,1,0,0,0,0,0,0,0,0,1,0,1,1,1,1,0,0,100,1,1,0,0,-1,-1,-1,-1,-1,-1,-1,-1,-1,-1,-1,-1,-1,-1,-1,-1,-1,-1,-1,-1,-1,-1,-1,-1,0,0,300,0,0,0,0,0,0,0,0,0,0,0,1,1,0,0,0,0,0,0,0,0,0,0,0,0,0,0,0,-1,-1,-1,-1,-1,-1,-1,-1,-1,0,-1,0,0,-1,0,0,0,0,0,-1,-1,-1,0,[0|0|0|0],-1,-1,-1,-1,170,-1,-1,-1,1,1,1,1,1,1,1,1,1,-1,-1,-1,-1,-1,0,-1,0,1,0,0,0,0,1,1,1,1,0,0,-1,0,[0|0|0|0],1,1,1,[0|0|0|0],-1,0,0,[0|0|0|0|0|0|0|0],-1,-1,-1,-1,-1,[0|0|0|0],-1,-1,-1,[0|0|0|0|0|0|0|0],-1,-1,-1,[0|0|0|0|0|0|0|0],0,0,0,[0|0|0|0],12,-1,500,100,1,1,0,-1,4,0,0,9,150,0,-1,0,800,0,-1,[0|0|0|0],0,0,0,0,0,0,0,0,0,0,0,0,0,0,0,0,0,0,0,0,0,0,0,0,0,0,0,0,0,0,0,0,302,[0|0|0|0|0|0|0|0|0|0|0|0],0,0,0,0,0,0,0,0,0,0,0,0,0,0,-1,0,0,0,0,-1,-1,-1,-1,-1,-1,-1,-1,-1,-1,-1,-1,0,0,-1,0,0,0,0,0,0,0,0,[0|0],35120000,8,0,-1,0,0,-1,1,1,1,1,1,1,1,1,0,0,0,0,0,0,0,0,0,0,0,0,0,0,0,0,0,0,0,0,0,0,0,0,0,[0|0],0,0,0,[0|0|0],0,0,0,-1,[0|0|0|0],16,560,0,0,0,-1,-1,-1,-1,-1,-1,-1,-1,-1,-1,0,0,0,0,0,0,0,0,0,-1,[0|0],360,0,0,0,[0|0|0],5,0,0,0,0,-1,-1,-1,-1,-1,-1,[0|0|0|0],0,0,0,0,0,[0|0|0],0,0,0,0,0,0,0,0,0,0,0,0,0,0,0,0,0,0,0,0,0,0,0,0,0,0,0,0,0,0,0,0,0,0,[0|0|0],0,0,0,0,3020,[0|0|0|0],1,0,0,0,0,[0|0|0],0,0,0,0,0,-1,-1,-1,-1,1,0,0,0,0,0,0,0,0,0,0,100,0,0,0,-1,0,2,4,255,1,1,2,2,2,2,2,2,2,2,1,1,0,0,-1,0,-1,0,0,0,0,1,0,0,0,0,0,0,0,0,1,1,0,0,0,0,-1,1,1,8223,0,1,0,0,0,0,1,-1,0,0,1,0,0,0,0,1,0,0,0,0,1,-1,[0|0|0|0|0|0|0|0|0|0|0|0|0|0|0|0|0|0|0|0|0|0|0|0|0|0|0|0]
35130000,CLUSTER MISSILE LAUNCHER - WR-0999 DELIVERY BOY (Left),0,0,0,[0|0|0],31310,3013010,0,6890,0,0,0,0,0,0,0,0,100,0,0,0,-1,-1,-1,-1,-1,-1,-1,-1,-1,-1,-1,-1,-1,-1,-1,-1,-1,-1,-1,-1,-1,-1,-1,1,1,1,1,0,0,0,4340,0,100,100,0,-1,0,0,100,0,100,0,0,0,0,0,-1,16,0,0,7,3,22,0,0,0,100,0,0,305,0,0,0,0,0,0,0,0,0,0,0,0,0,0,0,0,0,0,0,0,0,0,0,1,0,1,0,0,0,0,0,0,0,0,0,0,1,0,1,0,0,0,0,0,0,0,0,1,0,1,1,1,1,0,0,100,1,1,0,0,-1,-1,-1,-1,-1,-1,-1,-1,-1,-1,-1,-1,-1,-1,-1,-1,-1,-1,-1,-1,-1,-1,-1,-1,0,0,300,0,0,0,0,0,0,0,0,0,0,0,1,1,0,0,0,0,0,0,0,0,0,0,0,0,0,0,0,-1,-1,-1,-1,-1,-1,-1,-1,-1,0,-1,0,0,-1,0,0,0,0,0,-1,-1,-1,0,[0|0|0|0],-1,-1,-1,-1,150,-1,-1,-1,1,1,1,1,1,1,1,1,1,-1,-1,-1,-1,-1,0,-1,0,1,0,0,0,0,1,1,1,1,0,0,-1,0,[0|0|0|0],1,1,1,[0|0|0|0],-1,0,0,[0|0|0|0|0|0|0|0],-1,-1,-1,-1,-1,[0|0|0|0],-1,-1,-1,[0|0|0|0|0|0|0|0],-1,-1,-1,[0|0|0|0|0|0|0|0],0,0,0,[0|0|0|0],20,-1,500,100,1,1,0,-1,4,0,0,9,499,0,-1,0,600,0,-1,[0|0|0|0],0,0,0,0,0,0,0,0,0,0,0,0,0,0,0,0,0,0,0,0,0,0,0,0,0,0,0,0,0,0,0,0,302,[0|0|0|0|0|0|0|0|0|0|0|0],0,0,0,0,0,0,0,0,0,0,0,0,0,0,-1,0,0,0,0,-1,-1,-1,-1,-1,-1,-1,-1,-1,-1,-1,-1,0,0,-1,0,0,0,0,0,0,0,0,[0|0],35130000,9,0,-1,0,0,-1,1,1,1,1,1,1,1,1,0,0,0,0,0,0,0,0,0,0,0,0,0,0,0,0,0,0,0,0,0,0,0,0,0,[0|0],0,0,0,[0|0|0],0,0,0,-1,[0|0|0|0],6,570,0,0,0,-1,-1,-1,-1,-1,-1,-1,-1,-1,-1,0,0,0,0,0,0,0,0,0,-1,[0|0],360,0,0,0,[0|0|0],3,0,0,0,0,-1,-1,-1,-1,-1,-1,[0|0|0|0],0,0,0,0,0,[0|0|0],0,0,0,0,0,0,0,0,0,0,0,0,0,0,0,0,0,0,0,0,0,0,0,0,0,0,0,0,0,0,0,0,0,0,[0|0|0],0,0,0,0,3020,[0|0|0|0],1,0,0,0,0,[0|0|0],0,0,0,0,0,-1,-1,-1,-1,1,0,0,0,0,0,0,0,0,0,0,100,0,0,0,-1,0,4,0,255,255,1,4,4,4,4,0,4,0,0,1,1,0,0,-1,0,-1,0,0,0,0,1,0,0,0,0,0,0,0,0,1,1,0,0,0,0,-1,1,1,8225,0,0,0,0,0,0,3,-1,0,0,1,0,0,0,0,1,0,0,0,0,1,-1,[0|0|0|0|0|0|0|0|0|0|0|0|0|0|0|0|0|0|0|0|0|0|0|0|0|0|0|0]
35140100,LASER DRONE - Vvc-700LD (Left),0,0,0,[0|0|0],31415,3014010,0,3800,0,0,0,0,0,0,0,0,100,0,0,0,-1,-1,-1,-1,-1,-1,-1,-1,-1,-1,-1,-1,-1,-1,-1,-1,-1,-1,-1,-1,-1,-1,-1,1,1,1,1,0,0,0,5810,0,100,100,0,-1,0,100,0,0,100,0,0,0,0,0,-1,16,0,0,7,3,22,0,0,0,100,0,0,999,0,0,0,0,0,0,0,0,0,0,0,0,0,0,0,0,0,0,0,0,0,0,0,1,0,1,0,0,0,0,0,0,0,0,0,0,1,0,1,0,0,0,0,0,0,0,0,1,0,1,1,1,1,0,0,100,1,1,0,0,-1,-1,-1,-1,-1,-1,-1,-1,-1,-1,-1,-1,-1,-1,-1,-1,-1,-1,-1,-1,-1,-1,-1,-1,0,0,300,0,0,0,0,0,0,0,0,0,0,0,1,1,0,0,0,0,0,0,0,0,0,0,0,0,0,0,0,-1,-1,-1,-1,-1,-1,-1,-1,-1,0,-1,0,0,-1,0,0,0,0,0,-1,-1,-1,0,[0|0|0|0],-1,-1,-1,-1,350,-1,-1,-1,1,1,1,1,1,1,1,1,1,-1,-1,-1,-1,-1,0,-1,0,1,0,0,0,0,1,1,1,1,0,0,-1,0,[0|0|0|0],6,1,1,[0|0|0|0],-1,0,0,[0|0|0|0|0|0|0|0],-1,-1,-1,-1,-1,[0|0|0|0],-1,-1,-1,[0|0|0|0|0|0|0|0],-1,-1,-1,[0|0|0|0|0|0|0|0],0,0,0,[0|0|0|0],120,-1,500,100,1,1,0,-1,4,0,0,9,570,0,-1,0,150,0,-1,[0|0|0|0],0,0,0,0,0,0,0,0,0,0,0,0,0,0,0,0,0,0,0,0,0,0,0,0,0,0,0,0,0,0,0,0,0,[0|0|0|0|0|0|0|0|0|0|0|0],0,0,0,0,0,0,0,0,0,0,0,0,0,0,-1,0,0,0,0,-1,-1,-1,-1,-1,-1,-1,-1,-1,-1,-1,-1,0,0,-1,0,0,0,0,0,0,0,0,[0|0],35140100,10,0.8,0.5,0.4,0,-1,1,1,1,1,1,1,1,1,0,0,0,0,0,0,0,0,0,0,0,0,0,0,0,0,0,0,0,0,0,0,0,0,0,[0|0],0,0,0,[0|0|0],0,0,0,-1,[0|0|0|0],9,1230,0,0,0,-1,-1,-1,-1,-1,-1,-1,-1,-1,-1,0,0,0,0,0,0,0,0,0,-1,[0|0],360,0,0,0,[0|0|0],0,0,0,0,0,-1,-1,-1,-1,-1,-1,[0|0|0|0],0,0,0,0,0,[0|0|0],0,0,0,0,0,0,0,0,0,0,0,0,0,0,0,0,0,0,0,0,0,0,0,0,0,0,0,0,0,0,0,0,0,0,[0|0|0],0,0,0,0,0,[0|0|0|0],1,0,0,0,0,[0|0|0],0,0,0,0,0,-1,-1,-1,-1,1,0,0,0,0,0,0,0,0,0,0,100,0,0,0,-1,0,3,2,0,0,6,3,3,3,3,1,0,0,0,1,1,0,0,-1,0,600,3,0,0,0,2,3,3,3,3,1,0,0,1,1,1,0,0,0,0,-1,1,1,8235,0,0,0,0,0,0,3,-1,0,0,2,0,0,0,0,1,0,0,0,0,1,-1,[0|0|0|0|0|0|0|0|0|0|0|0|0|0|0|0|0|0|0|0|0|0|0|0|0|0|0|0]
35150000,STUN MISSILE LAUNCHER - EL-PW-04 TORMENTA (Left),0,0,0,[0|0|0],31500,3011000,0,3010,0,0,0,0,0,0,0,0,100,0,0,0,-1,-1,-1,-1,-1,-1,-1,-1,-1,-1,-1,-1,-1,-1,-1,-1,-1,-1,-1,-1,-1,-1,-1,1,1,1,1,0,0,0,4335,0,100,100,0,-1,100,0,0,0,100,0,0,0,0,0,-1,16,0,0,7,3,22,0,0,0,100,0,0,999,0,0,0,0,0,0,0,0,0,0,0,0,0,0,0,0,0,0,0,0,0,0,0,1,0,1,0,0,0,0,0,0,0,0,0,0,1,0,1,0,0,0,0,0,0,0,0,1,0,1,1,1,1,0,0,100,1,1,0,0,-1,-1,-1,-1,-1,-1,-1,-1,-1,-1,-1,-1,-1,-1,-1,-1,-1,-1,-1,-1,-1,-1,-1,-1,0,0,300,0,0,0,0,0,0,0,0,0,0,0,1,1,0,0,0,0,0,0,0,0,0,0,0,0,0,0,0,-1,-1,-1,-1,-1,-1,-1,-1,-1,0,-1,0,0,-1,0,0,0,0,0,-1,-1,-1,0,[0|0|0|0],-1,-1,-1,-1,200,-1,-1,-1,1,1,1,1,1,1,1,1,1,-1,-1,-1,-1,-1,0,-1,0,1,0,0,0,0,1,1,1,1,0,0,-1,0,[0|0|0|0],2,1,1,[0|0|0|0],-1,0,0,[0|0|0|0|0|0|0|0],-1,-1,-1,-1,-1,[0|0|0|0],-1,-1,-1,[0|0|0|0|0|0|0|0],-1,-1,-1,[0|0|0|0|0|0|0|0],0,0,0,[0|0|0|0],68,-1,700,100,1,1,0,-1,4,0,0,9,470,0,-1,0,350,0,-1,[0|0|0|0],0,0,0,0,0,0,0,0,0,0,0,0,0,0,0,0,0,0,0,0,0,0,0,0,0,0,0,0,0,0,0,0,304,[0|0|0|0|0|0|0|0|0|0|0|0],0,0,0,0,0,0,0,0,0,0,0,0,0,0,-1,0,0,0,0,-1,-1,-1,-1,-1,-1,-1,-1,-1,-1,-1,-1,0,0,-1,0,0,0,0,0,0,0,0,[0|0],35110000,4,0,-1,0,0,-1,1,1,1,1,1,1,1,1,0,0,0,0,0,0,0,0,0,0,0,0,0,0,0,0,0,0,0,0,0,0,0,0,0,[0|0],0,0,0,[0|0|0],0,0,0,-1,[0|0|0|0],19,590,0,0,0,-1,-1,-1,-1,-1,-1,-1,-1,-1,-1,0,0,0,0,0,0,0,0,0,-1,[0|0],360,0,0,0,[0|0|0],10,0,0,0,0,-1,-1,-1,-1,-1,-1,[0|0|0|0],0,0,0,0,0,[0|0|0],0,0,0,0,0,0,0,0,0,0,0,0,0,0,0,0,0,0,0,0,0,0,0,0,0,0,0,0,0,0,0,0,0,0,[0|0|0],0,0,0,0,3040,[0|0|0|0],1,0,0,0,0,[0|0|0],0,0,0,0,0,-1,-1,-1,-1,1,0,0,0,0,0,0,0,0,0,0,100,0,0,0,-1,0,0,2,0,0,1,0,0,0,0,0,0,0,0,1,1,0,0,-1,0,-1,0,0,0,0,1,0,0,0,0,0,0,0,0,1,1,0,0,0,0,-1,1,1,8224,0,0,0,0,0,0,1,-1,0,0,1,0,0,0,0,1,0,0,0,0,1,-1,[0|0|0|0|0|0|0|0|0|0|0|0|0|0|0|0|0|0|0|0|0|0|0|0|0|0|0|0]
35150100,LASER TURRET - VP-60LT (Left),0,0,0,[0|0|0],31510,3015010,0,2800,0,0,0,0,0,0,0,0,100,0,0,0,-1,-1,-1,-1,-1,-1,-1,-1,-1,-1,-1,-1,-1,-1,-1,-1,-1,-1,-1,-1,-1,-1,-1,1,1,1,1,0,0,0,5820,0,100,100,0,-1,0,100,0,0,100,0,0,0,0,0,-1,16,0,0,7,3,21,0,0,0,100,0,0,999,0,0,0,0,0,0,0,0,0,0,0,0,0,0,0,0,0,0,0,0,0,0,0,1,0,1,0,0,0,0,0,0,0,0,0,0,1,0,1,0,0,0,0,0,0,0,0,1,0,1,1,1,1,0,0,100,1,1,0,0,-1,-1,-1,-1,-1,-1,-1,-1,-1,-1,-1,-1,-1,-1,-1,-1,-1,-1,-1,-1,-1,-1,-1,-1,0,0,300,0,0,0,0,0,0,0,0,0,0,0,1,1,0,0,0,0,0,0,0,0,0,0,0,0,0,0,0,-1,-1,-1,-1,-1,-1,-1,-1,-1,0,-1,0,0,-1,0,0,0,0,0,-1,-1,-1,0,[0|0|0|0],-1,-1,-1,-1,320,-1,-1,-1,1,1,1,1,1,1,1,1,1,-1,-1,-1,-1,-1,0,-1,0,1,0,0,0,0,1,1,1,1,0,0,-1,0,[0|0|0|0],3,1,1,[0|0|0|0],-1,0,0,[0|0|0|0|0|0|0|0],-1,-1,-1,-1,-1,[0|0|0|0],-1,-1,-1,[0|0|0|0|0|0|0|0],-1,-1,-1,[0|0|0|0|0|0|0|0],0,0,0,[0|0|0|0],52,-1,500,100,1,1,0,-1,4,0,0,9,560,0,-1,0,500,0,-1,[0|0|0|0],0,0,0,0,0,0,0,0,0,0,0,0,0,0,0,0,0,0,0,0,0,0,0,0,0,0,0,0,0,0,0,0,0,[0|0|0|0|0|0|0|0|0|0|0|0],0,0,0,0,0,0,0,0,0,0,0,0,0,0,-1,0,0,0,0,-1,-1,-1,-1,-1,-1,-1,-1,-1,-1,-1,-1,0,0,-1,0,0,0,0,0,0,0,0,[0|0],35150100,5,0,-1,0,0,-1,1,1,1,1,1,1,1,1,0,0,0,0,0,0,0,0,0,0,0,0,0,0,0,0,0,0,0,0,0,0,0,0,0,[0|0],0,0,0,[0|0|0],0,0,0,-1,[0|0|0|0],7,1220,0,0,0,-1,-1,-1,-1,-1,-1,-1,-1,-1,-1,0,0,0,0,0,0,0,0,0,-1,[0|0],360,0,0,0,[0|0|0],0,0,0,0,0,-1,-1,-1,-1,-1,-1,[0|0|0|0],0,0,0,0,0,[0|0|0],0,0,0,0,0,0,0,0,0,0,0,0,0,0,0,0,0,0,0,0,0,0,0,0,0,0,0,0,0,0,0,0,0,0,[0|0|0],0,0,0,0,0,[0|0|0|0],1,0,0,0,0,[0|0|0],0,0,0,0,0,-1,-1,-1,-1,1,0,0,0,0,0,0,0,0,0,0,100,0,0,0,-1,0,4,2,4,3,1,4,4,4,4,4,4,0,0,1,1,0,0,-1,0,-1,0,0,0,0,1,0,0,0,0,0,0,0,0,1,1,0,0,0,0,-1,1,1,8236,0,0,0,0,0,0,1,-1,0,0,1,0,0,0,0,1,0,0,0,0,1,-1,[0|0|0|0|0|0|0|0|0|0|0|0|0|0|0|0|0|0|0|0|0|0|0|0|0|0|0|0]
35150400,SUPPLY SHERPA - SO-S-277 OGAI (Left),0,0,0,[0|0|0],-1,8015040,0,0,0,0,0,0,0,0,0,0,100,0,0,0,-1,-1,-1,-1,-1,-1,-1,-1,-1,-1,-1,-1,-1,-1,-1,-1,-1,-1,-1,-1,-1,-1,-1,1,1,1,1,0,0,0,5820,0,100,100,0,-1,0,0,0,0,100,0,0,0,0,0,-1,16,0,0,7,3,21,0,0,0,100,0,0,999,0,0,0,0,0,0,0,0,0,0,0,0,0,0,0,0,0,0,0,0,0,0,0,1,0,1,0,0,0,0,0,0,0,0,0,0,1,0,1,0,0,0,0,0,0,0,0,1,0,1,1,1,1,0,0,100,1,1,0,0,-1,-1,-1,-1,-1,-1,-1,-1,-1,-1,-1,-1,-1,-1,-1,-1,-1,-1,-1,-1,-1,-1,-1,-1,0,0,300,0,0,0,0,0,0,0,0,0,0,0,1,1,0,0,0,0,0,0,0,0,0,0,0,0,0,0,0,-1,-1,-1,-1,-1,-1,-1,-1,-1,0,-1,0,0,-1,0,0,0,0,0,-1,-1,-1,0,[0|0|0|0],-1,-1,-1,-1,320,-1,-1,-1,1,1,1,1,1,1,1,1,1,-1,-1,-1,-1,-1,0,-1,0,1,0,0,0,0,1,1,1,1,0,0,-1,0,[0|0|0|0],-1,1,1,[0|0|0|0],-1,0,0,[0|0|0|0|0|0|0|0],-1,-1,-1,-1,-1,[0|0|0|0],-1,-1,-1,[0|0|0|0|0|0|0|0],-1,-1,-1,[0|0|0|0|0|0|0|0],0,0,0,[0|0|0|0],-1,-1,500,100,1,1,0,-1,4,0,0,9,0,0,30150400,0,0,0,-1,[0|0|0|0],0,0,0,0,0,0,0,0,0,0,0,0,0,0,0,0,0,0,0,0,0,0,0,0,0,0,0,0,0,0,0,0,0,[0|0|0|0|0|0|0|0|0|0|0|0],0,0,0,0,0,0,0,0,0,0,0,0,0,0,-1,0,0,0,0,-1,-1,-1,-1,-1,-1,-1,-1,-1,-1,-1,-1,0,0,-1,0,0,0,0,0,0,0,0,[0|0],35150100,-1,0,-1,0,0,-1,1,1,1,1,1,1,1,1,0,0,0,0,0,0,0,0,0,0,0,0,0,0,0,0,0,0,0,0,0,0,0,0,0,[0|0],0,0,0,[0|0|0],0,0,0,-1,[0|0|0|0],15,1223,0,0,0,-1,-1,-1,-1,-1,-1,-1,-1,-1,-1,0,0,0,0,0,0,0,0,0,-1,[0|0],360,0,0,0,[0|0|0],0,0,0,0,0,-1,-1,-1,-1,-1,-1,[0|0|0|0],0,0,0,0,0,[0|0|0],0,0,0,0,0,0,0,0,0,0,0,0,0,0,0,0,0,0,0,0,0,0,0,0,0,0,0,0,0,0,0,0,0,0,[0|0|0],0,0,0,0,0,[0|0|0|0],1,0,0,0,0,[0|0|0],0,0,0,0,0,-1,-1,-1,-1,1,0,0,0,0,0,0,0,0,0,0,100,0,0,0,-1,0,4,2,4,3,1,4,4,4,4,4,4,0,0,1,1,0,0,-1,0,-1,0,0,0,0,1,0,0,0,0,0,0,0,0,1,1,0,0,0,0,-1,1,1,-1,0,0,0,0,0,0,1,-1,0,0,1,0,0,0,0,1,0,0,0,0,1,-1,[0|0|0|0|0|0|0|0|0|0|0|0|0|0|0|0|0|0|0|0|0|0|0|0|0|0|0|0]
35150200,ROCKET TURRET - RT-699 FABRE (Left),0,0,0,[0|0|0],31520,3015010,0,3000,0,0,0,0,0,0,0,0,100,0,0,0,-1,-1,-1,-1,-1,-1,-1,-1,-1,-1,-1,-1,-1,-1,-1,-1,-1,-1,-1,-1,-1,-1,-1,1,1,1,1,0,0,0,5830,0,100,100,0,-1,0,0,100,0,100,0,0,0,0,0,-1,16,0,0,7,3,21,0,0,0,100,0,0,999,0,0,0,0,0,0,0,0,0,0,0,0,0,0,0,0,0,0,0,0,0,0,0,1,0,1,0,0,0,0,0,0,0,0,0,0,1,0,1,0,0,0,0,0,0,0,0,1,0,1,1,1,1,0,0,100,1,1,0,0,-1,-1,-1,-1,-1,-1,-1,-1,-1,-1,-1,-1,-1,-1,-1,-1,-1,-1,-1,-1,-1,-1,-1,-1,0,0,300,0,0,0,0,0,0,0,0,0,0,0,1,1,0,0,0,0,0,0,0,0,0,0,0,0,0,0,0,-1,-1,-1,-1,-1,-1,-1,-1,-1,0,-1,0,0,-1,0,0,0,0,0,-1,-1,-1,0,[0|0|0|0],-1,-1,-1,-1,320,-1,-1,-1,1,1,1,1,1,1,1,1,1,-1,-1,-1,-1,-1,0,-1,0,1,0,0,0,0,1,1,1,1,0,0,-1,0,[0|0|0|0],2,1,1,[0|0|0|0],-1,0,0,[0|0|0|0|0|0|0|0],-1,-1,-1,-1,-1,[0|0|0|0],-1,-1,-1,[0|0|0|0|0|0|0|0],-1,-1,-1,[0|0|0|0|0|0|0|0],0,0,0,[0|0|0|0],44,-1,500,100,1,1,0,-1,4,0,0,9,490,0,-1,0,600,0,-1,[0|0|0|0],0,0,0,0,0,0,0,0,0,0,0,0,0,0,0,0,0,0,0,0,0,0,0,0,0,0,0,0,0,0,0,0,0,[0|0|0|0|0|0|0|0|0|0|0|0],0,0,0,0,0,0,0,0,0,0,0,0,0,0,-1,0,0,0,0,-1,-1,-1,-1,-1,-1,-1,-1,-1,-1,-1,-1,0,0,-1,0,0,0,0,0,0,0,0,[0|0],35150100,5.7,0,-1,0,0,-1,1,1,1,1,1,1,1,1,0,0,0,0,0,0,0,0,0,0,0,0,0,0,0,0,0,0,0,0,0,0,0,0,0,[0|0],0,0,0,[0|0|0],0,0,0,-1,[0|0|0|0],11,1221,0,0,0,-1,-1,-1,-1,-1,-1,-1,-1,-1,-1,0,0,0,0,0,0,0,0,0,-1,[0|0],360,0,0,0,[0|0|0],0,0,0,0,0,-1,-1,-1,-1,-1,-1,[0|0|0|0],0,0,0,0,0,[0|0|0],0,0,0,0,0,0,0,0,0,0,0,0,0,0,0,0,0,0,0,0,0,0,0,0,0,0,0,0,0,0,0,0,0,0,[0|0|0],0,0,0,0,0,[0|0|0|0],1,0,0,0,0,[0|0|0],0,0,0,0,0,-1,-1,-1,-1,1,0,0,0,0,0,0,0,0,0,0,100,0,0,0,-1,0,4,2,4,3,1,4,4,4,4,4,4,0,0,1,1,0,0,-1,0,-1,0,0,0,0,1,0,0,0,0,0,0,0,0,1,1,0,0,0,0,-1,1,1,8236,0,0,0,0,0,0,1,-1,0,0,1,0,0,0,0,1,0,0,0,0,1,-1,[0|0|0|0|0|0|0|0|0|0|0|0|0|0|0|0|0|0|0|0|0|0|0|0|0|0|0|0]
35150300,FLAME TURRET - CRAZ-E-T-04-RT "MANYPUNK" (Left),0,0,0,[0|0|0],31530,3015010,0,3140,0,0,0,0,0,0,0,0,100,0,0,0,-1,-1,-1,-1,-1,-1,-1,-1,-1,-1,-1,-1,-1,-1,-1,-1,-1,-1,-1,-1,-1,-1,-1,1,1,1,1,0,0,0,5828,0,100,100,0,-1,0,0,100,0,100,0,0,0,0,0,-1,16,0,0,7,3,21,0,0,0,100,0,0,999,0,0,0,0,0,0,0,0,0,0,0,0,0,0,0,0,0,0,0,0,0,0,0,1,0,1,0,0,0,0,0,0,0,0,0,0,1,0,1,0,0,0,0,0,0,0,0,1,0,1,1,1,1,0,0,100,1,1,0,0,-1,-1,-1,-1,-1,-1,-1,-1,-1,-1,-1,-1,-1,-1,-1,-1,-1,-1,-1,-1,-1,-1,-1,-1,0,0,300,0,0,0,0,0,0,0,0,0,0,0,1,1,0,0,0,0,0,0,0,0,0,0,0,0,0,0,0,-1,-1,-1,-1,-1,-1,-1,-1,-1,0,-1,0,0,-1,0,0,0,0,0,-1,-1,-1,0,[0|0|0|0],-1,-1,-1,-1,320,-1,-1,-1,1,1,1,1,1,1,1,1,1,-1,-1,-1,-1,-1,0,-1,0,1,0,0,0,0,1,1,1,1,0,0,-1,0,[0|0|0|0],1,1,1,[0|0|0|0],-1,0,0,[0|0|0|0|0|0|0|0],-1,-1,-1,-1,-1,[0|0|0|0],-1,-1,-1,[0|0|0|0|0|0|0|0],-1,-1,-1,[0|0|0|0|0|0|0|0],0,0,0,[0|0|0|0],58,-1,500,100,1,1,0,-1,4,0,0,9,420,0,-1,0,450,0,-1,[0|0|0|0],0,0,0,0,0,0,0,0,0,0,0,0,0,0,0,0,0,0,0,0,0,0,0,0,0,0,0,0,0,0,0,0,0,[0|0|0|0|0|0|0|0|0|0|0|0],0,0,0,0,0,0,0,0,0,0,0,0,0,0,-1,0,0,0,0,-1,-1,-1,-1,-1,-1,-1,-1,-1,-1,-1,-1,0,0,-1,0,0,0,0,0,0,0,0,[0|0],35150100,6,0,-1,0,0,-1,1,1,1,1,1,1,1,1,0,0,0,0,0,0,0,0,0,0,0,0,0,0,0,0,0,0,0,0,0,0,0,0,0,[0|0],0,0,0,[0|0|0],0,0,0,-1,[0|0|0|0],1,1222,0,0,0,-1,-1,-1,-1,-1,-1,-1,-1,-1,-1,0,0,0,0,0,0,0,0,0,-1,[0|0],360,0,0,0,[0|0|0],0,0,0,0,0,-1,-1,-1,-1,-1,-1,[0|0|0|0],0,0,0,0,0,[0|0|0],0,0,0,0,0,0,0,0,0,0,0,0,0,0,0,0,0,0,0,0,0,0,0,0,0,0,0,0,0,0,0,0,0,0,[0|0|0],0,0,0,0,0,[0|0|0|0],1,0,0,0,0,[0|0|0],0,0,0,0,0,-1,-1,-1,-1,1,0,0,0,0,0,0,0,0,0,0,100,0,0,0,-1,0,4,1,4,3,1,4,4,4,4,4,4,0,0,1,1,0,0,-1,0,-1,0,0,0,0,1,0,0,0,0,0,0,0,0,1,1,0,0,0,0,-1,1,1,8236,0,0,0,0,0,0,1,-1,0,0,1,0,0,0,0,1,0,0,0,0,1,-1,[0|0|0|0|0|0|0|0|0|0|0|0|0|0|0|0|0|0|0|0|0|0|0|0|0|0|0|0]
35200000,SPREAD BAZOOKA - SB-033M MORLEY (Left),0,0,0,[0|0|0],32000,3020000,0,6580,0,0,0,0,0,0,0,0,100,0,0,0,-1,-1,-1,-1,-1,-1,-1,-1,-1,-1,-1,-1,-1,-1,-1,-1,-1,-1,-1,-1,-1,-1,-1,1,1,1,1,0,0,0,4110,0,100,100,0,-1,0,0,100,0,100,0,0,0,0,0,-1,16,0,0,7,3,21,0,0,0,100,0,0,999,0,0,0,0,0,0,0,0,0,0,0,0,0,0,0,0,0,0,0,0,0,0,0,1,0,1,0,0,0,0,0,0,0,0,0,0,1,0,1,0,0,0,0,0,0,0,0,1,0,1,1,1,1,0,0,100,1,1,0,0,-1,-1,-1,-1,-1,-1,-1,-1,-1,-1,-1,-1,-1,-1,-1,-1,-1,-1,-1,-1,-1,-1,-1,-1,0,0,300,0,0,0,0,0,0,0,0,0,0,0,1,1,0,0,0,0,0,0,0,0,0,0,0,0,0,0,0,-1,-1,-1,-1,-1,-1,-1,-1,-1,0,-1,0,0,-1,0,0,0,0,0,-1,-1,-1,0,[0|0|0|0],-1,-1,-1,-1,180,-1,-1,-1,1,1,1,1,1,1,1,1,1,-1,-1,-1,-1,-1,0,-1,0,1,0,0,0,0,1,1,1,1,0,0,-1,0,[0|0|0|0],1,1,1,[0|0|0|0],-1,0,0,[0|0|0|0|0|0|0|0],-1,-1,-1,-1,-1,[0|0|0|0],-1,-1,-1,[0|0|0|0|0|0|0|0],-1,-1,-1,[0|0|0|0|0|0|0|0],0,0,0,[0|0|0|0],25,-1,450,100,1,1,0,-1,4,0,0,10,465,0,-1,0,800,0,-1,[0|0|0|0],0,0,0,0,0,0,0,0,0,0,0,0,0,0,0,0,0,0,0,0,0,0,0,0,0,0,0,0,0,0,0,0,301,[0|0|0|0|0|0|0|0|0|0|0|0],0,0,0,0,0,0,0,0,0,0,0,0,0,0,-1,0,0,0,0,-1,-1,-1,-1,-1,-1,-1,-1,-1,-1,-1,-1,0,0,-1,0,0,0,0,0,0,0,0,[0|0],35200000,5,0,-1,0,0,-1,1,1,1,1,1,1,1,1,0,0,0,0,0,0,0,0,0,0,0,0,0,0,0,0,0,0,0,0,0,0,0,0,0,[0|0],0,0,0,[0|0|0],0,0,0,-1,[0|0|0|0],11,1010,0,0,0,-1,-1,-1,-1,-1,-1,-1,-1,-1,-1,0,0,0,0,0,0,0,0,0,-1,[0|0],360,0,0,0,[0|0|0],9,0,0,0,0,-1,-1,-1,-1,-1,-1,[0|0|0|0],0,0,0,0,0,[0|0|0],0,0,0,0,0,0,0,0,0,0,0,0,0,0,0,0,0,0,0,0,0,0,0,0,0,0,0,0,0,0,0,0,0,0,[0|0|0],0,0,0,0,3010,[0|0|0|0],1,0,0,0,0,[0|0|0],0,0,0,0,0,-1,-1,-1,-1,1,0,0,0,0,0,0,0,0,0,0,100,0,0,0,-1,0,2,0,0,0,1,2,2,2,2,0,2,1,0,1,1,0,0,-1,1,-1,0,0,0,0,1,0,0,0,0,0,0,0,0,1,1,0,0,0,0,-1,1,1,8201,0,0,0,0,0,0,1,-1,0,0,1,0,0,0,0,1,0,0,0,0,1,-1,[0|0|0|0|0|0|0|0|0|0|0|0|0|0|0|0|0|0|0|0|0|0|0|0|0|0|0|0]
35210000,GRENADE CANNON - EARSHOT (Left),0,0,0,[0|0|0],32100,3021000,0,7230,0,0,0,0,0,0,0,0,100,0,0,0,-1,-1,-1,-1,-1,-1,-1,-1,-1,-1,-1,-1,-1,-1,-1,-1,-1,-1,-1,-1,-1,-1,-1,1,1,1,1,0,0,0,4010,0,100,100,0,-1,0,0,100,0,100,0,0,0,0,0,-1,16,0,0,7,3,21,0,0,0,100,0,0,999,0,0,0,0,0,0,0,0,0,0,0,0,0,0,0,0,0,0,0,0,0,0,0,1,0,1,0,0,0,0,0,0,0,0,0,0,1,0,1,0,0,0,0,0,0,0,0,1,0,1,1,1,1,0,0,100,1,1,0,0,-1,-1,-1,-1,-1,-1,-1,-1,-1,-1,-1,-1,-1,-1,-1,-1,-1,-1,-1,-1,-1,-1,-1,-1,0,0,300,0,0,0,0,0,0,0,0,0,0,0,1,1,0,0,0,0,0,0,0,0,0,0,0,0,0,0,0,-1,-1,-1,-1,-1,-1,-1,-1,-1,0,-1,0,0,-1,0,0,0,0,0,-1,-1,-1,0,[0|0|0|0],-1,-1,-1,-1,200,-1,-1,-1,1,1,1,1,1,1,1,1,1,-1,-1,-1,-1,-1,0,-1,0,1,0,0,0,0,1,1,1,1,0,0,-1,0,[0|0|0|0],1,1,1,[0|0|0|0],-1,0,0,[0|0|0|0|0|0|0|0],-1,-1,-1,-1,-1,[0|0|0|0],-1,-1,-1,[0|0|0|0|0|0|0|0],-1,-1,-1,[0|0|0|0|0|0|0|0],0,0,0,[0|0|0|0],16,-1,450,100,1,1,0,-1,4,0,0,10,386,0,-1,0,1600,0,-1,[0|0|0|0],0,0,0,0,0,0,0,0,0,0,0,0,0,0,0,0,0,0,0,0,0,0,0,0,0,0,0,0,0,0,0,0,301,[0|0|0|0|0|0|0|0|0|0|0|0],0,0,0,0,0,0,0,0,0,0,0,0,0,0,-1,0,0,0,0,-1,-1,-1,-1,-1,-1,-1,-1,-1,-1,-1,-1,0,0,-1,0,0,0,0,0,0,0,0,[0|0],35210000,9.3,0,-1,0,0,-1,1,1,1,1,1,1,1,1,0,0,0,0,0,0,0,0,0,0,0,0,0,0,0,0,0,0,0,0,0,0,0,0,0,[0|0],0,0,0,[0|0|0],0,0,0,-1,[0|0|0|0],18,1000,0,0,0,-1,-1,-1,-1,-1,-1,-1,-1,-1,-1,0,0,0,0,0,0,0,0,0,-1,[0|0],360,0,0,0,[0|0|0],11,0,0,0,0,-1,-1,-1,-1,-1,-1,[0|0|0|0],0,0,0,0,0,[0|0|0],0,0,0,0,0,0,0,0,0,0,0,0,0,0,0,0,0,0,0,0,0,0,0,0,0,0,0,0,0,0,0,0,0,0,[0|0|0],0,0,0,0,3010,[0|0|0|0],1,0,0,0,0,[0|0|0],0,0,0,0,0,-1,-1,-1,-1,1,0,0,0,0,0,0,0,0,0,0,100,0,0,0,-1,0,0,0,0,0,1,0,0,0,0,0,1,0,0,1,1,0,0,-1,0,-1,0,0,0,0,1,0,0,0,0,0,0,0,0,1,1,0,0,0,0,-1,1,1,8200,0,0,0,0,0,0,1,-1,0,0,1,0,0,0,0,1,0,0,0,0,1,-1,[0|0|0|0|0|0|0|0|0|0|0|0|0|0|0|0|0|0|0|0|0|0|0|0|0|0|0|0]
35220000,LASER CANNON - VE-60LCA (Left),0,0,0,[0|0|0],32205,3025010,0,14820,0,0,0,0,0,0,0,0,100,0,0,0,-1,-1,-1,-1,-1,-1,-1,-1,-1,-1,-1,-1,-1,-1,-1,-1,-1,-1,-1,-1,-1,-1,-1,1,1,1,1,0,0,0,4710,0,100,100,0,-1,0,100,0,0,100,0,0,0,0,0,-1,16,0,0,7,3,21,0,0,0,100,0,0,999,0,0,0,0,0,0,0,0,0,0,0,0,0,0,0,0,0,0,0,0,0,0,0,1,0,1,0,0,0,0,0,0,0,0,0,0,1,0,1,0,0,0,0,0,0,0,0,1,0,1,1,1,1,0,0,100,1,1,0,0,-1,-1,-1,-1,-1,-1,-1,-1,-1,-1,-1,-1,-1,-1,-1,-1,-1,-1,-1,-1,-1,-1,-1,-1,0,0,300,0,0,0,0,0,0,0,0,0,0,0,1,1,0,0,0,0,0,0,0,0,0,0,0,0,0,0,0,-1,-1,-1,-1,-1,-1,-1,-1,-1,0,-1,0,0,-1,0,0,0,0,0,-1,-1,-1,0,[0|0|0|0],-1,-1,-1,-1,400,-1,-1,-1,1,1,1,1,1,1,1,1,1,-1,-1,-1,-1,-1,0,-1,0,1,0,0,0,0,1,1,1,1,0,0,-1,0,[0|0|0|0],-1,0.5,1,[0|0|0|0],-1,0,0,[0|0|0|0|0|0|0|0],-1,-1,-1,-1,-1,[0|0|0|0],-1,-1,-1,[0|0|0|0|0|0|0|0],-1,-1,-1,[0|0|0|0|0|0|0|0],0,0,0,[0|0|0|0],24,-1,450,100,1,1,0,-1,4,0,0,10,1200,0,-1,0,450,0,-1,[0|0|0|0],0,0,0,0,0,0,0,0,0,0,0,0,0,0,0,0,0,0,0,0,0,0,0,0,0,0,0,0,0,0,0,0,304,[0|0|0|0|0|0|0|0|0|0|0|0],0,0,0,0,0,0,0,0,0,0,0,0,0,0,-1,0,0,0,0,-1,-1,-1,-1,-1,-1,-1,-1,-1,-1,-1,-1,0,0,-1,0,0,0,0,0,0,0,0,[0|0],35220000,0,5,0.5,2.5,0,-1,1,1,1,1,1,1,1,1,0,0,0,0,0,0,0,0,0,0,0,0,0,0,0,0,0,0,0,0,0,0,0,0,0,[0|0],0.3,0.2,2,[0|0|0],0,1,0,-1,[0|0|0|0],20,1040,0,0,0,-1,-1,-1,-1,-1,-1,-1,-1,-1,-1,0,0,0,0,0,0,0,0,0,1440,[0|0],360,0,0,0,[0|0|0],1,23,0,0,0,-1,-1,-1,-1,-1,-1,[0|0|0|0],0,0,1,0,0,[0|0|0],0,0,0,0,0,0,0,0,0,0,0,0,0,0,0,0,0,0,0,0,0,0,0,0,0,0,0,0,0,0,0,0,0,0,[0|0|0],0,0,0,0,3040,[0|0|0|0],1,0,0,0,0,[0|0|0],0,0,0,0,0,-1,-1,-1,-1,1,0,0,0,0,0,0,0,0,0,155,85,2.6,2,0,-1,0,0,1,0,0,1,0,0,0,0,0,0,0,0,1,1,0,0,-1,0,100,0,1,0,0,1,0,0,0,0,0,0,0,0,1,1,0,0,0,0,-1,1,1,8230,0,0,0,0,0,0,1,-1,0,0,1,0,0,0,0,1,0,0,0,0,1,-1,[0|0|0|0|0|0|0|0|0|0|0|0|0|0|0|0|0|0|0|0|0|0|0|0|0|0|0|0]
35220200,NOVA CANNON - WV2M22 VRITRA (Left),0,0,0,[0|0|0],32220,3025010,0,7310,0,0,0,0,0,0,0,0,100,0,0,0,-1,-1,-1,-1,-1,-1,-1,-1,-1,-1,-1,-1,-1,-1,-1,-1,-1,-1,-1,-1,-1,-1,-1,1,1,1,1,0,0,0,4777,0,100,100,0,-1,0,100,100,0,100,0,0,0,0,0,-1,16,0,0,7,3,21,0,0,0,100,0,0,999,0,0,0,0,0,0,0,0,0,0,0,0,0,0,0,0,0,0,0,0,0,0,0,1,0,1,0,0,0,0,0,0,0,0,0,0,1,0,1,0,0,0,0,0,0,0,0,1,0,1,1,1,1,0,0,100,1,1,0,0,-1,-1,-1,-1,-1,-1,-1,-1,-1,-1,-1,-1,-1,-1,-1,-1,-1,-1,-1,-1,-1,-1,-1,-1,0,0,300,0,0,0,0,0,0,0,0,0,0,0,1,1,0,0,0,0,0,0,0,0,0,0,0,0,0,0,0,-1,-1,-1,-1,-1,-1,-1,-1,-1,0,-1,0,0,-1,0,0,0,0,0,-1,-1,-1,0,[0|0|0|0],-1,-1,-1,-1,400,-1,-1,-1,1,1,1,1,1,1,1,1,1,-1,-1,-1,-1,-1,0,-1,0,1,0,0,0,0,1,1,1,1,0,0,-1,0,[0|0|0|0],-1,0.5,1,[0|0|0|0],-1,0,0,[0|0|0|0|0|0|0|0],-1,-1,-1,-1,-1,[0|0|0|0],-1,-1,-1,[0|0|0|0|0|0|0|0],-1,-1,-1,[0|0|0|0|0|0|0|0],0,0,0,[0|0|0|0],44,-1,450,100,1,1,0,-1,4,0,0,10,833,0,-1,0,600,0,-1,[0|0|0|0],0,0,0,0,0,0,0,0,0,0,0,0,0,0,0,0,0,0,0,0,0,0,0,0,0,0,0,0,0,0,0,0,304,[0|0|0|0|0|0|0|0|0|0|0|0],0,0,0,0,0,0,0,0,0,0,0,0,0,0,-1,0,0,0,0,-1,-1,-1,-1,-1,-1,-1,-1,-1,-1,-1,-1,0,0,-1,0,0,0,0,0,0,0,0,[0|0],35220000,0,4.1,0.5,2.5,0,-1,1,1,1,1,1,1,1,1,0,0,0,0,0,0,0,0,0,0,0,0,0,0,0,0,0,0,0,0,0,0,0,0,0,[0|0],0.3,0.2,2,[0|0|0],0,1,0,-1,[0|0|0|0],13,1052,0,0,0,-1,-1,-1,-1,-1,-1,-1,-1,-1,-1,0,0,0,0,0,0,0,0,0,1100,[0|0],360,0,0,0,[0|0|0],1,23,0,0,0,-1,-1,-1,-1,-1,-1,[0|0|0|0],0,0,1,0,0,[0|0|0],0,0,0,0,0,0,0,0,0,0,0,0,0,0,0,0,0,0,0,0,0,0,0,0,0,0,0,0,0,0,0,0,0,0,[0|0|0],0,0,0,0,3040,[0|0|0|0],1,0,0,0,0,[0|0|0],0,0,0,0,0,-1,-1,-1,-1,1,0,0,0,0,0,0,0,0,0,130,66,2.6,2,0,-1,0,1,0,1,1,1,1,1,1,1,0,1,0,0,1,1,0,0,-1,0,100,1,0,1,0,1,1,1,1,1,0,1,0,0,1,1,0,0,0,0,-1,1,1,0,0,0,0,0,0,0,1,-1,0,0,1,0,0,0,0,1,0,0,0,0,1,-1,[0|0|0|0|0|0|0|0|0|0|0|0|0|0|0|0|0|0|0|0|0|0|0|0|0|0|0|0]
35230000,PLASMA CANNON - FASAN/60E (Left),0,0,0,[0|0|0],32300,3023000,0,6270,0,0,0,0,0,0,0,0,100,0,0,0,-1,-1,-1,-1,-1,-1,-1,-1,-1,-1,-1,-1,-1,-1,-1,-1,-1,-1,-1,-1,-1,-1,-1,1,1,1,1,0,0,0,4510,0,100,100,0,-1,0,100,0,0,100,0,0,0,0,0,-1,16,0,0,7,3,21,0,0,0,100,0,0,999,0,0,0,0,0,0,0,0,0,0,0,0,0,0,0,0,0,0,0,0,0,0,0,1,0,1,0,0,0,0,0,0,0,0,0,0,1,0,1,0,0,0,0,0,0,0,0,1,0,1,1,1,1,0,0,100,1,1,0,0,-1,-1,-1,-1,-1,-1,-1,-1,-1,-1,-1,-1,-1,-1,-1,-1,-1,-1,-1,-1,-1,-1,-1,-1,0,0,300,0,0,0,0,0,0,0,0,0,0,0,1,1,0,0,0,0,0,0,0,0,0,0,0,0,0,0,0,-1,-1,-1,-1,-1,-1,-1,-1,-1,0,-1,0,0,-1,0,0,0,0,0,-1,-1,-1,0,[0|0|0|0],-1,-1,-1,-1,350,-1,-1,-1,1,1,1,1,1,1,1,1,1,-1,-1,-1,-1,-1,0,-1,0,1,0,0,0,0,1,1,1,1,0,0,-1,0,[0|0|0|0],-1,0.5,1,[0|0|0|0],-1,0,0,[0|0|0|0|0|0|0|0],-1,-1,-1,-1,-1,[0|0|0|0],-1,-1,-1,[0|0|0|0|0|0|0|0],-1,-1,-1,[0|0|0|0|0|0|0|0],0,0,0,[0|0|0|0],39,-1,450,100,1,1,0,-1,4,0,0,10,882,0,-1,0,540,0,-1,[0|0|0|0],0,0,0,0,0,0,0,0,0,0,0,0,0,0,0,0,0,0,0,0,0,0,0,0,0,0,0,0,0,0,0,0,304,[0|0|0|0|0|0|0|0|0|0|0|0],0,0,0,0,0,0,0,0,0,0,0,0,0,0,-1,0,0,0,0,-1,-1,-1,-1,-1,-1,-1,-1,-1,-1,-1,-1,0,0,-1,0,0,0,0,0,0,0,0,[0|0],35230000,0,2,0.5,1,0,-1,1,1,1,1,1,1,1,1,0,0,0,0,0,0,0,0,0,0,0,0,0,0,0,0,0,0,0,0,0,0,0,0,0,[0|0],1.6,0.2,2.2,[0|0|0],0,1,0,-1,[0|0|0|0],8,1050,0,0,0,-1,-1,-1,-1,-1,-1,-1,-1,-1,-1,0,0,0,0,0,0,0,0,0,944,[0|0],360,0,0,0,[0|0|0],10,17,0,0,0,-1,-1,-1,-1,-1,-1,[0|0|0|0],0,0,1,0,0,[0|0|0],0,0,0,0,0,0,0,0,0,0,0,0,0,0,0,0,0,0,0,0,0,0,0,0,0,0,0,0,0,0,0,0,0,0,[0|0|0],0,0,0,0,3040,[0|0|0|0],1,0,0,0,0,[0|0|0],0,0,0,0,0,-1,-1,-1,-1,1,0,0,0,0,0,0,0,0,0,196,85,1.7,2,0,-1,0,1,0,1,0,1,1,1,1,1,0,1,0,0,1,1,0,0,-1,2,100,1,0,1,2,1,1,1,1,1,0,1,0,0,1,1,0,0,0,0,-1,1,1,8228,0,0,0,0,0,0,1,-1,0,0,1,0,0,0,0,1,0,0,0,0,1,-1,[0|0|0|0|0|0|0|0|0|0|0|0|0|0|0|0|0|0|0|0|0|0|0|0|0|0|0|0]
35230100,PLASMA CANNON - C-MOD_6 ARCUS (Left),0,0,0,[0|0|0],32310,3023000,0,7590,0,0,0,0,0,0,0,0,100,0,0,0,-1,-1,-1,-1,-1,-1,-1,-1,-1,-1,-1,-1,-1,-1,-1,-1,-1,-1,-1,-1,-1,-1,-1,1,1,1,1,0,0,0,4511,0,100,100,0,-1,0,100,0,0,100,0,0,0,0,0,-1,16,0,0,7,3,21,0,0,0,100,0,0,999,0,0,0,0,0,0,0,0,0,0,0,0,0,0,0,0,0,0,0,0,0,0,0,1,0,1,0,0,0,0,0,0,0,0,0,0,1,0,1,0,0,0,0,0,0,0,0,1,0,1,1,1,1,0,0,100,1,1,0,0,-1,-1,-1,-1,-1,-1,-1,-1,-1,-1,-1,-1,-1,-1,-1,-1,-1,-1,-1,-1,-1,-1,-1,-1,0,0,300,0,0,0,0,0,0,0,0,0,0,0,1,1,0,0,0,0,0,0,0,0,0,0,0,0,0,0,0,-1,-1,-1,-1,-1,-1,-1,-1,-1,0,-1,0,0,-1,0,0,0,0,0,-1,-1,-1,0,[0|0|0|0],-1,-1,-1,-1,350,-1,-1,-1,1,1,1,1,1,1,1,1,1,-1,-1,-1,-1,-1,0,-1,0,1,0,0,0,0,1,1,1,1,0,0,-1,0,[0|0|0|0],-1,0.5,1,[0|0|0|0],-1,0,0,[0|0|0|0|0|0|0|0],-1,-1,-1,-1,-1,[0|0|0|0],-1,-1,-1,[0|0|0|0|0|0|0|0],-1,-1,-1,[0|0|0|0|0|0|0|0],0,0,0,[0|0|0|0],28,-1,1200,100,1,1,0,-1,4,0,0,10,911,0,-1,0,630,0,-1,[0|0|0|0],0,0,0,0,0,0,0,0,0,0,0,0,0,0,0,0,0,0,0,0,0,0,0,0,0,0,0,0,0,0,0,0,304,[0|0|0|0|0|0|0|0|0|0|0|0],0,0,0,0,0,0,0,0,0,0,0,0,0,0,-1,0,0,0,0,-1,-1,-1,-1,-1,-1,-1,-1,-1,-1,-1,-1,0,0,-1,0,0,0,0,0,0,0,0,[0|0],35230000,0,3.3,1,2,0,-1,1,1,1,1,1,1,1,1,0,0,0,0,0,0,0,0,0,0,0,0,0,0,0,0,0,0,0,0,0,0,0,0,0,[0|0],1.6,0.2,2.2,[0|0|0],0,1,0,-1,[0|0|0|0],5,1050,0,0,0,-1,-1,-1,-1,-1,-1,-1,-1,-1,-1,0,0,0,0,0,0,0,0,0,1250,[0|0],360,0,0,0,[0|0|0],15,20,0,0,0,-1,-1,-1,-1,-1,-1,[0|0|0|0],0,0,1,0,0,[0|0|0],0,0,0,0,0,0,0,0,0,0,0,0,0,0,0,0,0,0,0,0,0,0,0,0,0,0,0,0,0,0,0,0,0,0,[0|0|0],0,0,0,0,3040,[0|0|0|0],1,0,0,0,0,[0|0|0],0,0,0,0,0,-1,-1,-1,-1,1,0,0,0,0,0,0,0,0,0,178,85,3.5,2,0,-1,0,1,0,1,0,1,1,1,1,1,0,1,0,0,1,1,0,0,-1,2,100,1,0,1,2,1,1,1,1,1,0,4,0,0,1,1,0,0,0,0,-1,1,1,8228,0,0,0,0,0,0,1,-1,0,0,1,0,0,0,0,1,0,0,0,0,1,-1,[0|0|0|0|0|0|0|0|0|0|0|0|0|0|0|0|0|0|0|0|0|0|0|0|0|0|0|0]
35240000,PULSE CANNON - KRANICH/60Z (Left),0,0,0,[0|0|0],32400,3024000,0,2100,0,0,0,0,0,0,0,0,100,0,0,0,-1,-1,-1,-1,-1,-1,-1,-1,-1,-1,-1,-1,-1,-1,-1,-1,-1,-1,-1,-1,-1,-1,-1,1,1,1,1,0,0,0,4810,0,100,100,0,-1,0,100,0,0,100,0,0,0,0,0,-1,16,0,0,7,3,21,0,0,0,100,0,0,999,0,0,0,0,0,0,0,0,0,0,0,0,0,0,0,0,0,0,0,0,0,0,0,1,0,1,0,0,0,0,0,0,0,0,0,0,1,0,1,0,0,0,0,0,0,0,0,1,0,1,1,1,1,0,0,100,1,1,0,0,-1,-1,-1,-1,-1,-1,-1,-1,-1,-1,-1,-1,-1,-1,-1,-1,-1,-1,-1,-1,-1,-1,-1,-1,0,0,300,0,0,0,0,0,0,0,0,0,0,0,1,1,0,0,0,0,0,0,0,0,0,0,0,0,0,0,0,-1,-1,-1,-1,-1,-1,-1,-1,-1,0,-1,0,0,-1,0,0,0,0,0,-1,-1,-1,0,[0|0|0|0],-1,-1,-1,-1,150,-1,-1,-1,1,1,1,1,1,1,1,1,1,-1,-1,-1,-1,-1,0,-1,0,1,0,0,0,0,1,1,1,1,0,0,-1,0,[0|0|0|0],-1,0.5,1,[0|0|0|0],-1,0,0,[0|0|0|0|0|0|0|0],-1,-1,-1,-1,-1,[0|0|0|0],-1,-1,-1,[0|0|0|0|0|0|0|0],-1,-1,-1,[0|0|0|0|0|0|0|0],0,0,0,[0|0|0|0],560,-1,450,100,1,1,0,-1,4,0,0,10,652,0,-1,0,40,0,-1,[0|0|0|0],0,0,0,0,0,0,0,0,0,0,0,0,0,0,0,0,0,0,0,0,0,0,0,0,0,0,0,0,0,0,0,0,301,[0|0|0|0|0|0|0|0|0|0|0|0],0,0,0,0,0,0,0,0,0,0,0,0,0,0,-1,0,0,0,0,-1,-1,-1,-1,-1,-1,-1,-1,-1,-1,-1,-1,0,0,-1,0,0,0,0,0,0,0,0,[0|0],35240000,0,0,-1,0,0,-1,1,1,1,1,1,1,1,1,0,0,0,0,0,0,0,0,0,0,0,0,0,0,0,0,0,0,0,0,0,0,0,0,0,[0|0],0.6,0.2,2,[0|0|0],0,1,0,-1,[0|0|0|0],8,1030,0,0,0,-1,-1,-1,-1,-1,-1,-1,-1,-1,-1,0,0,0,0,0,0,0,0,0,-1,[0|0],360,0,0,0,[0|0|0],0,0,0,0,0,-1,-1,-1,-1,-1,-1,[0|0|0|0],0,0,1,0,0,[0|0|0],0,0,0,0,0,0,0,0,0,0,0,0,0,0,0,0,0,0,0,0,0,0,0,0,0,0,0,0,0,0,0,0,0,0,[0|0|0],0,0,0,0,3010,[0|0|0|0],1,0,0,0,0,[0|0|0],0,0,0,0,0,-1,-1,-1,-1,1,0,0,0,0,0,0,0,0,0,225,85,0.6,1.6,0,-1,0,0,0,0,0,1,0,0,0,0,0,0,0,0,1,1,0,0,-1,0,-1,0,0,0,0,1,0,0,0,0,0,0,0,0,1,1,0,0,0,0,-1,1,1,8231,0,0,0,0,0,0,1,-1,0,0,1,0,0,0,0,1,0,0,0,0,1,-1,[0|0|0|0|0|0|0|0|0|0|0|0|0|0|0|0|0|0|0|0|0|0|0|0|0|0|0|0]
35240100,PULSE CANNON - HC Pulse Guns (Left),0,0,0,[0|0|0],32410,3024000,0,1950,0,0,0,0,0,0,0,0,100,0,0,0,-1,-1,-1,-1,-1,-1,-1,-1,-1,-1,-1,-1,-1,-1,-1,-1,-1,-1,-1,-1,-1,-1,-1,1,1,1,1,0,0,0,4840,0,100,100,0,-1,0,100,0,0,100,0,0,0,0,0,-1,16,0,0,7,3,21,0,0,0,100,0,0,999,0,0,0,0,0,0,0,0,0,0,0,0,0,0,0,0,0,0,0,0,0,0,0,1,0,1,0,0,0,0,0,0,0,0,0,0,1,0,1,0,0,0,0,0,0,0,0,1,0,1,1,1,1,0,0,100,1,1,0,0,-1,-1,-1,-1,-1,-1,-1,-1,-1,-1,-1,-1,-1,-1,-1,-1,-1,-1,-1,-1,-1,-1,-1,-1,0,0,300,0,0,0,0,0,0,0,0,0,0,0,1,1,0,0,0,0,0,0,0,0,0,0,0,0,0,0,0,-1,-1,-1,-1,-1,-1,-1,-1,-1,0,-1,0,0,-1,0,0,0,0,0,-1,-1,-1,0,[0|0|0|0],-1,-1,-1,-1,150,-1,-1,-1,1,1,1,1,1,1,1,1,1,-1,-1,-1,-1,-1,0,-1,0,1,0,0,0,0,1,1,1,1,0,0,-1,0,[0|0|0|0],-1,0.5,1,[0|0|0|0],-1,0,0,[0|0|0|0|0|0|0|0],-1,-1,-1,-1,-1,[0|0|0|0],-1,-1,-1,[0|0|0|0|0|0|0|0],-1,-1,-1,[0|0|0|0|0|0|0|0],0,0,0,[0|0|0|0],400,-1,450,100,1,1,0,-1,4,0,0,10,430,0,-1,0,60,0,-1,[0|0|0|0],0,0,0,0,0,0,0,0,0,0,0,0,0,0,0,0,0,0,0,0,0,0,0,0,0,0,0,0,0,0,0,0,301,[0|0|0|0|0|0|0|0|0|0|0|0],0,0,0,0,0,0,0,0,0,0,0,0,0,0,-1,0,0,0,0,-1,-1,-1,-1,-1,-1,-1,-1,-1,-1,-1,-1,0,0,-1,0,0,0,0,0,0,0,0,[0|0],35240000,0,0,-1,0,0,-1,1,1,1,1,1,1,1,1,0,0,0,0,0,0,0,0,0,0,0,0,0,0,0,0,0,0,0,0,0,0,0,0,0,[0|0],0.6,0.2,2,[0|0|0],0,1,0,-1,[0|0|0|0],3,1030,0,0,0,-1,-1,-1,-1,-1,-1,-1,-1,-1,-1,0,0,0,0,0,0,0,0,0,-1,[0|0],360,0,0,0,[0|0|0],0,0,0,0,0,-1,-1,-1,-1,-1,-1,[0|0|0|0],0,0,1,0,0,[0|0|0],0,0,0,0,0,0,0,0,0,0,0,0,0,0,0,0,0,0,0,0,0,0,0,0,0,0,0,0,0,0,0,0,0,0,[0|0|0],0,0,0,0,3010,[0|0|0|0],1,0,0,0,0,[0|0|0],0,0,0,0,0,-1,-1,-1,-1,1,0,0,0,0,0,0,0,0,0,240,60,0.6,1.6,0,-1,0,0,0,0,0,1,0,0,0,0,0,0,0,0,1,1,0,0,-1,0,-1,0,0,0,0,1,0,0,0,0,0,0,0,0,1,1,0,0,0,0,-1,1,1,8231,0,0,0,0,0,0,1,-1,0,0,1,0,0,0,0,1,0,0,0,0,1,-1,[0|0|0|0|0|0|0|0|0|0|0|0|0|0|0|0|0|0|0|0|0|0|0|0|0|0|0|0]
35240200,FAST LASER CANNON - VP-60LCF (Left),0,0,0,[0|0|0],32420,3024000,0,2340,0,0,0,0,0,0,0,0,100,0,0,0,-1,-1,-1,-1,-1,-1,-1,-1,-1,-1,-1,-1,-1,-1,-1,-1,-1,-1,-1,-1,-1,-1,-1,1,1,1,1,0,0,0,4611,0,100,100,0,-1,0,100,0,0,100,0,0,0,0,0,-1,16,0,0,7,3,21,0,0,0,100,0,0,999,0,0,0,0,0,0,0,0,0,0,0,0,0,0,0,0,0,0,0,0,0,0,0,1,0,1,0,0,0,0,0,0,0,0,0,0,1,0,1,0,0,0,0,0,0,0,0,1,0,1,1,1,1,0,0,100,1,1,0,0,-1,-1,-1,-1,-1,-1,-1,-1,-1,-1,-1,-1,-1,-1,-1,-1,-1,-1,-1,-1,-1,-1,-1,-1,0,0,300,0,0,0,0,0,0,0,0,0,0,0,1,1,0,0,0,0,0,0,0,0,0,0,0,0,0,0,0,-1,-1,-1,-1,-1,-1,-1,-1,-1,0,-1,0,0,-1,0,0,0,0,0,-1,-1,-1,0,[0|0|0|0],-1,-1,-1,-1,150,-1,-1,-1,1,1,1,1,1,1,1,1,1,-1,-1,-1,-1,-1,0,-1,0,1,0,0,0,0,1,1,1,1,0,0,-1,0,[0|0|0|0],-1,0.5,1,[0|0|0|0],-1,0,0,[0|0|0|0|0|0|0|0],-1,-1,-1,-1,-1,[0|0|0|0],-1,-1,-1,[0|0|0|0|0|0|0|0],-1,-1,-1,[0|0|0|0|0|0|0|0],0,0,0,[0|0|0|0],145,-1,450,100,1,1,0,-1,4,0,0,10,400,0,-1,0,101,0,-1,[0|0|0|0],0,0,0,0,0,0,0,0,0,0,0,0,0,0,0,0,0,0,0,0,0,0,0,0,0,0,0,0,0,0,0,0,301,[0|0|0|0|0|0|0|0|0|0|0|0],0,0,0,0,0,0,0,0,0,0,0,0,0,0,-1,0,0,0,0,-1,-1,-1,-1,-1,-1,-1,-1,-1,-1,-1,-1,0,0,-1,0,0,0,0,0,0,0,0,[0|0],35240000,0,0,-1,0,0,-1,1,1,1,1,1,1,1,1,0,0,0,0,0,0,0,0,0,0,0,0,0,0,0,0,0,0,0,0,0,0,0,0,0,[0|0],0.6,0.2,2,[0|0|0],0,1,0,-1,[0|0|0|0],7,1031,0,0,0,-1,-1,-1,-1,-1,-1,-1,-1,-1,-1,0,0,0,0,0,0,0,0,0,-1,[0|0],360,0,0,0,[0|0|0],0,0,0,0,0,-1,-1,-1,-1,-1,-1,[0|0|0|0],0,0,1,0,0,[0|0|0],0,0,0,0,0,0,0,0,0,0,0,0,0,0,0,0,0,0,0,0,0,0,0,0,0,0,0,0,0,0,0,0,0,0,[0|0|0],0,0,0,0,3010,[0|0|0|0],1,0,0,0,0,[0|0|0],0,0,0,0,0,-1,-1,-1,-1,1,0,0,0,0,0,0,0,0,0,240,85,2,2.2,0,-1,0,0,1,0,0,1,0,0,0,0,0,0,0,0,1,1,0,0,-1,0,-1,0,0,0,0,1,0,0,0,0,0,0,0,0,1,1,0,0,0,0,-1,1,1,8231,0,0,0,0,0,0,1,-1,0,0,1,0,0,0,0,1,0,0,0,0,1,-1,[0|0|0|0|0|0|0|0|0|0|0|0|0|0|0|0|0|0|0|0|0|0|0|0|0|0|0|0]
35250000,LASER CANNON - VP-60LCS (Left),0,0,0,[0|0|0],32500,3025000,0,5190,0,0,0,0,0,0,0,0,100,0,0,0,-1,-1,-1,-1,-1,-1,-1,-1,-1,-1,-1,-1,-1,-1,-1,-1,-1,-1,-1,-1,-1,-1,-1,1,1,1,1,0,0,0,4610,0,100,100,0,-1,0,100,0,0,100,0,0,0,0,0,-1,16,0,0,7,3,21,0,0,0,100,0,0,999,0,0,0,0,0,0,0,0,0,0,0,0,0,0,0,0,0,0,0,0,0,0,0,1,0,1,0,0,0,0,0,0,0,0,0,0,1,0,1,0,0,0,0,0,0,0,0,1,0,1,1,1,1,0,0,100,1,1,0,0,-1,-1,-1,-1,-1,-1,-1,-1,-1,-1,-1,-1,-1,-1,-1,-1,-1,-1,-1,-1,-1,-1,-1,-1,0,0,300,0,0,0,0,0,0,0,0,0,0,0,1,1,0,0,0,0,0,0,0,0,0,0,0,0,0,0,0,-1,-1,-1,-1,-1,-1,-1,-1,-1,0,-1,0,0,-1,0,0,0,0,0,-1,-1,-1,0,[0|0|0|0],-1,-1,-1,-1,400,-1,-1,-1,1,1,1,1,1,1,1,1,1,-1,-1,-1,-1,-1,0,-1,0,1,0,0,0,0,1,1,1,1,0,0,-1,0,[0|0|0|0],-1,0.5,1,[0|0|0|0],-1,0,0,[0|0|0|0|0|0|0|0],-1,-1,-1,-1,-1,[0|0|0|0],-1,-1,-1,[0|0|0|0|0|0|0|0],-1,-1,-1,[0|0|0|0|0|0|0|0],0,0,0,[0|0|0|0],57,-1,450,100,1,1,0,-1,4,0,0,10,683,0,-1,0,450,0,-1,[0|0|0|0],0,0,0,0,0,0,0,0,0,0,0,0,0,0,0,0,0,0,0,0,0,0,0,0,0,0,0,0,0,0,0,0,304,[0|0|0|0|0|0|0|0|0|0|0|0],0,0,0,0,0,0,0,0,0,0,0,0,0,0,-1,0,0,0,0,-1,-1,-1,-1,-1,-1,-1,-1,-1,-1,-1,-1,0,0,-1,0,0,0,0,0,0,0,0,[0|0],35250000,0,1.6,0.5,0.8,0,-1,1,1,1,1,1,1,1,1,0,0,0,0,0,0,0,0,0,0,0,0,0,0,0,0,0,0,0,0,0,0,0,0,0,[0|0],1.8,0.2,1.9,[0|0|0],0,1,0,-1,[0|0|0|0],7,1040,0,0,0,-1,-1,-1,-1,-1,-1,-1,-1,-1,-1,0,0,0,0,0,0,0,0,0,759,[0|0],360,0,0,0,[0|0|0],8,17,0,0,0,-1,-1,-1,-1,-1,-1,[0|0|0|0],0,0,1,0,0,[0|0|0],0,0,0,0,0,0,0,0,0,0,0,0,0,0,0,0,0,0,0,0,0,0,0,0,0,0,0,0,0,0,0,0,0,0,[0|0|0],0,0,0,0,3040,[0|0|0|0],1,0,0,0,0,[0|0|0],0,0,0,0,0,-1,-1,-1,-1,1,0,0,0,0,0,0,0,0,0,210,85,1.7,1.6,0,-1,0,0,0,0,0,1,0,0,0,0,0,0,0,0,1,1,0,0,-1,0,100,0,0,0,0,1,0,0,0,0,0,0,0,0,1,1,0,0,0,0,-1,1,1,8229,0,0,0,0,0,0,1,-1,0,0,1,0,0,0,0,1,0,0,0,0,1,-1,[0|0|0|0|0|0|0|0|0|0|0|0|0|0|0|0|0|0|0|0|0|0|0|0|0|0|0|0]
35250100,LASER CANNON - VE-60LCB (Left),0,0,0,[0|0|0],32510,3025020,0,9270,0,0,0,0,0,0,0,0,100,0,0,0,-1,-1,-1,-1,-1,-1,-1,-1,-1,-1,-1,-1,-1,-1,-1,-1,-1,-1,-1,-1,-1,-1,-1,1,1,1,1,0,0,0,4620,0,100,100,0,-1,0,100,0,0,100,0,0,0,0,0,-1,16,0,0,7,3,21,0,0,0,100,0,0,999,0,0,0,0,0,0,0,0,0,0,0,0,0,0,0,0,0,0,0,0,0,0,0,1,0,1,0,0,0,0,0,0,0,0,0,0,1,0,1,0,0,0,0,0,0,0,0,1,0,1,1,1,1,0,0,100,1,1,0,0,-1,-1,-1,-1,-1,-1,-1,-1,-1,-1,-1,-1,-1,-1,-1,-1,-1,-1,-1,-1,-1,-1,-1,-1,0,0,300,0,0,0,0,0,0,0,0,0,0,0,1,1,0,0,0,0,0,0,0,0,0,0,0,0,0,0,0,-1,-1,-1,-1,-1,-1,-1,-1,-1,0,-1,0,0,-1,0,0,0,0,0,-1,-1,-1,0,[0|0|0|0],-1,-1,-1,-1,400,-1,-1,-1,1,1,1,1,1,1,1,1,1,-1,-1,-1,-1,-1,0,-1,0,1,0,0,0,0,1,1,1,1,0,0,-1,0,[0|0|0|0],-1,0.5,1,[0|0|0|0],-1,0,0,[0|0|0|0|0|0|0|0],-1,-1,-1,-1,-1,[0|0|0|0],-1,-1,-1,[0|0|0|0|0|0|0|0],-1,-1,-1,[0|0|0|0|0|0|0|0],0,0,0,[0|0|0|0],32,-1,450,100,1,1,0,-1,4,0,0,10,803,0,-1,0,1000,0,-1,[0|0|0|0],0,0,0,0,0,0,0,0,0,0,0,0,0,0,0,0,0,0,0,0,0,0,0,0,0,0,0,0,0,0,0,0,304,[0|0|0|0|0|0|0|0|0|0|0|0],0,0,0,0,0,0,0,0,0,0,0,0,0,0,-1,0,0,0,0,-1,-1,-1,-1,-1,-1,-1,-1,-1,-1,-1,-1,0,0,-1,0,0,0,0,0,0,0,0,[0|0],35250100,0,4.3,0.5,2.15,0,-1,1,1,1,1,1,1,1,1,0,0,0,0,0,0,0,0,0,0,0,0,0,0,0,0,0,0,0,0,0,0,0,0,0,[0|0],0,0,0,[0|0|0],0,1,0,-1,[0|0|0|0],20,1045,0,0,0,-1,-1,-1,-1,-1,-1,-1,-1,-1,-1,0,0,0,0,0,0,0,0,0,988,[0|0],360,0,0,0,[0|0|0],10,21,0,0,0,-1,-1,-1,-1,-1,-1,[0|0|0|0],0,0,1,0,0,[0|0|0],0,0,0,0,0,0,0,0,0,0,0,0,0,0,0,0,0,0,0,0,0,0,0,0,0,0,0,0,0,0,0,0,0,0,[0|0|0],0,0,0,0,3040,[0|0|0|0],1,0,0,0,0,[0|0|0],0,0,0,0,0,-1,-1,-1,-1,1,0,0,0,0,0,0,0,0,0,172,75,3,2,0,-1,0,0,0,0,0,1,0,0,0,0,0,0,0,0,1,1,0,0,-1,0,100,0,0,0,0,1,0,0,0,0,0,0,0,0,1,1,0,0,0,0,-1,1,1,8239,0,0,0,0,0,0,1,-1,0,0,1,0,0,0,0,1,0,0,0,0,1,-1,[0|0|0|0|0|0|0|0|0|0|0|0|0|0|0|0|0|0|0|0|0|0|0|0|0|0|0|0]
35250200,LINEAR CANNON - LC-040 LINNAEUS (Left),0,0,0,[0|0|0],32520,3027001,0,6820,0,0,0,0,0,0,0,0,100,0,0,0,-1,-1,-1,-1,-1,-1,-1,-1,-1,-1,-1,-1,-1,-1,-1,-1,-1,-1,-1,-1,-1,-1,-1,1,1,1,1,0,0,0,4120,0,100,100,0,-1,100,0,0,0,100,0,0,0,0,0,-1,16,0,0,7,3,21,0,0,0,100,0,0,999,0,0,0,0,0,0,0,0,0,0,0,0,0,0,0,0,0,0,0,0,0,0,0,1,0,1,0,0,0,0,0,0,0,0,0,0,1,0,1,0,0,0,0,0,0,0,0,1,0,1,1,1,1,0,0,100,1,1,0,0,-1,-1,-1,-1,-1,-1,-1,-1,-1,-1,-1,-1,-1,-1,-1,-1,-1,-1,-1,-1,-1,-1,-1,-1,0,0,300,0,0,0,0,0,0,0,0,0,0,0,1,1,0,0,0,0,0,0,0,0,0,0,0,0,0,0,0,-1,-1,-1,-1,-1,-1,-1,-1,-1,0,-1,0,0,-1,0,0,0,0,0,-1,-1,-1,0,[0|0|0|0],-1,-1,-1,-1,400,-1,-1,-1,1,1,1,1,1,1,1,1,1,-1,-1,-1,-1,-1,0,-1,0,1,0,0,0,0,1,1,1,1,0,0,-1,0,[0|0|0|0],-1,0.5,1,[0|0|0|0],-1,0,0,[0|0|0|0|0|0|0|0],-1,-1,-1,-1,-1,[0|0|0|0],-1,-1,-1,[0|0|0|0|0|0|0|0],-1,-1,-1,[0|0|0|0|0|0|0|0],0,0,0,[0|0|0|0],28,-1,450,100,1,1,0,-1,4,0,0,10,515,0,-1,0,520,0,-1,[0|0|0|0],0,0,0,0,0,0,0,0,0,0,0,0,0,0,0,0,0,0,0,0,0,0,0,0,0,0,0,0,0,0,0,0,304,[0|0|0|0|0|0|0|0|0|0|0|0],0,0,0,0,0,0,0,0,0,0,0,0,0,0,-1,0,0,0,0,-1,-1,-1,-1,-1,-1,-1,-1,-1,-1,-1,-1,0,0,-1,0,0,0,0,0,0,0,0,[0|0],35250000,0,2.2,0.5,0.8,0,-1,1,1,1,1,1,1,1,1,0,0,0,0,0,0,0,0,0,0,0,0,0,0,0,0,0,0,0,0,0,0,0,0,0,[0|0],1.8,0.2,1.9,[0|0|0],0,0,0,-1,[0|0|0|0],11,1041,0,0,0,-1,-1,-1,-1,-1,-1,-1,-1,-1,-1,0,0,0,0,0,0,0,0,0,100,[0|0],360,0,0,0,[0|0|0],8,17,0,0,0,-1,-1,-1,-1,-1,-1,[0|0|0|0],0,0,1,0,0,[0|0|0],0,0,0,0,0,0,0,0,0,0,0,0,0,0,0,0,0,0,0,0,0,0,0,0,0,0,0,0,0,0,0,0,0,0,[0|0|0],0,0,0,0,3040,[0|0|0|0],1,0,0,0,0,[0|0|0],0,0,0,0,0,-1,-1,-1,-1,1,0,0,0,0,0,0,0,0,0,100,85,3,1.6,0,-1,0,0,0,0,0,1,0,0,0,0,0,0,0,0,1,1,0,0,-1,0,100,0,0,0,0,1,0,0,0,0,0,0,0,0,1,1,0,0,0,0,-1,1,1,8229,0,0,0,0,0,0,1,-1,0,0,1,0,0,0,0,1,0,0,0,0,1,-1,[0|0|0|0|0|0|0|0|0|0|0|0|0|0|0|0|0|0|0|0|0|0|0|0|0|0|0|0]
35250300,KINETIC CANNON - CX-09 PROVERB (Left),0,0,0,[0|0|0],32530,3027002,0,5220,0,0,0,0,0,0,0,0,100,0,0,0,-1,-1,-1,-1,-1,-1,-1,-1,-1,-1,-1,-1,-1,-1,-1,-1,-1,-1,-1,-1,-1,-1,-1,1,1,1,1,0,0,0,4646,0,100,100,0,-1,100,0,100,0,100,0,0,0,0,0,-1,16,0,0,7,3,21,0,0,0,100,0,0,0,0,0,0,0,0,0,0,0,0,0,0,0,0,0,0,0,0,0,0,0,0,0,0,1,0,1,0,0,0,0,0,0,0,0,0,0,1,0,1,0,0,0,0,0,0,0,0,1,0,1,1,1,1,0,0,100,1,1,0,0,-1,-1,-1,-1,-1,-1,-1,-1,-1,-1,-1,-1,-1,-1,-1,-1,-1,-1,-1,-1,-1,-1,-1,-1,0,0,300,0,0,0,0,0,0,0,0,0,0,0,1,1,0,0,0,0,0,0,0,0,0,0,0,0,0,0,0,-1,-1,-1,-1,-1,-1,-1,-1,-1,0,-1,0,0,-1,0,0,0,0,0,-1,-1,-1,0,[0|0|0|0],-1,-1,-1,-1,400,-1,-1,-1,1,1,1,1,1,1,1,1,1,-1,-1,-1,-1,-1,0,-1,0,1,0,0,0,0,1,1,1,1,0,0,-1,0,[0|0|0|0],-1,0.5,1,[0|0|0|0],-1,0,0,[0|0|0|0|0|0|0|0],-1,-1,-1,-1,-1,[0|0|0|0],-1,-1,-1,[0|0|0|0|0|0|0|0],-1,-1,-1,[0|0|0|0|0|0|0|0],0,0,0,[0|0|0|0],34,-1,450,100,1,1,0,-1,4,0,0,10,210,0,-1,0,850,0,-1,[0|0|0|0],0,0,0,0,0,0,0,0,0,0,0,0,0,0,0,0,0,0,0,0,0,0,0,0,0,0,0,0,0,0,0,0,304,[0|0|0|0|0|0|0|0|0|0|0|0],0,0,0,0,0,0,0,0,0,0,0,0,0,0,-1,0,0,0,0,-1,-1,-1,-1,-1,-1,-1,-1,-1,-1,-1,-1,0,0,-1,0,0,0,0,0,0,0,0,[0|0],35250001,0,1.15,0.6,0.3,0,-1,1,1,1,1,1,1,1,1,0,0,0,0,0,0,0,0,0,0,0,0,0,0,0,0,0,0,0,0,0,0,0,0,0,[0|0],0,0,0,[0|0|0],0,0,0,-1,[0|0|0|0],10,1042,0,0,0,-1,-1,-1,-1,-1,-1,-1,-1,-1,-1,0,0,0,0,0,0,0,0,0,125,[0|0],360,0,0,0,[0|0|0],8,25,0,0,0,-1,-1,-1,-1,-1,-1,[0|0|0|0],0,0,0,0,0,[0|0|0],0,0,0,0,0,0,0,0,0,0,0,0,0,0,0,0,0,0,0,0,0,0,0,0,0,0,0,0,0,0,0,0,0,0,[0|0|0],0,0,0,0,3040,[0|0|0|0],1,0,0,0,0,[0|0|0],0,0,0,0,0,-1,-1,-1,-1,1,0,0,0,0,0,0,0,0,0,168,80,2.3,1,0,-1,0,0,0,0,0,1,0,0,0,0,0,0,0,0,1,1,0,0,-1,1,100,1,0,0,0,1,1,1,1,1,1,1,1,1,1,1,0,0,0,0,-1,1,1,8239,0,0,0,0,0,0,1,-1,0,0,1,0,0,0,0,1,0,0,0,0,1,-1,[0|0|0|0|0|0|0|0|0|0|0|0|0|0|0|0|0|0|0|0|0|0|0|0|0|0|0|0]
35250400,CORAL CANNON - IB-C03W7: CLA 900 (Left),0,0,0,[0|0|0],32540,3025000,0,7100,0,0,0,0,0,0,0,0,100,0,0,0,-1,-1,-1,-1,-1,-1,-1,-1,-1,-1,-1,-1,-1,-1,-1,-1,-1,-1,-1,-1,-1,-1,-1,1,1,1,1,0,0,0,4612,0,100,100,0,-1,0,0,0,100,100,0,0,0,0,0,-1,16,0,0,7,3,21,0,0,0,100,0,0,999,0,0,0,0,0,0,0,0,0,0,0,0,0,0,0,0,0,0,0,0,0,0,0,1,0,1,0,0,0,0,0,0,0,0,0,0,1,0,1,0,0,0,0,0,0,0,0,1,0,1,1,1,1,0,0,100,1,1,0,0,-1,-1,-1,-1,-1,-1,-1,-1,-1,-1,-1,-1,-1,-1,-1,-1,-1,-1,-1,-1,-1,-1,-1,-1,0,0,300,0,0,0,0,0,0,0,0,0,0,0,1,1,0,0,0,0,0,0,0,0,0,0,0,0,0,0,0,-1,-1,-1,-1,-1,-1,-1,-1,-1,0,-1,0,0,-1,0,0,0,0,0,-1,-1,-1,0,[0|0|0|0],-1,-1,-1,-1,400,-1,-1,-1,1,1,1,1,1,1,1,1,1,-1,-1,-1,-1,-1,0,-1,0,1,0,0,0,0,1,1,1,1,0,0,-1,0,[0|0|0|0],-1,0.5,1,[0|0|0|0],-1,0,0,[0|0|0|0|0|0|0|0],-1,-1,-1,-1,-1,[0|0|0|0],-1,-1,-1,[0|0|0|0|0|0|0|0],-1,-1,-1,[0|0|0|0|0|0|0|0],0,0,0,[0|0|0|0],20,-1,450,100,1,1,0,-1,4,0,0,10,714,0,-1,0,1350,0,-1,[0|0|0|0],0,0,0,0,0,0,0,0,0,0,0,0,0,0,0,0,0,0,0,0,0,0,0,0,0,0,0,0,0,0,0,0,304,[0|0|0|0|0|0|0|0|0|0|0|0],0,0,0,0,0,0,0,0,0,0,0,0,0,0,-1,0,0,0,0,-1,-1,-1,-1,-1,-1,-1,-1,-1,-1,-1,-1,0,0,-1,0,0,0,0,0,0,0,0,[0|0],35250000,0,3.1,0.5,0.8,0,-1,1,1,1,1,1,1,1,1,0,0,0,0,0,0,0,0,0,0,0,0,0,0,0,0,0,0,0,0,0,0,0,0,0,[0|0],1.8,0.2,1.9,[0|0|0],0,0,0,-1,[0|0|0|0],2,1051,0,0,0,-1,-1,-1,-1,-1,-1,-1,-1,-1,-1,0,0,0,0,0,0,0,0,0,797,[0|0],360,0,0,0,[0|0|0],10,19,0,0,0,-1,-1,-1,-1,-1,-1,[0|0|0|0],0,0,1,0,0,[0|0|0],0,0,0,0,0,0,0,0,0,0,0,0,0,0,0,0,0,0,0,0,0,0,0,0,0,0,0,0,0,0,0,0,0,0,[0|0|0],0,0,0,0,3040,[0|0|0|0],1,0,0,0,0,[0|0|0],0,0,0,0,0,-1,-1,-1,-1,1,0,0,0,0,0,0,0,0,0,174,85,2.5,2.5,0,-1,0,0,0,0,0,1,0,0,0,0,0,0,0,0,1,1,0,0,-1,0,100,0,0,0,0,1,0,0,0,0,0,0,0,0,1,1,0,0,0,0,-1,1,1,8229,0,0,0,0,0,0,1,-1,0,0,1,0,0,0,0,1,0,0,0,0,1,-1,[0|0|0|0|0|0|0|0|0|0|0|0|0|0|0|0|0|0|0|0|0|0|0|0|0|0|0|0]
35260000,DIFFUSE LASER CANNON - VP-60LCD (Left),0,0,0,[0|0|0],32600,3026000,0,7620,0,0,0,0,0,0,0,0,100,0,0,0,-1,-1,-1,-1,-1,-1,-1,-1,-1,-1,-1,-1,-1,-1,-1,-1,-1,-1,-1,-1,-1,-1,-1,1,1,1,1,0,0,0,5010,0,100,100,0,-1,0,100,0,0,100,0,0,0,0,0,-1,16,0,0,7,3,21,0,0,0,100,0,0,999,0,0,0,0,0,0,0,0,0,0,0,0,0,0,0,0,0,0,0,0,0,0,0,1,0,1,0,0,0,0,0,0,0,0,0,0,1,0,1,0,0,0,0,0,0,0,0,1,0,1,1,1,1,0,0,100,1,1,0,0,-1,-1,-1,-1,-1,-1,-1,-1,-1,-1,-1,-1,-1,-1,-1,-1,-1,-1,-1,-1,-1,-1,-1,-1,0,0,300,0,0,0,0,0,0,0,0,0,0,0,1,1,0,0,0,0,0,0,0,0,0,0,0,0,0,0,0,-1,-1,-1,-1,-1,-1,-1,-1,-1,0,-1,0,0,-1,0,0,0,0,0,-1,-1,-1,0,[0|0|0|0],-1,-1,-1,-1,320,-1,-1,-1,1,1,1,1,1,1,1,1,1,-1,-1,-1,-1,-1,0,-1,0,1,0,0,0,0,1,1,1,1,0,0,-1,0,[0|0|0|0],-1,0.5,1,[0|0|0|0],-1,0,0,[0|0|0|0|0|0|0|0],-1,-1,-1,-1,-1,[0|0|0|0],-1,-1,-1,[0|0|0|0|0|0|0|0],-1,-1,-1,[0|0|0|0|0|0|0|0],0,0,0,[0|0|0|0],54,-1,450,100,1,1,0,-1,4,0,0,10,784,0,-1,0,650,0,-1,[0|0|0|0],0,0,0,0,0,0,0,0,0,0,0,0,0,0,0,0,0,0,0,0,0,0,0,0,0,0,0,0,0,0,0,0,304,[0|0|0|0|0|0|0|0|0|0|0|0],0,0,0,0,0,0,0,0,0,0,0,0,0,0,-1,0,0,0,0,-1,-1,-1,-1,-1,-1,-1,-1,-1,-1,-1,-1,0,0,-1,0,0,0,0,0,0,0,0,[0|0],35260000,0,2,0.5,1,0,-1,1,1,1,1,1,1,1,1,0,0,0,0,0,0,0,0,0,0,0,0,0,0,0,0,0,0,0,0,0,0,0,0,0,[0|0],0.4,0.2,2,[0|0|0],0,1,0,-1,[0|0|0|0],7,1060,0,0,0,-1,-1,-1,-1,-1,-1,-1,-1,-1,-1,0,0,0,0,0,0,0,0,0,902,[0|0],360,0,0,0,[0|0|0],5,17,0,0,0,-1,-1,-1,-1,-1,-1,[0|0|0|0],0,0,1,0,0,[0|0|0],0,0,0,0,0,0,0,0,0,0,0,0,0,0,0,0,0,0,0,0,0,0,0,0,0,0,0,0,0,0,0,0,0,0,[0|0|0],0,0,0,0,3040,[0|0|0|0],1,0,0,0,0,[0|0|0],0,0,0,0,0,-1,-1,-1,-1,1,0,0,0,0,0,0,0,0,0,232,85,1.7,1.6,0,-1,0,0,0,0,0,1,0,0,0,0,0,0,0,0,1,1,0,0,-1,1,100,0,0,0,0,1,0,0,0,0,0,1,0,0,1,1,0,0,0,0,-1,1,1,8232,0,0,0,0,0,0,1,-1,0,0,1,0,0,0,0,1,0,0,0,0,1,-1,[0|0|0|0|0|0|0|0|0|0|0|0|0|0|0|0|0|0|0|0|0|0|0|0|0|0|0|0]
35270000,STUN NEEDLE LAUNCHER - VE-60SNA (Left),0,0,0,[0|0|0],32700,3027000,0,6150,0,0,0,0,0,0,0,0,100,0,0,0,-1,-1,-1,3230700,-1,-1,-1,-1,-1,-1,-1,-1,-1,-1,-1,-1,-1,-1,-1,-1,-1,-1,-1,1,1,1,1,0,0,0,4830,0,100,100,0,-1,100,100,0,0,100,0,0,0,0,0,-1,16,0,0,7,3,21,0,0,0,100,0,0,999,0,0,0,0,0,0,0,0,0,0,0,0,0,0,0,0,0,0,0,0,0,0,0,1,0,1,0,0,0,0,0,0,0,0,0,0,1,0,1,0,0,0,0,0,0,0,0,1,0,1,1,1,1,0,0,100,1,1,0,0,-1,-1,-1,-1,-1,-1,-1,-1,-1,-1,-1,-1,-1,-1,-1,-1,-1,-1,-1,-1,-1,-1,-1,-1,0,0,300,0,0,0,0,0,0,0,0,0,0,0,1,1,0,0,0,0,0,0,0,0,0,0,0,0,0,0,0,-1,-1,-1,-1,-1,-1,-1,-1,-1,0,-1,0,0,-1,0,0,0,0,0,-1,-1,-1,0,[0|0|0|0],-1,-1,-1,-1,235,-1,-1,-1,1,1,1,1,1,1,1,1,1,-1,-1,-1,-1,-1,0,-1,0,1,0,0,0,0,1,1,1,1,0,0,-1,0,[0|0|0|0],1,1,1,[0|0|0|0],-1,0,0,[0|0|0|0|0|0|0|0],-1,-1,-1,-1,-1,[0|0|0|0],-1,-1,-1,[0|0|0|0|0|0|0|0],-1,-1,-1,[0|0|0|0|0|0|0|0],0,0,0,[0|0|0|0],30,-1,450,100,1,1,0,-1,4,0,0,10,825,0,-1,0,800,0,-1,[0|0|0|0],0,0,0,0,0,0,0,0,0,0,0,0,0,0,0,0,0,0,0,0,0,0,0,0,0,0,0,0,0,0,0,0,301,[0|0|0|0|0|0|0|0|0|0|0|0],0,0,0,0,0,0,0,0,0,0,0,0,0,0,-1,0,0,0,0,-1,-1,-1,-1,-1,-1,-1,-1,-1,-1,-1,-1,0,0,-1,0,0,0,0,0,0,0,0,[0|0],35270000,6.5,0,-1,0,0,-1,1,1,1,1,1,1,1,1,0,0,0,0,0,0,0,0,0,0,0,0,0,0,0,0,0,0,0,0,0,0,0,0,0,[0|0],0,0,0,[0|0|0],0,0,0,-1,[0|0|0|0],20,1020,0,0,0,-1,-1,-1,-1,-1,-1,-1,-1,-1,-1,0,0,0,0,0,0,0,0,0,-1,[0|0],360,0,0,0,[0|0|0],1,0,0,0,0,-1,-1,-1,-1,-1,-1,[0|0|0|0],0,0,0,0,0,[0|0|0],0,0,0,0,0,0,0,0,0,0,0,0,0,0,0,0,0,0,0,0,0,0,0,0,0,0,0,0,0,0,0,0,0,0,[0|0|0],0,0,0,0,3010,[0|0|0|0],1,0,0,0,0,[0|0|0],0,0,0,0,0,-1,-1,-1,-1,1,0,0,0,0,0,0,0,0,0,0,100,0,0,0,-1,0,0,0,0,0,1,0,0,0,0,0,2,0,0,1,1,0,0,-1,0,-1,0,0,0,0,1,0,0,0,0,0,0,0,0,1,1,0,0,0,0,-1,1,1,8238,0,0,0,0,0,0,1,-1,0,0,1,0,0,0,0,1,0,0,0,0,1,-1,[0|0|0|0|0|0|0|0|0|0|0|0|0|0|0|0|0|0|0|0|0|0|0|0|0|0|0|0]
35300000,BULLET ORBIT - BO-044 HUXLEY (Left),0,0,0,[0|0|0],33000,3030000,0,2230,0,0,0,0,0,0,0,0,100,0,0,0,-1,-1,-1,-1,-1,-1,-1,-1,-1,-1,-1,-1,-1,-1,-1,-1,-1,-1,-1,-1,-1,-1,-1,1,1,1,1,0,0,0,5710,0,100,100,0,-1,100,0,0,0,100,0,0,0,0,0,-1,16,0,0,7,3,21,0,0,0,100,0,0,999,0,0,0,0,0,0,0,0,0,0,0,0,0,0,0,0,0,0,0,0,0,0,0,1,0,1,0,0,0,0,0,0,0,0,0,0,1,0,1,0,0,0,0,0,0,0,0,1,0,1,1,1,1,0,0,100,1,1,0,0,-1,-1,-1,-1,-1,-1,-1,-1,-1,-1,-1,-1,-1,-1,-1,-1,-1,-1,-1,-1,-1,-1,-1,-1,0,0,300,0,0,0,0,0,0,0,0,0,0,0,1,1,0,0,0,0,0,0,0,0,0,0,0,0,0,0,0,-1,-1,-1,-1,-1,-1,-1,-1,-1,0,-1,0,0,-1,0,0,0,0,0,-1,-1,-1,0,[0|0|0|0],-1,-1,-1,-1,280,-1,-1,-1,1,1,1,1,1,1,1,1,1,-1,-1,-1,-1,-1,0,-1,0,1,0,0,0,0,1,1,1,1,0,0,-1,0,[0|0|0|0],-1,1,1,[0|0|0|0],-1,0,0,[0|0|0|0|0|0|0|0],-1,-1,-1,-1,-1,[0|0|0|0],-1,-1,-1,[0|0|0|0|0|0|0|0],-1,-1,-1,[0|0|0|0|0|0|0|0],0,0,0,[0|0|0|0],240,-1,500,100,1,1,0,-1,4,0,0,10,435,0,-1,0,50,0,-1,[0|0|0|0],0,0,0,0,0,0,0,0,0,0,0,0,0,0,0,0,0,0,0,0,0,0,0,0,0,0,0,0,0,0,0,0,303,[0|0|0|0|0|0|0|0|0|0|0|0],0,0,0,0,0,0,0,0,0,0,0,0,0,0,-1,0,0,0,0,-1,-1,-1,-1,-1,-1,-1,-1,-1,-1,-1,-1,0,0,-1,0,0,0,0,0,0,0,0,[0|0],35300000,5,0,-1,0,0,-1,1,1,1,1,1,1,1,1,0,0,0,0,0,0,0,0,0,0,0,0,0,0,0,0,0,0,0,0,0,0,0,0,0,[0|0],0,0,0,[0|0|0],0,0,0,-1,[0|0|0|0],11,1200,0,0,0,-1,-1,-1,-1,-1,-1,-1,-1,-1,-1,0,0,0,0,0,0,0,0,0,-1,[0|0],360,0,0,0,[0|0|0],0,0,0,0,0,-1,-1,-1,-1,-1,-1,[0|0|0|0],0,0,0,0,0,[0|0|0],0,0,0,0,0,0,0,0,0,0,0,0,0,0,0,0,0,0,0,0,0,0,0,0,0,0,0,0,0,0,0,0,0,0,[0|0|0],0,0,0,0,3030,[0|0|0|0],1,0,0,0,0,[0|0|0],0,0,0,0,0,-1,-1,-1,-1,1,0,0,0,0,0,0,0,0,0,95,85,0.8,1.6,0,-1,0,0,2,0,0,1,0,0,0,0,0,0,0,0,1,1,0,0,-1,0,-1,0,0,0,0,1,0,0,0,0,0,0,0,0,1,1,0,0,0,0,-1,1,1,8233,0,0,0,0,0,0,1,-1,0,0,1,0,0,0,0,1,0,0,0,0,1,-1,[0|0|0|0|0|0|0|0|0|0|0|0|0|0|0|0|0|0|0|0|0|0|0|0|0|0|0|0]
35300100,LASER ORBIT - 45-091 ORBT (Left),0,0,0,[0|0|0],33010,3030010,0,2010,0,0,0,0,0,0,0,0,100,0,0,0,-1,-1,-1,-1,-1,-1,-1,-1,-1,-1,-1,-1,-1,-1,-1,-1,-1,-1,-1,-1,-1,-1,-1,1,1,1,1,0,0,0,5720,0,100,100,0,-1,0,100,0,0,100,0,0,0,0,0,-1,16,0,0,7,3,21,0,0,0,100,0,0,999,0,0,0,0,0,0,0,0,0,0,0,0,0,0,0,0,0,0,0,0,0,0,0,1,0,1,0,0,0,0,0,0,0,0,0,0,1,0,1,0,0,0,0,0,0,0,0,1,0,1,1,1,1,0,0,100,1,1,0,0,-1,-1,-1,-1,-1,-1,-1,-1,-1,-1,-1,-1,-1,-1,-1,-1,-1,-1,-1,-1,-1,-1,-1,-1,0,0,300,0,0,0,0,0,0,0,0,0,0,0,1,1,0,0,0,0,0,0,0,0,0,0,0,0,0,0,0,-1,-1,-1,-1,-1,-1,-1,-1,-1,0,-1,0,0,-1,0,0,0,0,0,-1,-1,-1,0,[0|0|0|0],-1,-1,-1,-1,350,-1,-1,-1,1,1,1,1,1,1,1,1,1,-1,-1,-1,-1,-1,0,-1,0,1,0,0,0,0,1,1,1,1,0,0,-1,0,[0|0|0|0],-1,1,1,[0|0|0|0],-1,0,0,[0|0|0|0|0|0|0|0],-1,-1,-1,-1,-1,[0|0|0|0],-1,-1,-1,[0|0|0|0|0|0|0|0],-1,-1,-1,[0|0|0|0|0|0|0|0],0,0,0,[0|0|0|0],165,-1,500,100,1,1,0,-1,4,0,0,10,446,0,-1,0,100,0,-1,[0|0|0|0],0,0,0,0,0,0,0,0,0,0,0,0,0,0,0,0,0,0,0,0,0,0,0,0,0,0,0,0,0,0,0,0,303,[0|0|0|0|0|0|0|0|0|0|0|0],0,0,0,0,0,0,0,0,0,0,0,0,0,0,-1,0,0,0,0,-1,-1,-1,-1,-1,-1,-1,-1,-1,-1,-1,-1,0,0,-1,0,0,0,0,0,0,0,0,[0|0],35300100,5,0,-1,0,0,-1,1,1,1,1,1,1,1,1,0,0,0,0,0,0,0,0,0,0,0,0,0,0,0,0,0,0,0,0,0,0,0,0,0,[0|0],0,0,0,[0|0|0],0,0,0,-1,[0|0|0|0],4,1210,0,0,0,-1,-1,-1,-1,-1,-1,-1,-1,-1,-1,0,0,0,0,0,0,0,0,0,-1,[0|0],360,0,0,0,[0|0|0],0,0,0,0,0,-1,-1,-1,-1,-1,-1,[0|0|0|0],0,0,0,0,0,[0|0|0],0,0,0,0,0,0,0,0,0,0,0,0,0,0,0,0,0,0,0,0,0,0,0,0,0,0,0,0,0,0,0,0,0,0,[0|0|0],0,0,0,0,3030,[0|0|0|0],1,0,0,0,0,[0|0|0],0,0,0,0,0,-1,-1,-1,-1,1,0,0,0,0,0,0,0,0,0,145,85,1.2,1.6,0,-1,0,0,2,0,0,1,0,0,0,0,0,0,0,0,1,1,0,0,-1,0,-1,0,0,0,0,1,0,0,0,0,0,0,0,0,1,1,0,0,0,0,-1,1,1,8234,0,0,0,0,0,0,1,-1,0,0,1,0,0,0,0,1,0,0,0,0,1,-1,[0|0|0|0|0|0|0|0|0|0|0|0|0|0|0|0|0|0|0|0|0|0|0|0|0|0|0|0]
35300200,CORAL ORBIT - IB-C03A2: AYR 007 (Left),0,0,0,[0|0|0],33020,3030010,0,2220,0,0,0,0,0,0,0,0,100,0,0,0,-1,-1,-1,-1,-1,-1,-1,-1,-1,-1,-1,-1,-1,-1,-1,-1,-1,-1,-1,-1,-1,-1,-1,1,1,1,1,0,0,0,5725,0,100,100,0,-1,0,0,0,100,100,0,0,0,0,0,-1,16,0,0,7,3,21,0,0,0,100,0,0,999,0,0,0,0,0,0,0,0,0,0,0,0,0,0,0,0,0,0,0,0,0,0,0,1,0,1,0,0,0,0,0,0,0,0,0,0,1,0,1,0,0,0,0,0,0,0,0,1,0,1,1,1,1,0,0,100,1,1,0,0,-1,-1,-1,-1,-1,-1,-1,-1,-1,-1,-1,-1,-1,-1,-1,-1,-1,-1,-1,-1,-1,-1,-1,-1,0,0,300,0,0,0,0,0,0,0,0,0,0,0,1,1,0,0,0,0,0,0,0,0,0,0,0,0,0,0,0,-1,-1,-1,-1,-1,-1,-1,-1,-1,0,-1,0,0,-1,0,0,0,0,0,-1,-1,-1,0,[0|0|0|0],-1,-1,-1,-1,350,-1,-1,-1,1,1,1,1,1,1,1,1,1,-1,-1,-1,-1,-1,0,-1,0,1,0,0,0,0,1,1,1,1,0,0,-1,0,[0|0|0|0],-1,1,1,[0|0|0|0],-1,0,0,[0|0|0|0|0|0|0|0],-1,-1,-1,-1,-1,[0|0|0|0],-1,-1,-1,[0|0|0|0|0|0|0|0],-1,-1,-1,[0|0|0|0|0|0|0|0],0,0,0,[0|0|0|0],42,-1,500,100,1,1,0,-1,4,0,0,10,461,0,-1,0,1200,0,-1,[0|0|0|0],0,0,0,0,0,0,0,0,0,0,0,0,0,0,0,0,0,0,0,0,0,0,0,0,0,0,0,0,0,0,0,0,303,[0|0|0|0|0|0|0|0|0|0|0|0],0,0,0,0,0,0,0,0,0,0,0,0,0,0,-1,0,0,0,0,-1,-1,-1,-1,-1,-1,-1,-1,-1,-1,-1,-1,0,0,-1,0,0,0,0,0,0,0,0,[0|0],35300100,5,0,-1,0,0,-1,1,1,1,1,1,1,1,1,0,0,0,0,0,0,0,0,0,0,0,0,0,0,0,0,0,0,0,0,0,0,0,0,0,[0|0],0,0,0,[0|0|0],0,0,0,-1,[0|0|0|0],2,1211,0,0,0,-1,-1,-1,-1,-1,-1,-1,-1,-1,-1,0,0,0,0,0,0,0,0,0,-1,[0|0],360,0,0,0,[0|0|0],0,0,0,0,0,-1,-1,-1,-1,-1,-1,[0|0|0|0],0,0,0,0,0,[0|0|0],0,0,0,0,0,0,0,0,0,0,0,0,0,0,0,0,0,0,0,0,0,0,0,0,0,0,0,0,0,0,0,0,0,0,[0|0|0],0,0,0,0,3030,[0|0|0|0],1,0,0,0,0,[0|0|0],0,0,0,0,0,-1,-1,-1,-1,1,0,0,0,0,0,0,0,0,0,145,85,1.2,1.6,0,-1,0,0,2,0,0,1,0,0,0,0,0,0,0,0,1,1,0,0,-1,0,-1,0,0,0,0,1,0,0,0,0,0,0,0,0,1,1,0,0,0,0,-1,1,1,8234,0,0,0,0,0,0,1,-1,0,0,1,0,0,0,0,1,0,0,0,0,1,-1,[0|0|0|0|0|0|0|0|0|0|0|0|0|0|0|0|0|0|0|0|0|0|0|0|0|0|0|0]
35310000,PULSE SHIELD LAUNCHER - EULE/60D (Left),0,0,0,[0|0|0],33100,3031000,0,2760,0,0,0,0,0,0,0,0,100,100,100,100,-1,-1,-1,-1,-1,-1,-1,-1,-1,-1,-1,-1,-1,-1,-1,-1,-1,-1,-1,-1,-1,-1,-1,1,1,1,1,0,0,0,4820,0,100,100,0,-1,100,100,0,0,100,0,0,0,0,0,-1,16,0,0,7,3,21,0,0,0,102,0,0,999,0,0,0,0,0,0,0,0,0,0,0,0,0,0,0,0,100,100,100,0,0,0,0,1,0,1,0,0,0,0,0,0,0,0,0,0,1,0,1,0,0,0,0,0,0,0,0,1,0,1,1,1,1,0,0,102,1,1,0,0,-1,-1,-1,-1,-1,-1,-1,-1,-1,-1,-1,-1,-1,-1,-1,-1,-1,-1,-1,-1,-1,-1,-1,-1,0,0,300,0,0,0,0,0,0,0,0,0,0,0,1,1,0,0,0,0,0,0,0,0,0,0,0,0,0,0,0,-1,-1,-1,-1,-1,-1,-1,-1,-1,0,-1,0,0,-1,0,0,0,0,0,-1,-1,-1,0,[0|0|0|0],-1,-1,-1,-1,110,-1,-1,-1,1,1,1,1,1,1,1,1,1,-1,-1,-1,-1,-1,0,-1,0,1,0,0,0,0,1,1,1,1,0,0,-1,0,[0|0|0|0],3,1,1,[0|0|0|0],-1,0,0,[0|0|0|0|0|0|0|0],-1,-1,-1,-1,-1,[0|0|0|0],-1,-1,-1,[0|0|0|0|0|0|0|0],-1,-1,-1,[0|0|0|0|0|0|0|0],0,0,0,[0|0|0|0],45,-1,500,100,1,1,0,-1,4,0,0,10,382,0,-1,0,400,0,-1,[0|0|0|0],0,0,0,0,0,0,0,0,0,0,0,0,0,0,0,0,0,0,0,0,0,0,0,0,0,0,0,0,0,0,0,0,304,[0|0|0|0|0|0|0|0|0|0|0|0],0,0,0,0,0,0,0,0,0,0,0,0,0,0,-1,0,0,0,0,-1,-1,-1,-1,-1,-1,-1,-1,-1,-1,-1,-1,102,102,-1,0,0,0,0,0,0,0,0,[0|0],35310000,6,0,-1,0,0,-1,1,1,1,1,1,1,1,1,0,0,0,0,0,0,0,0,0,0,0,0,0,0,0,0,0,0,0,0,0,0,0,0,0,[0|0],0,0,0,[0|0|0],0,0,0,-1,[0|0|0|0],8,1080,0,0,0,-1,-1,-1,-1,-1,-1,-1,-1,-1,-1,0,0,0,0,0,0,0,0,0,-1,[0|0],360,0,0,0,[0|0|0],0,0,0,0,0,-1,-1,-1,-1,-1,-1,[0|0|0|0],0,0,0,100,0,[0|0|0],0,0,0,0,0,0,0,0,0,0,0,0,0,0,0,0,0,0,0,0,0,0,0,0,0,0,0,0,0,0,0,0,0,0,[0|0|0],0,0,0,0,3040,[0|0|0|0],1,0,0,0,0,[0|0|0],30,20000,-800,102,102,990080,990081,990082,990083,1,0,0,0,0,0,0,0,0,0,0,100,0,0,0,-1,0,3,0,0,0,1,3,3,3,0,0,3,0,0,1,1,0,0,-1,0,-1,0,0,0,0,1,0,0,0,0,0,0,0,0,1,1,0,0,0,0,-1,1,1,8237,0,0,0,0,0,0,1,-1,0,0,1,0,0,0,0,1,0,0,0,0,1,-1,[0|0|0|0|0|0|0|0|0|0|0|0|0|0|0|0|0|0|0|0|0|0|0|0|0|0|0|0]
35350100,LIGHT WAVE CANNON - IA-C01W3: AURORA (Left),0,0,0,[0|0|0],33505,3035010,0,3330,0,0,0,0,0,0,0,0,100,0,0,0,-1,-1,-1,-1,-1,-1,-1,-1,-1,-1,-1,-1,-1,-1,-1,-1,-1,-1,-1,-1,-1,-1,-1,1,1,1,1,0,0,0,4350,0,100,100,0,-1,0,100,0,0,100,0,0,0,0,0,-1,16,0,0,7,3,22,0,0,0,100,0,0,999,0,0,0,0,0,0,0,0,0,0,0,0,0,0,0,0,0,0,0,0,0,0,0,1,0,1,0,0,0,0,0,0,0,0,0,0,1,0,1,0,0,0,0,0,0,0,0,1,0,1,1,1,1,0,0,100,1,1,0,0,-1,-1,-1,-1,-1,-1,-1,-1,-1,-1,-1,-1,-1,-1,-1,-1,-1,-1,-1,-1,-1,-1,-1,-1,0,0,300,0,0,0,0,0,0,0,0,0,0,0,1,1,0,0,0,0,0,0,0,0,0,0,0,0,0,0,0,-1,-1,-1,-1,-1,-1,-1,-1,-1,0,-1,0,0,-1,0,0,0,0,0,-1,-1,-1,0,[0|0|0|0],-1,-1,-1,-1,-1,-1,-1,-1,1,1,1,1,1,1,1,1,1,-1,-1,-1,-1,-1,0,-1,0,1,0,0,0,0,1,1,1,1,0,0,-1,0,[0|0|0|0],4,1,1,[0|0|0|0],-1,0,0,[0|0|0|0|0|0|0|0],-1,-1,-1,-1,-1,[0|0|0|0],-1,-1,-1,[0|0|0|0|0|0|0|0],-1,-1,-1,[0|0|0|0|0|0|0|0],0,0,0,[0|0|0|0],100,-1,500,100,1,1,0,-1,4,0,0,9,390,0,-1,0,80,0,-1,[0|0|0|0],0,0,0,0,0,0,0,0,0,0,0,0,0,0,0,0,0,0,0,0,0,0,0,0,0,0,0,0,0,0,0,0,300,[0|0|0|0|0|0|0|0|0|0|0|0],0,0,0,0,0,0,0,0,0,0,0,0,0,0,-1,0,0,0,0,-1,-1,-1,-1,-1,-1,-1,-1,-1,-1,-1,-1,0,0,-1,0,0,0,0,0,0,0,0,[0|0],35350100,5.5,0,-1,0,0,-1,1,1,1,1,1,1,1,1,0,0,0,0,0,0,0,0,0,0,0,0,0,0,0,0,0,0,0,0,0,0,0,0,0,[0|0],0,0,0,[0|0|0],0,1,0,-1,[0|0|0|0],2,1070,0,0,0,-1,-1,-1,-1,-1,-1,-1,-1,-1,-1,0,0,0,0,0,0,0,0,0,-1,[0|0],360,0,0,0,[0|0|0],0,0,0,0,0,-1,-1,-1,-1,-1,-1,[0|0|0|0],0,0,0,0,0,[0|0|0],0,0,0,0,0,0,0,0,0,0,0,0,0,0,0,0,0,0,0,0,0,0,0,0,0,0,0,0,0,0,0,0,0,0,[0|0|0],0,0,0,0,3000,[0|0|0|0],1,0,0,0,0,[0|0|0],0,0,0,0,0,-1,-1,-1,-1,1,0,0,0,0,0,0,0,0,0,0,100,0,0,0,-1,0,0,3,0,0,1,0,0,0,0,0,0,0,0,1,1,0,0,-1,0,-1,0,0,0,0,1,0,0,0,0,0,0,0,0,1,1,0,0,0,0,-1,1,1,8226,0,0,0,0,0,0,1,-1,0,0,1,0,0,0,0,1,0,0,0,0,1,-1,[0|0|0|0|0|0|0|0|0|0|0|0|0|0|0|0|0|0|0|0|0|0|0|0|0|0|0|0]
35400000,GATLING CANNON - DF-GA-09 SHAO-WEI (Left),0,0,0,[0|0|0],34000,0,0,3960,0,0,0,0,0,0,0,0,100,0,0,0,-1,-1,-1,-1,-1,-1,-1,-1,-1,-1,-1,-1,-1,-1,-1,-1,-1,-1,-1,-1,-1,-1,-1,1,1,1,1,0,0,0,5110,0,100,100,0,-1,100,0,0,0,100,0,0,0,0,0,-1,16,0,0,7,3,21,0,0,0,100,0,0,999,0,0,0,0,0,0,0,0,0,0,0,0,0,0,0,0,0,0,0,0,0,0,0,1,0,1,0,0,0,0,0,0,0,0,0,0,1,0,1,0,0,0,0,0,0,0,0,1,0,1,1,1,1,0,0,100,1,1,0,0,-1,-1,-1,-1,-1,-1,-1,-1,-1,-1,-1,-1,-1,-1,-1,-1,-1,-1,-1,-1,-1,-1,-1,-1,0,0,300,0,0,0,0,0,0,0,0,0,0,0,1,1,0,0,0,0,0,0,0,0,0,0,0,0,0,0,0,-1,-1,-1,-1,-1,-1,-1,-1,-1,0,-1,0,0,-1,0,0,0,0,0,-1,-1,-1,0,[0|0|0|0],-1,-1,-1,-1,150,-1,-1,-1,1,1,1,1,1,1,1,1,1,-1,-1,-1,-1,-1,0,-1,0,1,0,0,0,0,1,1,1,1,0,0,-1,0,[0|0|0|0],-1,0.5,1,[0|0|0|0],-1,0,0,[0|0|0|0|0|0|0|0],-1,-1,-1,-1,-1,[0|0|0|0],-1,-1,-1,[0|0|0|0|0|0|0|0],-1,-1,-1,[0|0|0|0|0|0|0|0],0,0,0,[0|0|0|0],800,-1,450,100,1,1,0,-1,4,0,0,10,404,0,-1,0,20,0,-1,[0|0|0|0],0,0,0,0,0,0,0,0,0,0,0,0,0,0,0,0,0,0,0,0,0,0,0,0,0,0,0,0,0,0,0,0,301,[0|0|0|0|0|0|0|0|0|0|0|0],0,0,0,0,0,0,0,0,0,0,0,0,0,0,-1,0,0,0,0,-1,-1,-1,-1,-1,-1,-1,-1,-1,-1,-1,-1,0,0,-1,0,0,0,0,0,0,0,0,[0|0],35400000,0,0,-1,0,0,-1,1,1,1,1,1,1,1,1,0,0,0,0,0,0,0,0,0,0,0,0,0,0,0,0,0,0,0,0,0,0,0,0,0,[0|0],0,0,0,[0|0|0],0,0,0,-1,[0|0|0|0],12,1090,0,0,0,-1,-1,-1,-1,-1,-1,-1,-1,-1,-1,0,0,0,0,0,0,0,0,0,-1,[0|0],360,0,0,0,[0|0|0],0,0,0,0,0,-1,-1,-1,-1,-1,-1,[0|0|0|0],0,0,0,0,0,[0|0|0],0,0,0,0,0,0,0,0,0,0,0,0,0,0,0,0,0,0,0,0,0,0,0,0,0,0,0,0,0,0,0,0,0,0,[0|0|0],0,0,0,0,3010,[0|0|0|0],1,0,0,0,0,[0|0|0],0,0,0,0,0,-1,-1,-1,-1,1,0,0,0,0,0,0,0,0,0,650,90,0.12,0.8,0,-1,0,0,0,0,0,1,0,0,0,0,0,0,0,0,1,1,0,0,-1,0,-1,0,0,0,0,1,0,0,0,0,0,0,0,0,1,1,0,0,0,0,-1,1,1,8240,0,0,0,0,0,0,1,-1,0,0,1,0,0,0,0,1,0,0,0,0,1,-1,[0|0|0|0|0|0|0|0|0|0|0|0|0|0|0|0|0|0|0|0|0|0|0|0|0|0|0|0]
35401000,SIMPLE CANNON - DF-SC-00 FENG-HUANG (Left),0,0,0,[0|0|0],34010,0,0,4310,0,0,0,0,0,0,0,0,100,0,0,0,-1,-1,-1,-1,-1,-1,-1,-1,-1,-1,-1,-1,-1,-1,-1,-1,-1,-1,-1,-1,-1,-1,-1,1,1,1,1,0,0,0,5120,0,100,100,0,-1,100,0,0,0,100,0,0,0,0,0,-1,16,0,0,7,3,21,0,0,0,100,0,0,999,0,0,0,0,0,0,0,0,0,0,0,0,0,0,0,0,0,0,0,0,0,0,0,1,0,1,0,0,0,0,0,0,0,0,0,0,1,0,1,0,0,0,0,0,0,0,0,1,0,1,1,1,1,0,0,100,1,1,0,0,-1,-1,-1,-1,-1,-1,-1,-1,-1,-1,-1,-1,-1,-1,-1,-1,-1,-1,-1,-1,-1,-1,-1,-1,0,0,300,0,0,0,0,0,0,0,0,0,0,0,1,1,0,0,0,0,0,0,0,0,0,0,0,0,0,0,0,-1,-1,-1,-1,-1,-1,-1,-1,-1,0,-1,0,0,-1,0,0,0,0,0,-1,-1,-1,0,[0|0|0|0],-1,-1,-1,-1,150,-1,-1,-1,1,1,1,1,1,1,1,1,1,-1,-1,-1,-1,-1,0,-1,0,1,0,0,0,0,1,1,1,1,0,0,-1,0,[0|0|0|0],17,0.5,1,[0|0|0|0],-1,0,0,[0|0|0|0|0|0|0|0],-1,-1,-1,-1,-1,[0|0|0|0],-1,-1,-1,[0|0|0|0|0|0|0|0],-1,-1,-1,[0|0|0|0|0|0|0|0],0,0,0,[0|0|0|0],245,-1,450,100,1,1,0,-1,4,0,0,10,366,0,-1,0,35,0,-1,[0|0|0|0],0,0,0,0,0,0,0,0,0,0,0,0,0,0,0,0,0,0,0,0,0,0,0,0,0,0,0,0,0,0,0,0,301,[0|0|0|0|0|0|0|0|0|0|0|0],0,0,0,0,0,0,0,0,0,0,0,0,0,0,-1,0,0,0,0,-1,-1,-1,-1,-1,-1,-1,-1,-1,-1,-1,-1,0,0,-1,0,0,0,0,0,0,0,0,[0|0],35400000,4.8,0,-1,0,0,-1,1,1,1,1,1,1,1,1,0,0,0,0,0,0,0,0,0,0,0,0,0,0,0,0,0,0,0,0,0,0,0,0,0,[0|0],0,0,0,[0|0|0],0,0,0,-1,[0|0|0|0],12,1091,0,0,0,-1,-1,-1,-1,-1,-1,-1,-1,-1,-1,0,0,0,0,0,0,0,0,0,-1,[0|0],360,0,0,0,[0|0|0],0,0,0,0,0,-1,-1,-1,-1,-1,-1,[0|0|0|0],0,0,0,0,0,[0|0|0],0,0,0,0,0,0,0,0,0,0,0,0,0,0,0,0,0,0,0,0,0,0,0,0,0,0,0,0,0,0,0,0,0,0,[0|0|0],0,0,0,0,3010,[0|0|0|0],1,0,0,0,0,[0|0|0],0,0,0,0,0,-1,-1,-1,-1,1,0,0,0,0,0,0,0,0,0,650,90,0.12,0.8,0,-1,0,0,0,0,0,1,0,0,0,0,0,0,0,0,1,1,0,0,-1,0,-1,0,0,0,0,1,0,0,0,0,0,0,0,0,1,1,0,0,0,0,-1,1,1,8240,0,0,0,0,0,0,1,-1,0,0,1,0,0,0,0,1,0,0,0,0,1,-1,[0|0|0|0|0|0|0|0|0|0|0|0|0|0|0|0|0|0|0|0|0|0|0|0|0|0|0|0]
35402000,DIFFUSION GATLING CANNON - GX-67 WISDOM (Left),0,0,0,[0|0|0],34020,0,0,4190,0,0,0,0,0,0,0,0,100,0,0,0,-1,-1,-1,-1,-1,-1,-1,-1,-1,-1,-1,-1,-1,-1,-1,-1,-1,-1,-1,-1,-1,-1,-1,1,1,1,1,0,0,0,5199,0,100,100,0,-1,100,0,0,0,100,0,0,0,0,0,-1,16,0,0,7,3,21,0,0,0,100,0,0,999,0,0,0,0,0,0,0,0,0,0,0,0,0,0,0,0,0,0,0,0,0,0,0,1,0,1,0,0,0,0,0,0,0,0,0,0,1,0,1,0,0,0,0,0,0,0,0,1,0,1,1,1,1,0,0,100,1,1,0,0,-1,-1,-1,-1,-1,-1,-1,-1,-1,-1,-1,-1,-1,-1,-1,-1,-1,-1,-1,-1,-1,-1,-1,-1,0,0,300,0,0,0,0,0,0,0,0,0,0,0,1,1,0,0,0,0,0,0,0,0,0,0,0,0,0,0,0,-1,-1,-1,-1,-1,-1,-1,-1,-1,0,-1,0,0,-1,0,0,0,0,0,-1,-1,-1,0,[0|0|0|0],-1,-1,-1,-1,150,-1,-1,-1,1,1,1,1,1,1,1,1,1,-1,-1,-1,-1,-1,0,-1,0,1,0,0,0,0,1,1,1,1,0,0,-1,0,[0|0|0|0],-1,0.5,1,[0|0|0|0],-1,0,0,[0|0|0|0|0|0|0|0],-1,-1,-1,-1,-1,[0|0|0|0],-1,-1,-1,[0|0|0|0|0|0|0|0],-1,-1,-1,[0|0|0|0|0|0|0|0],0,0,0,[0|0|0|0],1800,-1,450,100,1,1,0,-1,4,0,0,10,499,0,-1,0,5,0,-1,[0|0|0|0],0,0,0,0,0,0,0,0,0,0,0,0,0,0,0,0,0,0,0,0,0,0,0,0,0,0,0,0,0,0,0,0,301,[0|0|0|0|0|0|0|0|0|0|0|0],0,0,0,0,0,0,0,0,0,0,0,0,0,0,-1,0,0,0,0,-1,-1,-1,-1,-1,-1,-1,-1,-1,-1,-1,-1,0,0,-1,0,0,0,0,0,0,0,0,[0|0],35400000,0,0,-1,0,0,-1,1,1,1,1,1,1,1,1,0,0,0,0,0,0,0,0,0,0,0,0,0,0,0,0,0,0,0,0,0,0,0,0,0,[0|0],0,0,0,[0|0|0],0,0,0,-1,[0|0|0|0],10,1090,0,0,0,-1,-1,-1,-1,-1,-1,-1,-1,-1,-1,0,0,0,0,0,0,0,0,0,-1,[0|0],360,0,0,0,[0|0|0],0,0,0,0,0,-1,-1,-1,-1,-1,-1,[0|0|0|0],0,0,0,0,0,[0|0|0],0,0,0,0,0,0,0,0,0,0,0,0,0,0,0,0,0,0,0,0,0,0,0,0,0,0,0,0,0,0,0,0,0,0,[0|0|0],0,0,0,0,3010,[0|0|0|0],1,0,0,0,0,[0|0|0],0,0,0,0,0,-1,-1,-1,-1,1,0,0,0,0,0,0,0,0,0,210,90,0.12,0.8,0,-1,0,0,1,0,0,1,0,0,0,0,0,0,0,0,1,1,0,0,-1,0,-1,0,0,0,0,1,0,0,0,0,0,0,0,0,1,1,0,0,0,0,-1,1,1,8240,0,0,0,0,0,0,1,-1,0,0,1,0,0,0,0,1,0,0,0,0,1,-1,[0|0|0|0|0|0|0|0|0|0|0|0|0|0|0|0|0|0|0|0|0|0|0|0|0|0|0|0]
75000000,EXPANSION - ASSAULT ARMOR,0,0,0,[0|0|0],70000,7500000,0,0,0,0,0,0,0,0,0,0,100,0,0,0,-1,-1,-1,-1,-1,-1,-1,-1,-1,-1,-1,-1,-1,-1,-1,-1,-1,-1,-1,-1,-1,-1,-1,1,1,1,1,0,0,0,9013,0,100,100,0,-1,0,100,0,100,100,0,0,0,0,0,-1,16,0,0,7,0,15,0,0,0,100,0,0,999,0,0,0,0,0,0,0,0,0,0,0,0,0,0,0,0,0,0,0,0,0,0,0,1,0,0,0,0,0,0,0,0,0,0,0,0,1,0,1,0,0,0,0,0,0,0,0,1,0,1,1,0,0,0,0,100,1,1,0,0,-1,-1,-1,-1,-1,-1,-1,-1,-1,-1,-1,-1,-1,-1,-1,-1,-1,-1,-1,-1,-1,-1,-1,-1,0,0,-1,0,0,0,0,0,0,0,0,0,0,0,1,1,0,0,0,0,0,0,0,0,0,0,0,0,0,0,0,-1,-1,-1,-1,-1,-1,-1,-1,-1,0,-1,0,0,-1,0,0,0,0,0,-1,-1,-1,0,[0|0|0|0],-1,-1,-1,-1,-1,-1,-1,-1,1,1,1,1,1,1,1,1,1,-1,-1,-1,-1,-1,0,-1,0,1,0,0,0,0,1,1,1,1,0,0,-1,0,[0|0|0|0],-1,1,1,[0|0|0|0],-1,0,0,[0|0|0|0|0|0|0|0],-1,-1,-1,-1,-1,[0|0|0|0],-1,-1,-1,[0|0|0|0|0|0|0|0],-1,-1,-1,[0|0|0|0|0|0|0|0],0,0,0,[0|0|0|0],1,-1,0,100,1,1,0,-1,7,0,0,0,0,0,-1,0,0,0,-1,[0|0|0|0],0,0,0,0,0,0,0,0,0,0,0,0,0,0,0,0,0,0,0,0,0,0,0,0,0,0,0,0,0,0,0,0,0,[0|0|0|0|0|0|0|0|0|0|0|0],0,0,0,0,0,0,0,0,0,0,0,0,0,0,-1,0,0,0,0,-1,-1,-1,-1,-1,-1,-1,-1,-1,-1,-1,-1,0,0,-1,0,0,0,0,0,0,0,0,[0|0],75000000,0,0,-1,0,0,-1,1,1,1,1,1,1,1,1,0,0,0,0,0,0,0,0,0,0,0,0,0,0,0,0,0,0,0,0,0,0,0,0,0,[0|0],0,0,0,[0|0|0],0,0,0,-1,[0|0|0|0],0,2000,0,0,0,-1,-1,-1,-1,-1,-1,-1,-1,-1,-1,0,0,0,3000,3000,0,3000,0,35,-1,[0|0],360,0,0,0,[0|0|0],0,0,0,0,0,-1,-1,-1,-1,-1,-1,[0|0|0|0],0,0,0,0,0,[0|0|0],0,0,0,0,0,0,0,0,0,0,0,0,0,0,0,0,0,0,0,0,0,0,0,0,0,0,0,0,0,0,0,0,0,0,[0|0|0],0,0,0,0,0,[0|0|0|0],1,0,0,0,0,[0|0|0],0,0,0,0,0,-1,-1,-1,-1,1,0,0,0,0,0,0,0,0,0,0,100,0,0,0,-1,0,1,0,1,255,1,1,1,1,1,1,1,1,1,1,1,0,0,-1,0,-1,0,0,0,0,1,0,0,0,0,0,0,0,0,1,1,0,0,0,0,-1,1,1,8400,0,0,1,0,0,0,1,-1,0,0,1,0,0,0,0,1,0,0,0,0,1,-1,[0|0|0|0|0|0|0|0|0|0|0|0|0|0|0|0|0|0|0|0|0|0|0|0|0|0|0|0]
75001000,EXPANSION - PLASMA ARMOR,0,0,0,[0|0|0],70010,7500001,0,0,0,0,0,0,0,0,0,0,100,0,0,0,-1,-1,-1,-1,-1,-1,-1,-1,-1,-1,-1,-1,-1,-1,-1,-1,-1,-1,-1,-1,-1,-1,-1,1,1,1,1,0,0,0,9015,0,100,100,0,-1,0,100,0,100,100,0,0,0,0,0,-1,16,0,0,7,0,15,0,0,0,100,0,0,999,0,0,0,0,0,0,0,0,0,0,0,0,0,0,0,0,0,0,0,0,0,0,0,1,0,0,0,0,0,0,0,0,0,0,0,0,1,0,1,0,0,0,0,0,0,0,0,1,0,1,1,0,0,0,0,100,1,1,0,0,-1,-1,-1,-1,-1,-1,-1,-1,-1,-1,-1,-1,-1,-1,-1,-1,-1,-1,-1,-1,-1,-1,-1,-1,0,0,-1,0,0,0,0,0,0,0,0,0,0,0,1,1,0,0,0,0,0,0,0,0,0,0,0,0,0,0,0,-1,-1,-1,-1,-1,-1,-1,-1,-1,0,-1,0,0,-1,0,0,0,0,0,-1,-1,-1,0,[0|0|0|0],-1,-1,-1,-1,-1,-1,-1,-1,1,1,1,1,1,1,1,1,1,-1,-1,-1,-1,-1,0,-1,0,1,0,0,0,0,1,1,1,1,0,0,-1,0,[0|0|0|0],-1,1,1,[0|0|0|0],-1,0,0,[0|0|0|0|0|0|0|0],-1,-1,-1,-1,-1,[0|0|0|0],-1,-1,-1,[0|0|0|0|0|0|0|0],-1,-1,-1,[0|0|0|0|0|0|0|0],0,0,0,[0|0|0|0],2,-1,0,100,1,1,0,-1,7,0,0,0,0,0,-1,0,0,0,-1,[0|0|0|0],0,0,0,0,0,0,0,0,0,0,0,0,0,0,0,0,0,0,0,0,0,0,0,0,0,0,0,0,0,0,0,0,0,[0|0|0|0|0|0|0|0|0|0|0|0],0,0,0,0,0,0,0,0,0,0,0,0,0,0,-1,0,0,0,0,-1,-1,-1,-1,-1,-1,-1,-1,-1,-1,-1,-1,0,0,-1,0,0,0,0,0,0,0,0,[0|0],75000000,0,0,-1,0,0,-1,1,1,1,1,1,1,1,1,0,0,0,0,0,0,0,0,0,0,0,0,0,0,0,0,0,0,0,0,0,0,0,0,0,[0|0],0,0,0,[0|0|0],0,0,0,-1,[0|0|0|0],0,2001,0,0,0,-1,-1,-1,-1,-1,-1,-1,-1,-1,-1,0,0,0,3000,3000,0,3000,0,35,-1,[0|0],360,0,0,0,[0|0|0],0,0,0,0,0,-1,-1,-1,-1,-1,-1,[0|0|0|0],0,0,0,0,0,[0|0|0],0,0,0,0,0,0,0,0,0,0,0,0,0,0,0,0,0,0,0,0,0,0,0,0,0,0,0,0,0,0,0,0,0,0,[0|0|0],0,0,0,0,0,[0|0|0|0],1,0,0,0,0,[0|0|0],0,0,0,0,0,-1,-1,-1,-1,1,0,0,0,0,0,0,0,0,0,0,100,0,0,0,-1,0,0,0,0,0,1,0,0,0,0,0,0,0,0,1,1,0,0,-1,0,-1,0,0,0,0,1,0,0,0,0,0,0,0,0,1,1,0,0,0,0,-1,1,1,8400,0,0,1,0,0,0,1,-1,0,0,1,0,0,0,0,1,0,0,0,0,1,-1,[0|0|0|0|0|0|0|0|0|0|0|0|0|0|0|0|0|0|0|0|0|0|0|0|0|0|0|0]
75010000,EXPANSION - PULSE ARMOR,0,0,0,[0|0|0],70100,7501000,0,0,0,0,0,0,0,0,0,0,100,100,100,100,-1,-1,-1,-1,-1,-1,-1,-1,-1,-1,-1,-1,-1,-1,-1,-1,-1,-1,-1,-1,-1,-1,-1,1,1,1,1,0,0,0,9012,0,100,100,0,-1,0,0,0,0,100,0,0,0,0,0,-1,16,0,0,7,0,15,0,0,0,102,0,0,999,0,0,0,0,0,0,0,0,0,0,0,0,0,0,0,0,100,100,100,0,0,0,0,1,0,0,0,0,0,0,0,0,0,0,0,0,1,0,1,0,0,0,0,0,0,0,0,1,0,1,1,0,0,0,0,102,1,1,0,0,-1,-1,-1,-1,-1,-1,-1,-1,-1,-1,-1,-1,-1,-1,-1,-1,-1,-1,-1,-1,-1,-1,-1,-1,0,0,-1,0,0,0,0,0,0,0,0,0,0,0,1,1,0,0,0,0,0,0,0,0,0,0,0,0,0,0,0,-1,-1,-1,-1,-1,-1,-1,-1,-1,0,-1,0,0,-1,0,0,0,0,0,-1,-1,-1,0,[0|0|0|0],-1,-1,-1,-1,-1,-1,-1,-1,1,1,1,1,1,1,1,1,1,-1,-1,-1,-1,-1,0,-1,0,1,0,0,0,0,1,1,1,1,0,0,-1,0,[0|0|0|0],-1,1,1,[0|0|0|0],-1,0,0,[0|0|0|0|0|0|0|0],-1,-1,-1,-1,-1,[0|0|0|0],-1,-1,-1,[0|0|0|0|0|0|0|0],-1,-1,-1,[0|0|0|0|0|0|0|0],0,0,0,[0|0|0|0],1,-1,0,100,1,1,0,-1,7,0,0,0,0,0,-1,0,0,100,-1,[0|0|0|0],0,0,0,0,0,0,0,0,0,0,0,0,0,0,0,0,0,0,0,0,0,0,0,0,0,0,0,0,0,0,0,0,0,[0|0|0|0|0|0|0|0|0|0|0|0],0,0,100,100,100,100,0,100,100,100,0,0,0,0,-1,0,0,180,180,990080,2280,990081,2280,990083,2280,990082,2280,-1,-1,-1,-1,102,102,-1,0,0,0,0,0,0,0,0,[0|0],75010000,0,0,-1,0,0,-1,1,1,1,1,1,1,1,1,0,0,0,0,0,0,0,0,0,0,0,0,0,0,0,0,0,0,0,0,0,0,0,0,0,[0|0],0,0,0,[0|0|0],0,0,0,-1,[0|0|0|0],0,2010,0,0,0,-1,-1,-1,-1,-1,-1,-1,-1,-1,-1,100,0,0,3300,3300,0,3300,0,25,-1,[0|0],360,0,0,0,[0|0|0],0,0,0,1.5,0,990081,2280,-1,-1,-1,-1,[0|0|0|0],330,0,0,100,1,[0|0|0],0,0,0,0,0,0,0,0,0,0,0,0,0,0,0,0,0,0,0,0,0,0,0,0,0,0,0,0,0,0,0,0,0,0,[0|0|0],0,0,0,0,0,[0|0|0|0],1,0,0,0,0,[0|0|0],0,0,0,0,0,-1,-1,-1,-1,1,0,0,0,0,0,0,0,0,0,0,100,0,0,0,-1,0,0,0,0,0,1,0,0,0,0,0,0,0,0,1,1,0,0,-1,0,-1,0,0,0,0,1,0,0,0,0,0,0,0,0,1,1,0,0,0,0,-1,1,1,8401,1,0,0,0,0,0,1,2280,9.5,9.5,1,0,0,0,0,1,0,0,0,0,1,-1,[0|0|0|0|0|0|0|0|0|0|0|0|0|0|0|0|0|0|0|0|0|0|0|0|0|0|0|0]
75011000,EXPANSION - ENERGY EXPULSION,0,0,0,[0|0|0],70110,7509001,0,0,0,0,0,0,0,0,0,0,100,100,100,100,999600001,-1,-1,999600000,-1,-1,-1,-1,-1,-1,-1,-1,-1,-1,-1,-1,-1,-1,-1,-1,-1,-1,-1,1,1,1,1,0,0,0,9014,0,100,100,0,-1,0,100,0,100,100,0,0,0,0,0,-1,16,0,0,7,0,15,0,0,0,102,0,0,999,0,0,0,0,0,0,0,0,0,0,0,0,0,0,0,0,100,100,100,0,0,0,0,1,0,0,0,0,0,0,0,0,0,0,0,0,1,0,1,0,0,0,0,0,0,0,0,1,0,1,1,0,0,0,0,102,1,1,0,0,-1,-1,-1,-1,-1,-1,-1,-1,-1,-1,-1,-1,-1,-1,-1,-1,-1,-1,-1,-1,-1,-1,-1,-1,0,0,-1,0,0,0,0,0,0,0,0,0,0,0,1,1,0,0,0,0,0,0,0,0,0,0,0,0,0,0,0,-1,-1,-1,-1,-1,-1,-1,-1,-1,0,-1,0,0,-1,0,0,0,0,0,-1,-1,-1,0,[0|0|0|0],-1,-1,-1,-1,-1,-1,-1,-1,1,1,1,1,1,1,1,1,1,-1,-1,-1,-1,-1,0,-1,0,1,0,0,0,0,1,1,1,1,0,0,-1,0,[0|0|0|0],-1,1,1,[0|0|0|0],-1,0,0,[0|0|0|0|0|0|0|0],-1,-1,-1,-1,-1,[0|0|0|0],-1,-1,-1,[0|0|0|0|0|0|0|0],-1,-1,-1,[0|0|0|0|0|0|0|0],0,0,0,[0|0|0|0],4,-1,0,100,1,1,0,-1,7,0,0,0,0,0,-1,0,0,100,-1,[0|0|0|0],0,0,0,0,0,0,0,0,0,0,0,0,0,0,0,0,0,0,0,0,0,0,0,0,0,0,0,0,0,0,0,0,0,[0|0|0|0|0|0|0|0|0|0|0|0],0,0,100,100,100,100,0,100,100,100,0,0,0,0,-1,0,0,180,180,990080,2280,990081,2280,990083,2280,990082,2280,-1,-1,-1,-1,102,102,-1,0,0,0,0,0,0,0,0,[0|0],75010000,0,0,-1,0,0,-1,1,1,1,1,1,1,1,1,0,0,0,0,0,0,0,0,0,0,0,0,0,0,0,0,0,0,0,0,0,0,0,0,0,[0|0],0,0,0,[0|0|0],0,0,0,-1,[0|0|0|0],0,2010,0,0,0,-1,-1,-1,-1,-1,-1,-1,-1,-1,-1,100,0,0,4600,4600,0,4600,0,35,-1,[0|0],360,0,0,0,[0|0|0],0,0,0,1.5,0,990081,2280,-1,-1,-1,-1,[0|0|0|0],75,0,0,100,1,[0|0|0],0,0,0,0,0,0,0,0,0,0,0,0,0,0,0,0,0,0,0,0,0,0,0,0,0,0,0,0,0,0,0,0,0,0,[0|0|0],0,0,0,0,0,[0|0|0|0],1,0,0,0,0,[0|0|0],0,0,0,0,0,-1,-1,-1,-1,1,0,0,0,0,0,0,0,0,0,0,100,0,0,0,-1,0,0,0,0,0,1,0,0,0,0,0,0,0,0,1,1,0,0,-1,0,-1,0,0,0,0,1,0,0,0,0,0,0,0,0,1,1,0,0,0,0,-1,1,1,8401,1,0,0,0,0,0,1,2280,9.5,9.5,1,0,0,0,0,1,0,0,0,0,1,-1,[0|0|0|0|0|0|0|0|0|0|0|0|0|0|0|0|0|0|0|0|0|0|0|0|0|0|0|0]
75020000,EXPANSION - PULSE PROTECTION,0,0,0,[0|0|0],70200,7502000,0,0,0,0,0,0,0,0,0,0,100,0,0,0,-1,-1,-1,-1,-1,-1,-1,-1,-1,-1,-1,-1,-1,-1,-1,-1,-1,-1,-1,-1,-1,-1,-1,1,1,1,1,0,0,0,9011,0,100,100,0,-1,0,0,0,0,100,0,0,0,0,0,-1,16,0,0,7,0,15,0,0,0,102,0,0,999,0,0,0,0,0,0,0,0,0,0,0,0,0,0,0,0,0,0,0,0,0,0,0,1,0,0,0,0,0,0,0,0,0,0,0,0,1,0,1,0,0,0,0,0,0,0,0,1,0,1,1,0,0,0,0,102,1,1,0,0,-1,-1,-1,-1,-1,-1,-1,-1,-1,-1,-1,-1,-1,-1,-1,-1,-1,-1,-1,-1,-1,-1,-1,-1,0,0,-1,0,0,0,0,0,0,0,0,0,0,0,1,1,0,0,0,0,0,0,0,0,0,0,0,0,0,0,0,-1,-1,-1,-1,-1,-1,-1,-1,-1,0,-1,0,0,-1,0,0,0,0,0,-1,-1,-1,0,[0|0|0|0],-1,-1,-1,-1,-1,-1,-1,-1,1,1,1,1,1,1,1,1,1,-1,-1,-1,-1,-1,0,-1,0,1,0,0,0,0,1,1,1,1,0,0,-1,0,[0|0|0|0],-1,1,1,[0|0|0|0],-1,0,0,[0|0|0|0|0|0|0|0],-1,-1,-1,-1,-1,[0|0|0|0],-1,-1,-1,[0|0|0|0|0|0|0|0],-1,-1,-1,[0|0|0|0|0|0|0|0],0,0,0,[0|0|0|0],1,-1,0,100,1,1,0,-1,7,0,0,0,0,0,-1,0,0,0,-1,[0|0|0|0],0,0,0,0,0,0,0,0,0,0,0,0,0,0,0,0,0,0,0,0,0,0,0,0,0,0,0,0,0,0,0,0,0,[0|0|0|0|0|0|0|0|0|0|0|0],0,0,0,0,0,0,0,0,0,0,0,0,0,0,-1,0,0,0,0,-1,-1,-1,-1,-1,-1,-1,-1,-1,-1,-1,-1,102,102,-1,0,0,0,0,0,0,0,0,[0|0],75020000,0,0,-1,0,0,-1,1,1,1,1,1,1,1,1,0,0,0,0,0,0,0,0,0,0,0,0,0,0,0,0,0,0,0,0,0,0,0,0,0,[0|0],0,0,0,[0|0|0],0,0,0,-1,[0|0|0|0],0,2020,0,0,0,-1,-1,-1,-1,-1,-1,-1,-1,-1,-1,0,0,0,9000,9000,0,9000,0,20,-1,[0|0],360,0,0,0,[0|0|0],0,0,0,0,0,-1,-1,-1,-1,-1,-1,[0|0|0|0],280,0,0,0,0,[0|0|0],0,0,0,0,0,0,0,0,0,0,0,0,0,0,0,0,0,0,0,0,0,0,0,0,0,0,0,0,0,0,0,0,0,0,[0|0|0],0,0,0,0,0,[0|0|0|0],1,0,0,0,0,[0|0|0],50,9000,-200,102,102,990080,990081,990082,990083,1,0,0,0,0,0,0,0,0,0,0,100,0,0,0,-1,0,0,0,0,0,1,0,0,0,0,0,0,0,0,1,1,0,0,-1,0,-1,0,0,0,0,1,0,0,0,0,0,0,0,0,1,1,0,0,0,0,-1,1,1,8402,0,0,0,0,0,0,1,-1,0,0,1,0,0,0,0,1,0,0,0,0,1,-1,[0|0|0|0|0|0|0|0|0|0|0|0|0|0|0|0|0|0|0|0|0|0|0|0|0|0|0|0]
75030000,EXPANSION - TERMINAL ARMOR,0,0,0,[0|0|0],70300,7503000,0,0,0,0,0,0,0,0,0,0,100,100,100,100,-1,-1,-1,-1,-1,-1,-1,-1,-1,-1,-1,-1,-1,-1,-1,-1,-1,-1,-1,-1,-1,-1,-1,1,1,1,1,0,0,0,9010,0,100,100,0,-1,0,0,0,0,100,0,0,0,0,0,-1,16,0,0,7,0,15,0,0,0,102,0,0,999,0,0,0,0,0,0,0,0,0,0,0,0,0,0,0,0,100,100,100,0,0,0,0,1,0,0,0,0,0,0,0,0,0,0,0,0,1,0,1,0,0,0,0,0,0,0,0,1,0,1,1,0,0,0,0,102,1,1,0,0,-1,-1,-1,-1,-1,-1,-1,-1,-1,-1,-1,-1,-1,-1,-1,-1,-1,-1,-1,-1,-1,-1,-1,-1,0,0,-1,0,0,0,0,0,0,0,0,0,0,0,1,1,0,0,0,0,0,0,0,0,0,0,0,0,0,0,0,-1,-1,-1,-1,-1,-1,-1,-1,-1,0,-1,0,0,-1,0,0,0,0,0,-1,-1,-1,0,[0|0|0|0],-1,-1,-1,-1,-1,-1,-1,-1,1,1,1,1,1,1,1,1,1,-1,-1,-1,-1,-1,0,-1,0,1,0,0,0,0,1,1,1,1,0,0,-1,0,[0|0|0|0],-1,1,1,[0|0|0|0],-1,0,0,[0|0|0|0|0|0|0|0],-1,-1,-1,-1,-1,[0|0|0|0],-1,-1,-1,[0|0|0|0|0|0|0|0],-1,-1,-1,[0|0|0|0|0|0|0|0],0,0,0,[0|0|0|0],1,-1,0,100,1,1,0,-1,7,0,0,0,0,0,-1,0,0,100,-1,[0|0|0|0],0,0,0,0,0,0,0,0,0,0,0,0,0,0,0,0,0,0,0,0,0,0,0,0,0,0,0,0,0,0,0,0,0,[0|0|0|0|0|0|0|0|0|0|0|0],0,0,100,100,100,100,0,100,100,100,0,0,0,0,-1,0,0,180,180,990080,2280,990081,2280,990083,2280,990082,2280,-1,-1,-1,-1,102,102,-1,0,0,0,0,0,0,0,0,[0|0],75030000,0,0,-1,0,0,-1,1,1,1,1,1,1,1,1,0,0,0,0,0,0,0,0,0,0,0,0,0,0,0,0,0,0,0,0,0,0,0,0,0,[0|0],0,0,0,[0|0|0],0,0,0,-1,[0|0|0|0],0,2030,0,0,0,-1,-1,-1,-1,-1,-1,-1,-1,-1,-1,100,0,0,20000,20000,0,20000,0,30,-1,[0|0],360,0,0,0,[0|0|0],0,0,0,1.5,0,990081,2280,-1,-1,-1,-1,[0|0|0|0],4000,0,0,100,1,[0|0|0],0,0,0,0,0,0,0,0,0,0,0,0,0,0,0,0,0,0,0,0,0,0,0,0,0,0,0,0,0,0,0,0,0,0,[0|0|0],0,0,0,0,0,[0|0|0|0],0,0,0,0,0,[0|0|0],0,0,0,0,0,-1,-1,-1,-1,1,0,0,0,0,0,0,0,0,0,0,100,0,0,0,-1,0,0,0,0,0,1,0,0,0,0,0,0,0,0,1,1,0,0,-1,0,-1,0,0,0,0,1,0,0,0,0,0,0,0,0,1,1,0,0,0,0,-1,1,1,8403,1,0,0,0,0,0,1,2280,9.5,9.5,1,0,0,0,0,1,0,0,0,0,1,-1,[0|0|0|0|0|0|0|0|0|0|0|0|0|0|0|0|0|0|0|0|0|0|0|0|0|0|0|0]
75040000,EXPANSION - ENERGY ASSAULT,0,0,0,[0|0|0],70400,7503100,0,0,0,0,0,0,0,0,0,0,100,0,0,0,-1,-1,-1,-1,-1,-1,-1,-1,-1,-1,-1,-1,-1,-1,-1,-1,-1,-1,-1,-1,-1,-1,-1,1,1,1,1,0,0,0,9014,0,100,100,0,-1,0,100,0,100,100,0,0,0,0,0,-1,16,0,0,7,0,15,0,0,0,100,0,0,999,0,0,0,0,0,0,0,0,0,0,0,0,0,0,0,0,0,0,0,0,0,0,0,1,0,0,0,0,0,0,0,0,0,0,0,0,1,0,1,0,0,0,0,0,0,0,0,1,0,1,1,0,0,0,0,100,1,1,0,0,-1,-1,-1,-1,-1,-1,-1,-1,-1,-1,-1,-1,-1,-1,-1,-1,-1,-1,-1,-1,-1,-1,-1,-1,0,0,-1,0,0,0,0,0,0,0,0,0,0,0,1,1,0,0,0,0,0,0,0,0,0,0,0,0,0,0,0,-1,-1,-1,-1,-1,-1,-1,-1,-1,0,-1,0,0,-1,0,0,0,0,0,-1,-1,-1,0,[0|0|0|0],-1,-1,-1,-1,-1,-1,-1,-1,1,1,1,1,1,1,1,1,1,-1,-1,-1,-1,-1,0,-1,0,1,0,0,0,0,1,1,1,1,0,0,-1,0,[0|0|0|0],-1,1,1,[0|0|0|0],-1,0,0,[0|0|0|0|0|0|0|0],-1,-1,-1,-1,-1,[0|0|0|0],-1,-1,-1,[0|0|0|0|0|0|0|0],-1,-1,-1,[0|0|0|0|0|0|0|0],0,0,0,[0|0|0|0],3,-1,0,100,1,1,0,-1,7,0,0,0,0,0,-1,0,0,0,-1,[0|0|0|0],0,0,0,0,0,0,0,0,0,0,0,0,0,0,0,0,0,0,0,0,0,0,0,0,0,0,0,0,0,0,0,0,0,[0|0|0|0|0|0|0|0|0|0|0|0],0,0,0,0,0,0,0,0,0,0,0,0,0,0,-1,0,0,0,0,-1,-1,-1,-1,-1,-1,-1,-1,-1,-1,-1,-1,0,0,-1,0,0,0,0,0,0,0,0,[0|0],75000000,0,0,-1,0,0,-1,1,1,1,1,1,1,1,1,0,0,0,0,0,0,0,0,0,0,0,0,0,0,0,0,0,0,0,0,0,0,0,0,0,[0|0],0,0,0,[0|0|0],0,0,0,-1,[0|0|0|0],0,2000,0,0,0,-1,-1,-1,-1,-1,-1,-1,-1,-1,-1,0,0,0,3000,3000,0,3000,0,30,-1,[0|0],360,0,0,0,[0|0|0],0,0,0,0,0,-1,-1,-1,-1,-1,-1,[0|0|0|0],0,0,0,0,0,[0|0|0],0,0,0,0,0,0,0,0,0,0,0,0,0,0,0,0,0,0,0,0,0,0,0,0,0,0,0,0,0,0,0,0,0,0,[0|0|0],0,0,0,0,0,[0|0|0|0],1,0,0,0,0,[0|0|0],0,0,0,0,0,-1,-1,-1,-1,1,0,0,0,0,0,0,0,0,0,0,100,0,0,0,-1,0,0,0,0,255,1,0,0,0,0,0,0,0,0,1,1,0,0,-1,0,-1,0,0,0,0,1,0,0,0,0,0,0,0,0,1,1,0,0,0,0,-1,1,1,8400,0,0,1,0,0,0,1,-1,0,0,1,0,0,0,0,1,0,0,0,0,1,-1,[0|0|0|0|0|0|0|0|0|0|0|0|0|0|0|0|0|0|0|0|0|0|0|0|0|0|0|0]
75050000,EXPANSION - ORBITAL PRECISION STRIKE,0,0,0,[0|0|0],70500,7503200,0,0,0,0,0,0,0,0,0,0,100,0,0,0,-1,-1,-1,-1,-1,-1,-1,-1,-1,-1,-1,-1,-1,-1,-1,-1,-1,-1,-1,-1,-1,-1,-1,1,1,1,1,0,0,0,9016,0,100,100,0,-1,0,100,0,100,100,0,0,0,0,0,-1,16,0,0,7,0,15,0,0,0,100,0,0,999,0,0,0,0,0,0,0,0,0,0,0,0,0,0,0,0,0,0,0,0,0,0,0,1,0,0,0,0,0,0,0,0,0,0,0,0,1,0,1,0,0,0,0,0,0,0,0,1,0,1,1,0,0,0,0,100,1,1,0,0,-1,-1,-1,-1,-1,-1,-1,-1,-1,-1,-1,-1,-1,-1,-1,-1,-1,-1,-1,-1,-1,-1,-1,-1,0,0,-1,0,0,0,0,0,0,0,0,0,0,0,1,1,0,0,0,0,0,0,0,0,0,0,0,0,0,0,0,-1,-1,-1,-1,-1,-1,-1,-1,-1,0,-1,0,0,-1,0,0,0,0,0,-1,-1,-1,0,[0|0|0|0],-1,-1,-1,-1,-1,-1,-1,-1,1,1,1,1,1,1,1,1,1,-1,-1,-1,-1,-1,0,-1,0,1,0,0,0,0,1,1,1,1,0,0,-1,0,[0|0|0|0],-1,1,1,[0|0|0|0],-1,0,0,[0|0|0|0|0|0|0|0],-1,-1,-1,-1,-1,[0|0|0|0],-1,-1,-1,[0|0|0|0|0|0|0|0],-1,-1,-1,[0|0|0|0|0|0|0|0],0,0,0,[0|0|0|0],2,-1,99999,100,1,1,0,-1,7,0,0,0,0,0,-1,0,0,0,-1,[0|0|0|0],0,0,0,0,0,0,0,0,0,0,0,0,0,0,0,0,0,0,0,0,0,0,0,0,0,0,0,0,0,0,0,0,0,[0|0|0|0|0|0|0|0|0|0|0|0],0,0,0,0,0,0,0,0,0,0,0,0,0,0,-1,0,0,0,0,-1,-1,-1,-1,-1,-1,-1,-1,-1,-1,-1,-1,0,0,-1,0,0,0,0,0,0,0,0,[0|0],75000000,0,0,-1,0,0,-1,1,1,1,1,1,1,1,1,0,0,0,0,0,0,0,0,0,0,0,0,0,0,0,0,0,0,0,0,0,0,0,0,0,[0|0],0,0,0,[0|0|0],0,0,0,-1,[0|0|0|0],0,2002,0,0,0,-1,-1,-1,-1,-1,-1,-1,-1,-1,-1,0,0,0,3000,3000,0,3000,0,22,-1,[0|0],360,0,0,0,[0|0|0],0,0,0,0,0,-1,-1,-1,-1,-1,-1,[0|0|0|0],0,0,0,0,0,[0|0|0],0,0,0,0,0,0,0,0,0,0,0,0,0,0,0,0,0,0,0,0,0,0,0,0,0,0,0,0,0,0,0,0,0,0,[0|0|0],0,0,0,0,0,[0|0|0|0],1,0,0,0,0,[0|0|0],0,0,0,0,0,-1,-1,-1,-1,1,0,0,0,0,0,0,0,0,0,0,100,0,0,0,-1,0,2,0,1,255,1,2,2,2,1,1,2,0,0,1,1,0,0,-1,0,-1,0,0,0,0,1,0,0,0,0,0,0,0,0,1,1,0,0,0,0,-1,1,1,8400,0,0,1,0,0,0,1,-1,0,0,1,0,0,0,0,1,0,0,0,0,1,-1,[0|0|0|0|0|0|0|0|0|0|0|0|0|0|0|0|0|0|0|0|0|0|0|0|0|0|0|0]
75060000,EXPANSION - REDSTEEL FRAMEWORK,0,0,0,[0|0|0],70600,7501001,0,0,0,0,0,0,0,0,0,0,100,0,0,0,-1,-1,-1,-1,-1,-1,-1,-1,-1,-1,-1,-1,-1,-1,-1,-1,-1,-1,-1,-1,-1,-1,-1,1,1,1,1,0,0,0,9017,0,100,100,0,-1,0,0,0,0,100,0,0,0,0,0,-1,16,0,0,7,0,15,0,0,0,100,0,0,999,0,0,0,0,0,0,0,0,0,0,0,0,0,0,0,0,0,0,0,0,0,0,0,1,0,0,0,0,0,0,0,0,0,0,0,0,1,0,1,0,0,0,0,0,0,0,0,1,0,1,1,0,0,0,0,100,1,1,0,0,-1,-1,-1,-1,-1,-1,-1,-1,-1,-1,-1,-1,-1,-1,-1,-1,-1,-1,-1,-1,-1,-1,-1,-1,0,0,-1,0,0,0,0,0,0,0,0,0,0,0,1,1,0,0,0,0,0,0,0,0,0,0,0,0,0,0,0,-1,-1,-1,-1,-1,-1,-1,-1,-1,0,-1,0,0,-1,0,0,0,0,0,-1,-1,-1,0,[0|0|0|0],-1,-1,-1,-1,-1,-1,-1,-1,1,1,1,1,1,1,1,1,1,-1,-1,-1,-1,-1,0,-1,0,1,0,0,0,0,1,1,1,1,0,0,-1,0,[0|0|0|0],-1,1,1,[0|0|0|0],-1,0,0,[0|0|0|0|0|0|0|0],-1,-1,-1,-1,-1,[0|0|0|0],-1,-1,-1,[0|0|0|0|0|0|0|0],-1,-1,-1,[0|0|0|0|0|0|0|0],0,0,0,[0|0|0|0],1,-1,0,100,1,1,0,-1,7,0,0,0,0,0,-1,0,0,0,-1,[0|0|0|0],0,0,0,0,0,0,0,0,0,0,0,0,0,0,0,0,0,0,0,0,0,0,0,0,0,0,0,0,0,0,0,0,0,[0|0|0|0|0|0|0|0|0|0|0|0],0,0,0,0,0,0,0,0,0,0,0,0,0,0,-1,0,0,0,0,-1,-1,-1,-1,-1,-1,-1,-1,-1,-1,-1,-1,0,0,-1,0,0,0,0,0,0,0,0,[0|0],75060000,0,0,-1,0,0,-1,1,1,1,1,1,1,1,1,0,0,0,0,0,0,0,0,0,0,0,0,0,0,0,0,0,0,0,0,0,0,0,0,0,[0|0],0,0,0,[0|0|0],0,0,0,-1,[0|0|0|0],0,2003,0,0,0,-1,-1,-1,-1,-1,-1,-1,-1,-1,-1,0,0,0,3000,3000,0,3000,0,60,-1,[0|0],360,0,0,0,[0|0|0],0,0,0,0,0,-1,-1,-1,-1,-1,-1,[0|0|0|0],0,0,0,0,0,[0|0|0],0,0,0,0,0,0,0,0,0,0,0,0,0,0,0,0,0,0,0,0,0,0,0,0,0,0,0,0,0,0,0,0,0,0,[0|0|0],0,0,0,0,0,[0|0|0|0],1,0,0,0,0,[0|0|0],0,0,0,0,0,-1,-1,-1,-1,1,0,0,0,0,0,0,0,0,0,0,100,0,0,0,-1,0,1,0,1,255,1,1,1,1,1,1,1,1,1,1,1,0,0,-1,0,-1,0,0,0,0,1,0,0,0,0,0,0,0,0,1,1,0,0,0,0,-1,1,1,8400,0,0,1,0,0,0,1,-1,0,0,1,0,0,0,0,1,0,0,0,0,1,-1,[0|0|0|0|0|0|0|0|0|0|0|0|0|0|0|0|0|0|0|0|0|0|0|0|0|0|0|0]
75070000,EXPANSION - NOTHING EVER HAPPENS,0,0,0,[0|0|0],70700,7509000,0,0,0,0,0,0,0,0,0,0,100,0,0,0,-1,-1,-1,-1,-1,-1,-1,-1,-1,-1,-1,-1,-1,-1,-1,-1,-1,-1,-1,-1,-1,-1,-1,1,1,1,1,0,0,0,9015,0,100,100,0,-1,0,100,0,100,100,0,0,0,0,0,-1,16,0,0,7,0,15,0,0,0,100,0,0,999,0,0,0,0,0,0,0,0,0,0,0,0,0,0,0,0,0,0,0,0,0,0,0,1,0,0,0,0,0,0,0,0,0,0,0,0,1,0,1,0,0,0,0,0,0,0,0,1,0,1,1,0,0,0,0,100,1,1,0,0,-1,-1,-1,-1,-1,-1,-1,-1,-1,-1,-1,-1,-1,-1,-1,-1,-1,-1,-1,-1,-1,-1,-1,-1,0,0,-1,0,0,0,0,0,0,0,0,0,0,0,1,1,0,0,0,0,0,0,0,0,0,0,0,0,0,0,0,-1,-1,-1,-1,-1,-1,-1,-1,-1,0,-1,0,0,-1,0,0,0,0,0,-1,-1,-1,0,[0|0|0|0],-1,-1,-1,-1,-1,-1,-1,-1,1,1,1,1,1,1,1,1,1,-1,-1,-1,-1,-1,0,-1,0,1,0,0,0,0,1,1,1,1,0,0,-1,0,[0|0|0|0],-1,1,1,[0|0|0|0],-1,0,0,[0|0|0|0|0|0|0|0],-1,-1,-1,-1,-1,[0|0|0|0],-1,-1,-1,[0|0|0|0|0|0|0|0],-1,-1,-1,[0|0|0|0|0|0|0|0],0,0,0,[0|0|0|0],1,-1,0,100,1,1,0,-1,7,0,0,0,0,0,-1,0,0,0,-1,[0|0|0|0],0,0,0,0,0,0,0,0,0,0,0,0,0,0,0,0,0,0,0,0,0,0,0,0,0,0,0,0,0,0,0,0,0,[0|0|0|0|0|0|0|0|0|0|0|0],0,0,0,0,0,0,0,0,0,0,0,0,0,0,-1,0,0,0,0,-1,-1,-1,-1,-1,-1,-1,-1,-1,-1,-1,-1,0,0,-1,0,0,0,0,0,0,0,0,[0|0],75000000,0,0,-1,0,0,-1,1,1,1,1,1,1,1,1,0,0,0,0,0,0,0,0,0,0,0,0,0,0,0,0,0,0,0,0,0,0,0,0,0,[0|0],0,0,0,[0|0|0],0,0,0,-1,[0|0|0|0],0,2000,0,0,0,-1,-1,-1,-1,-1,-1,-1,-1,-1,-1,0,0,0,3000,3000,0,3000,0,35,-1,[0|0],360,0,0,0,[0|0|0],0,0,0,0,0,-1,-1,-1,-1,-1,-1,[0|0|0|0],0,0,0,0,0,[0|0|0],0,0,0,0,0,0,0,0,0,0,0,0,0,0,0,0,0,0,0,0,0,0,0,0,0,0,0,0,0,0,0,0,0,0,[0|0|0],0,0,0,0,0,[0|0|0|0],1,0,0,0,0,[0|0|0],0,0,0,0,0,-1,-1,-1,-1,1,0,0,0,0,0,0,0,0,0,0,100,0,0,0,-1,0,1,0,1,255,1,1,1,1,1,1,1,1,1,1,1,0,0,-1,0,-1,0,0,0,0,1,0,0,0,0,0,0,0,0,1,1,0,0,0,0,-1,1,1,8400,0,0,1,0,0,0,1,-1,0,0,1,0,0,0,0,1,0,0,0,0,1,-1,[0|0|0|0|0|0|0|0|0|0|0|0|0|0|0|0|0|0|0|0|0|0|0|0|0|0|0|0]
75080000,EXPANSION - PULSE RESTORATION,0,0,0,[0|0|0],70800,7501002,0,0,0,0,0,0,0,0,0,0,100,0,0,0,-1,-1,-1,-1,-1,-1,-1,-1,-1,-1,-1,-1,-1,-1,-1,-1,-1,-1,-1,-1,-1,-1,-1,1,1,1,1,0,0,0,9018,0,100,100,0,-1,0,0,0,0,100,0,0,0,0,0,-1,16,0,0,7,0,15,0,0,0,100,0,0,999,0,0,0,0,0,0,0,0,0,0,0,0,0,0,0,0,0,0,0,0,0,0,0,1,0,0,0,0,0,0,0,0,0,0,0,0,1,0,1,0,0,0,0,0,0,0,0,1,0,1,1,0,0,0,0,100,1,1,0,0,-1,-1,-1,-1,-1,-1,-1,-1,-1,-1,-1,-1,-1,-1,-1,-1,-1,-1,-1,-1,-1,-1,-1,-1,0,0,-1,0,0,0,0,0,0,0,0,0,0,0,1,1,0,0,0,0,0,0,0,0,0,0,0,0,0,0,0,-1,-1,-1,-1,-1,-1,-1,-1,-1,0,-1,0,0,-1,0,0,0,0,0,-1,-1,-1,0,[0|0|0|0],-1,-1,-1,-1,-1,-1,-1,-1,1,1,1,1,1,1,1,1,1,-1,-1,-1,-1,-1,0,-1,0,1,0,0,0,0,1,1,1,1,0,0,-1,0,[0|0|0|0],-1,1,1,[0|0|0|0],-1,0,0,[0|0|0|0|0|0|0|0],-1,-1,-1,-1,-1,[0|0|0|0],-1,-1,-1,[0|0|0|0|0|0|0|0],-1,-1,-1,[0|0|0|0|0|0|0|0],0,0,0,[0|0|0|0],1,-1,0,100,1,1,0,-1,7,0,0,0,0,0,-1,0,0,0,-1,[0|0|0|0],0,0,0,0,0,0,0,0,0,0,0,0,0,0,0,0,0,0,0,0,0,0,0,0,0,0,0,0,0,0,0,0,0,[0|0|0|0|0|0|0|0|0|0|0|0],0,0,0,0,0,0,0,0,0,0,0,0,0,0,-1,0,0,0,0,-1,-1,-1,-1,-1,-1,-1,-1,-1,-1,-1,-1,0,0,-1,0,0,0,0,0,0,0,0,[0|0],75060000,0,0,-1,0,0,-1,1,1,1,1,1,1,1,1,0,0,0,0,0,0,0,0,0,0,0,0,0,0,0,0,0,0,0,0,0,0,0,0,0,[0|0],0,0,0,[0|0|0],0,0,0,-1,[0|0|0|0],0,2004,0,0,0,-1,-1,-1,-1,-1,-1,-1,-1,-1,-1,0,0,0,3000,3000,0,3000,0,60,-1,[0|0],360,0,0,0,[0|0|0],0,0,0,0,0,-1,-1,-1,-1,-1,-1,[0|0|0|0],0,0,0,0,0,[0|0|0],0,0,0,0,0,0,0,0,0,0,0,0,0,0,0,0,0,0,0,0,0,0,0,0,0,0,0,0,0,0,0,0,0,0,[0|0|0],0,0,0,0,0,[0|0|0|0],1,0,0,0,0,[0|0|0],0,0,0,0,0,-1,-1,-1,-1,1,0,0,0,0,0,0,0,0,0,0,100,0,0,0,-1,0,1,0,1,255,1,1,1,1,1,1,1,1,1,1,1,0,0,-1,0,-1,0,0,0,0,1,0,0,0,0,0,0,0,0,1,1,0,0,0,0,-1,1,1,8400,0,0,1,0,0,0,1,-1,0,0,1,0,0,0,0,1,0,0,0,0,1,-1,[0|0|0|0|0|0|0|0|0|0|0|0|0|0|0|0|0|0|0|0|0|0|0|0|0|0|0|0]
75090000,EXPANSION - SWARM ARMOR,0,0,0,[0|0|0],70900,7500002,0,0,0,0,0,0,0,0,0,0,100,0,0,0,-1,-1,-1,-1,-1,-1,-1,-1,-1,-1,-1,-1,-1,-1,-1,-1,-1,-1,-1,-1,-1,-1,-1,1,1,1,1,0,0,0,9019,0,100,100,0,-1,0,0,100,100,100,0,0,0,0,0,-1,16,0,0,7,0,15,0,0,0,100,0,0,999,0,0,0,0,0,0,0,0,0,0,0,0,0,0,0,0,0,0,0,0,0,0,0,1,0,0,0,0,0,0,0,0,0,0,0,0,1,0,1,0,0,0,0,0,0,0,0,1,0,1,1,0,0,0,0,100,1,1,0,0,-1,-1,-1,-1,-1,-1,-1,-1,-1,-1,-1,-1,-1,-1,-1,-1,-1,-1,-1,-1,-1,-1,-1,-1,0,0,-1,0,0,0,0,0,0,0,0,0,0,0,1,1,0,0,0,0,0,0,0,0,0,0,0,0,0,0,0,-1,-1,-1,-1,-1,-1,-1,-1,-1,0,-1,0,0,-1,0,0,0,0,0,-1,-1,-1,0,[0|0|0|0],-1,-1,-1,-1,-1,-1,-1,-1,1,1,1,1,1,1,1,1,1,-1,-1,-1,-1,-1,0,-1,0,1,0,0,0,0,1,1,1,1,0,0,-1,0,[0|0|0|0],-1,1,1,[0|0|0|0],-1,0,0,[0|0|0|0|0|0|0|0],-1,-1,-1,-1,-1,[0|0|0|0],-1,-1,-1,[0|0|0|0|0|0|0|0],-1,-1,-1,[0|0|0|0|0|0|0|0],0,0,0,[0|0|0|0],3,-1,1200,100,1,1,0,-1,7,0,0,0,0,0,-1,0,0,0,-1,[0|0|0|0],0,0,0,0,0,0,0,0,0,0,0,0,0,0,0,0,0,0,0,0,0,0,0,0,0,0,0,0,0,0,0,0,0,[0|0|0|0|0|0|0|0|0|0|0|0],0,0,0,0,0,0,0,0,0,0,0,0,0,0,-1,0,0,0,0,-1,-1,-1,-1,-1,-1,-1,-1,-1,-1,-1,-1,0,0,-1,0,0,0,0,0,0,0,0,[0|0],75060000,0,0,-1,0,0,-1,1,1,1,1,1,1,1,1,0,0,0,0,0,0,0,0,0,0,0,0,0,0,0,0,0,0,0,0,0,0,0,0,0,[0|0],0,0,0,[0|0|0],0,0,0,-1,[0|0|0|0],0,2005,0,0,0,-1,-1,-1,-1,-1,-1,-1,-1,-1,-1,0,0,0,3000,3000,0,3000,0,20,-1,[0|0],360,0,0,0,[0|0|0],0,0,0,0,0,-1,-1,-1,-1,-1,-1,[0|0|0|0],0,0,0,0,0,[0|0|0],0,0,0,0,0,0,0,0,0,0,0,0,0,0,0,0,0,0,0,0,0,0,0,0,0,0,0,0,0,0,0,0,0,0,[0|0|0],0,0,0,0,0,[0|0|0|0],1,0,0,0,0,[0|0|0],0,0,0,0,0,-1,-1,-1,-1,1,0,0,0,0,0,0,0,0,0,0,100,0,0,0,-1,0,1,4,0,255,1,1,1,1,1,1,1,1,1,1,1,0,0,-1,0,-1,0,0,0,0,1,0,0,0,0,0,0,0,0,1,1,0,0,0,0,-1,1,1,8400,0,0,1,0,0,0,1,-1,0,0,1,0,0,0,0,1,0,0,0,0,1,-1,[0|0|0|0|0|0|0|0|0|0|0|0|0|0|0|0|0|0|0|0|0|0|0|0|0|0|0|0]
75100000,CORE - BD-011 MELANDER,0,0,0,[0|0|0],-1,7510000,0,0,0,0,0,0,0,0,0,0,100,0,0,0,-1,-1,-1,-1,-1,-1,-1,-1,-1,-1,-1,-1,-1,-1,-1,-1,-1,-1,-1,-1,-1,-1,-1,1,1,1,1,0,0,0,0,0,100,100,0,-1,0,0,0,0,100,0,0,0,0,0,-1,16,0,0,7,0,15,0,0,0,100,0,0,999,0,0,0,0,0,0,0,0,0,0,0,0,0,0,0,0,0,0,0,0,0,0,0,1,0,0,0,0,0,0,0,0,0,0,0,0,1,0,1,0,0,0,0,0,0,0,0,1,0,1,1,0,0,0,0,100,1,1,0,0,-1,-1,-1,-1,-1,-1,-1,-1,-1,-1,-1,-1,-1,-1,-1,-1,-1,-1,-1,-1,-1,-1,-1,-1,0,0,-1,0,0,0,0,0,0,0,0,0,0,0,1,1,0,0,0,0,0,0,0,0,0,0,0,0,0,0,0,-1,-1,-1,-1,-1,-1,-1,-1,-1,0,-1,0,0,-1,0,0,0,0,0,-1,-1,-1,0,[0|0|0|0],-1,-1,-1,-1,-1,-1,-1,-1,1,1,1,1,1,1,1,1,1,-1,-1,-1,-1,-1,0,-1,0,1,0,0,0,0,1,1,1,1,0,0,-1,0,[0|0|0|0],-1,1,1,[0|0|0|0],-1,0,0,[0|0|0|0|0|0|0|0],-1,-1,-1,-1,-1,[0|0|0|0],-1,-1,-1,[0|0|0|0|0|0|0|0],-1,-1,-1,[0|0|0|0|0|0|0|0],0,0,0,[0|0|0|0],-1,-1,0,100,1,1,0,-1,0,0,0,0,0,0,-1,0,0,0,-1,[0|0|0|0],0,0,0,0,0,0,0,0,0,0,0,0,0,0,0,0,0,0,0,0,0,0,0,0,0,0,0,0,0,0,0,0,0,[0|0|0|0|0|0|0|0|0|0|0|0],0,0,0,0,0,0,0,0,0,0,0,0,0,0,-1,0,0,0,0,-1,-1,-1,-1,-1,-1,-1,-1,-1,-1,-1,-1,0,0,-1,0,0,0,0,0,0,0,0,[0|0],75100000,0,0,-1,0,0,-1,1,1,1,1,1,1,1,1,0,0,0,0,0,0,0,0,0,0,0,0,0,0,0,0,0,0,0,0,0,0,0,0,0,[0|0],0,0,0,[0|0|0],0,0,0,-1,[0|0|0|0],0,0,0,0,0,-1,-1,-1,-1,-1,-1,-1,-1,-1,-1,0,0,0,0,0,0,0,0,0,-1,[0|0],360,0,0,0,[0|0|0],0,0,0,0,0,-1,-1,-1,-1,-1,-1,[0|0|0|0],0,0,0,0,0,[0|0|0],0,0,0,0,0,0,0,0,0,0,0,0,0,0,0,0,0,0,0,0,0,0,0,0,0,0,0,0,0,0,0,0,0,0,[0|0|0],0,0,0,0,0,[0|0|0|0],1,0,0,0,0,[0|0|0],0,0,0,0,0,-1,-1,-1,-1,1,0,0,0,0,0,0,0,0,0,0,100,0,0,0,-1,0,0,0,0,0,1,0,0,0,0,0,0,0,0,1,1,0,0,-1,0,-1,0,0,0,0,1,0,0,0,0,0,0,0,0,1,1,0,0,0,0,-1,1,1,0,0,0,0,0,0,0,1,-1,0,0,1,0,0,0,0,1,0,0,0,0,1,-1,[0|0|0|0|0|0|0|0|0|0|0|0|0|0|0|0|0|0|0|0|0|0|0|0|0|0|0|0]
75100100,CORE - CS-5000 MAIN DISH,0,0,0,[0|0|0],-1,7510010,0,0,0,0,0,0,0,0,0,0,100,0,0,0,-1,-1,-1,-1,-1,-1,-1,-1,-1,-1,-1,-1,-1,-1,-1,-1,-1,-1,-1,-1,-1,-1,-1,1,1,1,1,0,0,0,0,0,100,100,0,-1,0,0,0,0,100,0,0,0,0,0,-1,16,0,0,7,0,15,0,0,0,100,0,0,999,0,0,0,0,0,0,0,0,0,0,0,0,0,0,0,0,0,0,0,0,0,0,0,1,0,0,0,0,0,0,0,0,0,0,0,0,1,0,1,0,0,0,0,0,0,0,0,1,0,1,1,0,0,0,0,100,1,1,0,0,-1,-1,-1,-1,-1,-1,-1,-1,-1,-1,-1,-1,-1,-1,-1,-1,-1,-1,-1,-1,-1,-1,-1,-1,0,0,-1,0,0,0,0,0,0,0,0,0,0,0,1,1,0,0,0,0,0,0,0,0,0,0,0,0,0,0,0,-1,-1,-1,-1,-1,-1,-1,-1,-1,0,-1,0,0,-1,0,0,0,0,0,-1,-1,-1,0,[0|0|0|0],-1,-1,-1,-1,-1,-1,-1,-1,1,1,1,1,1,1,1,1,1,-1,-1,-1,-1,-1,0,-1,0,1,0,0,0,0,1,1,1,1,0,0,-1,0,[0|0|0|0],-1,1,1,[0|0|0|0],-1,0,0,[0|0|0|0|0|0|0|0],-1,-1,-1,-1,-1,[0|0|0|0],-1,-1,-1,[0|0|0|0|0|0|0|0],-1,-1,-1,[0|0|0|0|0|0|0|0],0,0,0,[0|0|0|0],-1,-1,0,100,1,1,0,-1,0,0,0,0,0,0,-1,0,0,0,-1,[0|0|0|0],0,0,0,0,0,0,0,0,0,0,0,0,0,0,0,0,0,0,0,0,0,0,0,0,0,0,0,0,0,0,0,0,0,[0|0|0|0|0|0|0|0|0|0|0|0],0,0,0,0,0,0,0,0,0,0,0,0,0,0,-1,0,0,0,0,-1,-1,-1,-1,-1,-1,-1,-1,-1,-1,-1,-1,0,0,-1,0,0,0,0,0,0,0,0,[0|0],75100100,0,0,-1,0,0,-1,1,1,1,1,1,1,1,1,0,0,0,0,0,0,0,0,0,0,0,0,0,0,0,0,0,0,0,0,0,0,0,0,0,[0|0],0,0,0,[0|0|0],0,0,0,-1,[0|0|0|0],0,0,0,0,0,-1,-1,-1,-1,-1,-1,-1,-1,-1,-1,0,0,0,0,0,0,0,0,0,-1,[0|0],360,0,0,0,[0|0|0],0,0,0,0,0,-1,-1,-1,-1,-1,-1,[0|0|0|0],0,0,0,0,0,[0|0|0],0,0,0,0,0,0,0,0,0,0,0,0,0,0,0,0,0,0,0,0,0,0,0,0,0,0,0,0,0,0,0,0,0,0,[0|0|0],0,0,0,0,0,[0|0|0|0],1,0,0,0,0,[0|0|0],0,0,0,0,0,-1,-1,-1,-1,1,0,0,0,0,0,0,0,0,0,0,100,0,0,0,-1,0,0,0,0,0,1,0,0,0,0,0,0,0,0,1,1,0,0,-1,0,-1,0,0,0,0,1,0,0,0,0,0,0,0,0,1,1,0,0,0,0,-1,1,1,0,0,0,0,0,0,0,1,-1,0,0,1,0,0,0,0,1,0,0,0,0,1,-1,[0|0|0|0|0|0|0|0|0|0|0|0|0|0|0|0|0|0|0|0|0|0|0|0|0|0|0|0]
75100200,CORE - DF-BD-08 TIAN-QIANG,0,0,0,[0|0|0],-1,7510020,0,0,0,0,0,0,0,0,0,0,100,0,0,0,-1,-1,-1,-1,-1,-1,-1,-1,-1,-1,-1,-1,-1,-1,-1,-1,-1,-1,-1,-1,-1,-1,-1,1,1,1,1,0,0,0,0,0,100,100,0,-1,0,0,0,0,100,0,0,0,0,0,-1,16,0,0,7,0,15,0,0,0,100,0,0,999,0,0,0,0,0,0,0,0,0,0,0,0,0,0,0,0,0,0,0,0,0,0,0,1,0,0,0,0,0,0,0,0,0,0,0,0,1,0,1,0,0,0,0,0,0,0,0,1,0,1,1,0,0,0,0,100,1,1,0,0,-1,-1,-1,-1,-1,-1,-1,-1,-1,-1,-1,-1,-1,-1,-1,-1,-1,-1,-1,-1,-1,-1,-1,-1,0,0,-1,0,0,0,0,0,0,0,0,0,0,0,1,1,0,0,0,0,0,0,0,0,0,0,0,0,0,0,0,-1,-1,-1,-1,-1,-1,-1,-1,-1,0,-1,0,0,-1,0,0,0,0,0,-1,-1,-1,0,[0|0|0|0],-1,-1,-1,-1,-1,-1,-1,-1,1,1,1,1,1,1,1,1,1,-1,-1,-1,-1,-1,0,-1,0,1,0,0,0,0,1,1,1,1,0,0,-1,0,[0|0|0|0],-1,1,1,[0|0|0|0],-1,0,0,[0|0|0|0|0|0|0|0],-1,-1,-1,-1,-1,[0|0|0|0],-1,-1,-1,[0|0|0|0|0|0|0|0],-1,-1,-1,[0|0|0|0|0|0|0|0],0,0,0,[0|0|0|0],-1,-1,0,100,1,1,0,-1,0,0,0,0,0,0,-1,0,0,0,-1,[0|0|0|0],0,0,0,0,0,0,0,0,0,0,0,0,0,0,0,0,0,0,0,0,0,0,0,0,0,0,0,0,0,0,0,0,0,[0|0|0|0|0|0|0|0|0|0|0|0],0,0,0,0,0,0,0,0,0,0,0,0,0,0,-1,0,0,0,0,-1,-1,-1,-1,-1,-1,-1,-1,-1,-1,-1,-1,0,0,-1,0,0,0,0,0,0,0,0,[0|0],75100200,0,0,-1,0,0,-1,1,1,1,1,1,1,1,1,0,0,0,0,0,0,0,0,0,0,0,0,0,0,0,0,0,0,0,0,0,0,0,0,0,[0|0],0,0,0,[0|0|0],0,0,0,-1,[0|0|0|0],0,0,0,0,0,-1,-1,-1,-1,-1,-1,-1,-1,-1,-1,0,0,0,0,0,0,0,0,0,-1,[0|0],360,0,0,0,[0|0|0],0,0,0,0,0,-1,-1,-1,-1,-1,-1,[0|0|0|0],0,0,0,0,0,[0|0|0],0,0,0,0,0,0,0,0,0,0,0,0,0,0,0,0,0,0,0,0,0,0,0,0,0,0,0,0,0,0,0,0,0,0,[0|0|0],0,0,0,0,0,[0|0|0|0],1,0,0,0,0,[0|0|0],0,0,0,0,0,-1,-1,-1,-1,1,0,0,0,0,0,0,0,0,0,0,100,0,0,0,-1,0,0,0,0,0,1,0,0,0,0,0,0,0,0,1,1,0,0,-1,0,-1,0,0,0,0,1,0,0,0,0,0,0,0,0,1,1,0,0,0,0,-1,1,1,0,0,0,0,0,0,0,1,-1,0,0,1,0,0,0,0,1,0,0,0,0,1,-1,[0|0|0|0|0|0|0|0|0|0|0|0|0|0|0|0|0|0|0|0|0|0|0|0|0|0|0|0]
75100300,CORE - NACHTREIHER/40E,0,0,0,[0|0|0],-1,7510030,0,0,0,0,0,0,0,0,0,0,100,0,0,0,-1,-1,-1,-1,-1,-1,-1,-1,-1,-1,-1,-1,-1,-1,-1,-1,-1,-1,-1,-1,-1,-1,-1,1,1,1,1,0,0,0,0,0,100,100,0,-1,0,0,0,0,100,0,0,0,0,0,-1,16,0,0,7,0,15,0,0,0,100,0,0,999,0,0,0,0,0,0,0,0,0,0,0,0,0,0,0,0,0,0,0,0,0,0,0,1,0,0,0,0,0,0,0,0,0,0,0,0,1,0,1,0,0,0,0,0,0,0,0,1,0,1,1,0,0,0,0,100,1,1,0,0,-1,-1,-1,-1,-1,-1,-1,-1,-1,-1,-1,-1,-1,-1,-1,-1,-1,-1,-1,-1,-1,-1,-1,-1,0,0,-1,0,0,0,0,0,0,0,0,0,0,0,1,1,0,0,0,0,0,0,0,0,0,0,0,0,0,0,0,-1,-1,-1,-1,-1,-1,-1,-1,-1,0,-1,0,0,-1,0,0,0,0,0,-1,-1,-1,0,[0|0|0|0],-1,-1,-1,-1,-1,-1,-1,-1,1,1,1,1,1,1,1,1,1,-1,-1,-1,-1,-1,0,-1,0,1,0,0,0,0,1,1,1,1,0,0,-1,0,[0|0|0|0],-1,1,1,[0|0|0|0],-1,0,0,[0|0|0|0|0|0|0|0],-1,-1,-1,-1,-1,[0|0|0|0],-1,-1,-1,[0|0|0|0|0|0|0|0],-1,-1,-1,[0|0|0|0|0|0|0|0],0,0,0,[0|0|0|0],-1,-1,0,100,1,1,0,-1,0,0,0,0,0,0,-1,0,0,0,-1,[0|0|0|0],0,0,0,0,0,0,0,0,0,0,0,0,0,0,0,0,0,0,0,0,0,0,0,0,0,0,0,0,0,0,0,0,0,[0|0|0|0|0|0|0|0|0|0|0|0],0,0,0,0,0,0,0,0,0,0,0,0,0,0,-1,0,0,0,0,-1,-1,-1,-1,-1,-1,-1,-1,-1,-1,-1,-1,0,0,-1,0,0,0,0,0,0,0,0,[0|0],75100300,0,0,-1,0,0,-1,1,1,1,1,1,1,1,1,0,0,0,0,0,0,0,0,0,0,0,0,0,0,0,0,0,0,0,0,0,0,0,0,0,[0|0],0,0,0,[0|0|0],0,0,0,-1,[0|0|0|0],0,0,0,0,0,-1,-1,-1,-1,-1,-1,-1,-1,-1,-1,0,0,0,0,0,0,0,0,0,-1,[0|0],360,0,0,0,[0|0|0],0,0,0,0,0,-1,-1,-1,-1,-1,-1,[0|0|0|0],0,0,0,0,0,[0|0|0],0,0,0,0,0,0,0,0,0,0,0,0,0,0,0,0,0,0,0,0,0,0,0,0,0,0,0,0,0,0,0,0,0,0,[0|0|0],0,0,0,0,0,[0|0|0|0],1,0,0,0,0,[0|0|0],0,0,0,0,0,-1,-1,-1,-1,1,0,0,0,0,0,0,0,0,0,0,100,0,0,0,-1,0,0,0,0,0,1,0,0,0,0,0,0,0,0,1,1,0,0,-1,0,-1,0,0,0,0,1,0,0,0,0,0,0,0,0,1,1,0,0,0,0,-1,1,1,0,0,0,0,0,0,0,1,-1,0,0,1,0,0,0,0,1,0,0,0,0,1,-1,[0|0|0|0|0|0|0|0|0|0|0|0|0|0|0|0|0|0|0|0|0|0|0|0|0|0|0|0]
75100400,CORE - VP-40S,0,0,0,[0|0|0],-1,7510040,0,0,0,0,0,0,0,0,0,0,100,0,0,0,-1,-1,-1,-1,-1,-1,-1,-1,-1,-1,-1,-1,-1,-1,-1,-1,-1,-1,-1,-1,-1,-1,-1,1,1,1,1,0,0,0,0,0,100,100,0,-1,0,0,0,0,100,0,0,0,0,0,-1,16,0,0,7,0,15,0,0,0,100,0,0,999,0,0,0,0,0,0,0,0,0,0,0,0,0,0,0,0,0,0,0,0,0,0,0,1,0,0,0,0,0,0,0,0,0,0,0,0,1,0,1,0,0,0,0,0,0,0,0,1,0,1,1,0,0,0,0,100,1,1,0,0,-1,-1,-1,-1,-1,-1,-1,-1,-1,-1,-1,-1,-1,-1,-1,-1,-1,-1,-1,-1,-1,-1,-1,-1,0,0,-1,0,0,0,0,0,0,0,0,0,0,0,1,1,0,0,0,0,0,0,0,0,0,0,0,0,0,0,0,-1,-1,-1,-1,-1,-1,-1,-1,-1,0,-1,0,0,-1,0,0,0,0,0,-1,-1,-1,0,[0|0|0|0],-1,-1,-1,-1,-1,-1,-1,-1,1,1,1,1,1,1,1,1,1,-1,-1,-1,-1,-1,0,-1,0,1,0,0,0,0,1,1,1,1,0,0,-1,0,[0|0|0|0],-1,1,1,[0|0|0|0],-1,0,0,[0|0|0|0|0|0|0|0],-1,-1,-1,-1,-1,[0|0|0|0],-1,-1,-1,[0|0|0|0|0|0|0|0],-1,-1,-1,[0|0|0|0|0|0|0|0],0,0,0,[0|0|0|0],-1,-1,0,100,1,1,0,-1,0,0,0,0,0,0,-1,0,0,0,-1,[0|0|0|0],0,0,0,0,0,0,0,0,0,0,0,0,0,0,0,0,0,0,0,0,0,0,0,0,0,0,0,0,0,0,0,0,0,[0|0|0|0|0|0|0|0|0|0|0|0],0,0,0,0,0,0,0,0,0,0,0,0,0,0,-1,0,0,0,0,-1,-1,-1,-1,-1,-1,-1,-1,-1,-1,-1,-1,0,0,-1,0,0,0,0,0,0,0,0,[0|0],75100400,0,0,-1,0,0,-1,1,1,1,1,1,1,1,1,0,0,0,0,0,0,0,0,0,0,0,0,0,0,0,0,0,0,0,0,0,0,0,0,0,[0|0],0,0,0,[0|0|0],0,0,0,-1,[0|0|0|0],0,0,0,0,0,-1,-1,-1,-1,-1,-1,-1,-1,-1,-1,0,0,0,0,0,0,0,0,0,-1,[0|0],360,0,0,0,[0|0|0],0,0,0,0,0,-1,-1,-1,-1,-1,-1,[0|0|0|0],0,0,0,0,0,[0|0|0],0,0,0,0,0,0,0,0,0,0,0,0,0,0,0,0,0,0,0,0,0,0,0,0,0,0,0,0,0,0,0,0,0,0,[0|0|0],0,0,0,0,0,[0|0|0|0],1,0,0,0,0,[0|0|0],0,0,0,0,0,-1,-1,-1,-1,1,0,0,0,0,0,0,0,0,0,0,100,0,0,0,-1,0,0,0,0,0,1,0,0,0,0,0,0,0,0,1,1,0,0,-1,0,-1,0,0,0,0,1,0,0,0,0,0,0,0,0,1,1,0,0,0,0,-1,1,1,0,0,0,0,0,0,0,1,-1,0,0,1,0,0,0,0,1,0,0,0,0,1,-1,[0|0|0|0|0|0|0|0|0|0|0|0|0|0|0|0|0|0|0|0|0|0|0|0|0|0|0|0]
75100500,CORE - VE-40A,0,0,0,[0|0|0],-1,7510050,0,0,0,0,0,0,0,0,0,0,100,0,0,0,-1,-1,-1,-1,-1,-1,-1,-1,-1,-1,-1,-1,-1,-1,-1,-1,-1,-1,-1,-1,-1,-1,-1,1,1,1,1,0,0,0,0,0,100,100,0,-1,0,0,0,0,100,0,0,0,0,0,-1,16,0,0,7,0,15,0,0,0,100,0,0,999,0,0,0,0,0,0,0,0,0,0,0,0,0,0,0,0,0,0,0,0,0,0,0,1,0,0,0,0,0,0,0,0,0,0,0,0,1,0,1,0,0,0,0,0,0,0,0,1,0,1,1,0,0,0,0,100,1,1,0,0,-1,-1,-1,-1,-1,-1,-1,-1,-1,-1,-1,-1,-1,-1,-1,-1,-1,-1,-1,-1,-1,-1,-1,-1,0,0,-1,0,0,0,0,0,0,0,0,0,0,0,1,1,0,0,0,0,0,0,0,0,0,0,0,0,0,0,0,-1,-1,-1,-1,-1,-1,-1,-1,-1,0,-1,0,0,-1,0,0,0,0,0,-1,-1,-1,0,[0|0|0|0],-1,-1,-1,-1,-1,-1,-1,-1,1,1,1,1,1,1,1,1,1,-1,-1,-1,-1,-1,0,-1,0,1,0,0,0,0,1,1,1,1,0,0,-1,0,[0|0|0|0],-1,1,1,[0|0|0|0],-1,0,0,[0|0|0|0|0|0|0|0],-1,-1,-1,-1,-1,[0|0|0|0],-1,-1,-1,[0|0|0|0|0|0|0|0],-1,-1,-1,[0|0|0|0|0|0|0|0],0,0,0,[0|0|0|0],-1,-1,0,100,1,1,0,-1,0,0,0,0,0,0,-1,0,0,0,-1,[0|0|0|0],0,0,0,0,0,0,0,0,0,0,0,0,0,0,0,0,0,0,0,0,0,0,0,0,0,0,0,0,0,0,0,0,0,[0|0|0|0|0|0|0|0|0|0|0|0],0,0,0,0,0,0,0,0,0,0,0,0,0,0,-1,0,0,0,0,-1,-1,-1,-1,-1,-1,-1,-1,-1,-1,-1,-1,0,0,-1,0,0,0,0,0,0,0,0,[0|0],75100500,0,0,-1,0,0,-1,1,1,1,1,1,1,1,1,0,0,0,0,0,0,0,0,0,0,0,0,0,0,0,0,0,0,0,0,0,0,0,0,0,[0|0],0,0,0,[0|0|0],0,0,0,-1,[0|0|0|0],0,0,0,0,0,-1,-1,-1,-1,-1,-1,-1,-1,-1,-1,0,0,0,0,0,0,0,0,0,-1,[0|0],360,0,0,0,[0|0|0],0,0,0,0,0,-1,-1,-1,-1,-1,-1,[0|0|0|0],0,0,0,0,0,[0|0|0],0,0,0,0,0,0,0,0,0,0,0,0,0,0,0,0,0,0,0,0,0,0,0,0,0,0,0,0,0,0,0,0,0,0,[0|0|0],0,0,0,0,0,[0|0|0|0],1,0,0,0,0,[0|0|0],0,0,0,0,0,-1,-1,-1,-1,1,0,0,0,0,0,0,0,0,0,0,100,0,0,0,-1,0,0,0,0,0,1,0,0,0,0,0,0,0,0,1,1,0,0,-1,0,-1,0,0,0,0,1,0,0,0,0,0,0,0,0,1,1,0,0,0,0,-1,1,1,0,0,0,0,0,0,0,1,-1,0,0,1,0,0,0,0,1,0,0,0,0,1,-1,[0|0|0|0|0|0|0|0|0|0|0|0|0|0|0|0|0|0|0|0|0|0|0|0|0|0|0|0]
75100600,CORE - 07-061 MIND ALPHA,0,0,0,[0|0|0],-1,7510060,0,0,0,0,0,0,0,0,0,0,100,0,0,0,-1,-1,-1,-1,-1,-1,-1,-1,-1,-1,-1,-1,-1,-1,-1,-1,-1,-1,-1,-1,-1,-1,-1,1,1,1,1,0,0,0,0,0,100,100,0,-1,0,0,0,0,100,0,0,0,0,0,-1,16,0,0,7,0,15,0,0,0,100,0,0,999,0,0,0,0,0,0,0,0,0,0,0,0,0,0,0,0,0,0,0,0,0,0,0,1,0,0,0,0,0,0,0,0,0,0,0,0,1,0,1,0,0,0,0,0,0,0,0,1,0,1,1,0,0,0,0,100,1,1,0,0,-1,-1,-1,-1,-1,-1,-1,-1,-1,-1,-1,-1,-1,-1,-1,-1,-1,-1,-1,-1,-1,-1,-1,-1,0,0,-1,0,0,0,0,0,0,0,0,0,0,0,1,1,0,0,0,0,0,0,0,0,0,0,0,0,0,0,0,-1,-1,-1,-1,-1,-1,-1,-1,-1,0,-1,0,0,-1,0,0,0,0,0,-1,-1,-1,0,[0|0|0|0],-1,-1,-1,-1,-1,-1,-1,-1,1,1,1,1,1,1,1,1,1,-1,-1,-1,-1,-1,0,-1,0,1,0,0,0,0,1,1,1,1,0,0,-1,0,[0|0|0|0],-1,1,1,[0|0|0|0],-1,0,0,[0|0|0|0|0|0|0|0],-1,-1,-1,-1,-1,[0|0|0|0],-1,-1,-1,[0|0|0|0|0|0|0|0],-1,-1,-1,[0|0|0|0|0|0|0|0],0,0,0,[0|0|0|0],-1,-1,0,100,1,1,0,-1,0,0,0,0,0,0,-1,0,0,0,-1,[0|0|0|0],0,0,0,0,0,0,0,0,0,0,0,0,0,0,0,0,0,0,0,0,0,0,0,0,0,0,0,0,0,0,0,0,0,[0|0|0|0|0|0|0|0|0|0|0|0],0,0,0,0,0,0,0,0,0,0,0,0,0,0,-1,0,0,0,0,-1,-1,-1,-1,-1,-1,-1,-1,-1,-1,-1,-1,0,0,-1,0,0,0,0,0,0,0,0,[0|0],75100600,0,0,-1,0,0,-1,1,1,1,1,1,1,1,1,0,0,0,0,0,0,0,0,0,0,0,0,0,0,0,0,0,0,0,0,0,0,0,0,0,[0|0],0,0,0,[0|0|0],0,0,0,-1,[0|0|0|0],0,0,0,0,0,-1,-1,-1,-1,-1,-1,-1,-1,-1,-1,0,0,0,0,0,0,0,0,0,-1,[0|0],360,0,0,0,[0|0|0],0,0,0,0,0,-1,-1,-1,-1,-1,-1,[0|0|0|0],0,0,0,0,0,[0|0|0],0,0,0,0,0,0,0,0,0,0,0,0,0,0,0,0,0,0,0,0,0,0,0,0,0,0,0,0,0,0,0,0,0,0,[0|0|0],0,0,0,0,0,[0|0|0|0],1,0,0,0,0,[0|0|0],0,0,0,0,0,-1,-1,-1,-1,1,0,0,0,0,0,0,0,0,0,0,100,0,0,0,-1,0,0,0,0,0,1,0,0,0,0,0,0,0,0,1,1,0,0,-1,0,-1,0,0,0,0,1,0,0,0,0,0,0,0,0,1,1,0,0,0,0,-1,1,1,0,0,0,0,0,0,0,1,-1,0,0,1,0,0,0,0,1,0,0,0,0,1,-1,[0|0|0|0|0|0|0|0|0|0|0|0|0|0|0|0|0|0|0|0|0|0|0|0|0|0|0|0]
75103900,CORE - CX-33 EZEKIEL 248,0,0,0,[0|0|0],71390,7510060,0,0,0,0,0,0,0,0,0,0,100,0,0,0,-1,-1,-1,-1,-1,-1,-1,-1,-1,-1,-1,-1,-1,-1,-1,-1,-1,-1,-1,-1,-1,-1,-1,1,1,1,1,0,0,0,0,0,100,100,0,-1,100,0,0,0,100,0,0,0,0,0,-1,16,0,0,7,0,15,0,0,0,100,0,0,999,0,0,0,0,0,0,0,0,0,0,0,0,0,0,0,0,0,0,0,0,0,0,0,1,0,0,0,0,0,0,0,0,0,0,0,0,1,0,1,0,0,0,0,0,0,0,0,1,0,1,1,0,0,0,0,100,1,1,0,0,-1,-1,-1,-1,-1,-1,-1,-1,-1,-1,-1,-1,-1,-1,-1,-1,-1,-1,-1,-1,-1,-1,-1,-1,0,0,-1,0,0,0,0,0,0,0,0,0,0,0,1,1,0,0,0,0,0,0,0,0,0,0,0,0,0,0,0,-1,-1,-1,-1,-1,-1,-1,-1,-1,0,-1,0,0,-1,0,0,0,0,0,-1,-1,-1,0,[0|0|0|0],-1,-1,-1,-1,-1,-1,-1,-1,1,1,1,1,1,1,1,1,1,-1,-1,-1,-1,-1,0,-1,0,1,0,0,0,0,1,1,1,1,0,0,-1,0,[0|0|0|0],37,1,1,[0|0|0|0],-1,0,0,[0|0|0|0|0|0|0|0],-1,-1,-1,-1,-1,[0|0|0|0],-1,-1,-1,[0|0|0|0|0|0|0|0],-1,-1,-1,[0|0|0|0|0|0|0|0],0,0,0,[0|0|0|0],-1,-1,200,100,1,1,0,-1,0,0,0,0,0,0,-1,0,10,0,-1,[0|0|0|0],0,0,0,0,0,0,0,0,0,0,0,0,0,0,0,0,0,0,0,0,0,0,0,0,0,0,0,0,0,0,0,0,0,[0|0|0|0|0|0|0|0|0|0|0|0],0,0,0,0,0,0,0,0,0,0,0,0,0,0,-1,0,0,0,0,-1,-1,-1,-1,-1,-1,-1,-1,-1,-1,-1,-1,0,0,-1,0,0,0,0,0,0,0,0,[0|0],75100601,5.5,0,-1,0,0,-1,1,1,1,1,1,1,1,1,0,0,0,0,0,0,0,0,0,0,0,0,0,0,0,0,0,0,0,0,0,0,0,0,0,[0|0],0,0,0,[0|0|0],0,0,0,-1,[0|0|0|0],0,0,0,0,0,-1,-1,-1,-1,-1,-1,-1,-1,-1,-1,0,0,0,0,0,0,0,0,0,-1,[0|0],360,0,0,0,[0|0|0],0,0,0,0,0,-1,-1,-1,-1,-1,-1,[0|0|0|0],0,0,0,0,0,[0|0|0],0,0,0,0,0,0,0,0,0,0,0,0,0,0,0,0,0,0,0,0,0,0,0,0,0,0,0,0,0,0,0,0,0,0,[0|0|0],0,0,0,0,0,[0|0|0|0],1,0,0,0,0,[0|0|0],0,0,0,0,0,-1,-1,-1,-1,1,0,0,0,0,0,0,0,0,0,0,100,0,0,0,-1,0,0,0,0,0,1,0,0,0,0,0,0,0,0,1,1,0,0,-1,0,-1,0,0,0,0,1,0,0,0,0,0,0,0,0,1,1,0,0,0,0,-1,1,1,0,0,0,0,0,0,0,1,-1,0,0,1,0,0,0,0,1,0,0,0,0,1,-1,[0|0|0|0|0|0|0|0|0|0|0|0|0|0|0|0|0|0|0|0|0|0|0|0|0|0|0|0]
75103901,CORE - CX-33 EZEKIEL 842,0,0,0,[0|0|0],71395,7510060,0,0,0,0,0,0,0,0,0,0,100,0,0,0,-1,-1,-1,-1,-1,-1,-1,-1,-1,-1,-1,-1,-1,-1,-1,-1,-1,-1,-1,-1,-1,-1,-1,1,1,1,1,0,0,0,0,0,100,100,0,-1,100,0,0,0,100,0,0,0,0,0,-1,16,0,0,7,0,15,0,0,0,100,0,0,999,0,0,0,0,0,0,0,0,0,0,0,0,0,0,0,0,0,0,0,0,0,0,0,1,0,0,0,0,0,0,0,0,0,0,0,0,1,0,1,0,0,0,0,0,0,0,0,1,0,1,1,0,0,0,0,100,1,1,0,0,-1,-1,-1,-1,-1,-1,-1,-1,-1,-1,-1,-1,-1,-1,-1,-1,-1,-1,-1,-1,-1,-1,-1,-1,0,0,-1,0,0,0,0,0,0,0,0,0,0,0,1,1,0,0,0,0,0,0,0,0,0,0,0,0,0,0,0,-1,-1,-1,-1,-1,-1,-1,-1,-1,0,-1,0,0,-1,0,0,0,0,0,-1,-1,-1,0,[0|0|0|0],-1,-1,-1,-1,-1,-1,-1,-1,1,1,1,1,1,1,1,1,1,-1,-1,-1,-1,-1,0,-1,0,1,0,0,0,0,1,1,1,1,0,0,-1,0,[0|0|0|0],37,1,1,[0|0|0|0],-1,0,0,[0|0|0|0|0|0|0|0],-1,-1,-1,-1,-1,[0|0|0|0],-1,-1,-1,[0|0|0|0|0|0|0|0],-1,-1,-1,[0|0|0|0|0|0|0|0],0,0,0,[0|0|0|0],-1,-1,200,100,1,1,0,-1,0,0,0,0,0,0,-1,0,10,0,-1,[0|0|0|0],0,0,0,0,0,0,0,0,0,0,0,0,0,0,0,0,0,0,0,0,0,0,0,0,0,0,0,0,0,0,0,0,0,[0|0|0|0|0|0|0|0|0|0|0|0],0,0,0,0,0,0,0,0,0,0,0,0,0,0,-1,0,0,0,0,-1,-1,-1,-1,-1,-1,-1,-1,-1,-1,-1,-1,0,0,-1,0,0,0,0,0,0,0,0,[0|0],75100601,5.5,0,-1,0,0,-1,1,1,1,1,1,1,1,1,0,0,0,0,0,0,0,0,0,0,0,0,0,0,0,0,0,0,0,0,0,0,0,0,0,[0|0],0,0,0,[0|0|0],0,0,0,-1,[0|0|0|0],0,0,0,0,0,-1,-1,-1,-1,-1,-1,-1,-1,-1,-1,0,0,0,0,0,0,0,0,0,-1,[0|0],360,0,0,0,[0|0|0],0,0,0,0,0,-1,-1,-1,-1,-1,-1,[0|0|0|0],0,0,0,0,0,[0|0|0],0,0,0,0,0,0,0,0,0,0,0,0,0,0,0,0,0,0,0,0,0,0,0,0,0,0,0,0,0,0,0,0,0,0,[0|0|0],0,0,0,0,0,[0|0|0|0],1,0,0,0,0,[0|0|0],0,0,0,0,0,-1,-1,-1,-1,1,0,0,0,0,0,0,0,0,0,0,100,0,0,0,-1,0,0,0,0,0,1,0,0,0,0,0,0,0,0,1,1,0,0,-1,0,-1,0,0,0,0,1,0,0,0,0,0,0,0,0,1,1,0,0,0,0,-1,1,1,0,0,0,0,0,0,0,1,-1,0,0,1,0,0,0,0,1,0,0,0,0,1,-1,[0|0|0|0|0|0|0|0|0|0|0|0|0|0|0|0|0|0|0|0|0|0|0|0|0|0|0|0]
75100700,CORE - EL-TC-10 FIRMEZA,0,0,0,[0|0|0],-1,7510070,0,0,0,0,0,0,0,0,0,0,100,0,0,0,-1,-1,-1,-1,-1,-1,-1,-1,-1,-1,-1,-1,-1,-1,-1,-1,-1,-1,-1,-1,-1,-1,-1,1,1,1,1,0,0,0,0,0,100,100,0,-1,0,0,0,0,100,0,0,0,0,0,-1,16,0,0,7,0,15,0,0,0,100,0,0,999,0,0,0,0,0,0,0,0,0,0,0,0,0,0,0,0,0,0,0,0,0,0,0,1,0,0,0,0,0,0,0,0,0,0,0,0,1,0,1,0,0,0,0,0,0,0,0,1,0,1,1,0,0,0,0,100,1,1,0,0,-1,-1,-1,-1,-1,-1,-1,-1,-1,-1,-1,-1,-1,-1,-1,-1,-1,-1,-1,-1,-1,-1,-1,-1,0,0,-1,0,0,0,0,0,0,0,0,0,0,0,1,1,0,0,0,0,0,0,0,0,0,0,0,0,0,0,0,-1,-1,-1,-1,-1,-1,-1,-1,-1,0,-1,0,0,-1,0,0,0,0,0,-1,-1,-1,0,[0|0|0|0],-1,-1,-1,-1,-1,-1,-1,-1,1,1,1,1,1,1,1,1,1,-1,-1,-1,-1,-1,0,-1,0,1,0,0,0,0,1,1,1,1,0,0,-1,0,[0|0|0|0],-1,1,1,[0|0|0|0],-1,0,0,[0|0|0|0|0|0|0|0],-1,-1,-1,-1,-1,[0|0|0|0],-1,-1,-1,[0|0|0|0|0|0|0|0],-1,-1,-1,[0|0|0|0|0|0|0|0],0,0,0,[0|0|0|0],-1,-1,0,100,1,1,0,-1,0,0,0,0,0,0,-1,0,0,0,-1,[0|0|0|0],0,0,0,0,0,0,0,0,0,0,0,0,0,0,0,0,0,0,0,0,0,0,0,0,0,0,0,0,0,0,0,0,0,[0|0|0|0|0|0|0|0|0|0|0|0],0,0,0,0,0,0,0,0,0,0,0,0,0,0,-1,0,0,0,0,-1,-1,-1,-1,-1,-1,-1,-1,-1,-1,-1,-1,0,0,-1,0,0,0,0,0,0,0,0,[0|0],75100700,0,0,-1,0,0,-1,1,1,1,1,1,1,1,1,0,0,0,0,0,0,0,0,0,0,0,0,0,0,0,0,0,0,0,0,0,0,0,0,0,[0|0],0,0,0,[0|0|0],0,0,0,-1,[0|0|0|0],0,0,0,0,0,-1,-1,-1,-1,-1,-1,-1,-1,-1,-1,0,0,0,0,0,0,0,0,0,-1,[0|0],360,0,0,0,[0|0|0],0,0,0,0,0,-1,-1,-1,-1,-1,-1,[0|0|0|0],0,0,0,0,0,[0|0|0],0,0,0,0,0,0,0,0,0,0,0,0,0,0,0,0,0,0,0,0,0,0,0,0,0,0,0,0,0,0,0,0,0,0,[0|0|0],0,0,0,0,0,[0|0|0|0],1,0,0,0,0,[0|0|0],0,0,0,0,0,-1,-1,-1,-1,1,0,0,0,0,0,0,0,0,0,0,100,0,0,0,-1,0,0,0,0,0,1,0,0,0,0,0,0,0,0,1,1,0,0,-1,0,-1,0,0,0,0,1,0,0,0,0,0,0,0,0,1,1,0,0,0,0,-1,1,1,0,0,0,0,0,0,0,1,-1,0,0,1,0,0,0,0,1,0,0,0,0,1,-1,[0|0|0|0|0|0|0|0|0|0|0|0|0|0|0|0|0|0|0|0|0|0|0|0|0|0|0|0]
75100800,CORE - AC-J-120 BASHO,0,0,0,[0|0|0],-1,7510080,0,0,0,0,0,0,0,0,0,0,100,0,0,0,-1,-1,-1,-1,-1,-1,-1,-1,-1,-1,-1,-1,-1,-1,-1,-1,-1,-1,-1,-1,-1,-1,-1,1,1,1,1,0,0,0,0,0,100,100,0,-1,0,0,0,0,100,0,0,0,0,0,-1,16,0,0,7,0,15,0,0,0,100,0,0,999,0,0,0,0,0,0,0,0,0,0,0,0,0,0,0,0,0,0,0,0,0,0,0,1,0,0,0,0,0,0,0,0,0,0,0,0,1,0,1,0,0,0,0,0,0,0,0,1,0,1,1,0,0,0,0,100,1,1,0,0,-1,-1,-1,-1,-1,-1,-1,-1,-1,-1,-1,-1,-1,-1,-1,-1,-1,-1,-1,-1,-1,-1,-1,-1,0,0,-1,0,0,0,0,0,0,0,0,0,0,0,1,1,0,0,0,0,0,0,0,0,0,0,0,0,0,0,0,-1,-1,-1,-1,-1,-1,-1,-1,-1,0,-1,0,0,-1,0,0,0,0,0,-1,-1,-1,0,[0|0|0|0],-1,-1,-1,-1,-1,-1,-1,-1,1,1,1,1,1,1,1,1,1,-1,-1,-1,-1,-1,0,-1,0,1,0,0,0,0,1,1,1,1,0,0,-1,0,[0|0|0|0],-1,1,1,[0|0|0|0],-1,0,0,[0|0|0|0|0|0|0|0],-1,-1,-1,-1,-1,[0|0|0|0],-1,-1,-1,[0|0|0|0|0|0|0|0],-1,-1,-1,[0|0|0|0|0|0|0|0],0,0,0,[0|0|0|0],-1,-1,0,100,1,1,0,-1,0,0,0,0,0,0,-1,0,0,0,-1,[0|0|0|0],0,0,0,0,0,0,0,0,0,0,0,0,0,0,0,0,0,0,0,0,0,0,0,0,0,0,0,0,0,0,0,0,0,[0|0|0|0|0|0|0|0|0|0|0|0],0,0,0,0,0,0,0,0,0,0,0,0,0,0,-1,0,0,0,0,-1,-1,-1,-1,-1,-1,-1,-1,-1,-1,-1,-1,0,0,-1,0,0,0,0,0,0,0,0,[0|0],75100800,0,0,-1,0,0,-1,1,1,1,1,1,1,1,1,0,0,0,0,0,0,0,0,0,0,0,0,0,0,0,0,0,0,0,0,0,0,0,0,0,[0|0],0,0,0,[0|0|0],0,0,0,-1,[0|0|0|0],0,0,0,0,0,-1,-1,-1,-1,-1,-1,-1,-1,-1,-1,0,0,0,0,0,0,0,0,0,-1,[0|0],360,0,0,0,[0|0|0],0,0,0,0,0,-1,-1,-1,-1,-1,-1,[0|0|0|0],0,0,0,0,0,[0|0|0],0,0,0,0,0,0,0,0,0,0,0,0,0,0,0,0,0,0,0,0,0,0,0,0,0,0,0,0,0,0,0,0,0,0,[0|0|0],0,0,0,0,0,[0|0|0|0],1,0,0,0,0,[0|0|0],0,0,0,0,0,-1,-1,-1,-1,1,0,0,0,0,0,0,0,0,0,0,100,0,0,0,-1,0,0,0,0,0,1,0,0,0,0,0,0,0,0,1,1,0,0,-1,0,-1,0,0,0,0,1,0,0,0,0,0,0,0,0,1,1,0,0,0,0,-1,1,1,0,0,0,0,0,0,0,1,-1,0,0,1,0,0,0,0,1,0,0,0,0,1,-1,[0|0|0|0|0|0|0|0|0|0|0|0|0|0|0|0|0|0|0|0|0|0|0|0|0|0|0|0]
75100900,CORE - CC-3000 WRECKER,0,0,0,[0|0|0],-1,7510090,0,0,0,0,0,0,0,0,0,0,100,0,0,0,-1,-1,-1,-1,-1,-1,-1,-1,-1,-1,-1,-1,-1,-1,-1,-1,-1,-1,-1,-1,-1,-1,-1,1,1,1,1,0,0,0,0,0,100,100,0,-1,0,0,0,0,100,0,0,0,0,0,-1,16,0,0,7,0,15,0,0,0,100,0,0,999,0,0,0,0,0,0,0,0,0,0,0,0,0,0,0,0,0,0,0,0,0,0,0,1,0,0,0,0,0,0,0,0,0,0,0,0,1,0,1,0,0,0,0,0,0,0,0,1,0,1,1,0,0,0,0,100,1,1,0,0,-1,-1,-1,-1,-1,-1,-1,-1,-1,-1,-1,-1,-1,-1,-1,-1,-1,-1,-1,-1,-1,-1,-1,-1,0,0,-1,0,0,0,0,0,0,0,0,0,0,0,1,1,0,0,0,0,0,0,0,0,0,0,0,0,0,0,0,-1,-1,-1,-1,-1,-1,-1,-1,-1,0,-1,0,0,-1,0,0,0,0,0,-1,-1,-1,0,[0|0|0|0],-1,-1,-1,-1,-1,-1,-1,-1,1,1,1,1,1,1,1,1,1,-1,-1,-1,-1,-1,0,-1,0,1,0,0,0,0,1,1,1,1,0,0,-1,0,[0|0|0|0],-1,1,1,[0|0|0|0],-1,0,0,[0|0|0|0|0|0|0|0],-1,-1,-1,-1,-1,[0|0|0|0],-1,-1,-1,[0|0|0|0|0|0|0|0],-1,-1,-1,[0|0|0|0|0|0|0|0],0,0,0,[0|0|0|0],-1,-1,0,100,1,1,0,-1,0,0,0,0,0,0,-1,0,0,0,-1,[0|0|0|0],0,0,0,0,0,0,0,0,0,0,0,0,0,0,0,0,0,0,0,0,0,0,0,0,0,0,0,0,0,0,0,0,0,[0|0|0|0|0|0|0|0|0|0|0|0],0,0,0,0,0,0,0,0,0,0,0,0,0,0,-1,0,0,0,0,-1,-1,-1,-1,-1,-1,-1,-1,-1,-1,-1,-1,0,0,-1,0,0,0,0,0,0,0,0,[0|0],75100900,0,0,-1,0,0,-1,1,1,1,1,1,1,1,1,0,0,0,0,0,0,0,0,0,0,0,0,0,0,0,0,0,0,0,0,0,0,0,0,0,[0|0],0,0,0,[0|0|0],0,0,0,-1,[0|0|0|0],0,0,0,0,0,-1,-1,-1,-1,-1,-1,-1,-1,-1,-1,0,0,0,0,0,0,0,0,0,-1,[0|0],360,0,0,0,[0|0|0],0,0,0,0,0,-1,-1,-1,-1,-1,-1,[0|0|0|0],0,0,0,0,0,[0|0|0],0,0,0,0,0,0,0,0,0,0,0,0,0,0,0,0,0,0,0,0,0,0,0,0,0,0,0,0,0,0,0,0,0,0,[0|0|0],0,0,0,0,0,[0|0|0|0],1,0,0,0,0,[0|0|0],0,0,0,0,0,-1,-1,-1,-1,1,0,0,0,0,0,0,0,0,0,0,100,0,0,0,-1,0,0,0,0,0,1,0,0,0,0,0,0,0,0,1,1,0,0,-1,0,-1,0,0,0,0,1,0,0,0,0,0,0,0,0,1,1,0,0,0,0,-1,1,1,0,0,0,0,0,0,0,1,-1,0,0,1,0,0,0,0,1,0,0,0,0,1,-1,[0|0|0|0|0|0|0|0|0|0|0|0|0|0|0|0|0|0|0|0|0|0|0|0|0|0|0|0]
75101000,CORE - CC-2000 ORBITER,0,0,0,[0|0|0],-1,7510100,0,0,0,0,0,0,0,0,0,0,100,0,0,0,-1,-1,-1,-1,-1,-1,-1,-1,-1,-1,-1,-1,-1,-1,-1,-1,-1,-1,-1,-1,-1,-1,-1,1,1,1,1,0,0,0,0,0,100,100,0,-1,0,0,0,0,100,0,0,0,0,0,-1,16,0,0,7,0,15,0,0,0,100,0,0,999,0,0,0,0,0,0,0,0,0,0,0,0,0,0,0,0,0,0,0,0,0,0,0,1,0,0,0,0,0,0,0,0,0,0,0,0,1,0,1,0,0,0,0,0,0,0,0,1,0,1,1,0,0,0,0,100,1,1,0,0,-1,-1,-1,-1,-1,-1,-1,-1,-1,-1,-1,-1,-1,-1,-1,-1,-1,-1,-1,-1,-1,-1,-1,-1,0,0,-1,0,0,0,0,0,0,0,0,0,0,0,1,1,0,0,0,0,0,0,0,0,0,0,0,0,0,0,0,-1,-1,-1,-1,-1,-1,-1,-1,-1,0,-1,0,0,-1,0,0,0,0,0,-1,-1,-1,0,[0|0|0|0],-1,-1,-1,-1,-1,-1,-1,-1,1,1,1,1,1,1,1,1,1,-1,-1,-1,-1,-1,0,-1,0,1,0,0,0,0,1,1,1,1,0,0,-1,0,[0|0|0|0],-1,1,1,[0|0|0|0],-1,0,0,[0|0|0|0|0|0|0|0],-1,-1,-1,-1,-1,[0|0|0|0],-1,-1,-1,[0|0|0|0|0|0|0|0],-1,-1,-1,[0|0|0|0|0|0|0|0],0,0,0,[0|0|0|0],-1,-1,0,100,1,1,0,-1,0,0,0,0,0,0,-1,0,0,0,-1,[0|0|0|0],0,0,0,0,0,0,0,0,0,0,0,0,0,0,0,0,0,0,0,0,0,0,0,0,0,0,0,0,0,0,0,0,0,[0|0|0|0|0|0|0|0|0|0|0|0],0,0,0,0,0,0,0,0,0,0,0,0,0,0,-1,0,0,0,0,-1,-1,-1,-1,-1,-1,-1,-1,-1,-1,-1,-1,0,0,-1,0,0,0,0,0,0,0,0,[0|0],75101000,0,0,-1,0,0,-1,1,1,1,1,1,1,1,1,0,0,0,0,0,0,0,0,0,0,0,0,0,0,0,0,0,0,0,0,0,0,0,0,0,[0|0],0,0,0,[0|0|0],0,0,0,-1,[0|0|0|0],0,0,0,0,0,-1,-1,-1,-1,-1,-1,-1,-1,-1,-1,0,0,0,0,0,0,0,0,0,-1,[0|0],360,0,0,0,[0|0|0],0,0,0,0,0,-1,-1,-1,-1,-1,-1,[0|0|0|0],0,0,0,0,0,[0|0|0],0,0,0,0,0,0,0,0,0,0,0,0,0,0,0,0,0,0,0,0,0,0,0,0,0,0,0,0,0,0,0,0,0,0,[0|0|0],0,0,0,0,0,[0|0|0|0],1,0,0,0,0,[0|0|0],0,0,0,0,0,-1,-1,-1,-1,1,0,0,0,0,0,0,0,0,0,0,100,0,0,0,-1,0,0,0,0,0,1,0,0,0,0,0,0,0,0,1,1,0,0,-1,0,-1,0,0,0,0,1,0,0,0,0,0,0,0,0,1,1,0,0,0,0,-1,1,1,0,0,0,0,0,0,0,1,-1,0,0,1,0,0,0,0,1,0,0,0,0,1,-1,[0|0|0|0|0|0|0|0|0|0|0|0|0|0|0|0|0|0|0|0|0|0|0|0|0|0|0|0]
75101100,CORE - IB-C03C: HAL 826,0,0,0,[0|0|0],-1,7510110,0,0,0,0,0,0,0,0,0,0,100,0,0,0,-1,-1,-1,-1,-1,-1,-1,-1,-1,-1,-1,-1,-1,-1,-1,-1,-1,-1,-1,-1,-1,-1,-1,1,1,1,1,0,0,0,0,0,100,100,0,-1,0,0,0,0,100,0,0,0,0,0,-1,16,0,0,7,0,15,0,0,0,100,0,0,999,0,0,0,0,0,0,0,0,0,0,0,0,0,0,0,0,0,0,0,0,0,0,0,1,0,0,0,0,0,0,0,0,0,0,0,0,1,0,1,0,0,0,0,0,0,0,0,1,0,1,1,0,0,0,0,100,1,1,0,0,-1,-1,-1,-1,-1,-1,-1,-1,-1,-1,-1,-1,-1,-1,-1,-1,-1,-1,-1,-1,-1,-1,-1,-1,0,0,-1,0,0,0,0,0,0,0,0,0,0,0,1,1,0,0,0,0,0,0,0,0,0,0,0,0,0,0,0,-1,-1,-1,-1,-1,-1,-1,-1,-1,0,-1,0,0,-1,0,0,0,0,0,-1,-1,-1,0,[0|0|0|0],-1,-1,-1,-1,-1,-1,-1,-1,1,1,1,1,1,1,1,1,1,-1,-1,-1,-1,-1,0,-1,0,1,0,0,0,0,1,1,1,1,0,0,-1,0,[0|0|0|0],-1,1,1,[0|0|0|0],-1,0,0,[0|0|0|0|0|0|0|0],-1,-1,-1,-1,-1,[0|0|0|0],-1,-1,-1,[0|0|0|0|0|0|0|0],-1,-1,-1,[0|0|0|0|0|0|0|0],0,0,0,[0|0|0|0],-1,-1,0,100,1,1,0,-1,0,0,0,0,0,0,-1,0,0,0,-1,[0|0|0|0],0,0,0,0,0,0,0,0,0,0,0,0,0,0,0,0,0,0,0,0,0,0,0,0,0,0,0,0,0,0,0,0,0,[0|0|0|0|0|0|0|0|0|0|0|0],0,0,0,0,0,0,0,0,0,0,0,0,0,0,-1,0,0,0,0,-1,-1,-1,-1,-1,-1,-1,-1,-1,-1,-1,-1,0,0,-1,0,0,0,0,0,0,0,0,[0|0],75101100,0,0,-1,0,0,-1,1,1,1,1,1,1,1,1,0,0,0,0,0,0,0,0,0,0,0,0,0,0,0,0,0,0,0,0,0,0,0,0,0,[0|0],0,0,0,[0|0|0],0,0,0,-1,[0|0|0|0],0,0,0,0,0,-1,-1,-1,-1,-1,-1,-1,-1,-1,-1,0,0,0,0,0,0,0,0,0,-1,[0|0],360,0,0,0,[0|0|0],0,0,0,0,0,-1,-1,-1,-1,-1,-1,[0|0|0|0],0,0,0,0,0,[0|0|0],0,0,0,0,0,0,0,0,0,0,0,0,0,0,0,0,0,0,0,0,0,0,0,0,0,0,0,0,0,0,0,0,0,0,[0|0|0],0,0,0,0,0,[0|0|0|0],1,0,0,0,0,[0|0|0],0,0,0,0,0,-1,-1,-1,-1,1,0,0,0,0,0,0,0,0,0,0,100,0,0,0,-1,0,0,0,0,0,1,0,0,0,0,0,0,0,0,1,1,0,0,-1,0,-1,0,0,0,0,1,0,0,0,0,0,0,0,0,1,1,0,0,0,0,-1,1,1,0,0,0,0,0,0,0,1,-1,0,0,1,0,0,0,0,1,0,0,0,0,1,-1,[0|0|0|0|0|0|0|0|0|0|0|0|0|0|0|0|0|0|0|0|0|0|0|0|0|0|0|0]
75101200,CORE - IA-C01C: EPHEMERA,0,0,0,[0|0|0],-1,7510120,0,0,0,0,0,0,0,0,0,0,100,0,0,0,-1,-1,-1,-1,-1,-1,-1,-1,-1,-1,-1,-1,-1,-1,-1,-1,-1,-1,-1,-1,-1,-1,-1,1,1,1,1,0,0,0,0,0,100,100,0,-1,0,0,0,0,100,0,0,0,0,0,-1,16,0,0,7,0,15,0,0,0,100,0,0,999,0,0,0,0,0,0,0,0,0,0,0,0,0,0,0,0,0,0,0,0,0,0,0,1,0,0,0,0,0,0,0,0,0,0,0,0,1,0,1,0,0,0,0,0,0,0,0,1,0,1,1,0,0,0,0,100,1,1,0,0,-1,-1,-1,-1,-1,-1,-1,-1,-1,-1,-1,-1,-1,-1,-1,-1,-1,-1,-1,-1,-1,-1,-1,-1,0,0,-1,0,0,0,0,0,0,0,0,0,0,0,1,1,0,0,0,0,0,0,0,0,0,0,0,0,0,0,0,-1,-1,-1,-1,-1,-1,-1,-1,-1,0,-1,0,0,-1,0,0,0,0,0,-1,-1,-1,0,[0|0|0|0],-1,-1,-1,-1,-1,-1,-1,-1,1,1,1,1,1,1,1,1,1,-1,-1,-1,-1,-1,0,-1,0,1,0,0,0,0,1,1,1,1,0,0,-1,0,[0|0|0|0],-1,1,1,[0|0|0|0],-1,0,0,[0|0|0|0|0|0|0|0],-1,-1,-1,-1,-1,[0|0|0|0],-1,-1,-1,[0|0|0|0|0|0|0|0],-1,-1,-1,[0|0|0|0|0|0|0|0],0,0,0,[0|0|0|0],-1,-1,0,100,1,1,0,-1,0,0,0,0,0,0,-1,0,0,0,-1,[0|0|0|0],0,0,0,0,0,0,0,0,0,0,0,0,0,0,0,0,0,0,0,0,0,0,0,0,0,0,0,0,0,0,0,0,0,[0|0|0|0|0|0|0|0|0|0|0|0],0,0,0,0,0,0,0,0,0,0,0,0,0,0,-1,0,0,0,0,-1,-1,-1,-1,-1,-1,-1,-1,-1,-1,-1,-1,0,0,-1,0,0,0,0,0,0,0,0,[0|0],75101200,0,0,-1,0,0,-1,1,1,1,1,1,1,1,1,0,0,0,0,0,0,0,0,0,0,0,0,0,0,0,0,0,0,0,0,0,0,0,0,0,[0|0],0,0,0,[0|0|0],0,0,0,-1,[0|0|0|0],0,0,0,0,0,-1,-1,-1,-1,-1,-1,-1,-1,-1,-1,0,0,0,0,0,0,0,0,0,-1,[0|0],360,0,0,0,[0|0|0],0,0,0,0,0,-1,-1,-1,-1,-1,-1,[0|0|0|0],0,0,0,0,0,[0|0|0],0,0,0,0,0,0,0,0,0,0,0,0,0,0,0,0,0,0,0,0,0,0,0,0,0,0,0,0,0,0,0,0,0,0,[0|0|0],0,0,0,0,0,[0|0|0|0],1,0,0,0,0,[0|0|0],0,0,0,0,0,-1,-1,-1,-1,1,0,0,0,0,0,0,0,0,0,0,100,0,0,0,-1,0,0,0,0,0,1,0,0,0,0,0,0,0,0,1,1,0,0,-1,0,-1,0,0,0,0,1,0,0,0,0,0,0,0,0,1,1,0,0,0,0,-1,1,1,0,0,0,0,0,0,0,1,-1,0,0,1,0,0,0,0,1,0,0,0,0,1,-1,[0|0|0|0|0|0|0|0|0|0|0|0|0|0|0|0|0|0|0|0|0|0|0|0|0|0|0|0]
75101300,CORE - EL-PC-00 ALBA,0,0,0,[0|0|0],-1,7510130,0,0,0,0,0,0,0,0,0,0,100,0,0,0,-1,-1,-1,-1,-1,-1,-1,-1,-1,-1,-1,-1,-1,-1,-1,-1,-1,-1,-1,-1,-1,-1,-1,1,1,1,1,0,0,0,0,0,100,100,0,-1,0,0,0,0,100,0,0,0,0,0,-1,16,0,0,7,0,15,0,0,0,100,0,0,999,0,0,0,0,0,0,0,0,0,0,0,0,0,0,0,0,0,0,0,0,0,0,0,1,0,0,0,0,0,0,0,0,0,0,0,0,1,0,1,0,0,0,0,0,0,0,0,1,0,1,1,0,0,0,0,100,1,1,0,0,-1,-1,-1,-1,-1,-1,-1,-1,-1,-1,-1,-1,-1,-1,-1,-1,-1,-1,-1,-1,-1,-1,-1,-1,0,0,-1,0,0,0,0,0,0,0,0,0,0,0,1,1,0,0,0,0,0,0,0,0,0,0,0,0,0,0,0,-1,-1,-1,-1,-1,-1,-1,-1,-1,0,-1,0,0,-1,0,0,0,0,0,-1,-1,-1,0,[0|0|0|0],-1,-1,-1,-1,-1,-1,-1,-1,1,1,1,1,1,1,1,1,1,-1,-1,-1,-1,-1,0,-1,0,1,0,0,0,0,1,1,1,1,0,0,-1,0,[0|0|0|0],-1,1,1,[0|0|0|0],-1,0,0,[0|0|0|0|0|0|0|0],-1,-1,-1,-1,-1,[0|0|0|0],-1,-1,-1,[0|0|0|0|0|0|0|0],-1,-1,-1,[0|0|0|0|0|0|0|0],0,0,0,[0|0|0|0],-1,-1,0,100,1,1,0,-1,0,0,0,0,0,0,-1,0,0,0,-1,[0|0|0|0],0,0,0,0,0,0,0,0,0,0,0,0,0,0,0,0,0,0,0,0,0,0,0,0,0,0,0,0,0,0,0,0,0,[0|0|0|0|0|0|0|0|0|0|0|0],0,0,0,0,0,0,0,0,0,0,0,0,0,0,-1,0,0,0,0,-1,-1,-1,-1,-1,-1,-1,-1,-1,-1,-1,-1,0,0,-1,0,0,0,0,0,0,0,0,[0|0],75101300,0,0,-1,0,0,-1,1,1,1,1,1,1,1,1,0,0,0,0,0,0,0,0,0,0,0,0,0,0,0,0,0,0,0,0,0,0,0,0,0,[0|0],0,0,0,[0|0|0],0,0,0,-1,[0|0|0|0],0,0,0,0,0,-1,-1,-1,-1,-1,-1,-1,-1,-1,-1,0,0,0,0,0,0,0,0,0,-1,[0|0],360,0,0,0,[0|0|0],0,0,0,0,0,-1,-1,-1,-1,-1,-1,[0|0|0|0],0,0,0,0,0,[0|0|0],0,0,0,0,0,0,0,0,0,0,0,0,0,0,0,0,0,0,0,0,0,0,0,0,0,0,0,0,0,0,0,0,0,0,[0|0|0],0,0,0,0,0,[0|0|0|0],1,0,0,0,0,[0|0|0],0,0,0,0,0,-1,-1,-1,-1,1,0,0,0,0,0,0,0,0,0,0,100,0,0,0,-1,0,0,0,0,0,1,0,0,0,0,0,0,0,0,1,1,0,0,-1,0,-1,0,0,0,0,1,0,0,0,0,0,0,0,0,1,1,0,0,0,0,-1,1,1,0,0,0,0,0,0,0,1,-1,0,0,1,0,0,0,0,1,0,0,0,0,1,-1,[0|0|0|0|0|0|0|0|0|0|0|0|0|0|0|0|0|0|0|0|0|0|0|0|0|0|0|0]
75101400,CORE - LAMMERGEIER/40F,0,0,0,[0|0|0],-1,7510140,0,0,0,0,0,0,0,0,0,0,100,0,0,0,-1,-1,-1,-1,-1,-1,-1,-1,-1,-1,-1,-1,-1,-1,-1,-1,-1,-1,-1,-1,-1,-1,-1,1,1,1,1,0,0,0,0,0,100,100,0,-1,0,0,0,0,100,0,0,0,0,0,-1,16,0,0,7,0,15,0,0,0,100,0,0,999,0,0,0,0,0,0,0,0,0,0,0,0,0,0,0,0,0,0,0,0,0,0,0,1,0,0,0,0,0,0,0,0,0,0,0,0,1,0,1,0,0,0,0,0,0,0,0,1,0,1,1,0,0,0,0,100,1,1,0,0,-1,-1,-1,-1,-1,-1,-1,-1,-1,-1,-1,-1,-1,-1,-1,-1,-1,-1,-1,-1,-1,-1,-1,-1,0,0,-1,0,0,0,0,0,0,0,0,0,0,0,1,1,0,0,0,0,0,0,0,0,0,0,0,0,0,0,0,-1,-1,-1,-1,-1,-1,-1,-1,-1,0,-1,0,0,-1,0,0,0,0,0,-1,-1,-1,0,[0|0|0|0],-1,-1,-1,-1,-1,-1,-1,-1,1,1,1,1,1,1,1,1,1,-1,-1,-1,-1,-1,0,-1,0,1,0,0,0,0,1,1,1,1,0,0,-1,0,[0|0|0|0],-1,1,1,[0|0|0|0],-1,0,0,[0|0|0|0|0|0|0|0],-1,-1,-1,-1,-1,[0|0|0|0],-1,-1,-1,[0|0|0|0|0|0|0|0],-1,-1,-1,[0|0|0|0|0|0|0|0],0,0,0,[0|0|0|0],-1,-1,0,100,1,1,0,-1,0,0,0,0,0,0,-1,0,0,0,-1,[0|0|0|0],0,0,0,0,0,0,0,0,0,0,0,0,0,0,0,0,0,0,0,0,0,0,0,0,0,0,0,0,0,0,0,0,0,[0|0|0|0|0|0|0|0|0|0|0|0],0,0,0,0,0,0,0,0,0,0,0,0,0,0,-1,0,0,0,0,-1,-1,-1,-1,-1,-1,-1,-1,-1,-1,-1,-1,0,0,-1,0,0,0,0,0,0,0,0,[0|0],75101400,0,0,-1,0,0,-1,1,1,1,1,1,1,1,1,0,0,0,0,0,0,0,0,0,0,0,0,0,0,0,0,0,0,0,0,0,0,0,0,0,[0|0],0,0,0,[0|0|0],0,0,0,-1,[0|0|0|0],0,0,0,0,0,-1,-1,-1,-1,-1,-1,-1,-1,-1,-1,0,0,0,0,0,0,0,0,0,-1,[0|0],360,0,0,0,[0|0|0],0,0,0,0,0,-1,-1,-1,-1,-1,-1,[0|0|0|0],0,0,0,0,0,[0|0|0],0,0,0,0,0,0,0,0,0,0,0,0,0,0,0,0,0,0,0,0,0,0,0,0,0,0,0,0,0,0,0,0,0,0,[0|0|0],0,0,0,0,0,[0|0|0|0],1,0,0,0,0,[0|0|0],0,0,0,0,0,-1,-1,-1,-1,1,0,0,0,0,0,0,0,0,0,0,100,0,0,0,-1,0,0,0,0,0,1,0,0,0,0,0,0,0,0,1,1,0,0,-1,0,-1,0,0,0,0,1,0,0,0,0,0,0,0,0,1,1,0,0,0,0,-1,1,1,0,0,0,0,0,0,0,1,-1,0,0,1,0,0,0,0,1,0,0,0,0,1,-1,[0|0|0|0|0|0|0|0|0|0|0|0|0|0|0|0|0|0|0|0|0|0|0|0|0|0|0|0]
75109000,CORE - AC-J-120/RC JAILBREAK,0,0,0,[0|0|0],-1,7510080,0,0,0,0,0,0,0,0,0,0,100,0,0,0,-1,-1,-1,-1,-1,-1,-1,-1,-1,-1,-1,-1,-1,-1,-1,-1,-1,-1,-1,-1,-1,-1,-1,1,1,1,1,0,0,0,0,0,100,100,0,-1,0,0,0,0,100,0,0,0,0,0,-1,16,0,0,7,0,15,0,0,0,100,0,0,999,0,0,0,0,0,0,0,0,0,0,0,0,0,0,0,0,0,0,0,0,0,0,0,1,0,0,0,0,0,0,0,0,0,0,0,0,1,0,1,0,0,0,0,0,0,0,0,1,0,1,1,0,0,0,0,100,1,1,0,0,-1,-1,-1,-1,-1,-1,-1,-1,-1,-1,-1,-1,-1,-1,-1,-1,-1,-1,-1,-1,-1,-1,-1,-1,0,0,-1,0,0,0,0,0,0,0,0,0,0,0,1,1,0,0,0,0,0,0,0,0,0,0,0,0,0,0,0,-1,-1,-1,-1,-1,-1,-1,-1,-1,0,-1,0,0,-1,0,0,0,0,0,-1,-1,-1,0,[0|0|0|0],-1,-1,-1,-1,-1,-1,-1,-1,1,1,1,1,1,1,1,1,1,-1,-1,-1,-1,-1,0,-1,0,1,0,0,0,0,1,1,1,1,0,0,-1,0,[0|0|0|0],-1,1,1,[0|0|0|0],-1,0,0,[0|0|0|0|0|0|0|0],-1,-1,-1,-1,-1,[0|0|0|0],-1,-1,-1,[0|0|0|0|0|0|0|0],-1,-1,-1,[0|0|0|0|0|0|0|0],0,0,0,[0|0|0|0],-1,-1,0,100,1,1,0,-1,0,0,0,0,0,0,-1,0,0,0,-1,[0|0|0|0],0,0,0,0,0,0,0,0,0,0,0,0,0,0,0,0,0,0,0,0,0,0,0,0,0,0,0,0,0,0,0,0,0,[0|0|0|0|0|0|0|0|0|0|0|0],0,0,0,0,0,0,0,0,0,0,0,0,0,0,-1,0,0,0,0,-1,-1,-1,-1,-1,-1,-1,-1,-1,-1,-1,-1,0,0,-1,0,0,0,0,0,0,0,0,[0|0],75100800,0,0,-1,0,0,-1,1,1,1,1,1,1,1,1,0,0,0,0,0,0,0,0,0,0,0,0,0,0,0,0,0,0,0,0,0,0,0,0,0,[0|0],0,0,0,[0|0|0],0,0,0,-1,[0|0|0|0],0,0,0,0,0,-1,-1,-1,-1,-1,-1,-1,-1,-1,-1,0,0,0,0,0,0,0,0,0,-1,[0|0],360,0,0,0,[0|0|0],0,0,0,0,0,-1,-1,-1,-1,-1,-1,[0|0|0|0],0,0,0,0,0,[0|0|0],0,0,0,0,0,0,0,0,0,0,0,0,0,0,0,0,0,0,0,0,0,0,0,0,0,0,0,0,0,0,0,0,0,0,[0|0|0],0,0,0,0,0,[0|0|0|0],1,0,0,0,0,[0|0|0],0,0,0,0,0,-1,-1,-1,-1,1,0,0,0,0,0,0,0,0,0,0,100,0,0,0,-1,0,0,0,0,0,1,0,0,0,0,0,0,0,0,1,1,0,0,-1,0,-1,0,0,0,0,1,0,0,0,0,0,0,0,0,1,1,0,0,0,0,-1,1,1,0,0,0,0,0,0,0,1,-1,0,0,1,0,0,0,0,1,0,0,0,0,1,-1,[0|0|0|0|0|0|0|0|0|0|0|0|0|0|0|0|0|0|0|0|0|0|0|0|0|0|0|0]
80000000,HEAD (Scan) - HD-011 MELANDER,0,0,0,[0|0|0],-1,8000000,0,0,0,0,0,0,0,0,0,0,100,0,0,0,-1,-1,-1,-1,-1,-1,-1,-1,-1,-1,-1,-1,-1,-1,-1,-1,-1,-1,-1,-1,-1,-1,-1,1,1,1,1,0,0,0,0,0,100,100,0,-1,0,0,0,0,100,0,0,0,0,0,-1,16,0,0,7,0,15,0,0,0,100,0,0,999,0,0,0,0,0,0,0,0,0,0,0,0,0,0,0,0,0,0,0,0,0,0,0,1,0,0,0,0,0,0,0,0,0,0,0,0,1,0,1,0,0,0,0,0,0,0,0,1,0,1,1,0,0,0,0,100,1,1,0,0,-1,-1,-1,-1,-1,-1,-1,-1,-1,-1,-1,-1,-1,-1,-1,-1,-1,-1,-1,-1,-1,-1,-1,-1,0,0,-1,0,0,0,0,0,0,0,0,0,0,0,1,1,0,0,0,0,0,0,0,0,0,0,0,0,0,0,0,-1,-1,-1,-1,-1,-1,-1,-1,-1,0,-1,0,0,-1,0,0,0,0,0,-1,-1,-1,0,[0|0|0|0],-1,-1,-1,-1,-1,-1,-1,-1,1,1,1,1,1,1,1,1,1,-1,-1,-1,-1,-1,0,-1,0,1,0,0,0,0,1,1,1,1,0,0,-1,0,[0|0|0|0],1,1,1,[0|0|0|0],-1,0,0,[0|0|0|0|0|0|0|0],-1,-1,-1,-1,-1,[0|0|0|0],-1,-1,-1,[0|0|0|0|0|0|0|0],-1,-1,-1,[0|0|0|0|0|0|0|0],0,0,0,[0|0|0|0],-1,-1,0,100,1,1,0,-1,0,0,0,0,0,0,-1,0,0,0,-1,[0|0|0|0],0,0,0,0,0,0,0,0,0,0,0,0,0,0,0,0,0,0,0,0,0,0,0,0,0,0,0,0,0,0,0,0,0,[0|0|0|0|0|0|0|0|0|0|0|0],0,0,0,0,0,0,0,0,0,0,0,0,0,0,-1,0,0,0,0,-1,-1,-1,-1,-1,-1,-1,-1,-1,-1,-1,-1,0,0,-1,0,0,0,0,0,0,0,0,[0|0],80000000,4.2,0,-1,0,0,-1,1,1,1,1,1,1,1,1,0,0,0,0,0,0,0,0,0,0,0,0,0,0,0,0,0,0,0,0,0,0,0,0,0,[0|0],0,0,0,[0|0|0],0,0,0,-1,[0|0|0|0],0,0,0,0,0,-1,-1,-1,-1,-1,-1,-1,-1,-1,-1,0,0,0,0,0,0,0,0,0,-1,[0|0],360,0,0,0,[0|0|0],0,0,0,0,0,-1,-1,-1,-1,-1,-1,[0|0|0|0],0,0,0,0,0,[0|0|0],0,0,0,0,0,0,0,0,0,0,0,0,0,0,0,0,0,0,0,0,0,0,0,0,0,0,0,0,0,0,0,0,0,0,[0|0|0],0,0,0,0,0,[0|0|0|0],1,0,0,0,0,[0|0|0],0,0,0,0,0,-1,-1,-1,-1,1,0,0,0,0,0,0,0,0,0,0,100,0,0,0,-1,0,0,0,0,0,1,0,0,0,0,0,0,0,0,1,1,0,0,-1,0,-1,0,0,0,0,1,0,0,0,0,0,0,0,0,1,1,0,0,0,0,-1,1,1,0,0,0,0,0,0,0,1,-1,0,0,1,0,0,0,0,1,0,0,0,0,1,-1,[0|0|0|0|0|0|0|0|0|0|0|0|0|0|0|0|0|0|0|0|0|0|0|0|0|0|0|0]
80070900,HEAD (Scan) - MAD-GO-00-N-ER,0,0,0,[0|0|0],80790,8000000,0,0,0,0,0,0,0,0,0,0,100,0,0,0,-1,-1,-1,-1,-1,-1,-1,-1,-1,-1,-1,-1,-1,-1,-1,-1,-1,-1,-1,-1,-1,-1,-1,1,1,1,1,0,0,0,0,0,100,100,0,-1,100,0,0,0,100,0,0,0,0,0,-1,16,0,0,7,0,15,0,0,0,100,0,0,999,0,0,0,0,0,0,0,0,0,0,0,0,0,0,0,0,0,0,0,0,0,0,0,1,0,0,0,0,0,0,0,0,0,0,0,0,1,0,1,0,0,0,0,0,0,0,0,1,0,1,1,0,0,0,0,100,1,1,0,0,-1,-1,-1,-1,-1,-1,-1,-1,-1,-1,-1,-1,-1,-1,-1,-1,-1,-1,-1,-1,-1,-1,-1,-1,0,0,-1,0,0,0,0,0,0,0,0,0,0,0,1,1,0,0,0,0,0,0,0,0,0,0,0,0,0,0,0,-1,-1,-1,-1,-1,-1,-1,-1,-1,0,-1,0,0,-1,0,0,0,0,0,-1,-1,-1,0,[0|0|0|0],-1,-1,-1,-1,-1,-1,-1,-1,1,1,1,1,1,1,1,1,1,-1,-1,-1,-1,-1,0,-1,0,1,0,0,0,0,1,1,1,1,0,0,-1,0,[0|0|0|0],30,1,1,[0|0|0|0],-1,0,0,[0|0|0|0|0|0|0|0],-1,-1,-1,-1,-1,[0|0|0|0],-1,-1,-1,[0|0|0|0|0|0|0|0],-1,-1,-1,[0|0|0|0|0|0|0|0],0,0,0,[0|0|0|0],-1,-1,200,100,1,1,0,-1,0,0,0,0,0,0,-1,0,10,0,-1,[0|0|0|0],0,0,0,0,0,0,0,0,0,0,0,0,0,0,0,0,0,0,0,0,0,0,0,0,0,0,0,0,0,0,0,0,0,[0|0|0|0|0|0|0|0|0|0|0|0],0,0,0,0,0,0,0,0,0,0,0,0,0,0,-1,0,0,0,0,-1,-1,-1,-1,-1,-1,-1,-1,-1,-1,-1,-1,0,0,-1,0,0,0,0,0,0,0,0,[0|0],80000000,5.5,0,-1,0,0,-1,1,1,1,1,1,1,1,1,0,0,0,0,0,0,0,0,0,0,0,0,0,0,0,0,0,0,0,0,0,0,0,0,0,[0|0],0,0,0,[0|0|0],0,0,0,-1,[0|0|0|0],0,0,0,0,0,-1,-1,-1,-1,-1,-1,-1,-1,-1,-1,0,0,0,0,0,0,0,0,0,-1,[0|0],360,0,0,0,[0|0|0],0,0,0,0,0,-1,-1,-1,-1,-1,-1,[0|0|0|0],0,0,0,0,0,[0|0|0],0,0,0,0,0,0,0,0,0,0,0,0,0,0,0,0,0,0,0,0,0,0,0,0,0,0,0,0,0,0,0,0,0,0,[0|0|0],0,0,0,0,0,[0|0|0|0],1,0,0,0,0,[0|0|0],0,0,0,0,0,-1,-1,-1,-1,1,0,0,0,0,0,0,0,0,0,0,100,0,0,0,-1,0,0,0,0,0,1,0,0,0,0,0,0,0,0,1,1,0,0,-1,0,-1,0,0,0,0,1,0,0,0,0,0,0,0,0,1,1,0,0,0,0,-1,1,1,0,0,0,0,0,0,0,1,-1,0,0,1,0,0,0,0,1,0,0,0,0,1,-1,[0|0|0|0|0|0|0|0|0|0|0|0|0|0|0|0|0|0|0|0|0|0|0|0|0|0|0|0]
80000100,HEAD (Scan) - HS-5000 APPETIZER,0,0,0,[0|0|0],-1,8000010,0,0,0,0,0,0,0,0,0,0,100,0,0,0,-1,-1,-1,-1,-1,-1,-1,-1,-1,-1,-1,-1,-1,-1,-1,-1,-1,-1,-1,-1,-1,-1,-1,1,1,1,1,0,0,0,0,0,100,100,0,-1,0,0,0,0,100,0,0,0,0,0,-1,16,0,0,7,0,15,0,0,0,100,0,0,999,0,0,0,0,0,0,0,0,0,0,0,0,0,0,0,0,0,0,0,0,0,0,0,1,0,0,0,0,0,0,0,0,0,0,0,0,1,0,1,0,0,0,0,0,0,0,0,1,0,1,1,0,0,0,0,100,1,1,0,0,-1,-1,-1,-1,-1,-1,-1,-1,-1,-1,-1,-1,-1,-1,-1,-1,-1,-1,-1,-1,-1,-1,-1,-1,0,0,-1,0,0,0,0,0,0,0,0,0,0,0,1,1,0,0,0,0,0,0,0,0,0,0,0,0,0,0,0,-1,-1,-1,-1,-1,-1,-1,-1,-1,0,-1,0,0,-1,0,0,0,0,0,-1,-1,-1,0,[0|0|0|0],-1,-1,-1,-1,-1,-1,-1,-1,1,1,1,1,1,1,1,1,1,-1,-1,-1,-1,-1,0,-1,0,1,0,0,0,0,1,1,1,1,0,0,-1,0,[0|0|0|0],1,1,1,[0|0|0|0],-1,0,0,[0|0|0|0|0|0|0|0],-1,-1,-1,-1,-1,[0|0|0|0],-1,-1,-1,[0|0|0|0|0|0|0|0],-1,-1,-1,[0|0|0|0|0|0|0|0],0,0,0,[0|0|0|0],-1,-1,0,100,1,1,0,-1,0,0,0,0,0,0,-1,0,0,0,-1,[0|0|0|0],0,0,0,0,0,0,0,0,0,0,0,0,0,0,0,0,0,0,0,0,0,0,0,0,0,0,0,0,0,0,0,0,0,[0|0|0|0|0|0|0|0|0|0|0|0],0,0,0,0,0,0,0,0,0,0,0,0,0,0,-1,0,0,0,0,-1,-1,-1,-1,-1,-1,-1,-1,-1,-1,-1,-1,0,0,-1,0,0,0,0,0,0,0,0,[0|0],80000000,4.8,0,-1,0,0,-1,1,1,1,1,1,1,1,1,0,0,0,0,0,0,0,0,0,0,0,0,0,0,0,0,0,0,0,0,0,0,0,0,0,[0|0],0,0,0,[0|0|0],0,0,0,-1,[0|0|0|0],0,0,0,0,0,-1,-1,-1,-1,-1,-1,-1,-1,-1,-1,0,0,0,0,0,0,0,0,0,-1,[0|0],360,0,0,0,[0|0|0],0,0,0,0,0,-1,-1,-1,-1,-1,-1,[0|0|0|0],0,0,0,0,0,[0|0|0],0,0,0,0,0,0,0,0,0,0,0,0,0,0,0,0,0,0,0,0,0,0,0,0,0,0,0,0,0,0,0,0,0,0,[0|0|0],0,0,0,0,0,[0|0|0|0],1,0,0,0,0,[0|0|0],0,0,0,0,0,-1,-1,-1,-1,1,0,0,0,0,0,0,0,0,0,0,100,0,0,0,-1,0,0,0,0,0,1,0,0,0,0,0,0,0,0,1,1,0,0,-1,0,-1,0,0,0,0,1,0,0,0,0,0,0,0,0,1,1,0,0,0,0,-1,1,1,0,0,0,0,0,0,0,1,-1,0,0,1,0,0,0,0,1,0,0,0,0,1,-1,[0|0|0|0|0|0|0|0|0|0|0|0|0|0|0|0|0|0|0|0|0|0|0|0|0|0|0|0]
80000200,HEAD (Scan) - HD-033M VERRILL,0,0,0,[0|0|0],-1,8000020,0,0,0,0,0,0,0,0,0,0,100,0,0,0,-1,-1,-1,-1,-1,-1,-1,-1,-1,-1,-1,-1,-1,-1,-1,-1,-1,-1,-1,-1,-1,-1,-1,1,1,1,1,0,0,0,0,0,100,100,0,-1,0,0,0,0,100,0,0,0,0,0,-1,16,0,0,7,0,15,0,0,0,100,0,0,999,0,0,0,0,0,0,0,0,0,0,0,0,0,0,0,0,0,0,0,0,0,0,0,1,0,0,0,0,0,0,0,0,0,0,0,0,1,0,1,0,0,0,0,0,0,0,0,1,0,1,1,0,0,0,0,100,1,1,0,0,-1,-1,-1,-1,-1,-1,-1,-1,-1,-1,-1,-1,-1,-1,-1,-1,-1,-1,-1,-1,-1,-1,-1,-1,0,0,-1,0,0,0,0,0,0,0,0,0,0,0,1,1,0,0,0,0,0,0,0,0,0,0,0,0,0,0,0,-1,-1,-1,-1,-1,-1,-1,-1,-1,0,-1,0,0,-1,0,0,0,0,0,-1,-1,-1,0,[0|0|0|0],-1,-1,-1,-1,-1,-1,-1,-1,1,1,1,1,1,1,1,1,1,-1,-1,-1,-1,-1,0,-1,0,1,0,0,0,0,1,1,1,1,0,0,-1,0,[0|0|0|0],1,1,1,[0|0|0|0],-1,0,0,[0|0|0|0|0|0|0|0],-1,-1,-1,-1,-1,[0|0|0|0],-1,-1,-1,[0|0|0|0|0|0|0|0],-1,-1,-1,[0|0|0|0|0|0|0|0],0,0,0,[0|0|0|0],-1,-1,0,100,1,1,0,-1,0,0,0,0,0,0,-1,0,0,0,-1,[0|0|0|0],0,0,0,0,0,0,0,0,0,0,0,0,0,0,0,0,0,0,0,0,0,0,0,0,0,0,0,0,0,0,0,0,0,[0|0|0|0|0|0|0|0|0|0|0|0],0,0,0,0,0,0,0,0,0,0,0,0,0,0,-1,0,0,0,0,-1,-1,-1,-1,-1,-1,-1,-1,-1,-1,-1,-1,0,0,-1,0,0,0,0,0,0,0,0,[0|0],80000000,5.4,0,-1,0,0,-1,1,1,1,1,1,1,1,1,0,0,0,0,0,0,0,0,0,0,0,0,0,0,0,0,0,0,0,0,0,0,0,0,0,[0|0],0,0,0,[0|0|0],0,0,0,-1,[0|0|0|0],0,0,0,0,0,-1,-1,-1,-1,-1,-1,-1,-1,-1,-1,0,0,0,0,0,0,0,0,0,-1,[0|0],360,0,0,0,[0|0|0],0,0,0,0,0,-1,-1,-1,-1,-1,-1,[0|0|0|0],0,0,0,0,0,[0|0|0],0,0,0,0,0,0,0,0,0,0,0,0,0,0,0,0,0,0,0,0,0,0,0,0,0,0,0,0,0,0,0,0,0,0,[0|0|0],0,0,0,0,0,[0|0|0|0],1,0,0,0,0,[0|0|0],0,0,0,0,0,-1,-1,-1,-1,1,0,0,0,0,0,0,0,0,0,0,100,0,0,0,-1,0,0,0,0,0,1,0,0,0,0,0,0,0,0,1,1,0,0,-1,0,-1,0,0,0,0,1,0,0,0,0,0,0,0,0,1,1,0,0,0,0,-1,1,1,0,0,0,0,0,0,0,1,-1,0,0,1,0,0,0,0,1,0,0,0,0,1,-1,[0|0|0|0|0|0|0|0|0|0|0|0|0|0|0|0|0|0|0|0|0|0|0|0|0|0|0|0]
80000300,HEAD (Scan) - HD-012 MELANDER C3,0,0,0,[0|0|0],-1,8000030,0,0,0,0,0,0,0,0,0,0,100,0,0,0,-1,-1,-1,-1,-1,-1,-1,-1,-1,-1,-1,-1,-1,-1,-1,-1,-1,-1,-1,-1,-1,-1,-1,1,1,1,1,0,0,0,0,0,100,100,0,-1,0,0,0,0,100,0,0,0,0,0,-1,16,0,0,7,0,15,0,0,0,100,0,0,999,0,0,0,0,0,0,0,0,0,0,0,0,0,0,0,0,0,0,0,0,0,0,0,1,0,0,0,0,0,0,0,0,0,0,0,0,1,0,1,0,0,0,0,0,0,0,0,1,0,1,1,0,0,0,0,100,1,1,0,0,-1,-1,-1,-1,-1,-1,-1,-1,-1,-1,-1,-1,-1,-1,-1,-1,-1,-1,-1,-1,-1,-1,-1,-1,0,0,-1,0,0,0,0,0,0,0,0,0,0,0,1,1,0,0,0,0,0,0,0,0,0,0,0,0,0,0,0,-1,-1,-1,-1,-1,-1,-1,-1,-1,0,-1,0,0,-1,0,0,0,0,0,-1,-1,-1,0,[0|0|0|0],-1,-1,-1,-1,-1,-1,-1,-1,1,1,1,1,1,1,1,1,1,-1,-1,-1,-1,-1,0,-1,0,1,0,0,0,0,1,1,1,1,0,0,-1,0,[0|0|0|0],1,1,1,[0|0|0|0],-1,0,0,[0|0|0|0|0|0|0|0],-1,-1,-1,-1,-1,[0|0|0|0],-1,-1,-1,[0|0|0|0|0|0|0|0],-1,-1,-1,[0|0|0|0|0|0|0|0],0,0,0,[0|0|0|0],-1,-1,0,100,1,1,0,-1,0,0,0,0,0,0,-1,0,0,0,-1,[0|0|0|0],0,0,0,0,0,0,0,0,0,0,0,0,0,0,0,0,0,0,0,0,0,0,0,0,0,0,0,0,0,0,0,0,0,[0|0|0|0|0|0|0|0|0|0|0|0],0,0,0,0,0,0,0,0,0,0,0,0,0,0,-1,0,0,0,0,-1,-1,-1,-1,-1,-1,-1,-1,-1,-1,-1,-1,0,0,-1,0,0,0,0,0,0,0,0,[0|0],80000000,10.8,0,-1,0,0,-1,1,1,1,1,1,1,1,1,0,0,0,0,0,0,0,0,0,0,0,0,0,0,0,0,0,0,0,0,0,0,0,0,0,[0|0],0,0,0,[0|0|0],0,0,0,-1,[0|0|0|0],0,0,0,0,0,-1,-1,-1,-1,-1,-1,-1,-1,-1,-1,0,0,0,0,0,0,0,0,0,-1,[0|0],360,0,0,0,[0|0|0],0,0,0,0,0,-1,-1,-1,-1,-1,-1,[0|0|0|0],0,0,0,0,0,[0|0|0],0,0,0,0,0,0,0,0,0,0,0,0,0,0,0,0,0,0,0,0,0,0,0,0,0,0,0,0,0,0,0,0,0,0,[0|0|0],0,0,0,0,0,[0|0|0|0],1,0,0,0,0,[0|0|0],0,0,0,0,0,-1,-1,-1,-1,1,0,0,0,0,0,0,0,0,0,0,100,0,0,0,-1,0,0,0,0,0,1,0,0,0,0,0,0,0,0,1,1,0,0,-1,0,-1,0,0,0,0,1,0,0,0,0,0,0,0,0,1,1,0,0,0,0,-1,1,1,0,0,0,0,0,0,0,1,-1,0,0,1,0,0,0,0,1,0,0,0,0,1,-1,[0|0|0|0|0|0|0|0|0|0|0|0|0|0|0|0|0|0|0|0|0|0|0|0|0|0|0|0]
80000400,Fists (Right),0,0,0,[0|0|0],80000,0,0,0,0,0,0,0,0,0,0,0,100,0,0,0,-1,-1,-1,130,-1,-1,-1,-1,-1,-1,-1,-1,-1,-1,-1,-1,-1,-1,-1,-1,-1,-1,-1,1,1,1,1,0,0,0,0,0,100,100,0,-1,100,0,0,0,100,0,0,0,0,0,-1,16,0,0,7,3,15,0,0,0,100,0,0,217,0,0,0,0,0,0,0,0,0,0,0,0,0,0,0,0,0,0,0,0,0,1,0,1,0,0,0,0,0,0,0,0,0,0,0,0,1,0,1,0,0,0,0,0,0,0,0,1,0,1,1,1,1,0,0,100,1,1,0,0,-1,-1,-1,-1,-1,-1,-1,-1,-1,-1,-1,-1,-1,-1,-1,-1,-1,-1,-1,-1,-1,-1,-1,-1,0,0,100,0,0,0,0,0,0,0,0,0,0,0,1,1,0,0,0,0,0,0,0,0,0,0,0,0,0,0,0,-1,-1,-1,-1,-1,-1,-1,-1,-1,0,-1,0,0,-1,0,1,0,0,0,-1,-1,-1,0,[0|0|0|0],-1,-1,-1,-1,-1,-1,-1,-1,1,1,1,1,1,1,1,1,1,-1,-1,-1,-1,-1,0,-1,0,1,0,0,0,0,1,1,1,1,0,0,-1,0,[0|0|0|0],-1,0.5,1,[0|0|0|0],-1,0,0,[0|0|0|0|0|0|0|0],-1,-1,-1,-1,-1,[0|0|0|0],-1,-1,-1,[0|0|0|0|0|0|0|0],-1,-1,-1,[0|0|0|0|0|0|0|0],0,0,0,[0|0|0|0],-1,-1,200,100,1,1,0,-1,1,0,0,3,50,0,-1,0,0,0,-1,[0|0|0|0],0,0,0,0,0,0,0,0,0,0,0,0,0,0,0,0,0,0,0,0,0,0,0,0,0,0,0,0,0,0,0,0,262,[0|0|0|0|0|0|0|0|0|0|0|0],0,0,0,0,0,0,0,0,0,0,0,0,0,0,-1,0,0,0,0,-1,-1,-1,-1,-1,-1,-1,-1,-1,-1,-1,-1,0,0,-1,0,0,0,0,0,0,0,0,[0|0],110000,0,0,-1,0,0,-1,1,1,1,1,1,1,1,1,0,0,0,0,0,0,0,0,0,0,0,0,0,0,0,0,0,0,0,0,0,0,0,0,0,[0|0],0.5,0,0.5,[0|0|0],1,0,0,-1,[0|0|0|0],0,112,0,0,0,-1,-1,-1,-1,-1,-1,-1,-1,-1,-1,0,0,0,0,0,0,0,0,0,-1,[0|0],360,0,0,0,[0|0|0],0,0,0,0,0,-1,-1,-1,-1,-1,-1,[0|0|0|0],0,0,0,0,0,[0|0|0],0,0,0,0,0,0,0,0,0,0,0,0,0,0,0,0,0,0,0,0,0,0,0,0,0,0,0,0,0,0,0,0,0,0,[0|0|0],0,0,0,0,2170,[0|0|0|0],1,0,0,1,0,[0|0|0],0,0,0,0,0,-1,-1,-1,-1,1,0,0,0,0,0,0,0,0,0,165,130,0.6,0.8,0,-1,0,0,0,0,0,1,0,0,0,0,0,0,0,0,1,1,0,0,1,0,100,0,2,0,0,1,0,0,0,0,0,0,0,0,1,1,0,0,0,0,-1,1,1,8008,0,0,0,0,0,0,1,-1,0,0,1,0,0,0,0,1,0,0,0,0,1,-1,[0|0|0|0|0|0|0|0|0|0|0|0|0|0|0|0|0|0|0|0|0|0|0|0|0|0|0|0]
80010000,HEAD (Scan) - DF-HD-08 TIAN-QIANG,0,0,0,[0|0|0],-1,8001000,0,0,0,0,0,0,0,0,0,0,100,0,0,0,-1,-1,-1,-1,-1,-1,-1,-1,-1,-1,-1,-1,-1,-1,-1,-1,-1,-1,-1,-1,-1,-1,-1,1,1,1,1,0,0,0,0,0,100,100,0,-1,0,0,0,0,100,0,0,0,0,0,-1,16,0,0,7,0,15,0,0,0,100,0,0,999,0,0,0,0,0,0,0,0,0,0,0,0,0,0,0,0,0,0,0,0,0,0,0,1,0,0,0,0,0,0,0,0,0,0,0,0,1,0,1,0,0,0,0,0,0,0,0,1,0,1,1,0,0,0,0,100,1,1,0,0,-1,-1,-1,-1,-1,-1,-1,-1,-1,-1,-1,-1,-1,-1,-1,-1,-1,-1,-1,-1,-1,-1,-1,-1,0,0,-1,0,0,0,0,0,0,0,0,0,0,0,1,1,0,0,0,0,0,0,0,0,0,0,0,0,0,0,0,-1,-1,-1,-1,-1,-1,-1,-1,-1,0,-1,0,0,-1,0,0,0,0,0,-1,-1,-1,0,[0|0|0|0],-1,-1,-1,-1,-1,-1,-1,-1,1,1,1,1,1,1,1,1,1,-1,-1,-1,-1,-1,0,-1,0,1,0,0,0,0,1,1,1,1,0,0,-1,0,[0|0|0|0],1,1,1,[0|0|0|0],-1,0,0,[0|0|0|0|0|0|0|0],-1,-1,-1,-1,-1,[0|0|0|0],-1,-1,-1,[0|0|0|0|0|0|0|0],-1,-1,-1,[0|0|0|0|0|0|0|0],0,0,0,[0|0|0|0],-1,-1,0,100,1,1,0,-1,0,0,0,0,0,0,-1,0,0,0,-1,[0|0|0|0],0,0,0,0,0,0,0,0,0,0,0,0,0,0,0,0,0,0,0,0,0,0,0,0,0,0,0,0,0,0,0,0,0,[0|0|0|0|0|0|0|0|0|0|0|0],0,0,0,0,0,0,0,0,0,0,0,0,0,0,-1,0,0,0,0,-1,-1,-1,-1,-1,-1,-1,-1,-1,-1,-1,-1,0,0,-1,0,0,0,0,0,0,0,0,[0|0],80000000,11.4,0,-1,0,0,-1,1,1,1,1,1,1,1,1,0,0,0,0,0,0,0,0,0,0,0,0,0,0,0,0,0,0,0,0,0,0,0,0,0,[0|0],0,0,0,[0|0|0],0,0,0,-1,[0|0|0|0],0,0,0,0,0,-1,-1,-1,-1,-1,-1,-1,-1,-1,-1,0,0,0,0,0,0,0,0,0,-1,[0|0],360,0,0,0,[0|0|0],0,0,0,0,0,-1,-1,-1,-1,-1,-1,[0|0|0|0],0,0,0,0,0,[0|0|0],0,0,0,0,0,0,0,0,0,0,0,0,0,0,0,0,0,0,0,0,0,0,0,0,0,0,0,0,0,0,0,0,0,0,[0|0|0],0,0,0,0,0,[0|0|0|0],1,0,0,0,0,[0|0|0],0,0,0,0,0,-1,-1,-1,-1,1,0,0,0,0,0,0,0,0,0,0,100,0,0,0,-1,0,0,0,0,0,1,0,0,0,0,0,0,0,0,1,1,0,0,-1,0,-1,0,0,0,0,1,0,0,0,0,0,0,0,0,1,1,0,0,0,0,-1,1,1,0,0,0,0,0,0,0,1,-1,0,0,1,0,0,0,0,1,0,0,0,0,1,-1,[0|0|0|0|0|0|0|0|0|0|0|0|0|0|0|0|0|0|0|0|0|0|0|0|0|0|0|0]
80020000,HEAD (Scan) - NACHTREIHER/44E,0,0,0,[0|0|0],-1,8002000,0,0,0,0,0,0,0,0,0,0,100,0,0,0,-1,-1,-1,-1,-1,-1,-1,-1,-1,-1,-1,-1,-1,-1,-1,-1,-1,-1,-1,-1,-1,-1,-1,1,1,1,1,0,0,0,0,0,100,100,0,-1,0,0,0,0,100,0,0,0,0,0,-1,16,0,0,7,0,15,0,0,0,100,0,0,999,0,0,0,0,0,0,0,0,0,0,0,0,0,0,0,0,0,0,0,0,0,0,0,1,0,0,0,0,0,0,0,0,0,0,0,0,1,0,1,0,0,0,0,0,0,0,0,1,0,1,1,0,0,0,0,100,1,1,0,0,-1,-1,-1,-1,-1,-1,-1,-1,-1,-1,-1,-1,-1,-1,-1,-1,-1,-1,-1,-1,-1,-1,-1,-1,0,0,-1,0,0,0,0,0,0,0,0,0,0,0,1,1,0,0,0,0,0,0,0,0,0,0,0,0,0,0,0,-1,-1,-1,-1,-1,-1,-1,-1,-1,0,-1,0,0,-1,0,0,0,0,0,-1,-1,-1,0,[0|0|0|0],-1,-1,-1,-1,-1,-1,-1,-1,1,1,1,1,1,1,1,1,1,-1,-1,-1,-1,-1,0,-1,0,1,0,0,0,0,1,1,1,1,0,0,-1,0,[0|0|0|0],1,1,1,[0|0|0|0],-1,0,0,[0|0|0|0|0|0|0|0],-1,-1,-1,-1,-1,[0|0|0|0],-1,-1,-1,[0|0|0|0|0|0|0|0],-1,-1,-1,[0|0|0|0|0|0|0|0],0,0,0,[0|0|0|0],-1,-1,0,100,1,1,0,-1,0,0,0,0,0,0,-1,0,0,0,-1,[0|0|0|0],0,0,0,0,0,0,0,0,0,0,0,0,0,0,0,0,0,0,0,0,0,0,0,0,0,0,0,0,0,0,0,0,0,[0|0|0|0|0|0|0|0|0|0|0|0],0,0,0,0,0,0,0,0,0,0,0,0,0,0,-1,0,0,0,0,-1,-1,-1,-1,-1,-1,-1,-1,-1,-1,-1,-1,0,0,-1,0,0,0,0,0,0,0,0,[0|0],80000000,9.6,0,-1,0,0,-1,1,1,1,1,1,1,1,1,0,0,0,0,0,0,0,0,0,0,0,0,0,0,0,0,0,0,0,0,0,0,0,0,0,[0|0],0,0,0,[0|0|0],0,0,0,-1,[0|0|0|0],0,0,0,0,0,-1,-1,-1,-1,-1,-1,-1,-1,-1,-1,0,0,0,0,0,0,0,0,0,-1,[0|0],360,0,0,0,[0|0|0],0,0,0,0,0,-1,-1,-1,-1,-1,-1,[0|0|0|0],0,0,0,0,0,[0|0|0],0,0,0,0,0,0,0,0,0,0,0,0,0,0,0,0,0,0,0,0,0,0,0,0,0,0,0,0,0,0,0,0,0,0,[0|0|0],0,0,0,0,0,[0|0|0|0],1,0,0,0,0,[0|0|0],0,0,0,0,0,-1,-1,-1,-1,1,0,0,0,0,0,0,0,0,0,0,100,0,0,0,-1,0,0,0,0,0,1,0,0,0,0,0,0,0,0,1,1,0,0,-1,0,-1,0,0,0,0,1,0,0,0,0,0,0,0,0,1,1,0,0,0,0,-1,1,1,0,0,0,0,0,0,0,1,-1,0,0,1,0,0,0,0,1,0,0,0,0,1,-1,[0|0|0|0|0|0|0|0|0|0|0|0|0|0|0|0|0|0|0|0|0|0|0|0|0|0|0|0]
80020100,HEAD (Scan) - KASUAR/44Z,0,0,0,[0|0|0],-1,8002010,0,0,0,0,0,0,0,0,0,0,100,0,0,0,-1,-1,-1,-1,-1,-1,-1,-1,-1,-1,-1,-1,-1,-1,-1,-1,-1,-1,-1,-1,-1,-1,-1,1,1,1,1,0,0,0,0,0,100,100,0,-1,0,0,0,0,100,0,0,0,0,0,-1,16,0,0,7,0,15,0,0,0,100,0,0,999,0,0,0,0,0,0,0,0,0,0,0,0,0,0,0,0,0,0,0,0,0,0,0,1,0,0,0,0,0,0,0,0,0,0,0,0,1,0,1,0,0,0,0,0,0,0,0,1,0,1,1,0,0,0,0,100,1,1,0,0,-1,-1,-1,-1,-1,-1,-1,-1,-1,-1,-1,-1,-1,-1,-1,-1,-1,-1,-1,-1,-1,-1,-1,-1,0,0,-1,0,0,0,0,0,0,0,0,0,0,0,1,1,0,0,0,0,0,0,0,0,0,0,0,0,0,0,0,-1,-1,-1,-1,-1,-1,-1,-1,-1,0,-1,0,0,-1,0,0,0,0,0,-1,-1,-1,0,[0|0|0|0],-1,-1,-1,-1,-1,-1,-1,-1,1,1,1,1,1,1,1,1,1,-1,-1,-1,-1,-1,0,-1,0,1,0,0,0,0,1,1,1,1,0,0,-1,0,[0|0|0|0],1,1,1,[0|0|0|0],-1,0,0,[0|0|0|0|0|0|0|0],-1,-1,-1,-1,-1,[0|0|0|0],-1,-1,-1,[0|0|0|0|0|0|0|0],-1,-1,-1,[0|0|0|0|0|0|0|0],0,0,0,[0|0|0|0],-1,-1,0,100,1,1,0,-1,0,0,0,0,0,0,-1,0,0,0,-1,[0|0|0|0],0,0,0,0,0,0,0,0,0,0,0,0,0,0,0,0,0,0,0,0,0,0,0,0,0,0,0,0,0,0,0,0,0,[0|0|0|0|0|0|0|0|0|0|0|0],0,0,0,0,0,0,0,0,0,0,0,0,0,0,-1,0,0,0,0,-1,-1,-1,-1,-1,-1,-1,-1,-1,-1,-1,-1,0,0,-1,0,0,0,0,0,0,0,0,[0|0],80000000,3.6,0,-1,0,0,-1,1,1,1,1,1,1,1,1,0,0,0,0,0,0,0,0,0,0,0,0,0,0,0,0,0,0,0,0,0,0,0,0,0,[0|0],0,0,0,[0|0|0],0,0,0,-1,[0|0|0|0],0,0,0,0,0,-1,-1,-1,-1,-1,-1,-1,-1,-1,-1,0,0,0,0,0,0,0,0,0,-1,[0|0],360,0,0,0,[0|0|0],0,0,0,0,0,-1,-1,-1,-1,-1,-1,[0|0|0|0],0,0,0,0,0,[0|0|0],0,0,0,0,0,0,0,0,0,0,0,0,0,0,0,0,0,0,0,0,0,0,0,0,0,0,0,0,0,0,0,0,0,0,[0|0|0],0,0,0,0,0,[0|0|0|0],1,0,0,0,0,[0|0|0],0,0,0,0,0,-1,-1,-1,-1,1,0,0,0,0,0,0,0,0,0,0,100,0,0,0,-1,0,0,0,0,0,1,0,0,0,0,0,0,0,0,1,1,0,0,-1,0,-1,0,0,0,0,1,0,0,0,0,0,0,0,0,1,1,0,0,0,0,-1,1,1,0,0,0,0,0,0,0,1,-1,0,0,1,0,0,0,0,1,0,0,0,0,1,-1,[0|0|0|0|0|0|0|0|0|0|0|0|0|0|0|0|0|0|0|0|0|0|0|0|0|0|0|0]
80030000,HEAD (Scan) - VP-44S,0,0,0,[0|0|0],-1,8003000,0,0,0,0,0,0,0,0,0,0,100,0,0,0,-1,-1,-1,-1,-1,-1,-1,-1,-1,-1,-1,-1,-1,-1,-1,-1,-1,-1,-1,-1,-1,-1,-1,1,1,1,1,0,0,0,0,0,100,100,0,-1,0,0,0,0,100,0,0,0,0,0,-1,16,0,0,7,0,15,0,0,0,100,0,0,999,0,0,0,0,0,0,0,0,0,0,0,0,0,0,0,0,0,0,0,0,0,0,0,1,0,0,0,0,0,0,0,0,0,0,0,0,1,0,1,0,0,0,0,0,0,0,0,1,0,1,1,0,0,0,0,100,1,1,0,0,-1,-1,-1,-1,-1,-1,-1,-1,-1,-1,-1,-1,-1,-1,-1,-1,-1,-1,-1,-1,-1,-1,-1,-1,0,0,-1,0,0,0,0,0,0,0,0,0,0,0,1,1,0,0,0,0,0,0,0,0,0,0,0,0,0,0,0,-1,-1,-1,-1,-1,-1,-1,-1,-1,0,-1,0,0,-1,0,0,0,0,0,-1,-1,-1,0,[0|0|0|0],-1,-1,-1,-1,-1,-1,-1,-1,1,1,1,1,1,1,1,1,1,-1,-1,-1,-1,-1,0,-1,0,1,0,0,0,0,1,1,1,1,0,0,-1,0,[0|0|0|0],1,1,1,[0|0|0|0],-1,0,0,[0|0|0|0|0|0|0|0],-1,-1,-1,-1,-1,[0|0|0|0],-1,-1,-1,[0|0|0|0|0|0|0|0],-1,-1,-1,[0|0|0|0|0|0|0|0],0,0,0,[0|0|0|0],-1,-1,0,100,1,1,0,-1,0,0,0,0,0,0,-1,0,0,0,-1,[0|0|0|0],0,0,0,0,0,0,0,0,0,0,0,0,0,0,0,0,0,0,0,0,0,0,0,0,0,0,0,0,0,0,0,0,0,[0|0|0|0|0|0|0|0|0|0|0|0],0,0,0,0,0,0,0,0,0,0,0,0,0,0,-1,0,0,0,0,-1,-1,-1,-1,-1,-1,-1,-1,-1,-1,-1,-1,0,0,-1,0,0,0,0,0,0,0,0,[0|0],80000000,5.1,0,-1,0,0,-1,1,1,1,1,1,1,1,1,0,0,0,0,0,0,0,0,0,0,0,0,0,0,0,0,0,0,0,0,0,0,0,0,0,[0|0],0,0,0,[0|0|0],0,0,0,-1,[0|0|0|0],0,0,0,0,0,-1,-1,-1,-1,-1,-1,-1,-1,-1,-1,0,0,0,0,0,0,0,0,0,-1,[0|0],360,0,0,0,[0|0|0],0,0,0,0,0,-1,-1,-1,-1,-1,-1,[0|0|0|0],0,0,0,0,0,[0|0|0],0,0,0,0,0,0,0,0,0,0,0,0,0,0,0,0,0,0,0,0,0,0,0,0,0,0,0,0,0,0,0,0,0,0,[0|0|0],0,0,0,0,0,[0|0|0|0],1,0,0,0,0,[0|0|0],0,0,0,0,0,-1,-1,-1,-1,1,0,0,0,0,0,0,0,0,0,0,100,0,0,0,-1,0,0,0,0,0,1,0,0,0,0,0,0,0,0,1,1,0,0,-1,0,-1,0,0,0,0,1,0,0,0,0,0,0,0,0,1,1,0,0,0,0,-1,1,1,0,0,0,0,0,0,0,1,-1,0,0,1,0,0,0,0,1,0,0,0,0,1,-1,[0|0|0|0|0|0|0|0|0|0|0|0|0|0|0|0|0|0|0|0|0|0|0|0|0|0|0|0]
80030100,HEAD (Scan) - VP-44D,0,0,0,[0|0|0],-1,8003010,0,0,0,0,0,0,0,0,0,0,100,0,0,0,-1,-1,-1,-1,-1,-1,-1,-1,-1,-1,-1,-1,-1,-1,-1,-1,-1,-1,-1,-1,-1,-1,-1,1,1,1,1,0,0,0,0,0,100,100,0,-1,0,0,0,0,100,0,0,0,0,0,-1,16,0,0,7,0,15,0,0,0,100,0,0,999,0,0,0,0,0,0,0,0,0,0,0,0,0,0,0,0,0,0,0,0,0,0,0,1,0,0,0,0,0,0,0,0,0,0,0,0,1,0,1,0,0,0,0,0,0,0,0,1,0,1,1,0,0,0,0,100,1,1,0,0,-1,-1,-1,-1,-1,-1,-1,-1,-1,-1,-1,-1,-1,-1,-1,-1,-1,-1,-1,-1,-1,-1,-1,-1,0,0,-1,0,0,0,0,0,0,0,0,0,0,0,1,1,0,0,0,0,0,0,0,0,0,0,0,0,0,0,0,-1,-1,-1,-1,-1,-1,-1,-1,-1,0,-1,0,0,-1,0,0,0,0,0,-1,-1,-1,0,[0|0|0|0],-1,-1,-1,-1,-1,-1,-1,-1,1,1,1,1,1,1,1,1,1,-1,-1,-1,-1,-1,0,-1,0,1,0,0,0,0,1,1,1,1,0,0,-1,0,[0|0|0|0],1,1,1,[0|0|0|0],-1,0,0,[0|0|0|0|0|0|0|0],-1,-1,-1,-1,-1,[0|0|0|0],-1,-1,-1,[0|0|0|0|0|0|0|0],-1,-1,-1,[0|0|0|0|0|0|0|0],0,0,0,[0|0|0|0],-1,-1,0,100,1,1,0,-1,0,0,0,0,0,0,-1,0,0,0,-1,[0|0|0|0],0,0,0,0,0,0,0,0,0,0,0,0,0,0,0,0,0,0,0,0,0,0,0,0,0,0,0,0,0,0,0,0,0,[0|0|0|0|0|0|0|0|0|0|0|0],0,0,0,0,0,0,0,0,0,0,0,0,0,0,-1,0,0,0,0,-1,-1,-1,-1,-1,-1,-1,-1,-1,-1,-1,-1,0,0,-1,0,0,0,0,0,0,0,0,[0|0],80000000,10.2,0,-1,0,0,-1,1,1,1,1,1,1,1,1,0,0,0,0,0,0,0,0,0,0,0,0,0,0,0,0,0,0,0,0,0,0,0,0,0,[0|0],0,0,0,[0|0|0],0,0,0,-1,[0|0|0|0],0,0,0,0,0,-1,-1,-1,-1,-1,-1,-1,-1,-1,-1,0,0,0,0,0,0,0,0,0,-1,[0|0],360,0,0,0,[0|0|0],0,0,0,0,0,-1,-1,-1,-1,-1,-1,[0|0|0|0],0,0,0,0,0,[0|0|0],0,0,0,0,0,0,0,0,0,0,0,0,0,0,0,0,0,0,0,0,0,0,0,0,0,0,0,0,0,0,0,0,0,0,[0|0|0],0,0,0,0,0,[0|0|0|0],1,0,0,0,0,[0|0|0],0,0,0,0,0,-1,-1,-1,-1,1,0,0,0,0,0,0,0,0,0,0,100,0,0,0,-1,0,0,0,0,0,1,0,0,0,0,0,0,0,0,1,1,0,0,-1,0,-1,0,0,0,0,1,0,0,0,0,0,0,0,0,1,1,0,0,0,0,-1,1,1,0,0,0,0,0,0,0,1,-1,0,0,1,0,0,0,0,1,0,0,0,0,1,-1,[0|0|0|0|0|0|0|0|0|0|0|0|0|0|0|0|0|0|0|0|0|0|0|0|0|0|0|0]
80040000,HEAD (Scan) - VE-44A,0,0,0,[0|0|0],-1,8004000,0,0,0,0,0,0,0,0,0,0,100,0,0,0,-1,-1,-1,-1,-1,-1,-1,-1,-1,-1,-1,-1,-1,-1,-1,-1,-1,-1,-1,-1,-1,-1,-1,1,1,1,1,0,0,0,0,0,100,100,0,-1,0,0,0,0,100,0,0,0,0,0,-1,16,0,0,7,0,15,0,0,0,100,0,0,999,0,0,0,0,0,0,0,0,0,0,0,0,0,0,0,0,0,0,0,0,0,0,0,1,0,0,0,0,0,0,0,0,0,0,0,0,1,0,1,0,0,0,0,0,0,0,0,1,0,1,1,0,0,0,0,100,1,1,0,0,-1,-1,-1,-1,-1,-1,-1,-1,-1,-1,-1,-1,-1,-1,-1,-1,-1,-1,-1,-1,-1,-1,-1,-1,0,0,-1,0,0,0,0,0,0,0,0,0,0,0,1,1,0,0,0,0,0,0,0,0,0,0,0,0,0,0,0,-1,-1,-1,-1,-1,-1,-1,-1,-1,0,-1,0,0,-1,0,0,0,0,0,-1,-1,-1,0,[0|0|0|0],-1,-1,-1,-1,-1,-1,-1,-1,1,1,1,1,1,1,1,1,1,-1,-1,-1,-1,-1,0,-1,0,1,0,0,0,0,1,1,1,1,0,0,-1,0,[0|0|0|0],1,1,1,[0|0|0|0],-1,0,0,[0|0|0|0|0|0|0|0],-1,-1,-1,-1,-1,[0|0|0|0],-1,-1,-1,[0|0|0|0|0|0|0|0],-1,-1,-1,[0|0|0|0|0|0|0|0],0,0,0,[0|0|0|0],-1,-1,0,100,1,1,0,-1,0,0,0,0,0,0,-1,0,0,0,-1,[0|0|0|0],0,0,0,0,0,0,0,0,0,0,0,0,0,0,0,0,0,0,0,0,0,0,0,0,0,0,0,0,0,0,0,0,0,[0|0|0|0|0|0|0|0|0|0|0|0],0,0,0,0,0,0,0,0,0,0,0,0,0,0,-1,0,0,0,0,-1,-1,-1,-1,-1,-1,-1,-1,-1,-1,-1,-1,0,0,-1,0,0,0,0,0,0,0,0,[0|0],80000000,9.9,0,-1,0,0,-1,1,1,1,1,1,1,1,1,0,0,0,0,0,0,0,0,0,0,0,0,0,0,0,0,0,0,0,0,0,0,0,0,0,[0|0],0,0,0,[0|0|0],0,0,0,-1,[0|0|0|0],0,0,0,0,0,-1,-1,-1,-1,-1,-1,-1,-1,-1,-1,0,0,0,0,0,0,0,0,0,-1,[0|0],360,0,0,0,[0|0|0],0,0,0,0,0,-1,-1,-1,-1,-1,-1,[0|0|0|0],0,0,0,0,0,[0|0|0],0,0,0,0,0,0,0,0,0,0,0,0,0,0,0,0,0,0,0,0,0,0,0,0,0,0,0,0,0,0,0,0,0,0,[0|0|0],0,0,0,0,0,[0|0|0|0],1,0,0,0,0,[0|0|0],0,0,0,0,0,-1,-1,-1,-1,1,0,0,0,0,0,0,0,0,0,0,100,0,0,0,-1,0,0,0,0,0,1,0,0,0,0,0,0,0,0,1,1,0,0,-1,0,-1,0,0,0,0,1,0,0,0,0,0,0,0,0,1,1,0,0,0,0,-1,1,1,0,0,0,0,0,0,0,1,-1,0,0,1,0,0,0,0,1,0,0,0,0,1,-1,[0|0|0|0|0|0|0|0|0|0|0|0|0|0|0|0|0|0|0|0|0|0|0|0|0|0|0|0]
80040100,HEAD (Scan) - VE-44B,0,0,0,[0|0|0],-1,8004010,0,0,0,0,0,0,0,0,0,0,100,0,0,0,-1,-1,-1,-1,-1,-1,-1,-1,-1,-1,-1,-1,-1,-1,-1,-1,-1,-1,-1,-1,-1,-1,-1,1,1,1,1,0,0,0,0,0,100,100,0,-1,0,0,0,0,100,0,0,0,0,0,-1,16,0,0,7,0,15,0,0,0,100,0,0,999,0,0,0,0,0,0,0,0,0,0,0,0,0,0,0,0,0,0,0,0,0,0,0,1,0,0,0,0,0,0,0,0,0,0,0,0,1,0,1,0,0,0,0,0,0,0,0,1,0,1,1,0,0,0,0,100,1,1,0,0,-1,-1,-1,-1,-1,-1,-1,-1,-1,-1,-1,-1,-1,-1,-1,-1,-1,-1,-1,-1,-1,-1,-1,-1,0,0,-1,0,0,0,0,0,0,0,0,0,0,0,1,1,0,0,0,0,0,0,0,0,0,0,0,0,0,0,0,-1,-1,-1,-1,-1,-1,-1,-1,-1,0,-1,0,0,-1,0,0,0,0,0,-1,-1,-1,0,[0|0|0|0],-1,-1,-1,-1,-1,-1,-1,-1,1,1,1,1,1,1,1,1,1,-1,-1,-1,-1,-1,0,-1,0,1,0,0,0,0,1,1,1,1,0,0,-1,0,[0|0|0|0],1,1,1,[0|0|0|0],-1,0,0,[0|0|0|0|0|0|0|0],-1,-1,-1,-1,-1,[0|0|0|0],-1,-1,-1,[0|0|0|0|0|0|0|0],-1,-1,-1,[0|0|0|0|0|0|0|0],0,0,0,[0|0|0|0],-1,-1,0,100,1,1,0,-1,0,0,0,0,0,0,-1,0,0,0,-1,[0|0|0|0],0,0,0,0,0,0,0,0,0,0,0,0,0,0,0,0,0,0,0,0,0,0,0,0,0,0,0,0,0,0,0,0,0,[0|0|0|0|0|0|0|0|0|0|0|0],0,0,0,0,0,0,0,0,0,0,0,0,0,0,-1,0,0,0,0,-1,-1,-1,-1,-1,-1,-1,-1,-1,-1,-1,-1,0,0,-1,0,0,0,0,0,0,0,0,[0|0],80000000,4.8,0,-1,0,0,-1,1,1,1,1,1,1,1,1,0,0,0,0,0,0,0,0,0,0,0,0,0,0,0,0,0,0,0,0,0,0,0,0,0,[0|0],0,0,0,[0|0|0],0,0,0,-1,[0|0|0|0],0,0,0,0,0,-1,-1,-1,-1,-1,-1,-1,-1,-1,-1,0,0,0,0,0,0,0,0,0,-1,[0|0],360,0,0,0,[0|0|0],0,0,0,0,0,-1,-1,-1,-1,-1,-1,[0|0|0|0],0,0,0,0,0,[0|0|0],0,0,0,0,0,0,0,0,0,0,0,0,0,0,0,0,0,0,0,0,0,0,0,0,0,0,0,0,0,0,0,0,0,0,[0|0|0],0,0,0,0,0,[0|0|0|0],1,0,0,0,0,[0|0|0],0,0,0,0,0,-1,-1,-1,-1,1,0,0,0,0,0,0,0,0,0,0,100,0,0,0,-1,0,0,0,0,0,1,0,0,0,0,0,0,0,0,1,1,0,0,-1,0,-1,0,0,0,0,1,0,0,0,0,0,0,0,0,1,1,0,0,0,0,-1,1,1,0,0,0,0,0,0,0,1,-1,0,0,1,0,0,0,0,1,0,0,0,0,1,-1,[0|0|0|0|0|0|0|0|0|0|0|0|0|0|0|0|0|0|0|0|0|0|0|0|0|0|0|0]
80050000,HEAD (Scan) - 20-081 MIND ALPHA,0,0,0,[0|0|0],-1,8005000,0,0,0,0,0,0,0,0,0,0,100,0,0,0,-1,-1,-1,-1,-1,-1,-1,-1,-1,-1,-1,-1,-1,-1,-1,-1,-1,-1,-1,-1,-1,-1,-1,1,1,1,1,0,0,0,0,0,100,100,0,-1,0,0,0,0,100,0,0,0,0,0,-1,16,0,0,7,0,15,0,0,0,100,0,0,999,0,0,0,0,0,0,0,0,0,0,0,0,0,0,0,0,0,0,0,0,0,0,0,1,0,0,0,0,0,0,0,0,0,0,0,0,1,0,1,0,0,0,0,0,0,0,0,1,0,1,1,0,0,0,0,100,1,1,0,0,-1,-1,-1,-1,-1,-1,-1,-1,-1,-1,-1,-1,-1,-1,-1,-1,-1,-1,-1,-1,-1,-1,-1,-1,0,0,-1,0,0,0,0,0,0,0,0,0,0,0,1,1,0,0,0,0,0,0,0,0,0,0,0,0,0,0,0,-1,-1,-1,-1,-1,-1,-1,-1,-1,0,-1,0,0,-1,0,0,0,0,0,-1,-1,-1,0,[0|0|0|0],-1,-1,-1,-1,-1,-1,-1,-1,1,1,1,1,1,1,1,1,1,-1,-1,-1,-1,-1,0,-1,0,1,0,0,0,0,1,1,1,1,0,0,-1,0,[0|0|0|0],1,1,1,[0|0|0|0],-1,0,0,[0|0|0|0|0|0|0|0],-1,-1,-1,-1,-1,[0|0|0|0],-1,-1,-1,[0|0|0|0|0|0|0|0],-1,-1,-1,[0|0|0|0|0|0|0|0],0,0,0,[0|0|0|0],-1,-1,0,100,1,1,0,-1,0,0,0,0,0,0,-1,0,0,0,-1,[0|0|0|0],0,0,0,0,0,0,0,0,0,0,0,0,0,0,0,0,0,0,0,0,0,0,0,0,0,0,0,0,0,0,0,0,0,[0|0|0|0|0|0|0|0|0|0|0|0],0,0,0,0,0,0,0,0,0,0,0,0,0,0,-1,0,0,0,0,-1,-1,-1,-1,-1,-1,-1,-1,-1,-1,-1,-1,0,0,-1,0,0,0,0,0,0,0,0,[0|0],80000000,4.8,0,-1,0,0,-1,1,1,1,1,1,1,1,1,0,0,0,0,0,0,0,0,0,0,0,0,0,0,0,0,0,0,0,0,0,0,0,0,0,[0|0],0,0,0,[0|0|0],0,0,0,-1,[0|0|0|0],0,0,0,0,0,-1,-1,-1,-1,-1,-1,-1,-1,-1,-1,0,0,0,0,0,0,0,0,0,-1,[0|0],360,0,0,0,[0|0|0],0,0,0,0,0,-1,-1,-1,-1,-1,-1,[0|0|0|0],0,0,0,0,0,[0|0|0],0,0,0,0,0,0,0,0,0,0,0,0,0,0,0,0,0,0,0,0,0,0,0,0,0,0,0,0,0,0,0,0,0,0,[0|0|0],0,0,0,0,0,[0|0|0|0],1,0,0,0,0,[0|0|0],0,0,0,0,0,-1,-1,-1,-1,1,0,0,0,0,0,0,0,0,0,0,100,0,0,0,-1,0,0,0,0,0,1,0,0,0,0,0,0,0,0,1,1,0,0,-1,0,-1,0,0,0,0,1,0,0,0,0,0,0,0,0,1,1,0,0,0,0,-1,1,1,0,0,0,0,0,0,0,1,-1,0,0,1,0,0,0,0,1,0,0,0,0,1,-1,[0|0|0|0|0|0|0|0|0|0|0|0|0|0|0|0|0|0|0|0|0|0|0|0|0|0|0|0]
80050100,HEAD (Scan) - 20-082 MIND BETA,0,0,0,[0|0|0],-1,8005010,0,0,0,0,0,0,0,0,0,0,100,0,0,0,-1,-1,-1,-1,-1,-1,-1,-1,-1,-1,-1,-1,-1,-1,-1,-1,-1,-1,-1,-1,-1,-1,-1,1,1,1,1,0,0,0,0,0,100,100,0,-1,0,0,0,0,100,0,0,0,0,0,-1,16,0,0,7,0,15,0,0,0,100,0,0,999,0,0,0,0,0,0,0,0,0,0,0,0,0,0,0,0,0,0,0,0,0,0,0,1,0,0,0,0,0,0,0,0,0,0,0,0,1,0,1,0,0,0,0,0,0,0,0,1,0,1,1,0,0,0,0,100,1,1,0,0,-1,-1,-1,-1,-1,-1,-1,-1,-1,-1,-1,-1,-1,-1,-1,-1,-1,-1,-1,-1,-1,-1,-1,-1,0,0,-1,0,0,0,0,0,0,0,0,0,0,0,1,1,0,0,0,0,0,0,0,0,0,0,0,0,0,0,0,-1,-1,-1,-1,-1,-1,-1,-1,-1,0,-1,0,0,-1,0,0,0,0,0,-1,-1,-1,0,[0|0|0|0],-1,-1,-1,-1,-1,-1,-1,-1,1,1,1,1,1,1,1,1,1,-1,-1,-1,-1,-1,0,-1,0,1,0,0,0,0,1,1,1,1,0,0,-1,0,[0|0|0|0],1,1,1,[0|0|0|0],-1,0,0,[0|0|0|0|0|0|0|0],-1,-1,-1,-1,-1,[0|0|0|0],-1,-1,-1,[0|0|0|0|0|0|0|0],-1,-1,-1,[0|0|0|0|0|0|0|0],0,0,0,[0|0|0|0],-1,-1,0,100,1,1,0,-1,0,0,0,0,0,0,-1,0,0,0,-1,[0|0|0|0],0,0,0,0,0,0,0,0,0,0,0,0,0,0,0,0,0,0,0,0,0,0,0,0,0,0,0,0,0,0,0,0,0,[0|0|0|0|0|0|0|0|0|0|0|0],0,0,0,0,0,0,0,0,0,0,0,0,0,0,-1,0,0,0,0,-1,-1,-1,-1,-1,-1,-1,-1,-1,-1,-1,-1,0,0,-1,0,0,0,0,0,0,0,0,[0|0],80000000,9,0,-1,0,0,-1,1,1,1,1,1,1,1,1,0,0,0,0,0,0,0,0,0,0,0,0,0,0,0,0,0,0,0,0,0,0,0,0,0,[0|0],0,0,0,[0|0|0],0,0,0,-1,[0|0|0|0],0,0,0,0,0,-1,-1,-1,-1,-1,-1,-1,-1,-1,-1,0,0,0,0,0,0,0,0,0,-1,[0|0],360,0,0,0,[0|0|0],0,0,0,0,0,-1,-1,-1,-1,-1,-1,[0|0|0|0],0,0,0,0,0,[0|0|0],0,0,0,0,0,0,0,0,0,0,0,0,0,0,0,0,0,0,0,0,0,0,0,0,0,0,0,0,0,0,0,0,0,0,[0|0|0],0,0,0,0,0,[0|0|0|0],1,0,0,0,0,[0|0|0],0,0,0,0,0,-1,-1,-1,-1,1,0,0,0,0,0,0,0,0,0,0,100,0,0,0,-1,0,0,0,0,0,1,0,0,0,0,0,0,0,0,1,1,0,0,-1,0,-1,0,0,0,0,1,0,0,0,0,0,0,0,0,1,1,0,0,0,0,-1,1,1,0,0,0,0,0,0,0,1,-1,0,0,1,0,0,0,0,1,0,0,0,0,1,-1,[0|0|0|0|0|0|0|0|0|0|0|0|0|0|0|0|0|0|0|0|0|0|0|0|0|0|0|0]
80050200,HEAD (Scan) - SERENITY,0,0,0,[0|0|0],-1,8005010,0,0,0,0,0,0,0,0,0,0,100,0,0,0,42,-1,-1,-1,-1,-1,-1,-1,-1,-1,-1,-1,-1,-1,-1,-1,-1,-1,-1,-1,-1,-1,-1,1,1,1,1,0,0,0,0,0,100,100,0,-1,0,0,0,0,100,0,0,0,0,0,-1,16,0,0,7,0,15,0,0,0,100,0,0,999,0,0,0,0,0,0,0,0,0,0,0,0,0,0,0,0,0,0,0,0,0,0,0,1,0,0,0,0,0,0,0,0,0,0,0,0,1,0,1,0,0,0,0,0,0,0,0,1,0,1,1,0,0,0,0,100,1,1,0,0,-1,-1,-1,-1,-1,-1,-1,-1,-1,-1,-1,-1,-1,-1,-1,-1,-1,-1,-1,-1,-1,-1,-1,-1,0,0,-1,0,0,0,0,0,0,0,0,0,0,0,1,1,0,0,0,0,0,0,0,0,0,0,0,0,0,0,0,-1,-1,-1,-1,-1,-1,-1,-1,-1,0,-1,0,0,-1,0,0,0,0,0,-1,-1,-1,0,[0|0|0|0],-1,-1,-1,-1,-1,-1,-1,-1,1,1,1,1,1,1,1,1,1,-1,-1,-1,-1,-1,0,-1,0,1,0,0,0,0,1,1,1,1,0,0,-1,0,[0|0|0|0],1,1,1,[0|0|0|0],-1,0,0,[0|0|0|0|0|0|0|0],-1,-1,-1,-1,-1,[0|0|0|0],-1,-1,-1,[0|0|0|0|0|0|0|0],-1,-1,-1,[0|0|0|0|0|0|0|0],0,0,0,[0|0|0|0],-1,-1,0,100,1,1,0,-1,0,0,0,0,0,0,-1,0,0,0,-1,[0|0|0|0],0,0,0,0,0,0,0,0,0,0,0,0,0,0,0,0,0,0,0,0,0,0,0,0,0,0,0,0,0,0,0,0,0,[0|0|0|0|0|0|0|0|0|0|0|0],0,0,0,0,0,0,0,0,0,0,0,0,0,0,-1,0,0,0,0,-1,-1,-1,-1,-1,-1,-1,-1,-1,-1,-1,-1,0,0,-1,0,0,0,0,0,0,0,0,[0|0],80000000,6.8,0,-1,0,0,-1,1,1,1,1,1,1,1,1,0,0,0,0,0,0,0,0,0,0,0,0,0,0,0,0,0,0,0,0,0,0,0,0,0,[0|0],0,0,0,[0|0|0],0,0,0,-1,[0|0|0|0],0,0,0,0,0,-1,-1,-1,-1,-1,-1,-1,-1,-1,-1,0,0,0,0,0,0,0,0,0,-1,[0|0],360,0,0,0,[0|0|0],0,0,0,0,0,-1,-1,-1,-1,-1,-1,[0|0|0|0],0,0,0,0,0,[0|0|0],0,0,0,0,0,0,0,0,0,0,0,0,0,0,0,0,0,0,0,0,0,0,0,0,0,0,0,0,0,0,0,0,0,0,[0|0|0],0,0,0,0,0,[0|0|0|0],1,0,0,0,0,[0|0|0],0,0,0,0,0,-1,-1,-1,-1,1,0,0,0,0,0,0,0,0,0,0,100,0,0,0,-1,0,0,0,0,0,1,0,0,0,0,0,0,0,0,1,1,0,0,-1,0,-1,0,0,0,0,1,0,0,0,0,0,0,0,0,1,1,0,0,0,0,-1,1,1,0,0,0,0,0,0,0,1,-1,0,0,1,0,0,0,0,1,0,0,0,0,1,-1,[0|0|0|0|0|0|0|0|0|0|0|0|0|0|0|0|0|0|0|0|0|0|0|0|0|0|0|0]
80060000,HEAD (Scan) - EL-TH-10 FIRMEZA,0,0,0,[0|0|0],-1,8006000,0,0,0,0,0,0,0,0,0,0,100,0,0,0,-1,-1,-1,-1,-1,-1,-1,-1,-1,-1,-1,-1,-1,-1,-1,-1,-1,-1,-1,-1,-1,-1,-1,1,1,1,1,0,0,0,0,0,100,100,0,-1,0,0,0,0,100,0,0,0,0,0,-1,16,0,0,7,0,15,0,0,0,100,0,0,999,0,0,0,0,0,0,0,0,0,0,0,0,0,0,0,0,0,0,0,0,0,0,0,1,0,0,0,0,0,0,0,0,0,0,0,0,1,0,1,0,0,0,0,0,0,0,0,1,0,1,1,0,0,0,0,100,1,1,0,0,-1,-1,-1,-1,-1,-1,-1,-1,-1,-1,-1,-1,-1,-1,-1,-1,-1,-1,-1,-1,-1,-1,-1,-1,0,0,-1,0,0,0,0,0,0,0,0,0,0,0,1,1,0,0,0,0,0,0,0,0,0,0,0,0,0,0,0,-1,-1,-1,-1,-1,-1,-1,-1,-1,0,-1,0,0,-1,0,0,0,0,0,-1,-1,-1,0,[0|0|0|0],-1,-1,-1,-1,-1,-1,-1,-1,1,1,1,1,1,1,1,1,1,-1,-1,-1,-1,-1,0,-1,0,1,0,0,0,0,1,1,1,1,0,0,-1,0,[0|0|0|0],1,1,1,[0|0|0|0],-1,0,0,[0|0|0|0|0|0|0|0],-1,-1,-1,-1,-1,[0|0|0|0],-1,-1,-1,[0|0|0|0|0|0|0|0],-1,-1,-1,[0|0|0|0|0|0|0|0],0,0,0,[0|0|0|0],-1,-1,0,100,1,1,0,-1,0,0,0,0,0,0,-1,0,0,0,-1,[0|0|0|0],0,0,0,0,0,0,0,0,0,0,0,0,0,0,0,0,0,0,0,0,0,0,0,0,0,0,0,0,0,0,0,0,0,[0|0|0|0|0|0|0|0|0|0|0|0],0,0,0,0,0,0,0,0,0,0,0,0,0,0,-1,0,0,0,0,-1,-1,-1,-1,-1,-1,-1,-1,-1,-1,-1,-1,0,0,-1,0,0,0,0,0,0,0,0,[0|0],80000000,9.6,0,-1,0,0,-1,1,1,1,1,1,1,1,1,0,0,0,0,0,0,0,0,0,0,0,0,0,0,0,0,0,0,0,0,0,0,0,0,0,[0|0],0,0,0,[0|0|0],0,0,0,-1,[0|0|0|0],0,0,0,0,0,-1,-1,-1,-1,-1,-1,-1,-1,-1,-1,0,0,0,0,0,0,0,0,0,-1,[0|0],360,0,0,0,[0|0|0],0,0,0,0,0,-1,-1,-1,-1,-1,-1,[0|0|0|0],0,0,0,0,0,[0|0|0],0,0,0,0,0,0,0,0,0,0,0,0,0,0,0,0,0,0,0,0,0,0,0,0,0,0,0,0,0,0,0,0,0,0,[0|0|0],0,0,0,0,0,[0|0|0|0],1,0,0,0,0,[0|0|0],0,0,0,0,0,-1,-1,-1,-1,1,0,0,0,0,0,0,0,0,0,0,100,0,0,0,-1,0,0,0,0,0,1,0,0,0,0,0,0,0,0,1,1,0,0,-1,0,-1,0,0,0,0,1,0,0,0,0,0,0,0,0,1,1,0,0,0,0,-1,1,1,0,0,0,0,0,0,0,1,-1,0,0,1,0,0,0,0,1,0,0,0,0,1,-1,[0|0|0|0|0|0|0|0|0|0|0|0|0|0|0|0|0|0|0|0|0|0|0|0|0|0|0|0]
80060100,HEAD (Scan) - MAESTRO,0,0,0,[0|0|0],-1,8006000,0,0,0,0,0,0,0,0,0,0,100,0,0,0,-1,-1,-1,-1,-1,-1,-1,-1,-1,-1,-1,-1,-1,-1,-1,-1,-1,-1,-1,-1,-1,-1,-1,1,1,1,1,0,0,0,0,0,100,100,0,-1,0,0,0,0,100,0,0,0,0,0,-1,16,0,0,7,0,15,0,0,0,100,0,0,999,0,0,0,0,0,0,0,0,0,0,0,0,0,0,0,0,0,0,0,0,0,0,0,1,0,0,0,0,0,0,0,0,0,0,0,0,1,0,1,0,0,0,0,0,0,0,0,1,0,1,1,0,0,0,0,100,1,1,0,0,-1,-1,-1,-1,-1,-1,-1,-1,-1,-1,-1,-1,-1,-1,-1,-1,-1,-1,-1,-1,-1,-1,-1,-1,0,0,-1,0,0,0,0,0,0,0,0,0,0,0,1,1,0,0,0,0,0,0,0,0,0,0,0,0,0,0,0,-1,-1,-1,-1,-1,-1,-1,-1,-1,0,-1,0,0,-1,0,0,0,0,0,-1,-1,-1,0,[0|0|0|0],-1,-1,-1,-1,-1,-1,-1,-1,1,1,1,1,1,1,1,1,1,-1,-1,-1,-1,-1,0,-1,0,1,0,0,0,0,1,1,1,1,0,0,-1,0,[0|0|0|0],1,1,1,[0|0|0|0],-1,0,0,[0|0|0|0|0|0|0|0],-1,-1,-1,-1,-1,[0|0|0|0],-1,-1,-1,[0|0|0|0|0|0|0|0],-1,-1,-1,[0|0|0|0|0|0|0|0],0,0,0,[0|0|0|0],-1,-1,0,100,1,1,0,-1,0,0,0,0,0,0,-1,0,0,0,-1,[0|0|0|0],0,0,0,0,0,0,0,0,0,0,0,0,0,0,0,0,0,0,0,0,0,0,0,0,0,0,0,0,0,0,0,0,0,[0|0|0|0|0|0|0|0|0|0|0|0],0,0,0,0,0,0,0,0,0,0,0,0,0,0,-1,0,0,0,0,-1,-1,-1,-1,-1,-1,-1,-1,-1,-1,-1,-1,0,0,-1,0,0,0,0,0,0,0,0,[0|0],80000000,10.9,0,-1,0,0,-1,1,1,1,1,1,1,1,1,0,0,0,0,0,0,0,0,0,0,0,0,0,0,0,0,0,0,0,0,0,0,0,0,0,[0|0],0,0,0,[0|0|0],0,0,0,-1,[0|0|0|0],0,0,0,0,0,-1,-1,-1,-1,-1,-1,-1,-1,-1,-1,0,0,0,0,0,0,0,0,0,-1,[0|0],360,0,0,0,[0|0|0],0,0,0,0,0,-1,-1,-1,-1,-1,-1,[0|0|0|0],0,0,0,0,0,[0|0|0],0,0,0,0,0,0,0,0,0,0,0,0,0,0,0,0,0,0,0,0,0,0,0,0,0,0,0,0,0,0,0,0,0,0,[0|0|0],0,0,0,0,0,[0|0|0|0],1,0,0,0,0,[0|0|0],0,0,0,0,0,-1,-1,-1,-1,1,0,0,0,0,0,0,0,0,0,0,100,0,0,0,-1,0,0,0,0,0,1,0,0,0,0,0,0,0,0,1,1,0,0,-1,0,-1,0,0,0,0,1,0,0,0,0,0,0,0,0,1,1,0,0,0,0,-1,1,1,0,0,0,0,0,0,0,1,-1,0,0,1,0,0,0,0,1,0,0,0,0,1,-1,[0|0|0|0|0|0|0|0|0|0|0|0|0|0|0|0|0|0|0|0|0|0|0|0|0|0|0|0]
80070200,HEAD (Scan) - AH-J-124 BASHO,0,0,0,[0|0|0],-1,8007020,0,0,0,0,0,0,0,0,0,0,100,0,0,0,-1,-1,-1,-1,-1,-1,-1,-1,-1,-1,-1,-1,-1,-1,-1,-1,-1,-1,-1,-1,-1,-1,-1,1,1,1,1,0,0,0,0,0,100,100,0,-1,0,0,0,0,100,0,0,0,0,0,-1,16,0,0,7,0,15,0,0,0,100,0,0,999,0,0,0,0,0,0,0,0,0,0,0,0,0,0,0,0,0,0,0,0,0,0,0,1,0,0,0,0,0,0,0,0,0,0,0,0,1,0,1,0,0,0,0,0,0,0,0,1,0,1,1,0,0,0,0,100,1,1,0,0,-1,-1,-1,-1,-1,-1,-1,-1,-1,-1,-1,-1,-1,-1,-1,-1,-1,-1,-1,-1,-1,-1,-1,-1,0,0,-1,0,0,0,0,0,0,0,0,0,0,0,1,1,0,0,0,0,0,0,0,0,0,0,0,0,0,0,0,-1,-1,-1,-1,-1,-1,-1,-1,-1,0,-1,0,0,-1,0,0,0,0,0,-1,-1,-1,0,[0|0|0|0],-1,-1,-1,-1,-1,-1,-1,-1,1,1,1,1,1,1,1,1,1,-1,-1,-1,-1,-1,0,-1,0,1,0,0,0,0,1,1,1,1,0,0,-1,0,[0|0|0|0],1,1,1,[0|0|0|0],-1,0,0,[0|0|0|0|0|0|0|0],-1,-1,-1,-1,-1,[0|0|0|0],-1,-1,-1,[0|0|0|0|0|0|0|0],-1,-1,-1,[0|0|0|0|0|0|0|0],0,0,0,[0|0|0|0],-1,-1,0,100,1,1,0,-1,0,0,0,0,0,0,-1,0,0,0,-1,[0|0|0|0],0,0,0,0,0,0,0,0,0,0,0,0,0,0,0,0,0,0,0,0,0,0,0,0,0,0,0,0,0,0,0,0,0,[0|0|0|0|0|0|0|0|0|0|0|0],0,0,0,0,0,0,0,0,0,0,0,0,0,0,-1,0,0,0,0,-1,-1,-1,-1,-1,-1,-1,-1,-1,-1,-1,-1,0,0,-1,0,0,0,0,0,0,0,0,[0|0],80000000,10.8,0,-1,0,0,-1,1,1,1,1,1,1,1,1,0,0,0,0,0,0,0,0,0,0,0,0,0,0,0,0,0,0,0,0,0,0,0,0,0,[0|0],0,0,0,[0|0|0],0,0,0,-1,[0|0|0|0],0,0,0,0,0,-1,-1,-1,-1,-1,-1,-1,-1,-1,-1,0,0,0,0,0,0,0,0,0,-1,[0|0],360,0,0,0,[0|0|0],0,0,0,0,0,-1,-1,-1,-1,-1,-1,[0|0|0|0],0,0,0,0,0,[0|0|0],0,0,0,0,0,0,0,0,0,0,0,0,0,0,0,0,0,0,0,0,0,0,0,0,0,0,0,0,0,0,0,0,0,0,[0|0|0],0,0,0,0,0,[0|0|0|0],1,0,0,0,0,[0|0|0],0,0,0,0,0,-1,-1,-1,-1,1,0,0,0,0,0,0,0,0,0,0,100,0,0,0,-1,0,0,0,0,0,1,0,0,0,0,0,0,0,0,1,1,0,0,-1,0,-1,0,0,0,0,1,0,0,0,0,0,0,0,0,1,1,0,0,0,0,-1,1,1,0,0,0,0,0,0,0,1,-1,0,0,1,0,0,0,0,1,0,0,0,0,1,-1,[0|0|0|0|0|0|0|0|0|0|0|0|0|0|0|0|0|0|0|0|0|0|0|0|0|0|0|0]
80070300,HEAD (Scan) - HC-3000 WRECKER,0,0,0,[0|0|0],-1,8007030,0,0,0,0,0,0,0,0,0,0,100,0,0,0,-1,-1,-1,-1,-1,-1,-1,-1,-1,-1,-1,-1,-1,-1,-1,-1,-1,-1,-1,-1,-1,-1,-1,1,1,1,1,0,0,0,0,0,100,100,0,-1,0,0,0,0,100,0,0,0,0,0,-1,16,0,0,7,0,15,0,0,0,100,0,0,999,0,0,0,0,0,0,0,0,0,0,0,0,0,0,0,0,0,0,0,0,0,0,0,1,0,0,0,0,0,0,0,0,0,0,0,0,1,0,1,0,0,0,0,0,0,0,0,1,0,1,1,0,0,0,0,100,1,1,0,0,-1,-1,-1,-1,-1,-1,-1,-1,-1,-1,-1,-1,-1,-1,-1,-1,-1,-1,-1,-1,-1,-1,-1,-1,0,0,-1,0,0,0,0,0,0,0,0,0,0,0,1,1,0,0,0,0,0,0,0,0,0,0,0,0,0,0,0,-1,-1,-1,-1,-1,-1,-1,-1,-1,0,-1,0,0,-1,0,0,0,0,0,-1,-1,-1,0,[0|0|0|0],-1,-1,-1,-1,-1,-1,-1,-1,1,1,1,1,1,1,1,1,1,-1,-1,-1,-1,-1,0,-1,0,1,0,0,0,0,1,1,1,1,0,0,-1,0,[0|0|0|0],1,1,1,[0|0|0|0],-1,0,0,[0|0|0|0|0|0|0|0],-1,-1,-1,-1,-1,[0|0|0|0],-1,-1,-1,[0|0|0|0|0|0|0|0],-1,-1,-1,[0|0|0|0|0|0|0|0],0,0,0,[0|0|0|0],-1,-1,0,100,1,1,0,-1,0,0,0,0,0,0,-1,0,0,0,-1,[0|0|0|0],0,0,0,0,0,0,0,0,0,0,0,0,0,0,0,0,0,0,0,0,0,0,0,0,0,0,0,0,0,0,0,0,0,[0|0|0|0|0|0|0|0|0|0|0|0],0,0,0,0,0,0,0,0,0,0,0,0,0,0,-1,0,0,0,0,-1,-1,-1,-1,-1,-1,-1,-1,-1,-1,-1,-1,0,0,-1,0,0,0,0,0,0,0,0,[0|0],80000000,12,0,-1,0,0,-1,1,1,1,1,1,1,1,1,0,0,0,0,0,0,0,0,0,0,0,0,0,0,0,0,0,0,0,0,0,0,0,0,0,[0|0],0,0,0,[0|0|0],0,0,0,-1,[0|0|0|0],0,0,0,0,0,-1,-1,-1,-1,-1,-1,-1,-1,-1,-1,0,0,0,0,0,0,0,0,0,-1,[0|0],360,0,0,0,[0|0|0],0,0,0,0,0,-1,-1,-1,-1,-1,-1,[0|0|0|0],0,0,0,0,0,[0|0|0],0,0,0,0,0,0,0,0,0,0,0,0,0,0,0,0,0,0,0,0,0,0,0,0,0,0,0,0,0,0,0,0,0,0,[0|0|0],0,0,0,0,0,[0|0|0|0],1,0,0,0,0,[0|0|0],0,0,0,0,0,-1,-1,-1,-1,1,0,0,0,0,0,0,0,0,0,0,100,0,0,0,-1,0,0,0,0,0,1,0,0,0,0,0,0,0,0,1,1,0,0,-1,0,-1,0,0,0,0,1,0,0,0,0,0,0,0,0,1,1,0,0,0,0,-1,1,1,0,0,0,0,0,0,0,1,-1,0,0,1,0,0,0,0,1,0,0,0,0,1,-1,[0|0|0|0|0|0|0|0|0|0|0|0|0|0|0|0|0|0|0|0|0|0|0|0|0|0|0|0]
80070400,HEAD (Scan) - HC-2000 FINDER EYE,0,0,0,[0|0|0],-1,8007040,0,0,0,0,0,0,0,0,0,0,100,0,0,0,-1,-1,-1,-1,-1,-1,-1,-1,-1,-1,-1,-1,-1,-1,-1,-1,-1,-1,-1,-1,-1,-1,-1,1,1,1,1,0,0,0,0,0,100,100,0,-1,0,0,0,0,100,0,0,0,0,0,-1,16,0,0,7,0,15,0,0,0,100,0,0,999,0,0,0,0,0,0,0,0,0,0,0,0,0,0,0,0,0,0,0,0,0,0,0,1,0,0,0,0,0,0,0,0,0,0,0,0,1,0,1,0,0,0,0,0,0,0,0,1,0,1,1,0,0,0,0,100,1,1,0,0,-1,-1,-1,-1,-1,-1,-1,-1,-1,-1,-1,-1,-1,-1,-1,-1,-1,-1,-1,-1,-1,-1,-1,-1,0,0,-1,0,0,0,0,0,0,0,0,0,0,0,1,1,0,0,0,0,0,0,0,0,0,0,0,0,0,0,0,-1,-1,-1,-1,-1,-1,-1,-1,-1,0,-1,0,0,-1,0,0,0,0,0,-1,-1,-1,0,[0|0|0|0],-1,-1,-1,-1,-1,-1,-1,-1,1,1,1,1,1,1,1,1,1,-1,-1,-1,-1,-1,0,-1,0,1,0,0,0,0,1,1,1,1,0,0,-1,0,[0|0|0|0],1,1,1,[0|0|0|0],-1,0,0,[0|0|0|0|0|0|0|0],-1,-1,-1,-1,-1,[0|0|0|0],-1,-1,-1,[0|0|0|0|0|0|0|0],-1,-1,-1,[0|0|0|0|0|0|0|0],0,0,0,[0|0|0|0],-1,-1,0,100,1,1,0,-1,0,0,0,0,0,0,-1,0,0,0,-1,[0|0|0|0],0,0,0,0,0,0,0,0,0,0,0,0,0,0,0,0,0,0,0,0,0,0,0,0,0,0,0,0,0,0,0,0,0,[0|0|0|0|0|0|0|0|0|0|0|0],0,0,0,0,0,0,0,0,0,0,0,0,0,0,-1,0,0,0,0,-1,-1,-1,-1,-1,-1,-1,-1,-1,-1,-1,-1,0,0,-1,0,0,0,0,0,0,0,0,[0|0],80000000,3.6,0,-1,0,0,-1,1,1,1,1,1,1,1,1,0,0,0,0,0,0,0,0,0,0,0,0,0,0,0,0,0,0,0,0,0,0,0,0,0,[0|0],0,0,0,[0|0|0],0,0,0,-1,[0|0|0|0],0,0,0,0,0,-1,-1,-1,-1,-1,-1,-1,-1,-1,-1,0,0,0,0,0,0,0,0,0,-1,[0|0],360,0,0,0,[0|0|0],0,0,0,0,0,-1,-1,-1,-1,-1,-1,[0|0|0|0],0,0,0,0,0,[0|0|0],0,0,0,0,0,0,0,0,0,0,0,0,0,0,0,0,0,0,0,0,0,0,0,0,0,0,0,0,0,0,0,0,0,0,[0|0|0],0,0,0,0,0,[0|0|0|0],1,0,0,0,0,[0|0|0],0,0,0,0,0,-1,-1,-1,-1,1,0,0,0,0,0,0,0,0,0,0,100,0,0,0,-1,0,0,0,0,0,1,0,0,0,0,0,0,0,0,1,1,0,0,-1,0,-1,0,0,0,0,1,0,0,0,0,0,0,0,0,1,1,0,0,0,0,-1,1,1,0,0,0,0,0,0,0,1,-1,0,0,1,0,0,0,0,1,0,0,0,0,1,-1,[0|0|0|0|0|0|0|0|0|0|0|0|0|0|0|0|0|0|0|0|0|0|0|0|0|0|0|0]
80070500,HEAD (Scan) - HR-1000,0,0,0,[0|0|0],-1,8007040,0,0,0,0,0,0,0,0,0,0,100,0,0,0,-1,-1,-1,-1,-1,-1,-1,-1,-1,-1,-1,-1,-1,-1,-1,-1,-1,-1,-1,-1,-1,-1,-1,1,1,1,1,0,0,0,0,0,100,100,0,-1,0,0,0,0,100,0,0,0,0,0,-1,16,0,0,7,0,15,0,0,0,100,0,0,999,0,0,0,0,0,0,0,0,0,0,0,0,0,0,0,0,0,0,0,0,0,0,0,1,0,0,0,0,0,0,0,0,0,0,0,0,1,0,1,0,0,0,0,0,0,0,0,1,0,1,1,0,0,0,0,100,1,1,0,0,-1,-1,-1,-1,-1,-1,-1,-1,-1,-1,-1,-1,-1,-1,-1,-1,-1,-1,-1,-1,-1,-1,-1,-1,0,0,-1,0,0,0,0,0,0,0,0,0,0,0,1,1,0,0,0,0,0,0,0,0,0,0,0,0,0,0,0,-1,-1,-1,-1,-1,-1,-1,-1,-1,0,-1,0,0,-1,0,0,0,0,0,-1,-1,-1,0,[0|0|0|0],-1,-1,-1,-1,-1,-1,-1,-1,1,1,1,1,1,1,1,1,1,-1,-1,-1,-1,-1,0,-1,0,1,0,0,0,0,1,1,1,1,0,0,-1,0,[0|0|0|0],1,1,1,[0|0|0|0],-1,0,0,[0|0|0|0|0|0|0|0],-1,-1,-1,-1,-1,[0|0|0|0],-1,-1,-1,[0|0|0|0|0|0|0|0],-1,-1,-1,[0|0|0|0|0|0|0|0],0,0,0,[0|0|0|0],-1,-1,0,100,1,1,0,-1,0,0,0,0,0,0,-1,0,0,0,-1,[0|0|0|0],0,0,0,0,0,0,0,0,0,0,0,0,0,0,0,0,0,0,0,0,0,0,0,0,0,0,0,0,0,0,0,0,0,[0|0|0|0|0|0|0|0|0|0|0|0],0,0,0,0,0,0,0,0,0,0,0,0,0,0,-1,0,0,0,0,-1,-1,-1,-1,-1,-1,-1,-1,-1,-1,-1,-1,0,0,-1,0,0,0,0,0,0,0,0,[0|0],80000000,4.1,0,-1,0,0,-1,1,1,1,1,1,1,1,1,0,0,0,0,0,0,0,0,0,0,0,0,0,0,0,0,0,0,0,0,0,0,0,0,0,[0|0],0,0,0,[0|0|0],0,0,0,-1,[0|0|0|0],0,0,0,0,0,-1,-1,-1,-1,-1,-1,-1,-1,-1,-1,0,0,0,0,0,0,0,0,0,-1,[0|0],360,0,0,0,[0|0|0],0,0,0,0,0,-1,-1,-1,-1,-1,-1,[0|0|0|0],0,0,0,0,0,[0|0|0],0,0,0,0,0,0,0,0,0,0,0,0,0,0,0,0,0,0,0,0,0,0,0,0,0,0,0,0,0,0,0,0,0,0,[0|0|0],0,0,0,0,0,[0|0|0|0],1,0,0,0,0,[0|0|0],0,0,0,0,0,-1,-1,-1,-1,1,0,0,0,0,0,0,0,0,0,0,100,0,0,0,-1,0,0,0,0,0,1,0,0,0,0,0,0,0,0,1,1,0,0,-1,0,-1,0,0,0,0,1,0,0,0,0,0,0,0,0,1,1,0,0,0,0,-1,1,1,0,0,0,0,0,0,0,1,-1,0,0,1,0,0,0,0,1,0,0,0,0,1,-1,[0|0|0|0|0|0|0|0|0|0|0|0|0|0|0|0|0|0|0|0|0|0|0|0|0|0|0|0]
80070501,HEAD (Scan) - HR-1000/RC,0,0,0,[0|0|0],-1,8007040,0,0,0,0,0,0,0,0,0,0,100,0,0,0,-1,-1,-1,-1,-1,-1,-1,-1,-1,-1,-1,-1,-1,-1,-1,-1,-1,-1,-1,-1,-1,-1,-1,1,1,1,1,0,0,0,0,0,100,100,0,-1,0,0,0,0,100,0,0,0,0,0,-1,16,0,0,7,0,15,0,0,0,100,0,0,999,0,0,0,0,0,0,0,0,0,0,0,0,0,0,0,0,0,0,0,0,0,0,0,1,0,0,0,0,0,0,0,0,0,0,0,0,1,0,1,0,0,0,0,0,0,0,0,1,0,1,1,0,0,0,0,100,1,1,0,0,-1,-1,-1,-1,-1,-1,-1,-1,-1,-1,-1,-1,-1,-1,-1,-1,-1,-1,-1,-1,-1,-1,-1,-1,0,0,-1,0,0,0,0,0,0,0,0,0,0,0,1,1,0,0,0,0,0,0,0,0,0,0,0,0,0,0,0,-1,-1,-1,-1,-1,-1,-1,-1,-1,0,-1,0,0,-1,0,0,0,0,0,-1,-1,-1,0,[0|0|0|0],-1,-1,-1,-1,-1,-1,-1,-1,1,1,1,1,1,1,1,1,1,-1,-1,-1,-1,-1,0,-1,0,1,0,0,0,0,1,1,1,1,0,0,-1,0,[0|0|0|0],1,1,1,[0|0|0|0],-1,0,0,[0|0|0|0|0|0|0|0],-1,-1,-1,-1,-1,[0|0|0|0],-1,-1,-1,[0|0|0|0|0|0|0|0],-1,-1,-1,[0|0|0|0|0|0|0|0],0,0,0,[0|0|0|0],-1,-1,0,100,1,1,0,-1,0,0,0,0,0,0,-1,0,0,0,-1,[0|0|0|0],0,0,0,0,0,0,0,0,0,0,0,0,0,0,0,0,0,0,0,0,0,0,0,0,0,0,0,0,0,0,0,0,0,[0|0|0|0|0|0|0|0|0|0|0|0],0,0,0,0,0,0,0,0,0,0,0,0,0,0,-1,0,0,0,0,-1,-1,-1,-1,-1,-1,-1,-1,-1,-1,-1,-1,0,0,-1,0,0,0,0,0,0,0,0,[0|0],80000000,4.1,0,-1,0,0,-1,1,1,1,1,1,1,1,1,0,0,0,0,0,0,0,0,0,0,0,0,0,0,0,0,0,0,0,0,0,0,0,0,0,[0|0],0,0,0,[0|0|0],0,0,0,-1,[0|0|0|0],0,0,0,0,0,-1,-1,-1,-1,-1,-1,-1,-1,-1,-1,0,0,0,0,0,0,0,0,0,-1,[0|0],360,0,0,0,[0|0|0],0,0,0,0,0,-1,-1,-1,-1,-1,-1,[0|0|0|0],0,0,0,0,0,[0|0|0],0,0,0,0,0,0,0,0,0,0,0,0,0,0,0,0,0,0,0,0,0,0,0,0,0,0,0,0,0,0,0,0,0,0,[0|0|0],0,0,0,0,0,[0|0|0|0],1,0,0,0,0,[0|0|0],0,0,0,0,0,-1,-1,-1,-1,1,0,0,0,0,0,0,0,0,0,0,100,0,0,0,-1,0,0,0,0,0,1,0,0,0,0,0,0,0,0,1,1,0,0,-1,0,-1,0,0,0,0,1,0,0,0,0,0,0,0,0,1,1,0,0,0,0,-1,1,1,0,0,0,0,0,0,0,1,-1,0,0,1,0,0,0,0,1,0,0,0,0,1,-1,[0|0|0|0|0|0|0|0|0|0|0|0|0|0|0|0|0|0|0|0|0|0|0|0|0|0|0|0]
80070600,HEAD (Scan) - HC-2000/BC SHADE EYE,0,0,0,[0|0|0],-1,8007060,0,0,0,0,0,0,0,0,0,0,100,0,0,0,-1,-1,-1,-1,-1,-1,-1,-1,-1,-1,-1,-1,-1,-1,-1,-1,-1,-1,-1,-1,-1,-1,-1,1,1,1,1,0,0,0,0,0,100,100,0,-1,0,0,0,0,100,0,0,0,0,0,-1,16,0,0,7,0,15,0,0,0,100,0,0,999,0,0,0,0,0,0,0,0,0,0,0,0,0,0,0,0,0,0,0,0,0,0,0,1,0,0,0,0,0,0,0,0,0,0,0,0,1,0,1,0,0,0,0,0,0,0,0,1,0,1,1,0,0,0,0,100,1,1,0,0,-1,-1,-1,-1,-1,-1,-1,-1,-1,-1,-1,-1,-1,-1,-1,-1,-1,-1,-1,-1,-1,-1,-1,-1,0,0,-1,0,0,0,0,0,0,0,0,0,0,0,1,1,0,0,0,0,0,0,0,0,0,0,0,0,0,0,0,-1,-1,-1,-1,-1,-1,-1,-1,-1,0,-1,0,0,-1,0,0,0,0,0,-1,-1,-1,0,[0|0|0|0],-1,-1,-1,-1,-1,-1,-1,-1,1,1,1,1,1,1,1,1,1,-1,-1,-1,-1,-1,0,-1,0,1,0,0,0,0,1,1,1,1,0,0,-1,0,[0|0|0|0],1,1,1,[0|0|0|0],-1,0,0,[0|0|0|0|0|0|0|0],-1,-1,-1,-1,-1,[0|0|0|0],-1,-1,-1,[0|0|0|0|0|0|0|0],-1,-1,-1,[0|0|0|0|0|0|0|0],0,0,0,[0|0|0|0],-1,-1,0,100,1,1,0,-1,0,0,0,0,0,0,-1,0,0,0,-1,[0|0|0|0],0,0,0,0,0,0,0,0,0,0,0,0,0,0,0,0,0,0,0,0,0,0,0,0,0,0,0,0,0,0,0,0,0,[0|0|0|0|0|0|0|0|0|0|0|0],0,0,0,0,0,0,0,0,0,0,0,0,0,0,-1,0,0,0,0,-1,-1,-1,-1,-1,-1,-1,-1,-1,-1,-1,-1,0,0,-1,0,0,0,0,0,0,0,0,[0|0],80000000,9,0,-1,0,0,-1,1,1,1,1,1,1,1,1,0,0,0,0,0,0,0,0,0,0,0,0,0,0,0,0,0,0,0,0,0,0,0,0,0,[0|0],0,0,0,[0|0|0],0,0,0,-1,[0|0|0|0],0,0,0,0,0,-1,-1,-1,-1,-1,-1,-1,-1,-1,-1,0,0,0,0,0,0,0,0,0,-1,[0|0],360,0,0,0,[0|0|0],0,0,0,0,0,-1,-1,-1,-1,-1,-1,[0|0|0|0],0,0,0,0,0,[0|0|0],0,0,0,0,0,0,0,0,0,0,0,0,0,0,0,0,0,0,0,0,0,0,0,0,0,0,0,0,0,0,0,0,0,0,[0|0|0],0,0,0,0,0,[0|0|0|0],1,0,0,0,0,[0|0|0],0,0,0,0,0,-1,-1,-1,-1,1,0,0,0,0,0,0,0,0,0,0,100,0,0,0,-1,0,0,0,0,0,1,0,0,0,0,0,0,0,0,1,1,0,0,-1,0,-1,0,0,0,0,1,0,0,0,0,0,0,0,0,1,1,0,0,0,0,-1,1,1,0,0,0,0,0,0,0,1,-1,0,0,1,0,0,0,0,1,0,0,0,0,1,-1,[0|0|0|0|0|0|0|0|0|0|0|0|0|0|0|0|0|0|0|0|0|0|0|0|0|0|0|0]
80080000,HEAD (Scan) - IB-C03H: HAL 826,0,0,0,[0|0|0],-1,8008000,0,0,0,0,0,0,0,0,0,0,100,0,0,0,-1,-1,-1,-1,-1,-1,-1,-1,-1,-1,-1,-1,-1,-1,-1,-1,-1,-1,-1,-1,-1,-1,-1,1,1,1,1,0,0,0,0,0,100,100,0,-1,0,0,0,0,100,0,0,0,0,0,-1,16,0,0,7,0,15,0,0,0,100,0,0,999,0,0,0,0,0,0,0,0,0,0,0,0,0,0,0,0,0,0,0,0,0,0,0,1,0,0,0,0,0,0,0,0,0,0,0,0,1,0,1,0,0,0,0,0,0,0,0,1,0,1,1,0,0,0,0,100,1,1,0,0,-1,-1,-1,-1,-1,-1,-1,-1,-1,-1,-1,-1,-1,-1,-1,-1,-1,-1,-1,-1,-1,-1,-1,-1,0,0,-1,0,0,0,0,0,0,0,0,0,0,0,1,1,0,0,0,0,0,0,0,0,0,0,0,0,0,0,0,-1,-1,-1,-1,-1,-1,-1,-1,-1,0,-1,0,0,-1,0,0,0,0,0,-1,-1,-1,0,[0|0|0|0],-1,-1,-1,-1,-1,-1,-1,-1,1,1,1,1,1,1,1,1,1,-1,-1,-1,-1,-1,0,-1,0,1,0,0,0,0,1,1,1,1,0,0,-1,0,[0|0|0|0],1,1,1,[0|0|0|0],-1,0,0,[0|0|0|0|0|0|0|0],-1,-1,-1,-1,-1,[0|0|0|0],-1,-1,-1,[0|0|0|0|0|0|0|0],-1,-1,-1,[0|0|0|0|0|0|0|0],0,0,0,[0|0|0|0],-1,-1,0,100,1,1,0,-1,0,0,0,0,0,0,-1,0,0,0,-1,[0|0|0|0],0,0,0,0,0,0,0,0,0,0,0,0,0,0,0,0,0,0,0,0,0,0,0,0,0,0,0,0,0,0,0,0,0,[0|0|0|0|0|0|0|0|0|0|0|0],0,0,0,0,0,0,0,0,0,0,0,0,0,0,-1,0,0,0,0,-1,-1,-1,-1,-1,-1,-1,-1,-1,-1,-1,-1,0,0,-1,0,0,0,0,0,0,0,0,[0|0],80000000,11.4,0,-1,0,0,-1,1,1,1,1,1,1,1,1,0,0,0,0,0,0,0,0,0,0,0,0,0,0,0,0,0,0,0,0,0,0,0,0,0,[0|0],0,0,0,[0|0|0],0,0,0,-1,[0|0|0|0],0,0,0,0,0,-1,-1,-1,-1,-1,-1,-1,-1,-1,-1,0,0,0,0,0,0,0,0,0,-1,[0|0],360,0,0,0,[0|0|0],0,0,0,0,0,-1,-1,-1,-1,-1,-1,[0|0|0|0],0,0,0,0,0,[0|0|0],0,0,0,0,0,0,0,0,0,0,0,0,0,0,0,0,0,0,0,0,0,0,0,0,0,0,0,0,0,0,0,0,0,0,[0|0|0],0,0,0,0,0,[0|0|0|0],1,0,0,0,0,[0|0|0],0,0,0,0,0,-1,-1,-1,-1,1,0,0,0,0,0,0,0,0,0,0,100,0,0,0,-1,0,0,0,0,0,1,0,0,0,0,0,0,0,0,1,1,0,0,-1,0,-1,0,0,0,0,1,0,0,0,0,0,0,0,0,1,1,0,0,0,0,-1,1,1,0,0,0,0,0,0,0,1,-1,0,0,1,0,0,0,0,1,0,0,0,0,1,-1,[0|0|0|0|0|0|0|0|0|0|0|0|0|0|0|0|0|0|0|0|0|0|0|0|0|0|0|0]
80080100,HEAD (Scan) - IA-C01H: EPHEMERA,0,0,0,[0|0|0],-1,8008010,0,0,0,0,0,0,0,0,0,0,100,0,0,0,-1,-1,-1,-1,-1,-1,-1,-1,-1,-1,-1,-1,-1,-1,-1,-1,-1,-1,-1,-1,-1,-1,-1,1,1,1,1,0,0,0,0,0,100,100,0,-1,0,0,0,0,100,0,0,0,0,0,-1,16,0,0,7,0,15,0,0,0,100,0,0,999,0,0,0,0,0,0,0,0,0,0,0,0,0,0,0,0,0,0,0,0,0,0,0,1,0,0,0,0,0,0,0,0,0,0,0,0,1,0,1,0,0,0,0,0,0,0,0,1,0,1,1,0,0,0,0,100,1,1,0,0,-1,-1,-1,-1,-1,-1,-1,-1,-1,-1,-1,-1,-1,-1,-1,-1,-1,-1,-1,-1,-1,-1,-1,-1,0,0,-1,0,0,0,0,0,0,0,0,0,0,0,1,1,0,0,0,0,0,0,0,0,0,0,0,0,0,0,0,-1,-1,-1,-1,-1,-1,-1,-1,-1,0,-1,0,0,-1,0,0,0,0,0,-1,-1,-1,0,[0|0|0|0],-1,-1,-1,-1,-1,-1,-1,-1,1,1,1,1,1,1,1,1,1,-1,-1,-1,-1,-1,0,-1,0,1,0,0,0,0,1,1,1,1,0,0,-1,0,[0|0|0|0],1,1,1,[0|0|0|0],-1,0,0,[0|0|0|0|0|0|0|0],-1,-1,-1,-1,-1,[0|0|0|0],-1,-1,-1,[0|0|0|0|0|0|0|0],-1,-1,-1,[0|0|0|0|0|0|0|0],0,0,0,[0|0|0|0],-1,-1,0,100,1,1,0,-1,0,0,0,0,0,0,-1,0,0,0,-1,[0|0|0|0],0,0,0,0,0,0,0,0,0,0,0,0,0,0,0,0,0,0,0,0,0,0,0,0,0,0,0,0,0,0,0,0,0,[0|0|0|0|0|0|0|0|0|0|0|0],0,0,0,0,0,0,0,0,0,0,0,0,0,0,-1,0,0,0,0,-1,-1,-1,-1,-1,-1,-1,-1,-1,-1,-1,-1,0,0,-1,0,0,0,0,0,0,0,0,[0|0],80000000,6,0,-1,0,0,-1,1,1,1,1,1,1,1,1,0,0,0,0,0,0,0,0,0,0,0,0,0,0,0,0,0,0,0,0,0,0,0,0,0,[0|0],0,0,0,[0|0|0],0,0,0,-1,[0|0|0|0],0,0,0,0,0,-1,-1,-1,-1,-1,-1,-1,-1,-1,-1,0,0,0,0,0,0,0,0,0,-1,[0|0],360,0,0,0,[0|0|0],0,0,0,0,0,-1,-1,-1,-1,-1,-1,[0|0|0|0],0,0,0,0,0,[0|0|0],0,0,0,0,0,0,0,0,0,0,0,0,0,0,0,0,0,0,0,0,0,0,0,0,0,0,0,0,0,0,0,0,0,0,[0|0|0],0,0,0,0,0,[0|0|0|0],1,0,0,0,0,[0|0|0],0,0,0,0,0,-1,-1,-1,-1,1,0,0,0,0,0,0,0,0,0,0,100,0,0,0,-1,0,0,0,0,0,1,0,0,0,0,0,0,0,0,1,1,0,0,-1,0,-1,0,0,0,0,1,0,0,0,0,0,0,0,0,1,1,0,0,0,0,-1,1,1,0,0,0,0,0,0,0,1,-1,0,0,1,0,0,0,0,1,0,0,0,0,1,-1,[0|0|0|0|0|0|0|0|0|0|0|0|0|0|0|0|0|0|0|0|0|0|0|0|0|0|0|0]
80080200,HEAD (Scan) - EL-PH-00 ALBA,0,0,0,[0|0|0],-1,8008020,0,0,0,0,0,0,0,0,0,0,100,0,0,0,-1,-1,-1,-1,-1,-1,-1,-1,-1,-1,-1,-1,-1,-1,-1,-1,-1,-1,-1,-1,-1,-1,-1,1,1,1,1,0,0,0,0,0,100,100,0,-1,0,0,0,0,100,0,0,0,0,0,-1,16,0,0,7,0,15,0,0,0,100,0,0,999,0,0,0,0,0,0,0,0,0,0,0,0,0,0,0,0,0,0,0,0,0,0,0,1,0,0,0,0,0,0,0,0,0,0,0,0,1,0,1,0,0,0,0,0,0,0,0,1,0,1,1,0,0,0,0,100,1,1,0,0,-1,-1,-1,-1,-1,-1,-1,-1,-1,-1,-1,-1,-1,-1,-1,-1,-1,-1,-1,-1,-1,-1,-1,-1,0,0,-1,0,0,0,0,0,0,0,0,0,0,0,1,1,0,0,0,0,0,0,0,0,0,0,0,0,0,0,0,-1,-1,-1,-1,-1,-1,-1,-1,-1,0,-1,0,0,-1,0,0,0,0,0,-1,-1,-1,0,[0|0|0|0],-1,-1,-1,-1,-1,-1,-1,-1,1,1,1,1,1,1,1,1,1,-1,-1,-1,-1,-1,0,-1,0,1,0,0,0,0,1,1,1,1,0,0,-1,0,[0|0|0|0],1,1,1,[0|0|0|0],-1,0,0,[0|0|0|0|0|0|0|0],-1,-1,-1,-1,-1,[0|0|0|0],-1,-1,-1,[0|0|0|0|0|0|0|0],-1,-1,-1,[0|0|0|0|0|0|0|0],0,0,0,[0|0|0|0],-1,-1,0,100,1,1,0,-1,0,0,0,0,0,0,-1,0,0,0,-1,[0|0|0|0],0,0,0,0,0,0,0,0,0,0,0,0,0,0,0,0,0,0,0,0,0,0,0,0,0,0,0,0,0,0,0,0,0,[0|0|0|0|0|0|0|0|0|0|0|0],0,0,0,0,0,0,0,0,0,0,0,0,0,0,-1,0,0,0,0,-1,-1,-1,-1,-1,-1,-1,-1,-1,-1,-1,-1,0,0,-1,0,0,0,0,0,0,0,0,[0|0],80000000,5.4,0,-1,0,0,-1,1,1,1,1,1,1,1,1,0,0,0,0,0,0,0,0,0,0,0,0,0,0,0,0,0,0,0,0,0,0,0,0,0,[0|0],0,0,0,[0|0|0],0,0,0,-1,[0|0|0|0],0,0,0,0,0,-1,-1,-1,-1,-1,-1,-1,-1,-1,-1,0,0,0,0,0,0,0,0,0,-1,[0|0],360,0,0,0,[0|0|0],0,0,0,0,0,-1,-1,-1,-1,-1,-1,[0|0|0|0],0,0,0,0,0,[0|0|0],0,0,0,0,0,0,0,0,0,0,0,0,0,0,0,0,0,0,0,0,0,0,0,0,0,0,0,0,0,0,0,0,0,0,[0|0|0],0,0,0,0,0,[0|0|0|0],1,0,0,0,0,[0|0|0],0,0,0,0,0,-1,-1,-1,-1,1,0,0,0,0,0,0,0,0,0,0,100,0,0,0,-1,0,0,0,0,0,1,0,0,0,0,0,0,0,0,1,1,0,0,-1,0,-1,0,0,0,0,1,0,0,0,0,0,0,0,0,1,1,0,0,0,0,-1,1,1,0,0,0,0,0,0,0,1,-1,0,0,1,0,0,0,0,1,0,0,0,0,1,-1,[0|0|0|0|0|0|0|0|0|0|0|0|0|0|0|0|0|0|0|0|0|0|0|0|0|0|0|0]
80080300,HEAD (Scan) - LAMMERGEIER/40F,0,0,0,[0|0|0],-1,8008030,0,0,0,0,0,0,0,0,0,0,100,0,0,0,-1,-1,-1,-1,-1,-1,-1,-1,-1,-1,-1,-1,-1,-1,-1,-1,-1,-1,-1,-1,-1,-1,-1,1,1,1,1,0,0,0,0,0,100,100,0,-1,0,0,0,0,100,0,0,0,0,0,-1,16,0,0,7,0,15,0,0,0,100,0,0,999,0,0,0,0,0,0,0,0,0,0,0,0,0,0,0,0,0,0,0,0,0,0,0,1,0,0,0,0,0,0,0,0,0,0,0,0,1,0,1,0,0,0,0,0,0,0,0,1,0,1,1,0,0,0,0,100,1,1,0,0,-1,-1,-1,-1,-1,-1,-1,-1,-1,-1,-1,-1,-1,-1,-1,-1,-1,-1,-1,-1,-1,-1,-1,-1,0,0,-1,0,0,0,0,0,0,0,0,0,0,0,1,1,0,0,0,0,0,0,0,0,0,0,0,0,0,0,0,-1,-1,-1,-1,-1,-1,-1,-1,-1,0,-1,0,0,-1,0,0,0,0,0,-1,-1,-1,0,[0|0|0|0],-1,-1,-1,-1,-1,-1,-1,-1,1,1,1,1,1,1,1,1,1,-1,-1,-1,-1,-1,0,-1,0,1,0,0,0,0,1,1,1,1,0,0,-1,0,[0|0|0|0],1,1,1,[0|0|0|0],-1,0,0,[0|0|0|0|0|0|0|0],-1,-1,-1,-1,-1,[0|0|0|0],-1,-1,-1,[0|0|0|0|0|0|0|0],-1,-1,-1,[0|0|0|0|0|0|0|0],0,0,0,[0|0|0|0],-1,-1,0,100,1,1,0,-1,0,0,0,0,0,0,-1,0,0,0,-1,[0|0|0|0],0,0,0,0,0,0,0,0,0,0,0,0,0,0,0,0,0,0,0,0,0,0,0,0,0,0,0,0,0,0,0,0,0,[0|0|0|0|0|0|0|0|0|0|0|0],0,0,0,0,0,0,0,0,0,0,0,0,0,0,-1,0,0,0,0,-1,-1,-1,-1,-1,-1,-1,-1,-1,-1,-1,-1,0,0,-1,0,0,0,0,0,0,0,0,[0|0],80000000,5.6,0,-1,0,0,-1,1,1,1,1,1,1,1,1,0,0,0,0,0,0,0,0,0,0,0,0,0,0,0,0,0,0,0,0,0,0,0,0,0,[0|0],0,0,0,[0|0|0],0,0,0,-1,[0|0|0|0],0,0,0,0,0,-1,-1,-1,-1,-1,-1,-1,-1,-1,-1,0,0,0,0,0,0,0,0,0,-1,[0|0],360,0,0,0,[0|0|0],0,0,0,0,0,-1,-1,-1,-1,-1,-1,[0|0|0|0],0,0,0,0,0,[0|0|0],0,0,0,0,0,0,0,0,0,0,0,0,0,0,0,0,0,0,0,0,0,0,0,0,0,0,0,0,0,0,0,0,0,0,[0|0|0],0,0,0,0,0,[0|0|0|0],1,0,0,0,0,[0|0|0],0,0,0,0,0,-1,-1,-1,-1,1,0,0,0,0,0,0,0,0,0,0,100,0,0,0,-1,0,0,0,0,0,1,0,0,0,0,0,0,0,0,1,1,0,0,-1,0,-1,0,0,0,0,1,0,0,0,0,0,0,0,0,1,1,0,0,0,0,-1,1,1,0,0,0,0,0,0,0,1,-1,0,0,1,0,0,0,0,1,0,0,0,0,1,-1,[0|0|0|0|0|0|0|0|0|0|0|0|0|0|0|0|0|0|0|0|0|0|0|0|0|0|0|0]
80080400,ARM ATTACK,0,0,0,[0|0|0],-1,8008030,0,0,0,0,0,0,0,0,0,0,100,0,0,0,-1,-1,-1,-1,-1,-1,-1,-1,-1,-1,-1,-1,-1,-1,-1,-1,-1,-1,-1,-1,-1,-1,-1,1,1,1,1,0,0,0,0,0,100,100,0,-1,0,0,0,0,100,0,0,0,0,0,-1,16,0,0,7,0,15,0,0,0,100,0,0,999,0,0,0,0,0,0,0,0,0,0,0,0,0,0,0,0,0,0,0,0,0,0,0,1,0,0,0,0,0,0,0,0,0,0,0,0,1,0,1,0,0,0,0,0,0,0,0,1,0,1,1,0,0,0,0,100,1,1,0,0,-1,-1,-1,-1,-1,-1,-1,-1,-1,-1,-1,-1,-1,-1,-1,-1,-1,-1,-1,-1,-1,-1,-1,-1,0,0,-1,0,0,0,0,0,0,0,0,0,0,0,1,1,0,0,0,0,0,0,0,0,0,0,0,0,0,0,0,-1,-1,-1,-1,-1,-1,-1,-1,-1,0,-1,0,0,-1,0,0,0,0,0,-1,-1,-1,0,[0|0|0|0],-1,-1,-1,-1,-1,-1,-1,-1,1,1,1,1,1,1,1,1,1,-1,-1,-1,-1,-1,0,-1,0,1,0,0,0,0,1,1,1,1,0,0,-1,0,[0|0|0|0],1,1,1,[0|0|0|0],-1,0,0,[0|0|0|0|0|0|0|0],-1,-1,-1,-1,-1,[0|0|0|0],-1,-1,-1,[0|0|0|0|0|0|0|0],-1,-1,-1,[0|0|0|0|0|0|0|0],0,0,0,[0|0|0|0],-1,-1,0,100,1,1,0,-1,0,0,0,0,0,0,-1,0,0,0,-1,[0|0|0|0],0,0,0,0,0,0,0,0,0,0,0,0,0,0,0,0,0,0,0,0,0,0,0,0,0,0,0,0,0,0,0,0,0,[0|0|0|0|0|0|0|0|0|0|0|0],0,0,0,0,0,0,0,0,0,0,0,0,0,0,-1,0,0,0,0,-1,-1,-1,-1,-1,-1,-1,-1,-1,-1,-1,-1,0,0,-1,0,0,0,0,0,0,0,0,[0|0],10190000,8,0,-1,0,0,-1,1,1,1,1,1,1,1,1,0,0,0,0,0,0,0,0,0,0,0,0,0,0,0,0,0,0,0,0,0,0,0,0,0,[0|0],0,0,0,[0|0|0],0,0,0,-1,[0|0|0|0],0,0,0,0,0,-1,-1,-1,-1,-1,-1,-1,-1,-1,-1,0,0,0,0,0,0,0,0,0,-1,[0|0],360,0,0,0,[0|0|0],0,0,0,0,0,-1,-1,-1,-1,-1,-1,[0|0|0|0],0,0,0,0,0,[0|0|0],0,0,0,0,0,0,0,0,0,0,0,0,0,0,0,0,0,0,0,0,0,0,0,0,0,0,0,0,0,0,0,0,0,0,[0|0|0],0,0,0,0,0,[0|0|0|0],1,0,0,0,0,[0|0|0],0,0,0,0,0,-1,-1,-1,-1,1,0,0,0,0,0,0,0,0,0,0,100,0,0,0,-1,0,0,0,0,0,1,0,0,0,0,0,0,0,0,1,1,0,0,-1,0,-1,0,0,0,0,1,0,0,0,0,0,0,0,0,1,1,0,0,0,0,-1,1,1,0,0,0,0,0,0,0,1,-1,0,0,1,0,0,0,0,1,0,0,0,0,1,-1,[0|0|0|0|0|0|0|0|0|0|0|0|0|0|0|0|0|0|0|0|0|0|0|0|0|0|0|0]
85000400,Fists (Left),0,0,0,[0|0|0],80000,0,0,0,0,0,0,0,0,0,0,0,100,0,0,0,-1,-1,-1,131,-1,-1,-1,-1,-1,-1,-1,-1,-1,-1,-1,-1,-1,-1,-1,-1,-1,-1,-1,1,1,1,1,0,0,0,0,0,100,100,0,-1,100,0,0,0,100,0,0,0,0,0,-1,16,0,0,7,3,15,0,0,0,100,0,0,217,0,0,0,0,0,0,0,0,0,0,0,0,0,0,0,0,0,0,0,0,0,0,1,1,0,0,0,0,0,0,0,0,0,0,0,0,1,0,1,0,0,0,0,0,0,0,0,1,0,1,1,1,1,0,0,100,1,1,0,0,-1,-1,-1,-1,-1,-1,-1,-1,-1,-1,-1,-1,-1,-1,-1,-1,-1,-1,-1,-1,-1,-1,-1,-1,0,0,100,0,0,0,0,0,0,0,0,0,0,0,1,1,0,0,0,0,0,0,0,0,0,0,0,0,0,0,0,-1,-1,-1,-1,-1,-1,-1,-1,-1,0,-1,0,0,-1,0,1,0,0,0,-1,-1,-1,0,[0|0|0|0],-1,-1,-1,-1,-1,-1,-1,-1,1,1,1,1,1,1,1,1,1,-1,-1,-1,-1,-1,0,-1,0,1,0,0,0,0,1,1,1,1,0,0,-1,0,[0|0|0|0],-1,0.5,1,[0|0|0|0],-1,0,0,[0|0|0|0|0|0|0|0],-1,-1,-1,-1,-1,[0|0|0|0],-1,-1,-1,[0|0|0|0|0|0|0|0],-1,-1,-1,[0|0|0|0|0|0|0|0],0,0,0,[0|0|0|0],-1,-1,200,100,1,1,0,-1,1,0,0,3,50,0,-1,0,0,0,-1,[0|0|0|0],0,0,0,0,0,0,0,0,0,0,0,0,0,0,0,0,0,0,0,0,0,0,0,0,0,0,0,0,0,0,0,0,262,[0|0|0|0|0|0|0|0|0|0|0|0],0,0,0,0,0,0,0,0,0,0,0,0,0,0,-1,0,0,0,0,-1,-1,-1,-1,-1,-1,-1,-1,-1,-1,-1,-1,0,0,-1,0,0,0,0,0,0,0,0,[0|0],110000,0,0,-1,0,0,-1,1,1,1,1,1,1,1,1,0,0,0,0,0,0,0,0,0,0,0,0,0,0,0,0,0,0,0,0,0,0,0,0,0,[0|0],0.5,0,0.5,[0|0|0],1,0,0,-1,[0|0|0|0],0,112,0,0,0,-1,-1,-1,-1,-1,-1,-1,-1,-1,-1,0,0,0,0,0,0,0,0,0,-1,[0|0],360,0,0,0,[0|0|0],0,0,0,0,0,-1,-1,-1,-1,-1,-1,[0|0|0|0],0,0,0,0,0,[0|0|0],0,0,0,0,0,0,0,0,0,0,0,0,0,0,0,0,0,0,0,0,0,0,0,0,0,0,0,0,0,0,0,0,0,0,[0|0|0],0,0,0,0,2170,[0|0|0|0],1,0,0,1,0,[0|0|0],0,0,0,0,0,-1,-1,-1,-1,1,0,0,0,0,0,0,0,0,0,165,130,0.6,0.8,0,-1,0,0,0,0,0,1,0,0,0,0,0,0,0,0,1,1,0,0,1,0,100,0,2,0,0,1,0,0,0,0,0,0,0,0,1,1,0,0,0,0,-1,1,1,8008,0,0,0,0,0,0,1,-1,0,0,1,0,0,0,0,1,0,0,0,0,1,-1,[0|0|0|0|0|0|0|0|0|0|0|0|0|0|0|0|0|0|0|0|0|0|0|0|0|0|0|0]
95001000,,0,0,0,[0|0|0],0,0,0,1,0,0,0,0,0,0,0,0,0,0,0,0,-1,-1,-1,-1,-1,-1,-1,-1,-1,-1,-1,-1,-1,-1,-1,-1,-1,-1,-1,-1,-1,-1,-1,1,1,1,1,0,0,0,0,0,100,100,0,-1,100,100,100,100,100,0,0,0,0,0,-1,-1,0,0,7,0,0,0,0,0,0,0,0,0,0,0,0,0,0,0,0,0,0,0,0,0,0,0,0,0,0,0,0,0,0,1,1,1,0,0,0,0,0,0,0,0,0,0,0,0,1,0,1,0,0,0,0,0,0,0,0,1,0,1,1,0,1,0,0,0,1,1,0,0,-1,-1,-1,-1,-1,-1,-1,-1,-1,-1,-1,-1,-1,-1,-1,-1,-1,-1,-1,-1,-1,-1,-1,-1,0,0,-1,0,0,0,0,0,0,0,0,0,0,0,1,1,0,0,0,0,0,0,0,0,0,0,0,0,0,0,0,-1,-1,-1,-1,-1,-1,-1,-1,-1,0,-1,0,0,-1,0,0,0,0,0,-1,-1,-1,0,[0|0|0|0],-1,-1,-1,-1,-1,-1,-1,-1,1,1,1,1,1,1,1,1,1,-1,-1,-1,-1,-1,0,-1,0,1,0,0,0,0,1,1,1,1,0,0,-1,0,[0|0|0|0],-1,1,1,[0|0|0|0],-1,0,0,[0|0|0|0|0|0|0|0],-1,-1,-1,-1,-1,[0|0|0|0],-1,-1,-1,[0|0|0|0|0|0|0|0],-1,-1,-1,[0|0|0|0|0|0|0|0],0,0,0,[0|0|0|0],-1,-1,0,100,1,1,0,-1,0,0,0,0,0,0,-1,0,0,0,-1,[0|0|0|0],0,0,0,0,0,0,0,0,0,0,0,0,0,0,0,0,0,0,0,0,0,0,0,0,0,0,0,0,0,0,0,0,0,[0|0|0|0|0|0|0|0|0|0|0|0],0,0,0,0,0,0,0,0,0,0,0,0,0,0,-1,0,0,0,0,-1,-1,-1,-1,-1,-1,-1,-1,-1,-1,-1,-1,0,0,-1,0,0,0,0,0,0,0,0,[0|0],-1,0,0,-1,0,0,-1,1,1,1,1,1,1,1,1,0,0,0,0,0,0,0,0,0,0,0,0,0,0,0,0,0,0,0,0,0,0,0,0,0,[0|0],0,0,0,[0|0|0],0,0,0,-1,[0|0|0|0],0,0,0,0,0,-1,-1,-1,-1,-1,-1,-1,-1,-1,-1,0,0,0,0,0,0,0,0,0,-1,[0|0],360,0,0,0,[0|0|0],0,0,0,0,0,-1,-1,-1,-1,-1,-1,[0|0|0|0],0,0,0,0,0,[0|0|0],0,0,0,0,0,0,0,0,0,0,0,0,0,0,0,0,0,0,0,0,0,0,0,0,0,0,0,0,0,0,0,0,0,0,[0|0|0],0,0,0,0,0,[0|0|0|0],1,0,0,0,0,[0|0|0],0,0,0,0,0,-1,-1,-1,-1,1,0,0,0,0,0,0,0,0,0,0,100,0,0,0,10020100,0,0,0,0,0,1,0,0,0,0,0,0,0,0,1,1,0,0,-1,0,-1,0,0,0,0,1,0,0,0,0,0,0,0,0,1,1,0,0,0,0,-1,1,1,0,0,0,0,0,0,0,1,-1,0,0,1,0,0,0,0,1,0,0,0,0,1,-1,[0|0|0|0|0|0|0|0|0|0|0|0|0|0|0|0|0|0|0|0|0|0|0|0|0|0|0|0]
95001100,,0,0,0,[0|0|0],0,0,0,1,0,0,0,0,0,0,0,0,0,0,0,0,-1,-1,-1,-1,-1,-1,-1,-1,-1,-1,-1,-1,-1,-1,-1,-1,-1,-1,-1,-1,-1,-1,-1,1,1,1,1,0,0,0,0,0,100,100,0,-1,100,100,100,100,100,0,0,0,0,0,-1,-1,0,0,7,0,0,0,0,0,0,0,0,0,0,0,0,0,0,0,0,0,0,0,0,0,0,0,0,0,0,0,0,0,0,1,1,1,0,0,0,0,0,0,0,0,0,0,0,0,1,0,1,0,0,0,0,0,0,0,0,1,0,1,1,0,1,0,0,0,1,1,0,0,-1,-1,-1,-1,-1,-1,-1,-1,-1,-1,-1,-1,-1,-1,-1,-1,-1,-1,-1,-1,-1,-1,-1,-1,0,0,-1,0,0,0,0,0,0,0,0,0,0,0,1,1,0,0,0,0,0,0,0,0,0,0,0,0,0,0,0,-1,-1,-1,-1,-1,-1,-1,-1,-1,0,-1,0,0,-1,0,0,0,0,0,-1,-1,-1,0,[0|0|0|0],-1,-1,-1,-1,-1,-1,-1,-1,1,1,1,1,1,1,1,1,1,-1,-1,-1,-1,-1,0,-1,0,1,0,0,0,0,1,1,1,1,0,0,-1,0,[0|0|0|0],-1,1,1,[0|0|0|0],-1,0,0,[0|0|0|0|0|0|0|0],-1,-1,-1,-1,-1,[0|0|0|0],-1,-1,-1,[0|0|0|0|0|0|0|0],-1,-1,-1,[0|0|0|0|0|0|0|0],0,0,0,[0|0|0|0],-1,-1,0,100,1,1,0,-1,0,0,0,0,0,0,-1,0,0,0,-1,[0|0|0|0],0,0,0,0,0,0,0,0,0,0,0,0,0,0,0,0,0,0,0,0,0,0,0,0,0,0,0,0,0,0,0,0,0,[0|0|0|0|0|0|0|0|0|0|0|0],0,0,0,0,0,0,0,0,0,0,0,0,0,0,-1,0,0,0,0,-1,-1,-1,-1,-1,-1,-1,-1,-1,-1,-1,-1,0,0,-1,0,0,0,0,0,0,0,0,[0|0],-1,0,0,-1,0,0,-1,1,1,1,1,1,1,1,1,0,0,0,0,0,0,0,0,0,0,0,0,0,0,0,0,0,0,0,0,0,0,0,0,0,[0|0],0,0,0,[0|0|0],0,0,0,-1,[0|0|0|0],0,0,0,0,0,-1,-1,-1,-1,-1,-1,-1,-1,-1,-1,0,0,0,0,0,0,0,0,0,-1,[0|0],360,0,0,0,[0|0|0],0,0,0,0,0,-1,-1,-1,-1,-1,-1,[0|0|0|0],0,0,0,0,0,[0|0|0],0,0,0,0,0,0,0,0,0,0,0,0,0,0,0,0,0,0,0,0,0,0,0,0,0,0,0,0,0,0,0,0,0,0,[0|0|0],0,0,0,0,0,[0|0|0|0],1,0,0,0,0,[0|0|0],0,0,0,0,0,-1,-1,-1,-1,1,0,0,0,0,0,0,0,0,0,0,100,0,0,0,20010000,0,0,0,0,0,1,0,0,0,0,0,0,0,0,1,1,0,0,-1,0,-1,0,0,0,0,1,0,0,0,0,0,0,0,0,1,1,0,0,0,0,-1,1,1,0,0,0,0,0,0,0,1,-1,0,0,1,0,0,0,0,1,0,0,0,0,1,-1,[0|0|0|0|0|0|0|0|0|0|0|0|0|0|0|0|0|0|0|0|0|0|0|0|0|0|0|0]
95001200,,0,0,0,[0|0|0],0,0,0,1,0,0,0,0,0,0,0,0,0,0,0,0,-1,-1,-1,-1,-1,-1,-1,-1,-1,-1,-1,-1,-1,-1,-1,-1,-1,-1,-1,-1,-1,-1,-1,1,1,1,1,0,0,0,0,0,100,100,0,-1,100,100,100,100,100,0,0,0,0,0,-1,-1,0,0,7,0,0,0,0,0,0,0,0,0,0,0,0,0,0,0,0,0,0,0,0,0,0,0,0,0,0,0,0,0,0,1,1,1,0,0,0,0,0,0,0,0,0,0,0,0,1,0,1,0,0,0,0,0,0,0,0,1,0,1,1,0,1,0,0,0,1,1,0,0,-1,-1,-1,-1,-1,-1,-1,-1,-1,-1,-1,-1,-1,-1,-1,-1,-1,-1,-1,-1,-1,-1,-1,-1,0,0,-1,0,0,0,0,0,0,0,0,0,0,0,1,1,0,0,0,0,0,0,0,0,0,0,0,0,0,0,0,-1,-1,-1,-1,-1,-1,-1,-1,-1,0,-1,0,0,-1,0,0,0,0,0,-1,-1,-1,0,[0|0|0|0],-1,-1,-1,-1,-1,-1,-1,-1,1,1,1,1,1,1,1,1,1,-1,-1,-1,-1,-1,0,-1,0,1,0,0,0,0,1,1,1,1,0,0,-1,0,[0|0|0|0],-1,1,1,[0|0|0|0],-1,0,0,[0|0|0|0|0|0|0|0],-1,-1,-1,-1,-1,[0|0|0|0],-1,-1,-1,[0|0|0|0|0|0|0|0],-1,-1,-1,[0|0|0|0|0|0|0|0],0,0,0,[0|0|0|0],-1,-1,0,100,1,1,0,-1,0,0,0,0,0,0,-1,0,0,0,-1,[0|0|0|0],0,0,0,0,0,0,0,0,0,0,0,0,0,0,0,0,0,0,0,0,0,0,0,0,0,0,0,0,0,0,0,0,0,[0|0|0|0|0|0|0|0|0|0|0|0],0,0,0,0,0,0,0,0,0,0,0,0,0,0,-1,0,0,0,0,-1,-1,-1,-1,-1,-1,-1,-1,-1,-1,-1,-1,0,0,-1,0,0,0,0,0,0,0,0,[0|0],-1,0,0,-1,0,0,-1,1,1,1,1,1,1,1,1,0,0,0,0,0,0,0,0,0,0,0,0,0,0,0,0,0,0,0,0,0,0,0,0,0,[0|0],0,0,0,[0|0|0],0,0,0,-1,[0|0|0|0],0,0,0,0,0,-1,-1,-1,-1,-1,-1,-1,-1,-1,-1,0,0,0,0,0,0,0,0,0,-1,[0|0],360,0,0,0,[0|0|0],0,0,0,0,0,-1,-1,-1,-1,-1,-1,[0|0|0|0],0,0,0,0,0,[0|0|0],0,0,0,0,0,0,0,0,0,0,0,0,0,0,0,0,0,0,0,0,0,0,0,0,0,0,0,0,0,0,0,0,0,0,[0|0|0],0,0,0,0,0,[0|0|0|0],1,0,0,0,0,[0|0|0],0,0,0,0,0,-1,-1,-1,-1,1,0,0,0,0,0,0,0,0,0,0,100,0,0,0,30080000,0,0,0,0,0,1,0,0,0,0,0,0,0,0,1,1,0,0,-1,0,-1,0,0,0,0,1,0,0,0,0,0,0,0,0,1,1,0,0,0,0,-1,1,1,0,0,0,0,0,0,0,1,-1,0,0,1,0,0,0,0,1,0,0,0,0,1,-1,[0|0|0|0|0|0|0|0|0|0|0|0|0|0|0|0|0|0|0|0|0|0|0|0|0|0|0|0]
95001300,,0,0,0,[0|0|0],0,0,0,1,0,0,0,0,0,0,0,0,0,0,0,0,-1,-1,-1,-1,-1,-1,-1,-1,-1,-1,-1,-1,-1,-1,-1,-1,-1,-1,-1,-1,-1,-1,-1,1,1,1,1,0,0,0,0,0,100,100,0,-1,100,100,100,100,100,0,0,0,0,0,-1,-1,0,0,7,0,0,0,0,0,0,0,0,0,0,0,0,0,0,0,0,0,0,0,0,0,0,0,0,0,0,0,0,0,0,1,1,1,0,0,0,0,0,0,0,0,0,0,0,0,1,0,1,0,0,0,0,0,0,0,0,1,0,1,1,0,1,0,0,0,1,1,0,0,-1,-1,-1,-1,-1,-1,-1,-1,-1,-1,-1,-1,-1,-1,-1,-1,-1,-1,-1,-1,-1,-1,-1,-1,0,0,-1,0,0,0,0,0,0,0,0,0,0,0,1,1,0,0,0,0,0,0,0,0,0,0,0,0,0,0,0,-1,-1,-1,-1,-1,-1,-1,-1,-1,0,-1,0,0,-1,0,0,0,0,0,-1,-1,-1,0,[0|0|0|0],-1,-1,-1,-1,-1,-1,-1,-1,1,1,1,1,1,1,1,1,1,-1,-1,-1,-1,-1,0,-1,0,1,0,0,0,0,1,1,1,1,0,0,-1,0,[0|0|0|0],-1,1,1,[0|0|0|0],-1,0,0,[0|0|0|0|0|0|0|0],-1,-1,-1,-1,-1,[0|0|0|0],-1,-1,-1,[0|0|0|0|0|0|0|0],-1,-1,-1,[0|0|0|0|0|0|0|0],0,0,0,[0|0|0|0],-1,-1,0,100,1,1,0,-1,0,0,0,0,0,0,-1,0,0,0,-1,[0|0|0|0],0,0,0,0,0,0,0,0,0,0,0,0,0,0,0,0,0,0,0,0,0,0,0,0,0,0,0,0,0,0,0,0,0,[0|0|0|0|0|0|0|0|0|0|0|0],0,0,0,0,0,0,0,0,0,0,0,0,0,0,-1,0,0,0,0,-1,-1,-1,-1,-1,-1,-1,-1,-1,-1,-1,-1,0,0,-1,0,0,0,0,0,0,0,0,[0|0],-1,0,0,-1,0,0,-1,1,1,1,1,1,1,1,1,0,0,0,0,0,0,0,0,0,0,0,0,0,0,0,0,0,0,0,0,0,0,0,0,0,[0|0],0,0,0,[0|0|0],0,0,0,-1,[0|0|0|0],0,0,0,0,0,-1,-1,-1,-1,-1,-1,-1,-1,-1,-1,0,0,0,0,0,0,0,0,0,-1,[0|0],360,0,0,0,[0|0|0],0,0,0,0,0,-1,-1,-1,-1,-1,-1,[0|0|0|0],0,0,0,0,0,[0|0|0],0,0,0,0,0,0,0,0,0,0,0,0,0,0,0,0,0,0,0,0,0,0,0,0,0,0,0,0,0,0,0,0,0,0,[0|0|0],0,0,0,0,0,[0|0|0|0],1,0,0,0,0,[0|0|0],0,0,0,0,0,-1,-1,-1,-1,1,0,0,0,0,0,0,0,0,0,0,100,0,0,0,0,0,0,0,0,0,1,0,0,0,0,0,0,0,0,1,1,0,0,-1,0,-1,0,0,0,0,1,0,0,0,0,0,0,0,0,1,1,0,0,0,0,-1,1,1,0,0,0,0,0,0,0,1,-1,0,0,1,0,0,0,0,1,0,0,0,0,1,-1,[0|0|0|0|0|0|0|0|0|0|0|0|0|0|0|0|0|0|0|0|0|0|0|0|0|0|0|0]
95002000,,0,0,0,[0|0|0],0,0,0,1,0,0,0,0,0,0,0,0,0,0,0,0,-1,-1,-1,-1,-1,-1,-1,-1,-1,-1,-1,-1,-1,-1,-1,-1,-1,-1,-1,-1,-1,-1,-1,1,1,1,1,0,0,0,0,0,100,100,0,-1,100,100,100,100,100,0,0,0,0,0,-1,-1,0,0,7,0,0,0,0,0,0,0,0,0,0,0,0,0,0,0,0,0,0,0,0,0,0,0,0,0,0,0,0,0,0,1,1,1,0,0,0,0,0,0,0,0,0,0,0,0,1,0,1,0,0,0,0,0,0,0,0,1,0,1,1,0,1,0,0,0,1,1,0,0,-1,-1,-1,-1,-1,-1,-1,-1,-1,-1,-1,-1,-1,-1,-1,-1,-1,-1,-1,-1,-1,-1,-1,-1,0,0,-1,0,0,0,0,0,0,0,0,0,0,0,1,1,0,0,0,0,0,0,0,0,0,0,0,0,0,0,0,-1,-1,-1,-1,-1,-1,-1,-1,-1,0,-1,0,0,-1,0,0,0,0,0,-1,-1,-1,0,[0|0|0|0],-1,-1,-1,-1,-1,-1,-1,-1,1,1,1,1,1,1,1,1,1,-1,-1,-1,-1,-1,0,-1,0,1,0,0,0,0,1,1,1,1,0,0,-1,0,[0|0|0|0],-1,1,1,[0|0|0|0],-1,0,0,[0|0|0|0|0|0|0|0],-1,-1,-1,-1,-1,[0|0|0|0],-1,-1,-1,[0|0|0|0|0|0|0|0],-1,-1,-1,[0|0|0|0|0|0|0|0],0,0,0,[0|0|0|0],-1,-1,0,100,1,1,0,-1,0,0,0,0,0,0,-1,0,0,0,-1,[0|0|0|0],0,0,0,0,0,0,0,0,0,0,0,0,0,0,0,0,0,0,0,0,0,0,0,0,0,0,0,0,0,0,0,0,0,[0|0|0|0|0|0|0|0|0|0|0|0],0,0,0,0,0,0,0,0,0,0,0,0,0,0,-1,0,0,0,0,-1,-1,-1,-1,-1,-1,-1,-1,-1,-1,-1,-1,0,0,-1,0,0,0,0,0,0,0,0,[0|0],-1,0,0,-1,0,0,-1,1,1,1,1,1,1,1,1,0,0,0,0,0,0,0,0,0,0,0,0,0,0,0,0,0,0,0,0,0,0,0,0,0,[0|0],0,0,0,[0|0|0],0,0,0,-1,[0|0|0|0],0,0,0,0,0,-1,-1,-1,-1,-1,-1,-1,-1,-1,-1,0,0,0,0,0,0,0,0,0,-1,[0|0],360,0,0,0,[0|0|0],0,0,0,0,0,-1,-1,-1,-1,-1,-1,[0|0|0|0],0,0,0,0,0,[0|0|0],0,0,0,0,0,0,0,0,0,0,0,0,0,0,0,0,0,0,0,0,0,0,0,0,0,0,0,0,0,0,0,0,0,0,[0|0|0],0,0,0,0,0,[0|0|0|0],1,0,0,0,0,[0|0|0],0,0,0,0,0,-1,-1,-1,-1,1,0,0,0,0,0,0,0,0,0,0,100,0,0,0,10000100,0,0,0,0,0,1,0,0,0,0,0,0,0,0,1,1,0,0,-1,0,-1,0,0,0,0,1,0,0,0,0,0,0,0,0,1,1,0,0,0,0,-1,1,1,0,0,0,0,0,0,0,1,-1,0,0,1,0,0,0,0,1,0,0,0,0,1,-1,[0|0|0|0|0|0|0|0|0|0|0|0|0|0|0|0|0|0|0|0|0|0|0|0|0|0|0|0]
95002100,,0,0,0,[0|0|0],0,0,0,1,0,0,0,0,0,0,0,0,0,0,0,0,-1,-1,-1,-1,-1,-1,-1,-1,-1,-1,-1,-1,-1,-1,-1,-1,-1,-1,-1,-1,-1,-1,-1,1,1,1,1,0,0,0,0,0,100,100,0,-1,100,100,100,100,100,0,0,0,0,0,-1,-1,0,0,7,0,0,0,0,0,0,0,0,0,0,0,0,0,0,0,0,0,0,0,0,0,0,0,0,0,0,0,0,0,0,1,1,1,0,0,0,0,0,0,0,0,0,0,0,0,1,0,1,0,0,0,0,0,0,0,0,1,0,1,1,0,1,0,0,0,1,1,0,0,-1,-1,-1,-1,-1,-1,-1,-1,-1,-1,-1,-1,-1,-1,-1,-1,-1,-1,-1,-1,-1,-1,-1,-1,0,0,-1,0,0,0,0,0,0,0,0,0,0,0,1,1,0,0,0,0,0,0,0,0,0,0,0,0,0,0,0,-1,-1,-1,-1,-1,-1,-1,-1,-1,0,-1,0,0,-1,0,0,0,0,0,-1,-1,-1,0,[0|0|0|0],-1,-1,-1,-1,-1,-1,-1,-1,1,1,1,1,1,1,1,1,1,-1,-1,-1,-1,-1,0,-1,0,1,0,0,0,0,1,1,1,1,0,0,-1,0,[0|0|0|0],-1,1,1,[0|0|0|0],-1,0,0,[0|0|0|0|0|0|0|0],-1,-1,-1,-1,-1,[0|0|0|0],-1,-1,-1,[0|0|0|0|0|0|0|0],-1,-1,-1,[0|0|0|0|0|0|0|0],0,0,0,[0|0|0|0],-1,-1,0,100,1,1,0,-1,0,0,0,0,0,0,-1,0,0,0,-1,[0|0|0|0],0,0,0,0,0,0,0,0,0,0,0,0,0,0,0,0,0,0,0,0,0,0,0,0,0,0,0,0,0,0,0,0,0,[0|0|0|0|0|0|0|0|0|0|0|0],0,0,0,0,0,0,0,0,0,0,0,0,0,0,-1,0,0,0,0,-1,-1,-1,-1,-1,-1,-1,-1,-1,-1,-1,-1,0,0,-1,0,0,0,0,0,0,0,0,[0|0],-1,0,0,-1,0,0,-1,1,1,1,1,1,1,1,1,0,0,0,0,0,0,0,0,0,0,0,0,0,0,0,0,0,0,0,0,0,0,0,0,0,[0|0],0,0,0,[0|0|0],0,0,0,-1,[0|0|0|0],0,0,0,0,0,-1,-1,-1,-1,-1,-1,-1,-1,-1,-1,0,0,0,0,0,0,0,0,0,-1,[0|0],360,0,0,0,[0|0|0],0,0,0,0,0,-1,-1,-1,-1,-1,-1,[0|0|0|0],0,0,0,0,0,[0|0|0],0,0,0,0,0,0,0,0,0,0,0,0,0,0,0,0,0,0,0,0,0,0,0,0,0,0,0,0,0,0,0,0,0,0,[0|0|0],0,0,0,0,0,[0|0|0|0],1,0,0,0,0,[0|0|0],0,0,0,0,0,-1,-1,-1,-1,1,0,0,0,0,0,0,0,0,0,0,100,0,0,0,20010000,0,0,0,0,0,1,0,0,0,0,0,0,0,0,1,1,0,0,-1,0,-1,0,0,0,0,1,0,0,0,0,0,0,0,0,1,1,0,0,0,0,-1,1,1,0,0,0,0,0,0,0,1,-1,0,0,1,0,0,0,0,1,0,0,0,0,1,-1,[0|0|0|0|0|0|0|0|0|0|0|0|0|0|0|0|0|0|0|0|0|0|0|0|0|0|0|0]
95002200,,0,0,0,[0|0|0],0,0,0,1,0,0,0,0,0,0,0,0,0,0,0,0,-1,-1,-1,-1,-1,-1,-1,-1,-1,-1,-1,-1,-1,-1,-1,-1,-1,-1,-1,-1,-1,-1,-1,1,1,1,1,0,0,0,0,0,100,100,0,-1,100,100,100,100,100,0,0,0,0,0,-1,-1,0,0,7,0,0,0,0,0,0,0,0,0,0,0,0,0,0,0,0,0,0,0,0,0,0,0,0,0,0,0,0,0,0,1,1,1,0,0,0,0,0,0,0,0,0,0,0,0,1,0,1,0,0,0,0,0,0,0,0,1,0,1,1,0,1,0,0,0,1,1,0,0,-1,-1,-1,-1,-1,-1,-1,-1,-1,-1,-1,-1,-1,-1,-1,-1,-1,-1,-1,-1,-1,-1,-1,-1,0,0,-1,0,0,0,0,0,0,0,0,0,0,0,1,1,0,0,0,0,0,0,0,0,0,0,0,0,0,0,0,-1,-1,-1,-1,-1,-1,-1,-1,-1,0,-1,0,0,-1,0,0,0,0,0,-1,-1,-1,0,[0|0|0|0],-1,-1,-1,-1,-1,-1,-1,-1,1,1,1,1,1,1,1,1,1,-1,-1,-1,-1,-1,0,-1,0,1,0,0,0,0,1,1,1,1,0,0,-1,0,[0|0|0|0],-1,1,1,[0|0|0|0],-1,0,0,[0|0|0|0|0|0|0|0],-1,-1,-1,-1,-1,[0|0|0|0],-1,-1,-1,[0|0|0|0|0|0|0|0],-1,-1,-1,[0|0|0|0|0|0|0|0],0,0,0,[0|0|0|0],-1,-1,0,100,1,1,0,-1,0,0,0,0,0,0,-1,0,0,0,-1,[0|0|0|0],0,0,0,0,0,0,0,0,0,0,0,0,0,0,0,0,0,0,0,0,0,0,0,0,0,0,0,0,0,0,0,0,0,[0|0|0|0|0|0|0|0|0|0|0|0],0,0,0,0,0,0,0,0,0,0,0,0,0,0,-1,0,0,0,0,-1,-1,-1,-1,-1,-1,-1,-1,-1,-1,-1,-1,0,0,-1,0,0,0,0,0,0,0,0,[0|0],-1,0,0,-1,0,0,-1,1,1,1,1,1,1,1,1,0,0,0,0,0,0,0,0,0,0,0,0,0,0,0,0,0,0,0,0,0,0,0,0,0,[0|0],0,0,0,[0|0|0],0,0,0,-1,[0|0|0|0],0,0,0,0,0,-1,-1,-1,-1,-1,-1,-1,-1,-1,-1,0,0,0,0,0,0,0,0,0,-1,[0|0],360,0,0,0,[0|0|0],0,0,0,0,0,-1,-1,-1,-1,-1,-1,[0|0|0|0],0,0,0,0,0,[0|0|0],0,0,0,0,0,0,0,0,0,0,0,0,0,0,0,0,0,0,0,0,0,0,0,0,0,0,0,0,0,0,0,0,0,0,[0|0|0],0,0,0,0,0,[0|0|0|0],1,0,0,0,0,[0|0|0],0,0,0,0,0,-1,-1,-1,-1,1,0,0,0,0,0,0,0,0,0,0,100,0,0,0,30020100,0,0,0,0,0,1,0,0,0,0,0,0,0,0,1,1,0,0,-1,0,-1,0,0,0,0,1,0,0,0,0,0,0,0,0,1,1,0,0,0,0,-1,1,1,0,0,0,0,0,0,0,1,-1,0,0,1,0,0,0,0,1,0,0,0,0,1,-1,[0|0|0|0|0|0|0|0|0|0|0|0|0|0|0|0|0|0|0|0|0|0|0|0|0|0|0|0]
95002300,,0,0,0,[0|0|0],0,0,0,1,0,0,0,0,0,0,0,0,0,0,0,0,-1,-1,-1,-1,-1,-1,-1,-1,-1,-1,-1,-1,-1,-1,-1,-1,-1,-1,-1,-1,-1,-1,-1,1,1,1,1,0,0,0,0,0,100,100,0,-1,100,100,100,100,100,0,0,0,0,0,-1,-1,0,0,7,0,0,0,0,0,0,0,0,0,0,0,0,0,0,0,0,0,0,0,0,0,0,0,0,0,0,0,0,0,0,1,1,1,0,0,0,0,0,0,0,0,0,0,0,0,1,0,1,0,0,0,0,0,0,0,0,1,0,1,1,0,1,0,0,0,1,1,0,0,-1,-1,-1,-1,-1,-1,-1,-1,-1,-1,-1,-1,-1,-1,-1,-1,-1,-1,-1,-1,-1,-1,-1,-1,0,0,-1,0,0,0,0,0,0,0,0,0,0,0,1,1,0,0,0,0,0,0,0,0,0,0,0,0,0,0,0,-1,-1,-1,-1,-1,-1,-1,-1,-1,0,-1,0,0,-1,0,0,0,0,0,-1,-1,-1,0,[0|0|0|0],-1,-1,-1,-1,-1,-1,-1,-1,1,1,1,1,1,1,1,1,1,-1,-1,-1,-1,-1,0,-1,0,1,0,0,0,0,1,1,1,1,0,0,-1,0,[0|0|0|0],-1,1,1,[0|0|0|0],-1,0,0,[0|0|0|0|0|0|0|0],-1,-1,-1,-1,-1,[0|0|0|0],-1,-1,-1,[0|0|0|0|0|0|0|0],-1,-1,-1,[0|0|0|0|0|0|0|0],0,0,0,[0|0|0|0],-1,-1,0,100,1,1,0,-1,0,0,0,0,0,0,-1,0,0,0,-1,[0|0|0|0],0,0,0,0,0,0,0,0,0,0,0,0,0,0,0,0,0,0,0,0,0,0,0,0,0,0,0,0,0,0,0,0,0,[0|0|0|0|0|0|0|0|0|0|0|0],0,0,0,0,0,0,0,0,0,0,0,0,0,0,-1,0,0,0,0,-1,-1,-1,-1,-1,-1,-1,-1,-1,-1,-1,-1,0,0,-1,0,0,0,0,0,0,0,0,[0|0],-1,0,0,-1,0,0,-1,1,1,1,1,1,1,1,1,0,0,0,0,0,0,0,0,0,0,0,0,0,0,0,0,0,0,0,0,0,0,0,0,0,[0|0],0,0,0,[0|0|0],0,0,0,-1,[0|0|0|0],0,0,0,0,0,-1,-1,-1,-1,-1,-1,-1,-1,-1,-1,0,0,0,0,0,0,0,0,0,-1,[0|0],360,0,0,0,[0|0|0],0,0,0,0,0,-1,-1,-1,-1,-1,-1,[0|0|0|0],0,0,0,0,0,[0|0|0],0,0,0,0,0,0,0,0,0,0,0,0,0,0,0,0,0,0,0,0,0,0,0,0,0,0,0,0,0,0,0,0,0,0,[0|0|0],0,0,0,0,0,[0|0|0|0],1,0,0,0,0,[0|0|0],0,0,0,0,0,-1,-1,-1,-1,1,0,0,0,0,0,0,0,0,0,0,100,0,0,0,25000100,0,0,0,0,0,1,0,0,0,0,0,0,0,0,1,1,0,0,-1,0,-1,0,0,0,0,1,0,0,0,0,0,0,0,0,1,1,0,0,0,0,-1,1,1,0,0,0,0,0,0,0,1,-1,0,0,1,0,0,0,0,1,0,0,0,0,1,-1,[0|0|0|0|0|0|0|0|0|0|0|0|0|0|0|0|0|0|0|0|0|0|0|0|0|0|0|0]
95003000,,0,0,0,[0|0|0],0,0,0,1,0,0,0,0,0,0,0,0,0,0,0,0,-1,-1,-1,-1,-1,-1,-1,-1,-1,-1,-1,-1,-1,-1,-1,-1,-1,-1,-1,-1,-1,-1,-1,1,1,1,1,0,0,0,0,0,100,100,0,-1,100,100,100,100,100,0,0,0,0,0,-1,-1,0,0,7,0,0,0,0,0,0,0,0,0,0,0,0,0,0,0,0,0,0,0,0,0,0,0,0,0,0,0,0,0,0,1,1,1,0,0,0,0,0,0,0,0,0,0,0,0,1,0,1,0,0,0,0,0,0,0,0,1,0,1,1,0,1,0,0,0,1,1,0,0,-1,-1,-1,-1,-1,-1,-1,-1,-1,-1,-1,-1,-1,-1,-1,-1,-1,-1,-1,-1,-1,-1,-1,-1,0,0,-1,0,0,0,0,0,0,0,0,0,0,0,1,1,0,0,0,0,0,0,0,0,0,0,0,0,0,0,0,-1,-1,-1,-1,-1,-1,-1,-1,-1,0,-1,0,0,-1,0,0,0,0,0,-1,-1,-1,0,[0|0|0|0],-1,-1,-1,-1,-1,-1,-1,-1,1,1,1,1,1,1,1,1,1,-1,-1,-1,-1,-1,0,-1,0,1,0,0,0,0,1,1,1,1,0,0,-1,0,[0|0|0|0],-1,1,1,[0|0|0|0],-1,0,0,[0|0|0|0|0|0|0|0],-1,-1,-1,-1,-1,[0|0|0|0],-1,-1,-1,[0|0|0|0|0|0|0|0],-1,-1,-1,[0|0|0|0|0|0|0|0],0,0,0,[0|0|0|0],-1,-1,0,100,1,1,0,-1,0,0,0,0,0,0,-1,0,0,0,-1,[0|0|0|0],0,0,0,0,0,0,0,0,0,0,0,0,0,0,0,0,0,0,0,0,0,0,0,0,0,0,0,0,0,0,0,0,0,[0|0|0|0|0|0|0|0|0|0|0|0],0,0,0,0,0,0,0,0,0,0,0,0,0,0,-1,0,0,0,0,-1,-1,-1,-1,-1,-1,-1,-1,-1,-1,-1,-1,0,0,-1,0,0,0,0,0,0,0,0,[0|0],-1,0,0,-1,0,0,-1,1,1,1,1,1,1,1,1,0,0,0,0,0,0,0,0,0,0,0,0,0,0,0,0,0,0,0,0,0,0,0,0,0,[0|0],0,0,0,[0|0|0],0,0,0,-1,[0|0|0|0],0,0,0,0,0,-1,-1,-1,-1,-1,-1,-1,-1,-1,-1,0,0,0,0,0,0,0,0,0,-1,[0|0],360,0,0,0,[0|0|0],0,0,0,0,0,-1,-1,-1,-1,-1,-1,[0|0|0|0],0,0,0,0,0,[0|0|0],0,0,0,0,0,0,0,0,0,0,0,0,0,0,0,0,0,0,0,0,0,0,0,0,0,0,0,0,0,0,0,0,0,0,[0|0|0],0,0,0,0,0,[0|0|0|0],1,0,0,0,0,[0|0|0],0,0,0,0,0,-1,-1,-1,-1,1,0,0,0,0,0,0,0,0,0,0,100,0,0,0,10020100,0,0,0,0,0,1,0,0,0,0,0,0,0,0,1,1,0,0,-1,0,-1,0,0,0,0,1,0,0,0,0,0,0,0,0,1,1,0,0,0,0,-1,1,1,0,0,0,0,0,0,0,1,-1,0,0,1,0,0,0,0,1,0,0,0,0,1,-1,[0|0|0|0|0|0|0|0|0|0|0|0|0|0|0|0|0|0|0|0|0|0|0|0|0|0|0|0]
95003100,,0,0,0,[0|0|0],0,0,0,1,0,0,0,0,0,0,0,0,0,0,0,0,-1,-1,-1,-1,-1,-1,-1,-1,-1,-1,-1,-1,-1,-1,-1,-1,-1,-1,-1,-1,-1,-1,-1,1,1,1,1,0,0,0,0,0,100,100,0,-1,100,100,100,100,100,0,0,0,0,0,-1,-1,0,0,7,0,0,0,0,0,0,0,0,0,0,0,0,0,0,0,0,0,0,0,0,0,0,0,0,0,0,0,0,0,0,1,1,1,0,0,0,0,0,0,0,0,0,0,0,0,1,0,1,0,0,0,0,0,0,0,0,1,0,1,1,0,1,0,0,0,1,1,0,0,-1,-1,-1,-1,-1,-1,-1,-1,-1,-1,-1,-1,-1,-1,-1,-1,-1,-1,-1,-1,-1,-1,-1,-1,0,0,-1,0,0,0,0,0,0,0,0,0,0,0,1,1,0,0,0,0,0,0,0,0,0,0,0,0,0,0,0,-1,-1,-1,-1,-1,-1,-1,-1,-1,0,-1,0,0,-1,0,0,0,0,0,-1,-1,-1,0,[0|0|0|0],-1,-1,-1,-1,-1,-1,-1,-1,1,1,1,1,1,1,1,1,1,-1,-1,-1,-1,-1,0,-1,0,1,0,0,0,0,1,1,1,1,0,0,-1,0,[0|0|0|0],-1,1,1,[0|0|0|0],-1,0,0,[0|0|0|0|0|0|0|0],-1,-1,-1,-1,-1,[0|0|0|0],-1,-1,-1,[0|0|0|0|0|0|0|0],-1,-1,-1,[0|0|0|0|0|0|0|0],0,0,0,[0|0|0|0],-1,-1,0,100,1,1,0,-1,0,0,0,0,0,0,-1,0,0,0,-1,[0|0|0|0],0,0,0,0,0,0,0,0,0,0,0,0,0,0,0,0,0,0,0,0,0,0,0,0,0,0,0,0,0,0,0,0,0,[0|0|0|0|0|0|0|0|0|0|0|0],0,0,0,0,0,0,0,0,0,0,0,0,0,0,-1,0,0,0,0,-1,-1,-1,-1,-1,-1,-1,-1,-1,-1,-1,-1,0,0,-1,0,0,0,0,0,0,0,0,[0|0],-1,0,0,-1,0,0,-1,1,1,1,1,1,1,1,1,0,0,0,0,0,0,0,0,0,0,0,0,0,0,0,0,0,0,0,0,0,0,0,0,0,[0|0],0,0,0,[0|0|0],0,0,0,-1,[0|0|0|0],0,0,0,0,0,-1,-1,-1,-1,-1,-1,-1,-1,-1,-1,0,0,0,0,0,0,0,0,0,-1,[0|0],360,0,0,0,[0|0|0],0,0,0,0,0,-1,-1,-1,-1,-1,-1,[0|0|0|0],0,0,0,0,0,[0|0|0],0,0,0,0,0,0,0,0,0,0,0,0,0,0,0,0,0,0,0,0,0,0,0,0,0,0,0,0,0,0,0,0,0,0,[0|0|0],0,0,0,0,0,[0|0|0|0],1,0,0,0,0,[0|0|0],0,0,0,0,0,-1,-1,-1,-1,1,0,0,0,0,0,0,0,0,0,0,100,0,0,0,15020200,0,0,0,0,0,1,0,0,0,0,0,0,0,0,1,1,0,0,-1,0,-1,0,0,0,0,1,0,0,0,0,0,0,0,0,1,1,0,0,0,0,-1,1,1,0,0,0,0,0,0,0,1,-1,0,0,1,0,0,0,0,1,0,0,0,0,1,-1,[0|0|0|0|0|0|0|0|0|0|0|0|0|0|0|0|0|0|0|0|0|0|0|0|0|0|0|0]
95003200,,0,0,0,[0|0|0],0,0,0,1,0,0,0,0,0,0,0,0,0,0,0,0,-1,-1,-1,-1,-1,-1,-1,-1,-1,-1,-1,-1,-1,-1,-1,-1,-1,-1,-1,-1,-1,-1,-1,1,1,1,1,0,0,0,0,0,100,100,0,-1,100,100,100,100,100,0,0,0,0,0,-1,-1,0,0,7,0,0,0,0,0,0,0,0,0,0,0,0,0,0,0,0,0,0,0,0,0,0,0,0,0,0,0,0,0,0,1,1,1,0,0,0,0,0,0,0,0,0,0,0,0,1,0,1,0,0,0,0,0,0,0,0,1,0,1,1,0,1,0,0,0,1,1,0,0,-1,-1,-1,-1,-1,-1,-1,-1,-1,-1,-1,-1,-1,-1,-1,-1,-1,-1,-1,-1,-1,-1,-1,-1,0,0,-1,0,0,0,0,0,0,0,0,0,0,0,1,1,0,0,0,0,0,0,0,0,0,0,0,0,0,0,0,-1,-1,-1,-1,-1,-1,-1,-1,-1,0,-1,0,0,-1,0,0,0,0,0,-1,-1,-1,0,[0|0|0|0],-1,-1,-1,-1,-1,-1,-1,-1,1,1,1,1,1,1,1,1,1,-1,-1,-1,-1,-1,0,-1,0,1,0,0,0,0,1,1,1,1,0,0,-1,0,[0|0|0|0],-1,1,1,[0|0|0|0],-1,0,0,[0|0|0|0|0|0|0|0],-1,-1,-1,-1,-1,[0|0|0|0],-1,-1,-1,[0|0|0|0|0|0|0|0],-1,-1,-1,[0|0|0|0|0|0|0|0],0,0,0,[0|0|0|0],-1,-1,0,100,1,1,0,-1,0,0,0,0,0,0,-1,0,0,0,-1,[0|0|0|0],0,0,0,0,0,0,0,0,0,0,0,0,0,0,0,0,0,0,0,0,0,0,0,0,0,0,0,0,0,0,0,0,0,[0|0|0|0|0|0|0|0|0|0|0|0],0,0,0,0,0,0,0,0,0,0,0,0,0,0,-1,0,0,0,0,-1,-1,-1,-1,-1,-1,-1,-1,-1,-1,-1,-1,0,0,-1,0,0,0,0,0,0,0,0,[0|0],-1,0,0,-1,0,0,-1,1,1,1,1,1,1,1,1,0,0,0,0,0,0,0,0,0,0,0,0,0,0,0,0,0,0,0,0,0,0,0,0,0,[0|0],0,0,0,[0|0|0],0,0,0,-1,[0|0|0|0],0,0,0,0,0,-1,-1,-1,-1,-1,-1,-1,-1,-1,-1,0,0,0,0,0,0,0,0,0,-1,[0|0],360,0,0,0,[0|0|0],0,0,0,0,0,-1,-1,-1,-1,-1,-1,[0|0|0|0],0,0,0,0,0,[0|0|0],0,0,0,0,0,0,0,0,0,0,0,0,0,0,0,0,0,0,0,0,0,0,0,0,0,0,0,0,0,0,0,0,0,0,[0|0|0],0,0,0,0,0,[0|0|0|0],1,0,0,0,0,[0|0|0],0,0,0,0,0,-1,-1,-1,-1,1,0,0,0,0,0,0,0,0,0,0,100,0,0,0,30080000,0,0,0,0,0,1,0,0,0,0,0,0,0,0,1,1,0,0,-1,0,-1,0,0,0,0,1,0,0,0,0,0,0,0,0,1,1,0,0,0,0,-1,1,1,0,0,0,0,0,0,0,1,-1,0,0,1,0,0,0,0,1,0,0,0,0,1,-1,[0|0|0|0|0|0|0|0|0|0|0|0|0|0|0|0|0|0|0|0|0|0|0|0|0|0|0|0]
95003300,,0,0,0,[0|0|0],0,0,0,1,0,0,0,0,0,0,0,0,0,0,0,0,-1,-1,-1,-1,-1,-1,-1,-1,-1,-1,-1,-1,-1,-1,-1,-1,-1,-1,-1,-1,-1,-1,-1,1,1,1,1,0,0,0,0,0,100,100,0,-1,100,100,100,100,100,0,0,0,0,0,-1,-1,0,0,7,0,0,0,0,0,0,0,0,0,0,0,0,0,0,0,0,0,0,0,0,0,0,0,0,0,0,0,0,0,0,1,1,1,0,0,0,0,0,0,0,0,0,0,0,0,1,0,1,0,0,0,0,0,0,0,0,1,0,1,1,0,1,0,0,0,1,1,0,0,-1,-1,-1,-1,-1,-1,-1,-1,-1,-1,-1,-1,-1,-1,-1,-1,-1,-1,-1,-1,-1,-1,-1,-1,0,0,-1,0,0,0,0,0,0,0,0,0,0,0,1,1,0,0,0,0,0,0,0,0,0,0,0,0,0,0,0,-1,-1,-1,-1,-1,-1,-1,-1,-1,0,-1,0,0,-1,0,0,0,0,0,-1,-1,-1,0,[0|0|0|0],-1,-1,-1,-1,-1,-1,-1,-1,1,1,1,1,1,1,1,1,1,-1,-1,-1,-1,-1,0,-1,0,1,0,0,0,0,1,1,1,1,0,0,-1,0,[0|0|0|0],-1,1,1,[0|0|0|0],-1,0,0,[0|0|0|0|0|0|0|0],-1,-1,-1,-1,-1,[0|0|0|0],-1,-1,-1,[0|0|0|0|0|0|0|0],-1,-1,-1,[0|0|0|0|0|0|0|0],0,0,0,[0|0|0|0],-1,-1,0,100,1,1,0,-1,0,0,0,0,0,0,-1,0,0,0,-1,[0|0|0|0],0,0,0,0,0,0,0,0,0,0,0,0,0,0,0,0,0,0,0,0,0,0,0,0,0,0,0,0,0,0,0,0,0,[0|0|0|0|0|0|0|0|0|0|0|0],0,0,0,0,0,0,0,0,0,0,0,0,0,0,-1,0,0,0,0,-1,-1,-1,-1,-1,-1,-1,-1,-1,-1,-1,-1,0,0,-1,0,0,0,0,0,0,0,0,[0|0],-1,0,0,-1,0,0,-1,1,1,1,1,1,1,1,1,0,0,0,0,0,0,0,0,0,0,0,0,0,0,0,0,0,0,0,0,0,0,0,0,0,[0|0],0,0,0,[0|0|0],0,0,0,-1,[0|0|0|0],0,0,0,0,0,-1,-1,-1,-1,-1,-1,-1,-1,-1,-1,0,0,0,0,0,0,0,0,0,-1,[0|0],360,0,0,0,[0|0|0],0,0,0,0,0,-1,-1,-1,-1,-1,-1,[0|0|0|0],0,0,0,0,0,[0|0|0],0,0,0,0,0,0,0,0,0,0,0,0,0,0,0,0,0,0,0,0,0,0,0,0,0,0,0,0,0,0,0,0,0,0,[0|0|0],0,0,0,0,0,[0|0|0|0],1,0,0,0,0,[0|0|0],0,0,0,0,0,-1,-1,-1,-1,1,0,0,0,0,0,0,0,0,0,0,100,0,0,0,35200000,0,0,0,0,0,1,0,0,0,0,0,0,0,0,1,1,0,0,-1,0,-1,0,0,0,0,1,0,0,0,0,0,0,0,0,1,1,0,0,0,0,-1,1,1,0,0,0,0,0,0,0,1,-1,0,0,1,0,0,0,0,1,0,0,0,0,1,-1,[0|0|0|0|0|0|0|0|0|0|0|0|0|0|0|0|0|0|0|0|0|0|0|0|0|0|0|0]
95004000,,0,0,0,[0|0|0],0,0,0,1,0,0,0,0,0,0,0,0,0,0,0,0,-1,-1,-1,-1,-1,-1,-1,-1,-1,-1,-1,-1,-1,-1,-1,-1,-1,-1,-1,-1,-1,-1,-1,1,1,1,1,0,0,0,0,0,100,100,0,-1,100,100,100,100,100,0,0,0,0,0,-1,-1,0,0,7,0,0,0,0,0,0,0,0,0,0,0,0,0,0,0,0,0,0,0,0,0,0,0,0,0,0,0,0,0,0,1,1,1,0,0,0,0,0,0,0,0,0,0,0,0,1,0,1,0,0,0,0,0,0,0,0,1,0,1,1,0,1,0,0,0,1,1,0,0,-1,-1,-1,-1,-1,-1,-1,-1,-1,-1,-1,-1,-1,-1,-1,-1,-1,-1,-1,-1,-1,-1,-1,-1,0,0,-1,0,0,0,0,0,0,0,0,0,0,0,1,1,0,0,0,0,0,0,0,0,0,0,0,0,0,0,0,-1,-1,-1,-1,-1,-1,-1,-1,-1,0,-1,0,0,-1,0,0,0,0,0,-1,-1,-1,0,[0|0|0|0],-1,-1,-1,-1,-1,-1,-1,-1,1,1,1,1,1,1,1,1,1,-1,-1,-1,-1,-1,0,-1,0,1,0,0,0,0,1,1,1,1,0,0,-1,0,[0|0|0|0],-1,1,1,[0|0|0|0],-1,0,0,[0|0|0|0|0|0|0|0],-1,-1,-1,-1,-1,[0|0|0|0],-1,-1,-1,[0|0|0|0|0|0|0|0],-1,-1,-1,[0|0|0|0|0|0|0|0],0,0,0,[0|0|0|0],-1,-1,0,100,1,1,0,-1,0,0,0,0,0,0,-1,0,0,0,-1,[0|0|0|0],0,0,0,0,0,0,0,0,0,0,0,0,0,0,0,0,0,0,0,0,0,0,0,0,0,0,0,0,0,0,0,0,0,[0|0|0|0|0|0|0|0|0|0|0|0],0,0,0,0,0,0,0,0,0,0,0,0,0,0,-1,0,0,0,0,-1,-1,-1,-1,-1,-1,-1,-1,-1,-1,-1,-1,0,0,-1,0,0,0,0,0,0,0,0,[0|0],-1,0,0,-1,0,0,-1,1,1,1,1,1,1,1,1,0,0,0,0,0,0,0,0,0,0,0,0,0,0,0,0,0,0,0,0,0,0,0,0,0,[0|0],0,0,0,[0|0|0],0,0,0,-1,[0|0|0|0],0,0,0,0,0,-1,-1,-1,-1,-1,-1,-1,-1,-1,-1,0,0,0,0,0,0,0,0,0,-1,[0|0],360,0,0,0,[0|0|0],0,0,0,0,0,-1,-1,-1,-1,-1,-1,[0|0|0|0],0,0,0,0,0,[0|0|0],0,0,0,0,0,0,0,0,0,0,0,0,0,0,0,0,0,0,0,0,0,0,0,0,0,0,0,0,0,0,0,0,0,0,[0|0|0],0,0,0,0,0,[0|0|0|0],1,0,0,0,0,[0|0|0],0,0,0,0,0,-1,-1,-1,-1,1,0,0,0,0,0,0,0,0,0,0,100,0,0,0,10110000,0,0,0,0,0,1,0,0,0,0,0,0,0,0,1,1,0,0,-1,0,-1,0,0,0,0,1,0,0,0,0,0,0,0,0,1,1,0,0,0,0,-1,1,1,0,0,0,0,0,0,0,1,-1,0,0,1,0,0,0,0,1,0,0,0,0,1,-1,[0|0|0|0|0|0|0|0|0|0|0|0|0|0|0|0|0|0|0|0|0|0|0|0|0|0|0|0]
95004100,,0,0,0,[0|0|0],0,0,0,1,0,0,0,0,0,0,0,0,0,0,0,0,-1,-1,-1,-1,-1,-1,-1,-1,-1,-1,-1,-1,-1,-1,-1,-1,-1,-1,-1,-1,-1,-1,-1,1,1,1,1,0,0,0,0,0,100,100,0,-1,100,100,100,100,100,0,0,0,0,0,-1,-1,0,0,7,0,0,0,0,0,0,0,0,0,0,0,0,0,0,0,0,0,0,0,0,0,0,0,0,0,0,0,0,0,0,1,1,1,0,0,0,0,0,0,0,0,0,0,0,0,1,0,1,0,0,0,0,0,0,0,0,1,0,1,1,0,1,0,0,0,1,1,0,0,-1,-1,-1,-1,-1,-1,-1,-1,-1,-1,-1,-1,-1,-1,-1,-1,-1,-1,-1,-1,-1,-1,-1,-1,0,0,-1,0,0,0,0,0,0,0,0,0,0,0,1,1,0,0,0,0,0,0,0,0,0,0,0,0,0,0,0,-1,-1,-1,-1,-1,-1,-1,-1,-1,0,-1,0,0,-1,0,0,0,0,0,-1,-1,-1,0,[0|0|0|0],-1,-1,-1,-1,-1,-1,-1,-1,1,1,1,1,1,1,1,1,1,-1,-1,-1,-1,-1,0,-1,0,1,0,0,0,0,1,1,1,1,0,0,-1,0,[0|0|0|0],-1,1,1,[0|0|0|0],-1,0,0,[0|0|0|0|0|0|0|0],-1,-1,-1,-1,-1,[0|0|0|0],-1,-1,-1,[0|0|0|0|0|0|0|0],-1,-1,-1,[0|0|0|0|0|0|0|0],0,0,0,[0|0|0|0],-1,-1,0,100,1,1,0,-1,0,0,0,0,0,0,-1,0,0,0,-1,[0|0|0|0],0,0,0,0,0,0,0,0,0,0,0,0,0,0,0,0,0,0,0,0,0,0,0,0,0,0,0,0,0,0,0,0,0,[0|0|0|0|0|0|0|0|0|0|0|0],0,0,0,0,0,0,0,0,0,0,0,0,0,0,-1,0,0,0,0,-1,-1,-1,-1,-1,-1,-1,-1,-1,-1,-1,-1,0,0,-1,0,0,0,0,0,0,0,0,[0|0],-1,0,0,-1,0,0,-1,1,1,1,1,1,1,1,1,0,0,0,0,0,0,0,0,0,0,0,0,0,0,0,0,0,0,0,0,0,0,0,0,0,[0|0],0,0,0,[0|0|0],0,0,0,-1,[0|0|0|0],0,0,0,0,0,-1,-1,-1,-1,-1,-1,-1,-1,-1,-1,0,0,0,0,0,0,0,0,0,-1,[0|0],360,0,0,0,[0|0|0],0,0,0,0,0,-1,-1,-1,-1,-1,-1,[0|0|0|0],0,0,0,0,0,[0|0|0],0,0,0,0,0,0,0,0,0,0,0,0,0,0,0,0,0,0,0,0,0,0,0,0,0,0,0,0,0,0,0,0,0,0,[0|0|0],0,0,0,0,0,[0|0|0|0],1,0,0,0,0,[0|0|0],0,0,0,0,0,-1,-1,-1,-1,1,0,0,0,0,0,0,0,0,0,0,100,0,0,0,15000100,0,0,0,0,0,1,0,0,0,0,0,0,0,0,1,1,0,0,-1,0,-1,0,0,0,0,1,0,0,0,0,0,0,0,0,1,1,0,0,0,0,-1,1,1,0,0,0,0,0,0,0,1,-1,0,0,1,0,0,0,0,1,0,0,0,0,1,-1,[0|0|0|0|0|0|0|0|0|0|0|0|0|0|0|0|0|0|0|0|0|0|0|0|0|0|0|0]
95004200,,0,0,0,[0|0|0],0,0,0,1,0,0,0,0,0,0,0,0,0,0,0,0,-1,-1,-1,-1,-1,-1,-1,-1,-1,-1,-1,-1,-1,-1,-1,-1,-1,-1,-1,-1,-1,-1,-1,1,1,1,1,0,0,0,0,0,100,100,0,-1,100,100,100,100,100,0,0,0,0,0,-1,-1,0,0,7,0,0,0,0,0,0,0,0,0,0,0,0,0,0,0,0,0,0,0,0,0,0,0,0,0,0,0,0,0,0,1,1,1,0,0,0,0,0,0,0,0,0,0,0,0,1,0,1,0,0,0,0,0,0,0,0,1,0,1,1,0,1,0,0,0,1,1,0,0,-1,-1,-1,-1,-1,-1,-1,-1,-1,-1,-1,-1,-1,-1,-1,-1,-1,-1,-1,-1,-1,-1,-1,-1,0,0,-1,0,0,0,0,0,0,0,0,0,0,0,1,1,0,0,0,0,0,0,0,0,0,0,0,0,0,0,0,-1,-1,-1,-1,-1,-1,-1,-1,-1,0,-1,0,0,-1,0,0,0,0,0,-1,-1,-1,0,[0|0|0|0],-1,-1,-1,-1,-1,-1,-1,-1,1,1,1,1,1,1,1,1,1,-1,-1,-1,-1,-1,0,-1,0,1,0,0,0,0,1,1,1,1,0,0,-1,0,[0|0|0|0],-1,1,1,[0|0|0|0],-1,0,0,[0|0|0|0|0|0|0|0],-1,-1,-1,-1,-1,[0|0|0|0],-1,-1,-1,[0|0|0|0|0|0|0|0],-1,-1,-1,[0|0|0|0|0|0|0|0],0,0,0,[0|0|0|0],-1,-1,0,100,1,1,0,-1,0,0,0,0,0,0,-1,0,0,0,-1,[0|0|0|0],0,0,0,0,0,0,0,0,0,0,0,0,0,0,0,0,0,0,0,0,0,0,0,0,0,0,0,0,0,0,0,0,0,[0|0|0|0|0|0|0|0|0|0|0|0],0,0,0,0,0,0,0,0,0,0,0,0,0,0,-1,0,0,0,0,-1,-1,-1,-1,-1,-1,-1,-1,-1,-1,-1,-1,0,0,-1,0,0,0,0,0,0,0,0,[0|0],-1,0,0,-1,0,0,-1,1,1,1,1,1,1,1,1,0,0,0,0,0,0,0,0,0,0,0,0,0,0,0,0,0,0,0,0,0,0,0,0,0,[0|0],0,0,0,[0|0|0],0,0,0,-1,[0|0|0|0],0,0,0,0,0,-1,-1,-1,-1,-1,-1,-1,-1,-1,-1,0,0,0,0,0,0,0,0,0,-1,[0|0],360,0,0,0,[0|0|0],0,0,0,0,0,-1,-1,-1,-1,-1,-1,[0|0|0|0],0,0,0,0,0,[0|0|0],0,0,0,0,0,0,0,0,0,0,0,0,0,0,0,0,0,0,0,0,0,0,0,0,0,0,0,0,0,0,0,0,0,0,[0|0|0],0,0,0,0,0,[0|0|0|0],1,0,0,0,0,[0|0|0],0,0,0,0,0,-1,-1,-1,-1,1,0,0,0,0,0,0,0,0,0,0,100,0,0,0,30000000,0,0,0,0,0,1,0,0,0,0,0,0,0,0,1,1,0,0,-1,0,-1,0,0,0,0,1,0,0,0,0,0,0,0,0,1,1,0,0,0,0,-1,1,1,0,0,0,0,0,0,0,1,-1,0,0,1,0,0,0,0,1,0,0,0,0,1,-1,[0|0|0|0|0|0|0|0|0|0|0|0|0|0|0|0|0|0|0|0|0|0|0|0|0|0|0|0]
95004300,,0,0,0,[0|0|0],0,0,0,1,0,0,0,0,0,0,0,0,0,0,0,0,-1,-1,-1,-1,-1,-1,-1,-1,-1,-1,-1,-1,-1,-1,-1,-1,-1,-1,-1,-1,-1,-1,-1,1,1,1,1,0,0,0,0,0,100,100,0,-1,100,100,100,100,100,0,0,0,0,0,-1,-1,0,0,7,0,0,0,0,0,0,0,0,0,0,0,0,0,0,0,0,0,0,0,0,0,0,0,0,0,0,0,0,0,0,1,1,1,0,0,0,0,0,0,0,0,0,0,0,0,1,0,1,0,0,0,0,0,0,0,0,1,0,1,1,0,1,0,0,0,1,1,0,0,-1,-1,-1,-1,-1,-1,-1,-1,-1,-1,-1,-1,-1,-1,-1,-1,-1,-1,-1,-1,-1,-1,-1,-1,0,0,-1,0,0,0,0,0,0,0,0,0,0,0,1,1,0,0,0,0,0,0,0,0,0,0,0,0,0,0,0,-1,-1,-1,-1,-1,-1,-1,-1,-1,0,-1,0,0,-1,0,0,0,0,0,-1,-1,-1,0,[0|0|0|0],-1,-1,-1,-1,-1,-1,-1,-1,1,1,1,1,1,1,1,1,1,-1,-1,-1,-1,-1,0,-1,0,1,0,0,0,0,1,1,1,1,0,0,-1,0,[0|0|0|0],-1,1,1,[0|0|0|0],-1,0,0,[0|0|0|0|0|0|0|0],-1,-1,-1,-1,-1,[0|0|0|0],-1,-1,-1,[0|0|0|0|0|0|0|0],-1,-1,-1,[0|0|0|0|0|0|0|0],0,0,0,[0|0|0|0],-1,-1,0,100,1,1,0,-1,0,0,0,0,0,0,-1,0,0,0,-1,[0|0|0|0],0,0,0,0,0,0,0,0,0,0,0,0,0,0,0,0,0,0,0,0,0,0,0,0,0,0,0,0,0,0,0,0,0,[0|0|0|0|0|0|0|0|0|0|0|0],0,0,0,0,0,0,0,0,0,0,0,0,0,0,-1,0,0,0,0,-1,-1,-1,-1,-1,-1,-1,-1,-1,-1,-1,-1,0,0,-1,0,0,0,0,0,0,0,0,[0|0],-1,0,0,-1,0,0,-1,1,1,1,1,1,1,1,1,0,0,0,0,0,0,0,0,0,0,0,0,0,0,0,0,0,0,0,0,0,0,0,0,0,[0|0],0,0,0,[0|0|0],0,0,0,-1,[0|0|0|0],0,0,0,0,0,-1,-1,-1,-1,-1,-1,-1,-1,-1,-1,0,0,0,0,0,0,0,0,0,-1,[0|0],360,0,0,0,[0|0|0],0,0,0,0,0,-1,-1,-1,-1,-1,-1,[0|0|0|0],0,0,0,0,0,[0|0|0],0,0,0,0,0,0,0,0,0,0,0,0,0,0,0,0,0,0,0,0,0,0,0,0,0,0,0,0,0,0,0,0,0,0,[0|0|0],0,0,0,0,0,[0|0|0|0],1,0,0,0,0,[0|0|0],0,0,0,0,0,-1,-1,-1,-1,1,0,0,0,0,0,0,0,0,0,0,100,0,0,0,35210000,0,0,0,0,0,1,0,0,0,0,0,0,0,0,1,1,0,0,-1,0,-1,0,0,0,0,1,0,0,0,0,0,0,0,0,1,1,0,0,0,0,-1,1,1,0,0,0,0,0,0,0,1,-1,0,0,1,0,0,0,0,1,0,0,0,0,1,-1,[0|0|0|0|0|0|0|0|0|0|0|0|0|0|0|0|0|0|0|0|0|0|0|0|0|0|0|0]
95005000,,0,0,0,[0|0|0],0,0,0,1,0,0,0,0,0,0,0,0,0,0,0,0,-1,-1,-1,-1,-1,-1,-1,-1,-1,-1,-1,-1,-1,-1,-1,-1,-1,-1,-1,-1,-1,-1,-1,1,1,1,1,0,0,0,0,0,100,100,0,-1,100,100,100,100,100,0,0,0,0,0,-1,-1,0,0,7,0,0,0,0,0,0,0,0,0,0,0,0,0,0,0,0,0,0,0,0,0,0,0,0,0,0,0,0,0,0,1,1,1,0,0,0,0,0,0,0,0,0,0,0,0,1,0,1,0,0,0,0,0,0,0,0,1,0,1,1,0,1,0,0,0,1,1,0,0,-1,-1,-1,-1,-1,-1,-1,-1,-1,-1,-1,-1,-1,-1,-1,-1,-1,-1,-1,-1,-1,-1,-1,-1,0,0,-1,0,0,0,0,0,0,0,0,0,0,0,1,1,0,0,0,0,0,0,0,0,0,0,0,0,0,0,0,-1,-1,-1,-1,-1,-1,-1,-1,-1,0,-1,0,0,-1,0,0,0,0,0,-1,-1,-1,0,[0|0|0|0],-1,-1,-1,-1,-1,-1,-1,-1,1,1,1,1,1,1,1,1,1,-1,-1,-1,-1,-1,0,-1,0,1,0,0,0,0,1,1,1,1,0,0,-1,0,[0|0|0|0],-1,1,1,[0|0|0|0],-1,0,0,[0|0|0|0|0|0|0|0],-1,-1,-1,-1,-1,[0|0|0|0],-1,-1,-1,[0|0|0|0|0|0|0|0],-1,-1,-1,[0|0|0|0|0|0|0|0],0,0,0,[0|0|0|0],-1,-1,0,100,1,1,0,-1,0,0,0,0,0,0,-1,0,0,0,-1,[0|0|0|0],0,0,0,0,0,0,0,0,0,0,0,0,0,0,0,0,0,0,0,0,0,0,0,0,0,0,0,0,0,0,0,0,0,[0|0|0|0|0|0|0|0|0|0|0|0],0,0,0,0,0,0,0,0,0,0,0,0,0,0,-1,0,0,0,0,-1,-1,-1,-1,-1,-1,-1,-1,-1,-1,-1,-1,0,0,-1,0,0,0,0,0,0,0,0,[0|0],-1,0,0,-1,0,0,-1,1,1,1,1,1,1,1,1,0,0,0,0,0,0,0,0,0,0,0,0,0,0,0,0,0,0,0,0,0,0,0,0,0,[0|0],0,0,0,[0|0|0],0,0,0,-1,[0|0|0|0],0,0,0,0,0,-1,-1,-1,-1,-1,-1,-1,-1,-1,-1,0,0,0,0,0,0,0,0,0,-1,[0|0],360,0,0,0,[0|0|0],0,0,0,0,0,-1,-1,-1,-1,-1,-1,[0|0|0|0],0,0,0,0,0,[0|0|0],0,0,0,0,0,0,0,0,0,0,0,0,0,0,0,0,0,0,0,0,0,0,0,0,0,0,0,0,0,0,0,0,0,0,[0|0|0],0,0,0,0,0,[0|0|0|0],1,0,0,0,0,[0|0|0],0,0,0,0,0,-1,-1,-1,-1,1,0,0,0,0,0,0,0,0,0,0,100,0,0,0,10000100,0,0,0,0,0,1,0,0,0,0,0,0,0,0,1,1,0,0,-1,0,-1,0,0,0,0,1,0,0,0,0,0,0,0,0,1,1,0,0,0,0,-1,1,1,0,0,0,0,0,0,0,1,-1,0,0,1,0,0,0,0,1,0,0,0,0,1,-1,[0|0|0|0|0|0|0|0|0|0|0|0|0|0|0|0|0|0|0|0|0|0|0|0|0|0|0|0]
95005100,,0,0,0,[0|0|0],0,0,0,1,0,0,0,0,0,0,0,0,0,0,0,0,-1,-1,-1,-1,-1,-1,-1,-1,-1,-1,-1,-1,-1,-1,-1,-1,-1,-1,-1,-1,-1,-1,-1,1,1,1,1,0,0,0,0,0,100,100,0,-1,100,100,100,100,100,0,0,0,0,0,-1,-1,0,0,7,0,0,0,0,0,0,0,0,0,0,0,0,0,0,0,0,0,0,0,0,0,0,0,0,0,0,0,0,0,0,1,1,1,0,0,0,0,0,0,0,0,0,0,0,0,1,0,1,0,0,0,0,0,0,0,0,1,0,1,1,0,1,0,0,0,1,1,0,0,-1,-1,-1,-1,-1,-1,-1,-1,-1,-1,-1,-1,-1,-1,-1,-1,-1,-1,-1,-1,-1,-1,-1,-1,0,0,-1,0,0,0,0,0,0,0,0,0,0,0,1,1,0,0,0,0,0,0,0,0,0,0,0,0,0,0,0,-1,-1,-1,-1,-1,-1,-1,-1,-1,0,-1,0,0,-1,0,0,0,0,0,-1,-1,-1,0,[0|0|0|0],-1,-1,-1,-1,-1,-1,-1,-1,1,1,1,1,1,1,1,1,1,-1,-1,-1,-1,-1,0,-1,0,1,0,0,0,0,1,1,1,1,0,0,-1,0,[0|0|0|0],-1,1,1,[0|0|0|0],-1,0,0,[0|0|0|0|0|0|0|0],-1,-1,-1,-1,-1,[0|0|0|0],-1,-1,-1,[0|0|0|0|0|0|0|0],-1,-1,-1,[0|0|0|0|0|0|0|0],0,0,0,[0|0|0|0],-1,-1,0,100,1,1,0,-1,0,0,0,0,0,0,-1,0,0,0,-1,[0|0|0|0],0,0,0,0,0,0,0,0,0,0,0,0,0,0,0,0,0,0,0,0,0,0,0,0,0,0,0,0,0,0,0,0,0,[0|0|0|0|0|0|0|0|0|0|0|0],0,0,0,0,0,0,0,0,0,0,0,0,0,0,-1,0,0,0,0,-1,-1,-1,-1,-1,-1,-1,-1,-1,-1,-1,-1,0,0,-1,0,0,0,0,0,0,0,0,[0|0],-1,0,0,-1,0,0,-1,1,1,1,1,1,1,1,1,0,0,0,0,0,0,0,0,0,0,0,0,0,0,0,0,0,0,0,0,0,0,0,0,0,[0|0],0,0,0,[0|0|0],0,0,0,-1,[0|0|0|0],0,0,0,0,0,-1,-1,-1,-1,-1,-1,-1,-1,-1,-1,0,0,0,0,0,0,0,0,0,-1,[0|0],360,0,0,0,[0|0|0],0,0,0,0,0,-1,-1,-1,-1,-1,-1,[0|0|0|0],0,0,0,0,0,[0|0|0],0,0,0,0,0,0,0,0,0,0,0,0,0,0,0,0,0,0,0,0,0,0,0,0,0,0,0,0,0,0,0,0,0,0,[0|0|0],0,0,0,0,0,[0|0|0|0],1,0,0,0,0,[0|0|0],0,0,0,0,0,-1,-1,-1,-1,1,0,0,0,0,0,0,0,0,0,0,100,0,0,0,15060000,0,0,0,0,0,1,0,0,0,0,0,0,0,0,1,1,0,0,-1,0,-1,0,0,0,0,1,0,0,0,0,0,0,0,0,1,1,0,0,0,0,-1,1,1,0,0,0,0,0,0,0,1,-1,0,0,1,0,0,0,0,1,0,0,0,0,1,-1,[0|0|0|0|0|0|0|0|0|0|0|0|0|0|0|0|0|0|0|0|0|0|0|0|0|0|0|0]
95005200,,0,0,0,[0|0|0],0,0,0,1,0,0,0,0,0,0,0,0,0,0,0,0,-1,-1,-1,-1,-1,-1,-1,-1,-1,-1,-1,-1,-1,-1,-1,-1,-1,-1,-1,-1,-1,-1,-1,1,1,1,1,0,0,0,0,0,100,100,0,-1,100,100,100,100,100,0,0,0,0,0,-1,-1,0,0,7,0,0,0,0,0,0,0,0,0,0,0,0,0,0,0,0,0,0,0,0,0,0,0,0,0,0,0,0,0,0,1,1,1,0,0,0,0,0,0,0,0,0,0,0,0,1,0,1,0,0,0,0,0,0,0,0,1,0,1,1,0,1,0,0,0,1,1,0,0,-1,-1,-1,-1,-1,-1,-1,-1,-1,-1,-1,-1,-1,-1,-1,-1,-1,-1,-1,-1,-1,-1,-1,-1,0,0,-1,0,0,0,0,0,0,0,0,0,0,0,1,1,0,0,0,0,0,0,0,0,0,0,0,0,0,0,0,-1,-1,-1,-1,-1,-1,-1,-1,-1,0,-1,0,0,-1,0,0,0,0,0,-1,-1,-1,0,[0|0|0|0],-1,-1,-1,-1,-1,-1,-1,-1,1,1,1,1,1,1,1,1,1,-1,-1,-1,-1,-1,0,-1,0,1,0,0,0,0,1,1,1,1,0,0,-1,0,[0|0|0|0],-1,1,1,[0|0|0|0],-1,0,0,[0|0|0|0|0|0|0|0],-1,-1,-1,-1,-1,[0|0|0|0],-1,-1,-1,[0|0|0|0|0|0|0|0],-1,-1,-1,[0|0|0|0|0|0|0|0],0,0,0,[0|0|0|0],-1,-1,0,100,1,1,0,-1,0,0,0,0,0,0,-1,0,0,0,-1,[0|0|0|0],0,0,0,0,0,0,0,0,0,0,0,0,0,0,0,0,0,0,0,0,0,0,0,0,0,0,0,0,0,0,0,0,0,[0|0|0|0|0|0|0|0|0|0|0|0],0,0,0,0,0,0,0,0,0,0,0,0,0,0,-1,0,0,0,0,-1,-1,-1,-1,-1,-1,-1,-1,-1,-1,-1,-1,0,0,-1,0,0,0,0,0,0,0,0,[0|0],-1,0,0,-1,0,0,-1,1,1,1,1,1,1,1,1,0,0,0,0,0,0,0,0,0,0,0,0,0,0,0,0,0,0,0,0,0,0,0,0,0,[0|0],0,0,0,[0|0|0],0,0,0,-1,[0|0|0|0],0,0,0,0,0,-1,-1,-1,-1,-1,-1,-1,-1,-1,-1,0,0,0,0,0,0,0,0,0,-1,[0|0],360,0,0,0,[0|0|0],0,0,0,0,0,-1,-1,-1,-1,-1,-1,[0|0|0|0],0,0,0,0,0,[0|0|0],0,0,0,0,0,0,0,0,0,0,0,0,0,0,0,0,0,0,0,0,0,0,0,0,0,0,0,0,0,0,0,0,0,0,[0|0|0],0,0,0,0,0,[0|0|0|0],1,0,0,0,0,[0|0|0],0,0,0,0,0,-1,-1,-1,-1,1,0,0,0,0,0,0,0,0,0,0,100,0,0,0,30020000,0,0,0,0,0,1,0,0,0,0,0,0,0,0,1,1,0,0,-1,0,-1,0,0,0,0,1,0,0,0,0,0,0,0,0,1,1,0,0,0,0,-1,1,1,0,0,0,0,0,0,0,1,-1,0,0,1,0,0,0,0,1,0,0,0,0,1,-1,[0|0|0|0|0|0|0|0|0|0|0|0|0|0|0|0|0|0|0|0|0|0|0|0|0|0|0|0]
95005300,,0,0,0,[0|0|0],0,0,0,1,0,0,0,0,0,0,0,0,0,0,0,0,-1,-1,-1,-1,-1,-1,-1,-1,-1,-1,-1,-1,-1,-1,-1,-1,-1,-1,-1,-1,-1,-1,-1,1,1,1,1,0,0,0,0,0,100,100,0,-1,100,100,100,100,100,0,0,0,0,0,-1,-1,0,0,7,0,0,0,0,0,0,0,0,0,0,0,0,0,0,0,0,0,0,0,0,0,0,0,0,0,0,0,0,0,0,1,1,1,0,0,0,0,0,0,0,0,0,0,0,0,1,0,1,0,0,0,0,0,0,0,0,1,0,1,1,0,1,0,0,0,1,1,0,0,-1,-1,-1,-1,-1,-1,-1,-1,-1,-1,-1,-1,-1,-1,-1,-1,-1,-1,-1,-1,-1,-1,-1,-1,0,0,-1,0,0,0,0,0,0,0,0,0,0,0,1,1,0,0,0,0,0,0,0,0,0,0,0,0,0,0,0,-1,-1,-1,-1,-1,-1,-1,-1,-1,0,-1,0,0,-1,0,0,0,0,0,-1,-1,-1,0,[0|0|0|0],-1,-1,-1,-1,-1,-1,-1,-1,1,1,1,1,1,1,1,1,1,-1,-1,-1,-1,-1,0,-1,0,1,0,0,0,0,1,1,1,1,0,0,-1,0,[0|0|0|0],-1,1,1,[0|0|0|0],-1,0,0,[0|0|0|0|0|0|0|0],-1,-1,-1,-1,-1,[0|0|0|0],-1,-1,-1,[0|0|0|0|0|0|0|0],-1,-1,-1,[0|0|0|0|0|0|0|0],0,0,0,[0|0|0|0],-1,-1,0,100,1,1,0,-1,0,0,0,0,0,0,-1,0,0,0,-1,[0|0|0|0],0,0,0,0,0,0,0,0,0,0,0,0,0,0,0,0,0,0,0,0,0,0,0,0,0,0,0,0,0,0,0,0,0,[0|0|0|0|0|0|0|0|0|0|0|0],0,0,0,0,0,0,0,0,0,0,0,0,0,0,-1,0,0,0,0,-1,-1,-1,-1,-1,-1,-1,-1,-1,-1,-1,-1,0,0,-1,0,0,0,0,0,0,0,0,[0|0],-1,0,0,-1,0,0,-1,1,1,1,1,1,1,1,1,0,0,0,0,0,0,0,0,0,0,0,0,0,0,0,0,0,0,0,0,0,0,0,0,0,[0|0],0,0,0,[0|0|0],0,0,0,-1,[0|0|0|0],0,0,0,0,0,-1,-1,-1,-1,-1,-1,-1,-1,-1,-1,0,0,0,0,0,0,0,0,0,-1,[0|0],360,0,0,0,[0|0|0],0,0,0,0,0,-1,-1,-1,-1,-1,-1,[0|0|0|0],0,0,0,0,0,[0|0|0],0,0,0,0,0,0,0,0,0,0,0,0,0,0,0,0,0,0,0,0,0,0,0,0,0,0,0,0,0,0,0,0,0,0,[0|0|0],0,0,0,0,0,[0|0|0|0],1,0,0,0,0,[0|0|0],0,0,0,0,0,-1,-1,-1,-1,1,0,0,0,0,0,0,0,0,0,0,100,0,0,0,35020100,0,0,0,0,0,1,0,0,0,0,0,0,0,0,1,1,0,0,-1,0,-1,0,0,0,0,1,0,0,0,0,0,0,0,0,1,1,0,0,0,0,-1,1,1,0,0,0,0,0,0,0,1,-1,0,0,1,0,0,0,0,1,0,0,0,0,1,-1,[0|0|0|0|0|0|0|0|0|0|0|0|0|0|0|0|0|0|0|0|0|0|0|0|0|0|0|0]
95006000,,0,0,0,[0|0|0],0,0,0,1,0,0,0,0,0,0,0,0,0,0,0,0,-1,-1,-1,-1,-1,-1,-1,-1,-1,-1,-1,-1,-1,-1,-1,-1,-1,-1,-1,-1,-1,-1,-1,1,1,1,1,0,0,0,0,0,100,100,0,-1,100,100,100,100,100,0,0,0,0,0,-1,-1,0,0,7,0,0,0,0,0,0,0,0,0,0,0,0,0,0,0,0,0,0,0,0,0,0,0,0,0,0,0,0,0,0,1,1,1,0,0,0,0,0,0,0,0,0,0,0,0,1,0,1,0,0,0,0,0,0,0,0,1,0,1,1,0,1,0,0,0,1,1,0,0,-1,-1,-1,-1,-1,-1,-1,-1,-1,-1,-1,-1,-1,-1,-1,-1,-1,-1,-1,-1,-1,-1,-1,-1,0,0,-1,0,0,0,0,0,0,0,0,0,0,0,1,1,0,0,0,0,0,0,0,0,0,0,0,0,0,0,0,-1,-1,-1,-1,-1,-1,-1,-1,-1,0,-1,0,0,-1,0,0,0,0,0,-1,-1,-1,0,[0|0|0|0],-1,-1,-1,-1,-1,-1,-1,-1,1,1,1,1,1,1,1,1,1,-1,-1,-1,-1,-1,0,-1,0,1,0,0,0,0,1,1,1,1,0,0,-1,0,[0|0|0|0],-1,1,1,[0|0|0|0],-1,0,0,[0|0|0|0|0|0|0|0],-1,-1,-1,-1,-1,[0|0|0|0],-1,-1,-1,[0|0|0|0|0|0|0|0],-1,-1,-1,[0|0|0|0|0|0|0|0],0,0,0,[0|0|0|0],-1,-1,0,100,1,1,0,-1,0,0,0,0,0,0,-1,0,0,0,-1,[0|0|0|0],0,0,0,0,0,0,0,0,0,0,0,0,0,0,0,0,0,0,0,0,0,0,0,0,0,0,0,0,0,0,0,0,0,[0|0|0|0|0|0|0|0|0|0|0|0],0,0,0,0,0,0,0,0,0,0,0,0,0,0,-1,0,0,0,0,-1,-1,-1,-1,-1,-1,-1,-1,-1,-1,-1,-1,0,0,-1,0,0,0,0,0,0,0,0,[0|0],-1,0,0,-1,0,0,-1,1,1,1,1,1,1,1,1,0,0,0,0,0,0,0,0,0,0,0,0,0,0,0,0,0,0,0,0,0,0,0,0,0,[0|0],0,0,0,[0|0|0],0,0,0,-1,[0|0|0|0],0,0,0,0,0,-1,-1,-1,-1,-1,-1,-1,-1,-1,-1,0,0,0,0,0,0,0,0,0,-1,[0|0],360,0,0,0,[0|0|0],0,0,0,0,0,-1,-1,-1,-1,-1,-1,[0|0|0|0],0,0,0,0,0,[0|0|0],0,0,0,0,0,0,0,0,0,0,0,0,0,0,0,0,0,0,0,0,0,0,0,0,0,0,0,0,0,0,0,0,0,0,[0|0|0],0,0,0,0,0,[0|0|0|0],1,0,0,0,0,[0|0|0],0,0,0,0,0,-1,-1,-1,-1,1,0,0,0,0,0,0,0,0,0,0,100,0,0,0,10030000,0,0,0,0,0,1,0,0,0,0,0,0,0,0,1,1,0,0,-1,0,-1,0,0,0,0,1,0,0,0,0,0,0,0,0,1,1,0,0,0,0,-1,1,1,0,0,0,0,0,0,0,1,-1,0,0,1,0,0,0,0,1,0,0,0,0,1,-1,[0|0|0|0|0|0|0|0|0|0|0|0|0|0|0|0|0|0|0|0|0|0|0|0|0|0|0|0]
95006100,,0,0,0,[0|0|0],0,0,0,1,0,0,0,0,0,0,0,0,0,0,0,0,-1,-1,-1,-1,-1,-1,-1,-1,-1,-1,-1,-1,-1,-1,-1,-1,-1,-1,-1,-1,-1,-1,-1,1,1,1,1,0,0,0,0,0,100,100,0,-1,100,100,100,100,100,0,0,0,0,0,-1,-1,0,0,7,0,0,0,0,0,0,0,0,0,0,0,0,0,0,0,0,0,0,0,0,0,0,0,0,0,0,0,0,0,0,1,1,1,0,0,0,0,0,0,0,0,0,0,0,0,1,0,1,0,0,0,0,0,0,0,0,1,0,1,1,0,1,0,0,0,1,1,0,0,-1,-1,-1,-1,-1,-1,-1,-1,-1,-1,-1,-1,-1,-1,-1,-1,-1,-1,-1,-1,-1,-1,-1,-1,0,0,-1,0,0,0,0,0,0,0,0,0,0,0,1,1,0,0,0,0,0,0,0,0,0,0,0,0,0,0,0,-1,-1,-1,-1,-1,-1,-1,-1,-1,0,-1,0,0,-1,0,0,0,0,0,-1,-1,-1,0,[0|0|0|0],-1,-1,-1,-1,-1,-1,-1,-1,1,1,1,1,1,1,1,1,1,-1,-1,-1,-1,-1,0,-1,0,1,0,0,0,0,1,1,1,1,0,0,-1,0,[0|0|0|0],-1,1,1,[0|0|0|0],-1,0,0,[0|0|0|0|0|0|0|0],-1,-1,-1,-1,-1,[0|0|0|0],-1,-1,-1,[0|0|0|0|0|0|0|0],-1,-1,-1,[0|0|0|0|0|0|0|0],0,0,0,[0|0|0|0],-1,-1,0,100,1,1,0,-1,0,0,0,0,0,0,-1,0,0,0,-1,[0|0|0|0],0,0,0,0,0,0,0,0,0,0,0,0,0,0,0,0,0,0,0,0,0,0,0,0,0,0,0,0,0,0,0,0,0,[0|0|0|0|0|0|0|0|0|0|0|0],0,0,0,0,0,0,0,0,0,0,0,0,0,0,-1,0,0,0,0,-1,-1,-1,-1,-1,-1,-1,-1,-1,-1,-1,-1,0,0,-1,0,0,0,0,0,0,0,0,[0|0],-1,0,0,-1,0,0,-1,1,1,1,1,1,1,1,1,0,0,0,0,0,0,0,0,0,0,0,0,0,0,0,0,0,0,0,0,0,0,0,0,0,[0|0],0,0,0,[0|0|0],0,0,0,-1,[0|0|0|0],0,0,0,0,0,-1,-1,-1,-1,-1,-1,-1,-1,-1,-1,0,0,0,0,0,0,0,0,0,-1,[0|0],360,0,0,0,[0|0|0],0,0,0,0,0,-1,-1,-1,-1,-1,-1,[0|0|0|0],0,0,0,0,0,[0|0|0],0,0,0,0,0,0,0,0,0,0,0,0,0,0,0,0,0,0,0,0,0,0,0,0,0,0,0,0,0,0,0,0,0,0,[0|0|0],0,0,0,0,0,[0|0|0|0],1,0,0,0,0,[0|0|0],0,0,0,0,0,-1,-1,-1,-1,1,0,0,0,0,0,0,0,0,0,0,100,0,0,0,15030000,0,0,0,0,0,1,0,0,0,0,0,0,0,0,1,1,0,0,-1,0,-1,0,0,0,0,1,0,0,0,0,0,0,0,0,1,1,0,0,0,0,-1,1,1,0,0,0,0,0,0,0,1,-1,0,0,1,0,0,0,0,1,0,0,0,0,1,-1,[0|0|0|0|0|0|0|0|0|0|0|0|0|0|0|0|0|0|0|0|0|0|0|0|0|0|0|0]
95006200,,0,0,0,[0|0|0],0,0,0,1,0,0,0,0,0,0,0,0,0,0,0,0,-1,-1,-1,-1,-1,-1,-1,-1,-1,-1,-1,-1,-1,-1,-1,-1,-1,-1,-1,-1,-1,-1,-1,1,1,1,1,0,0,0,0,0,100,100,0,-1,100,100,100,100,100,0,0,0,0,0,-1,-1,0,0,7,0,0,0,0,0,0,0,0,0,0,0,0,0,0,0,0,0,0,0,0,0,0,0,0,0,0,0,0,0,0,1,1,1,0,0,0,0,0,0,0,0,0,0,0,0,1,0,1,0,0,0,0,0,0,0,0,1,0,1,1,0,1,0,0,0,1,1,0,0,-1,-1,-1,-1,-1,-1,-1,-1,-1,-1,-1,-1,-1,-1,-1,-1,-1,-1,-1,-1,-1,-1,-1,-1,0,0,-1,0,0,0,0,0,0,0,0,0,0,0,1,1,0,0,0,0,0,0,0,0,0,0,0,0,0,0,0,-1,-1,-1,-1,-1,-1,-1,-1,-1,0,-1,0,0,-1,0,0,0,0,0,-1,-1,-1,0,[0|0|0|0],-1,-1,-1,-1,-1,-1,-1,-1,1,1,1,1,1,1,1,1,1,-1,-1,-1,-1,-1,0,-1,0,1,0,0,0,0,1,1,1,1,0,0,-1,0,[0|0|0|0],-1,1,1,[0|0|0|0],-1,0,0,[0|0|0|0|0|0|0|0],-1,-1,-1,-1,-1,[0|0|0|0],-1,-1,-1,[0|0|0|0|0|0|0|0],-1,-1,-1,[0|0|0|0|0|0|0|0],0,0,0,[0|0|0|0],-1,-1,0,100,1,1,0,-1,0,0,0,0,0,0,-1,0,0,0,-1,[0|0|0|0],0,0,0,0,0,0,0,0,0,0,0,0,0,0,0,0,0,0,0,0,0,0,0,0,0,0,0,0,0,0,0,0,0,[0|0|0|0|0|0|0|0|0|0|0|0],0,0,0,0,0,0,0,0,0,0,0,0,0,0,-1,0,0,0,0,-1,-1,-1,-1,-1,-1,-1,-1,-1,-1,-1,-1,0,0,-1,0,0,0,0,0,0,0,0,[0|0],-1,0,0,-1,0,0,-1,1,1,1,1,1,1,1,1,0,0,0,0,0,0,0,0,0,0,0,0,0,0,0,0,0,0,0,0,0,0,0,0,0,[0|0],0,0,0,[0|0|0],0,0,0,-1,[0|0|0|0],0,0,0,0,0,-1,-1,-1,-1,-1,-1,-1,-1,-1,-1,0,0,0,0,0,0,0,0,0,-1,[0|0],360,0,0,0,[0|0|0],0,0,0,0,0,-1,-1,-1,-1,-1,-1,[0|0|0|0],0,0,0,0,0,[0|0|0],0,0,0,0,0,0,0,0,0,0,0,0,0,0,0,0,0,0,0,0,0,0,0,0,0,0,0,0,0,0,0,0,0,0,[0|0|0],0,0,0,0,0,[0|0|0|0],1,0,0,0,0,[0|0|0],0,0,0,0,0,-1,-1,-1,-1,1,0,0,0,0,0,0,0,0,0,0,100,0,0,0,30210000,0,0,0,0,0,1,0,0,0,0,0,0,0,0,1,1,0,0,-1,0,-1,0,0,0,0,1,0,0,0,0,0,0,0,0,1,1,0,0,0,0,-1,1,1,0,0,0,0,0,0,0,1,-1,0,0,1,0,0,0,0,1,0,0,0,0,1,-1,[0|0|0|0|0|0|0|0|0|0|0|0|0|0|0|0|0|0|0|0|0|0|0|0|0|0|0|0]
95006300,,0,0,0,[0|0|0],0,0,0,1,0,0,0,0,0,0,0,0,0,0,0,0,-1,-1,-1,-1,-1,-1,-1,-1,-1,-1,-1,-1,-1,-1,-1,-1,-1,-1,-1,-1,-1,-1,-1,1,1,1,1,0,0,0,0,0,100,100,0,-1,100,100,100,100,100,0,0,0,0,0,-1,-1,0,0,7,0,0,0,0,0,0,0,0,0,0,0,0,0,0,0,0,0,0,0,0,0,0,0,0,0,0,0,0,0,0,1,1,1,0,0,0,0,0,0,0,0,0,0,0,0,1,0,1,0,0,0,0,0,0,0,0,1,0,1,1,0,1,0,0,0,1,1,0,0,-1,-1,-1,-1,-1,-1,-1,-1,-1,-1,-1,-1,-1,-1,-1,-1,-1,-1,-1,-1,-1,-1,-1,-1,0,0,-1,0,0,0,0,0,0,0,0,0,0,0,1,1,0,0,0,0,0,0,0,0,0,0,0,0,0,0,0,-1,-1,-1,-1,-1,-1,-1,-1,-1,0,-1,0,0,-1,0,0,0,0,0,-1,-1,-1,0,[0|0|0|0],-1,-1,-1,-1,-1,-1,-1,-1,1,1,1,1,1,1,1,1,1,-1,-1,-1,-1,-1,0,-1,0,1,0,0,0,0,1,1,1,1,0,0,-1,0,[0|0|0|0],-1,1,1,[0|0|0|0],-1,0,0,[0|0|0|0|0|0|0|0],-1,-1,-1,-1,-1,[0|0|0|0],-1,-1,-1,[0|0|0|0|0|0|0|0],-1,-1,-1,[0|0|0|0|0|0|0|0],0,0,0,[0|0|0|0],-1,-1,0,100,1,1,0,-1,0,0,0,0,0,0,-1,0,0,0,-1,[0|0|0|0],0,0,0,0,0,0,0,0,0,0,0,0,0,0,0,0,0,0,0,0,0,0,0,0,0,0,0,0,0,0,0,0,0,[0|0|0|0|0|0|0|0|0|0|0|0],0,0,0,0,0,0,0,0,0,0,0,0,0,0,-1,0,0,0,0,-1,-1,-1,-1,-1,-1,-1,-1,-1,-1,-1,-1,0,0,-1,0,0,0,0,0,0,0,0,[0|0],-1,0,0,-1,0,0,-1,1,1,1,1,1,1,1,1,0,0,0,0,0,0,0,0,0,0,0,0,0,0,0,0,0,0,0,0,0,0,0,0,0,[0|0],0,0,0,[0|0|0],0,0,0,-1,[0|0|0|0],0,0,0,0,0,-1,-1,-1,-1,-1,-1,-1,-1,-1,-1,0,0,0,0,0,0,0,0,0,-1,[0|0],360,0,0,0,[0|0|0],0,0,0,0,0,-1,-1,-1,-1,-1,-1,[0|0|0|0],0,0,0,0,0,[0|0|0],0,0,0,0,0,0,0,0,0,0,0,0,0,0,0,0,0,0,0,0,0,0,0,0,0,0,0,0,0,0,0,0,0,0,[0|0|0],0,0,0,0,0,[0|0|0|0],1,0,0,0,0,[0|0|0],0,0,0,0,0,-1,-1,-1,-1,1,0,0,0,0,0,0,0,0,0,0,100,0,0,0,35040200,0,0,0,0,0,1,0,0,0,0,0,0,0,0,1,1,0,0,-1,0,-1,0,0,0,0,1,0,0,0,0,0,0,0,0,1,1,0,0,0,0,-1,1,1,0,0,0,0,0,0,0,1,-1,0,0,1,0,0,0,0,1,0,0,0,0,1,-1,[0|0|0|0|0|0|0|0|0|0|0|0|0|0|0|0|0|0|0|0|0|0|0|0|0|0|0|0]
95011000,,0,0,0,[0|0|0],0,0,0,1,0,0,0,0,0,0,0,0,0,0,0,0,-1,-1,-1,-1,-1,-1,-1,-1,-1,-1,-1,-1,-1,-1,-1,-1,-1,-1,-1,-1,-1,-1,-1,1,1,1,1,0,0,0,0,0,100,100,0,-1,100,100,100,100,100,0,0,0,0,0,-1,-1,0,0,7,0,0,0,0,0,0,0,0,0,0,0,0,0,0,0,0,0,0,0,0,0,0,0,0,0,0,0,0,0,0,1,1,1,0,0,0,0,0,0,0,0,0,0,0,0,1,0,1,0,0,0,0,0,0,0,0,1,0,1,1,0,1,0,0,0,1,1,0,0,-1,-1,-1,-1,-1,-1,-1,-1,-1,-1,-1,-1,-1,-1,-1,-1,-1,-1,-1,-1,-1,-1,-1,-1,0,0,-1,0,0,0,0,0,0,0,0,0,0,0,1,1,0,0,0,0,0,0,0,0,0,0,0,0,0,0,0,-1,-1,-1,-1,-1,-1,-1,-1,-1,0,-1,0,0,-1,0,0,0,0,0,-1,-1,-1,0,[0|0|0|0],-1,-1,-1,-1,-1,-1,-1,-1,1,1,1,1,1,1,1,1,1,-1,-1,-1,-1,-1,0,-1,0,1,0,0,0,0,1,1,1,1,0,0,-1,0,[0|0|0|0],-1,1,1,[0|0|0|0],-1,0,0,[0|0|0|0|0|0|0|0],-1,-1,-1,-1,-1,[0|0|0|0],-1,-1,-1,[0|0|0|0|0|0|0|0],-1,-1,-1,[0|0|0|0|0|0|0|0],0,0,0,[0|0|0|0],-1,-1,0,100,1,1,0,-1,0,0,0,0,0,0,-1,0,0,0,-1,[0|0|0|0],0,0,0,0,0,0,0,0,0,0,0,0,0,0,0,0,0,0,0,0,0,0,0,0,0,0,0,0,0,0,0,0,0,[0|0|0|0|0|0|0|0|0|0|0|0],0,0,0,0,0,0,0,0,0,0,0,0,0,0,-1,0,0,0,0,-1,-1,-1,-1,-1,-1,-1,-1,-1,-1,-1,-1,0,0,-1,0,0,0,0,0,0,0,0,[0|0],-1,0,0,-1,0,0,-1,1,1,1,1,1,1,1,1,0,0,0,0,0,0,0,0,0,0,0,0,0,0,0,0,0,0,0,0,0,0,0,0,0,[0|0],0,0,0,[0|0|0],0,0,0,-1,[0|0|0|0],0,0,0,0,0,-1,-1,-1,-1,-1,-1,-1,-1,-1,-1,0,0,0,0,0,0,0,0,0,-1,[0|0],360,0,0,0,[0|0|0],0,0,0,0,0,-1,-1,-1,-1,-1,-1,[0|0|0|0],0,0,0,0,0,[0|0|0],0,0,0,0,0,0,0,0,0,0,0,0,0,0,0,0,0,0,0,0,0,0,0,0,0,0,0,0,0,0,0,0,0,0,[0|0|0],0,0,0,0,0,[0|0|0|0],1,0,0,0,0,[0|0|0],0,0,0,0,0,-1,-1,-1,-1,1,0,0,0,0,0,0,0,0,0,0,100,0,0,0,10010100,0,0,0,0,0,1,0,0,0,0,0,0,0,0,1,1,0,0,-1,0,-1,0,0,0,0,1,0,0,0,0,0,0,0,0,1,1,0,0,0,0,-1,1,1,0,0,0,0,0,0,0,1,-1,0,0,1,0,0,0,0,1,0,0,0,0,1,-1,[0|0|0|0|0|0|0|0|0|0|0|0|0|0|0|0|0|0|0|0|0|0|0|0|0|0|0|0]
95011100,,0,0,0,[0|0|0],0,0,0,1,0,0,0,0,0,0,0,0,0,0,0,0,-1,-1,-1,-1,-1,-1,-1,-1,-1,-1,-1,-1,-1,-1,-1,-1,-1,-1,-1,-1,-1,-1,-1,1,1,1,1,0,0,0,0,0,100,100,0,-1,100,100,100,100,100,0,0,0,0,0,-1,-1,0,0,7,0,0,0,0,0,0,0,0,0,0,0,0,0,0,0,0,0,0,0,0,0,0,0,0,0,0,0,0,0,0,1,1,1,0,0,0,0,0,0,0,0,0,0,0,0,1,0,1,0,0,0,0,0,0,0,0,1,0,1,1,0,1,0,0,0,1,1,0,0,-1,-1,-1,-1,-1,-1,-1,-1,-1,-1,-1,-1,-1,-1,-1,-1,-1,-1,-1,-1,-1,-1,-1,-1,0,0,-1,0,0,0,0,0,0,0,0,0,0,0,1,1,0,0,0,0,0,0,0,0,0,0,0,0,0,0,0,-1,-1,-1,-1,-1,-1,-1,-1,-1,0,-1,0,0,-1,0,0,0,0,0,-1,-1,-1,0,[0|0|0|0],-1,-1,-1,-1,-1,-1,-1,-1,1,1,1,1,1,1,1,1,1,-1,-1,-1,-1,-1,0,-1,0,1,0,0,0,0,1,1,1,1,0,0,-1,0,[0|0|0|0],-1,1,1,[0|0|0|0],-1,0,0,[0|0|0|0|0|0|0|0],-1,-1,-1,-1,-1,[0|0|0|0],-1,-1,-1,[0|0|0|0|0|0|0|0],-1,-1,-1,[0|0|0|0|0|0|0|0],0,0,0,[0|0|0|0],-1,-1,0,100,1,1,0,-1,0,0,0,0,0,0,-1,0,0,0,-1,[0|0|0|0],0,0,0,0,0,0,0,0,0,0,0,0,0,0,0,0,0,0,0,0,0,0,0,0,0,0,0,0,0,0,0,0,0,[0|0|0|0|0|0|0|0|0|0|0|0],0,0,0,0,0,0,0,0,0,0,0,0,0,0,-1,0,0,0,0,-1,-1,-1,-1,-1,-1,-1,-1,-1,-1,-1,-1,0,0,-1,0,0,0,0,0,0,0,0,[0|0],-1,0,0,-1,0,0,-1,1,1,1,1,1,1,1,1,0,0,0,0,0,0,0,0,0,0,0,0,0,0,0,0,0,0,0,0,0,0,0,0,0,[0|0],0,0,0,[0|0|0],0,0,0,-1,[0|0|0|0],0,0,0,0,0,-1,-1,-1,-1,-1,-1,-1,-1,-1,-1,0,0,0,0,0,0,0,0,0,-1,[0|0],360,0,0,0,[0|0|0],0,0,0,0,0,-1,-1,-1,-1,-1,-1,[0|0|0|0],0,0,0,0,0,[0|0|0],0,0,0,0,0,0,0,0,0,0,0,0,0,0,0,0,0,0,0,0,0,0,0,0,0,0,0,0,0,0,0,0,0,0,[0|0|0],0,0,0,0,0,[0|0|0|0],1,0,0,0,0,[0|0|0],0,0,0,0,0,-1,-1,-1,-1,1,0,0,0,0,0,0,0,0,0,0,100,0,0,0,20010000,0,0,0,0,0,1,0,0,0,0,0,0,0,0,1,1,0,0,-1,0,-1,0,0,0,0,1,0,0,0,0,0,0,0,0,1,1,0,0,0,0,-1,1,1,0,0,0,0,0,0,0,1,-1,0,0,1,0,0,0,0,1,0,0,0,0,1,-1,[0|0|0|0|0|0|0|0|0|0|0|0|0|0|0|0|0|0|0|0|0|0|0|0|0|0|0|0]
95011200,,0,0,0,[0|0|0],0,0,0,1,0,0,0,0,0,0,0,0,0,0,0,0,-1,-1,-1,-1,-1,-1,-1,-1,-1,-1,-1,-1,-1,-1,-1,-1,-1,-1,-1,-1,-1,-1,-1,1,1,1,1,0,0,0,0,0,100,100,0,-1,100,100,100,100,100,0,0,0,0,0,-1,-1,0,0,7,0,0,0,0,0,0,0,0,0,0,0,0,0,0,0,0,0,0,0,0,0,0,0,0,0,0,0,0,0,0,1,1,1,0,0,0,0,0,0,0,0,0,0,0,0,1,0,1,0,0,0,0,0,0,0,0,1,0,1,1,0,1,0,0,0,1,1,0,0,-1,-1,-1,-1,-1,-1,-1,-1,-1,-1,-1,-1,-1,-1,-1,-1,-1,-1,-1,-1,-1,-1,-1,-1,0,0,-1,0,0,0,0,0,0,0,0,0,0,0,1,1,0,0,0,0,0,0,0,0,0,0,0,0,0,0,0,-1,-1,-1,-1,-1,-1,-1,-1,-1,0,-1,0,0,-1,0,0,0,0,0,-1,-1,-1,0,[0|0|0|0],-1,-1,-1,-1,-1,-1,-1,-1,1,1,1,1,1,1,1,1,1,-1,-1,-1,-1,-1,0,-1,0,1,0,0,0,0,1,1,1,1,0,0,-1,0,[0|0|0|0],-1,1,1,[0|0|0|0],-1,0,0,[0|0|0|0|0|0|0|0],-1,-1,-1,-1,-1,[0|0|0|0],-1,-1,-1,[0|0|0|0|0|0|0|0],-1,-1,-1,[0|0|0|0|0|0|0|0],0,0,0,[0|0|0|0],-1,-1,0,100,1,1,0,-1,0,0,0,0,0,0,-1,0,0,0,-1,[0|0|0|0],0,0,0,0,0,0,0,0,0,0,0,0,0,0,0,0,0,0,0,0,0,0,0,0,0,0,0,0,0,0,0,0,0,[0|0|0|0|0|0|0|0|0|0|0|0],0,0,0,0,0,0,0,0,0,0,0,0,0,0,-1,0,0,0,0,-1,-1,-1,-1,-1,-1,-1,-1,-1,-1,-1,-1,0,0,-1,0,0,0,0,0,0,0,0,[0|0],-1,0,0,-1,0,0,-1,1,1,1,1,1,1,1,1,0,0,0,0,0,0,0,0,0,0,0,0,0,0,0,0,0,0,0,0,0,0,0,0,0,[0|0],0,0,0,[0|0|0],0,0,0,-1,[0|0|0|0],0,0,0,0,0,-1,-1,-1,-1,-1,-1,-1,-1,-1,-1,0,0,0,0,0,0,0,0,0,-1,[0|0],360,0,0,0,[0|0|0],0,0,0,0,0,-1,-1,-1,-1,-1,-1,[0|0|0|0],0,0,0,0,0,[0|0|0],0,0,0,0,0,0,0,0,0,0,0,0,0,0,0,0,0,0,0,0,0,0,0,0,0,0,0,0,0,0,0,0,0,0,[0|0|0],0,0,0,0,0,[0|0|0|0],1,0,0,0,0,[0|0|0],0,0,0,0,0,-1,-1,-1,-1,1,0,0,0,0,0,0,0,0,0,0,100,0,0,0,30020100,0,0,0,0,0,1,0,0,0,0,0,0,0,0,1,1,0,0,-1,0,-1,0,0,0,0,1,0,0,0,0,0,0,0,0,1,1,0,0,0,0,-1,1,1,0,0,0,0,0,0,0,1,-1,0,0,1,0,0,0,0,1,0,0,0,0,1,-1,[0|0|0|0|0|0|0|0|0|0|0|0|0|0|0|0|0|0|0|0|0|0|0|0|0|0|0|0]
95011300,,0,0,0,[0|0|0],0,0,0,1,0,0,0,0,0,0,0,0,0,0,0,0,-1,-1,-1,-1,-1,-1,-1,-1,-1,-1,-1,-1,-1,-1,-1,-1,-1,-1,-1,-1,-1,-1,-1,1,1,1,1,0,0,0,0,0,100,100,0,-1,100,100,100,100,100,0,0,0,0,0,-1,-1,0,0,7,0,0,0,0,0,0,0,0,0,0,0,0,0,0,0,0,0,0,0,0,0,0,0,0,0,0,0,0,0,0,1,1,1,0,0,0,0,0,0,0,0,0,0,0,0,1,0,1,0,0,0,0,0,0,0,0,1,0,1,1,0,1,0,0,0,1,1,0,0,-1,-1,-1,-1,-1,-1,-1,-1,-1,-1,-1,-1,-1,-1,-1,-1,-1,-1,-1,-1,-1,-1,-1,-1,0,0,-1,0,0,0,0,0,0,0,0,0,0,0,1,1,0,0,0,0,0,0,0,0,0,0,0,0,0,0,0,-1,-1,-1,-1,-1,-1,-1,-1,-1,0,-1,0,0,-1,0,0,0,0,0,-1,-1,-1,0,[0|0|0|0],-1,-1,-1,-1,-1,-1,-1,-1,1,1,1,1,1,1,1,1,1,-1,-1,-1,-1,-1,0,-1,0,1,0,0,0,0,1,1,1,1,0,0,-1,0,[0|0|0|0],-1,1,1,[0|0|0|0],-1,0,0,[0|0|0|0|0|0|0|0],-1,-1,-1,-1,-1,[0|0|0|0],-1,-1,-1,[0|0|0|0|0|0|0|0],-1,-1,-1,[0|0|0|0|0|0|0|0],0,0,0,[0|0|0|0],-1,-1,0,100,1,1,0,-1,0,0,0,0,0,0,-1,0,0,0,-1,[0|0|0|0],0,0,0,0,0,0,0,0,0,0,0,0,0,0,0,0,0,0,0,0,0,0,0,0,0,0,0,0,0,0,0,0,0,[0|0|0|0|0|0|0|0|0|0|0|0],0,0,0,0,0,0,0,0,0,0,0,0,0,0,-1,0,0,0,0,-1,-1,-1,-1,-1,-1,-1,-1,-1,-1,-1,-1,0,0,-1,0,0,0,0,0,0,0,0,[0|0],-1,0,0,-1,0,0,-1,1,1,1,1,1,1,1,1,0,0,0,0,0,0,0,0,0,0,0,0,0,0,0,0,0,0,0,0,0,0,0,0,0,[0|0],0,0,0,[0|0|0],0,0,0,-1,[0|0|0|0],0,0,0,0,0,-1,-1,-1,-1,-1,-1,-1,-1,-1,-1,0,0,0,0,0,0,0,0,0,-1,[0|0],360,0,0,0,[0|0|0],0,0,0,0,0,-1,-1,-1,-1,-1,-1,[0|0|0|0],0,0,0,0,0,[0|0|0],0,0,0,0,0,0,0,0,0,0,0,0,0,0,0,0,0,0,0,0,0,0,0,0,0,0,0,0,0,0,0,0,0,0,[0|0|0],0,0,0,0,0,[0|0|0|0],1,0,0,0,0,[0|0|0],0,0,0,0,0,-1,-1,-1,-1,1,0,0,0,0,0,0,0,0,0,0,100,0,0,0,0,0,0,0,0,0,1,0,0,0,0,0,0,0,0,1,1,0,0,-1,0,-1,0,0,0,0,1,0,0,0,0,0,0,0,0,1,1,0,0,0,0,-1,1,1,0,0,0,0,0,0,0,1,-1,0,0,1,0,0,0,0,1,0,0,0,0,1,-1,[0|0|0|0|0|0|0|0|0|0|0|0|0|0|0|0|0|0|0|0|0|0|0|0|0|0|0|0]
95012000,,0,0,0,[0|0|0],0,0,0,1,0,0,0,0,0,0,0,0,0,0,0,0,-1,-1,-1,-1,-1,-1,-1,-1,-1,-1,-1,-1,-1,-1,-1,-1,-1,-1,-1,-1,-1,-1,-1,1,1,1,1,0,0,0,0,0,100,100,0,-1,100,100,100,100,100,0,0,0,0,0,-1,-1,0,0,7,0,0,0,0,0,0,0,0,0,0,0,0,0,0,0,0,0,0,0,0,0,0,0,0,0,0,0,0,0,0,1,1,1,0,0,0,0,0,0,0,0,0,0,0,0,1,0,1,0,0,0,0,0,0,0,0,1,0,1,1,0,1,0,0,0,1,1,0,0,-1,-1,-1,-1,-1,-1,-1,-1,-1,-1,-1,-1,-1,-1,-1,-1,-1,-1,-1,-1,-1,-1,-1,-1,0,0,-1,0,0,0,0,0,0,0,0,0,0,0,1,1,0,0,0,0,0,0,0,0,0,0,0,0,0,0,0,-1,-1,-1,-1,-1,-1,-1,-1,-1,0,-1,0,0,-1,0,0,0,0,0,-1,-1,-1,0,[0|0|0|0],-1,-1,-1,-1,-1,-1,-1,-1,1,1,1,1,1,1,1,1,1,-1,-1,-1,-1,-1,0,-1,0,1,0,0,0,0,1,1,1,1,0,0,-1,0,[0|0|0|0],-1,1,1,[0|0|0|0],-1,0,0,[0|0|0|0|0|0|0|0],-1,-1,-1,-1,-1,[0|0|0|0],-1,-1,-1,[0|0|0|0|0|0|0|0],-1,-1,-1,[0|0|0|0|0|0|0|0],0,0,0,[0|0|0|0],-1,-1,0,100,1,1,0,-1,0,0,0,0,0,0,-1,0,0,0,-1,[0|0|0|0],0,0,0,0,0,0,0,0,0,0,0,0,0,0,0,0,0,0,0,0,0,0,0,0,0,0,0,0,0,0,0,0,0,[0|0|0|0|0|0|0|0|0|0|0|0],0,0,0,0,0,0,0,0,0,0,0,0,0,0,-1,0,0,0,0,-1,-1,-1,-1,-1,-1,-1,-1,-1,-1,-1,-1,0,0,-1,0,0,0,0,0,0,0,0,[0|0],-1,0,0,-1,0,0,-1,1,1,1,1,1,1,1,1,0,0,0,0,0,0,0,0,0,0,0,0,0,0,0,0,0,0,0,0,0,0,0,0,0,[0|0],0,0,0,[0|0|0],0,0,0,-1,[0|0|0|0],0,0,0,0,0,-1,-1,-1,-1,-1,-1,-1,-1,-1,-1,0,0,0,0,0,0,0,0,0,-1,[0|0],360,0,0,0,[0|0|0],0,0,0,0,0,-1,-1,-1,-1,-1,-1,[0|0|0|0],0,0,0,0,0,[0|0|0],0,0,0,0,0,0,0,0,0,0,0,0,0,0,0,0,0,0,0,0,0,0,0,0,0,0,0,0,0,0,0,0,0,0,[0|0|0],0,0,0,0,0,[0|0|0|0],1,0,0,0,0,[0|0|0],0,0,0,0,0,-1,-1,-1,-1,1,0,0,0,0,0,0,0,0,0,0,100,0,0,0,10020100,0,0,0,0,0,1,0,0,0,0,0,0,0,0,1,1,0,0,-1,0,-1,0,0,0,0,1,0,0,0,0,0,0,0,0,1,1,0,0,0,0,-1,1,1,0,0,0,0,0,0,0,1,-1,0,0,1,0,0,0,0,1,0,0,0,0,1,-1,[0|0|0|0|0|0|0|0|0|0|0|0|0|0|0|0|0|0|0|0|0|0|0|0|0|0|0|0]
95012100,,0,0,0,[0|0|0],0,0,0,1,0,0,0,0,0,0,0,0,0,0,0,0,-1,-1,-1,-1,-1,-1,-1,-1,-1,-1,-1,-1,-1,-1,-1,-1,-1,-1,-1,-1,-1,-1,-1,1,1,1,1,0,0,0,0,0,100,100,0,-1,100,100,100,100,100,0,0,0,0,0,-1,-1,0,0,7,0,0,0,0,0,0,0,0,0,0,0,0,0,0,0,0,0,0,0,0,0,0,0,0,0,0,0,0,0,0,1,1,1,0,0,0,0,0,0,0,0,0,0,0,0,1,0,1,0,0,0,0,0,0,0,0,1,0,1,1,0,1,0,0,0,1,1,0,0,-1,-1,-1,-1,-1,-1,-1,-1,-1,-1,-1,-1,-1,-1,-1,-1,-1,-1,-1,-1,-1,-1,-1,-1,0,0,-1,0,0,0,0,0,0,0,0,0,0,0,1,1,0,0,0,0,0,0,0,0,0,0,0,0,0,0,0,-1,-1,-1,-1,-1,-1,-1,-1,-1,0,-1,0,0,-1,0,0,0,0,0,-1,-1,-1,0,[0|0|0|0],-1,-1,-1,-1,-1,-1,-1,-1,1,1,1,1,1,1,1,1,1,-1,-1,-1,-1,-1,0,-1,0,1,0,0,0,0,1,1,1,1,0,0,-1,0,[0|0|0|0],-1,1,1,[0|0|0|0],-1,0,0,[0|0|0|0|0|0|0|0],-1,-1,-1,-1,-1,[0|0|0|0],-1,-1,-1,[0|0|0|0|0|0|0|0],-1,-1,-1,[0|0|0|0|0|0|0|0],0,0,0,[0|0|0|0],-1,-1,0,100,1,1,0,-1,0,0,0,0,0,0,-1,0,0,0,-1,[0|0|0|0],0,0,0,0,0,0,0,0,0,0,0,0,0,0,0,0,0,0,0,0,0,0,0,0,0,0,0,0,0,0,0,0,0,[0|0|0|0|0|0|0|0|0|0|0|0],0,0,0,0,0,0,0,0,0,0,0,0,0,0,-1,0,0,0,0,-1,-1,-1,-1,-1,-1,-1,-1,-1,-1,-1,-1,0,0,-1,0,0,0,0,0,0,0,0,[0|0],-1,0,0,-1,0,0,-1,1,1,1,1,1,1,1,1,0,0,0,0,0,0,0,0,0,0,0,0,0,0,0,0,0,0,0,0,0,0,0,0,0,[0|0],0,0,0,[0|0|0],0,0,0,-1,[0|0|0|0],0,0,0,0,0,-1,-1,-1,-1,-1,-1,-1,-1,-1,-1,0,0,0,0,0,0,0,0,0,-1,[0|0],360,0,0,0,[0|0|0],0,0,0,0,0,-1,-1,-1,-1,-1,-1,[0|0|0|0],0,0,0,0,0,[0|0|0],0,0,0,0,0,0,0,0,0,0,0,0,0,0,0,0,0,0,0,0,0,0,0,0,0,0,0,0,0,0,0,0,0,0,[0|0|0],0,0,0,0,0,[0|0|0|0],1,0,0,0,0,[0|0|0],0,0,0,0,0,-1,-1,-1,-1,1,0,0,0,0,0,0,0,0,0,0,100,0,0,0,15080000,0,0,0,0,0,1,0,0,0,0,0,0,0,0,1,1,0,0,-1,0,-1,0,0,0,0,1,0,0,0,0,0,0,0,0,1,1,0,0,0,0,-1,1,1,0,0,0,0,0,0,0,1,-1,0,0,1,0,0,0,0,1,0,0,0,0,1,-1,[0|0|0|0|0|0|0|0|0|0|0|0|0|0|0|0|0|0|0|0|0|0|0|0|0|0|0|0]
95012200,,0,0,0,[0|0|0],0,0,0,1,0,0,0,0,0,0,0,0,0,0,0,0,-1,-1,-1,-1,-1,-1,-1,-1,-1,-1,-1,-1,-1,-1,-1,-1,-1,-1,-1,-1,-1,-1,-1,1,1,1,1,0,0,0,0,0,100,100,0,-1,100,100,100,100,100,0,0,0,0,0,-1,-1,0,0,7,0,0,0,0,0,0,0,0,0,0,0,0,0,0,0,0,0,0,0,0,0,0,0,0,0,0,0,0,0,0,1,1,1,0,0,0,0,0,0,0,0,0,0,0,0,1,0,1,0,0,0,0,0,0,0,0,1,0,1,1,0,1,0,0,0,1,1,0,0,-1,-1,-1,-1,-1,-1,-1,-1,-1,-1,-1,-1,-1,-1,-1,-1,-1,-1,-1,-1,-1,-1,-1,-1,0,0,-1,0,0,0,0,0,0,0,0,0,0,0,1,1,0,0,0,0,0,0,0,0,0,0,0,0,0,0,0,-1,-1,-1,-1,-1,-1,-1,-1,-1,0,-1,0,0,-1,0,0,0,0,0,-1,-1,-1,0,[0|0|0|0],-1,-1,-1,-1,-1,-1,-1,-1,1,1,1,1,1,1,1,1,1,-1,-1,-1,-1,-1,0,-1,0,1,0,0,0,0,1,1,1,1,0,0,-1,0,[0|0|0|0],-1,1,1,[0|0|0|0],-1,0,0,[0|0|0|0|0|0|0|0],-1,-1,-1,-1,-1,[0|0|0|0],-1,-1,-1,[0|0|0|0|0|0|0|0],-1,-1,-1,[0|0|0|0|0|0|0|0],0,0,0,[0|0|0|0],-1,-1,0,100,1,1,0,-1,0,0,0,0,0,0,-1,0,0,0,-1,[0|0|0|0],0,0,0,0,0,0,0,0,0,0,0,0,0,0,0,0,0,0,0,0,0,0,0,0,0,0,0,0,0,0,0,0,0,[0|0|0|0|0|0|0|0|0|0|0|0],0,0,0,0,0,0,0,0,0,0,0,0,0,0,-1,0,0,0,0,-1,-1,-1,-1,-1,-1,-1,-1,-1,-1,-1,-1,0,0,-1,0,0,0,0,0,0,0,0,[0|0],-1,0,0,-1,0,0,-1,1,1,1,1,1,1,1,1,0,0,0,0,0,0,0,0,0,0,0,0,0,0,0,0,0,0,0,0,0,0,0,0,0,[0|0],0,0,0,[0|0|0],0,0,0,-1,[0|0|0|0],0,0,0,0,0,-1,-1,-1,-1,-1,-1,-1,-1,-1,-1,0,0,0,0,0,0,0,0,0,-1,[0|0],360,0,0,0,[0|0|0],0,0,0,0,0,-1,-1,-1,-1,-1,-1,[0|0|0|0],0,0,0,0,0,[0|0|0],0,0,0,0,0,0,0,0,0,0,0,0,0,0,0,0,0,0,0,0,0,0,0,0,0,0,0,0,0,0,0,0,0,0,[0|0|0],0,0,0,0,0,[0|0|0|0],1,0,0,0,0,[0|0|0],0,0,0,0,0,-1,-1,-1,-1,1,0,0,0,0,0,0,0,0,0,0,100,0,0,0,0,0,0,0,0,0,1,0,0,0,0,0,0,0,0,1,1,0,0,-1,0,-1,0,0,0,0,1,0,0,0,0,0,0,0,0,1,1,0,0,0,0,-1,1,1,0,0,0,0,0,0,0,1,-1,0,0,1,0,0,0,0,1,0,0,0,0,1,-1,[0|0|0|0|0|0|0|0|0|0|0|0|0|0|0|0|0|0|0|0|0|0|0|0|0|0|0|0]
95012300,,0,0,0,[0|0|0],0,0,0,1,0,0,0,0,0,0,0,0,0,0,0,0,-1,-1,-1,-1,-1,-1,-1,-1,-1,-1,-1,-1,-1,-1,-1,-1,-1,-1,-1,-1,-1,-1,-1,1,1,1,1,0,0,0,0,0,100,100,0,-1,100,100,100,100,100,0,0,0,0,0,-1,-1,0,0,7,0,0,0,0,0,0,0,0,0,0,0,0,0,0,0,0,0,0,0,0,0,0,0,0,0,0,0,0,0,0,1,1,1,0,0,0,0,0,0,0,0,0,0,0,0,1,0,1,0,0,0,0,0,0,0,0,1,0,1,1,0,1,0,0,0,1,1,0,0,-1,-1,-1,-1,-1,-1,-1,-1,-1,-1,-1,-1,-1,-1,-1,-1,-1,-1,-1,-1,-1,-1,-1,-1,0,0,-1,0,0,0,0,0,0,0,0,0,0,0,1,1,0,0,0,0,0,0,0,0,0,0,0,0,0,0,0,-1,-1,-1,-1,-1,-1,-1,-1,-1,0,-1,0,0,-1,0,0,0,0,0,-1,-1,-1,0,[0|0|0|0],-1,-1,-1,-1,-1,-1,-1,-1,1,1,1,1,1,1,1,1,1,-1,-1,-1,-1,-1,0,-1,0,1,0,0,0,0,1,1,1,1,0,0,-1,0,[0|0|0|0],-1,1,1,[0|0|0|0],-1,0,0,[0|0|0|0|0|0|0|0],-1,-1,-1,-1,-1,[0|0|0|0],-1,-1,-1,[0|0|0|0|0|0|0|0],-1,-1,-1,[0|0|0|0|0|0|0|0],0,0,0,[0|0|0|0],-1,-1,0,100,1,1,0,-1,0,0,0,0,0,0,-1,0,0,0,-1,[0|0|0|0],0,0,0,0,0,0,0,0,0,0,0,0,0,0,0,0,0,0,0,0,0,0,0,0,0,0,0,0,0,0,0,0,0,[0|0|0|0|0|0|0|0|0|0|0|0],0,0,0,0,0,0,0,0,0,0,0,0,0,0,-1,0,0,0,0,-1,-1,-1,-1,-1,-1,-1,-1,-1,-1,-1,-1,0,0,-1,0,0,0,0,0,0,0,0,[0|0],-1,0,0,-1,0,0,-1,1,1,1,1,1,1,1,1,0,0,0,0,0,0,0,0,0,0,0,0,0,0,0,0,0,0,0,0,0,0,0,0,0,[0|0],0,0,0,[0|0|0],0,0,0,-1,[0|0|0|0],0,0,0,0,0,-1,-1,-1,-1,-1,-1,-1,-1,-1,-1,0,0,0,0,0,0,0,0,0,-1,[0|0],360,0,0,0,[0|0|0],0,0,0,0,0,-1,-1,-1,-1,-1,-1,[0|0|0|0],0,0,0,0,0,[0|0|0],0,0,0,0,0,0,0,0,0,0,0,0,0,0,0,0,0,0,0,0,0,0,0,0,0,0,0,0,0,0,0,0,0,0,[0|0|0],0,0,0,0,0,[0|0|0|0],1,0,0,0,0,[0|0|0],0,0,0,0,0,-1,-1,-1,-1,1,0,0,0,0,0,0,0,0,0,0,100,0,0,0,35200000,0,0,0,0,0,1,0,0,0,0,0,0,0,0,1,1,0,0,-1,0,-1,0,0,0,0,1,0,0,0,0,0,0,0,0,1,1,0,0,0,0,-1,1,1,0,0,0,0,0,0,0,1,-1,0,0,1,0,0,0,0,1,0,0,0,0,1,-1,[0|0|0|0|0|0|0|0|0|0|0|0|0|0|0|0|0|0|0|0|0|0|0|0|0|0|0|0]
95012400,HEAD (Scan) - AH-J-124/RC JAILBREAK,0,0,0,[0|0|0],0,0,0,1,0,0,0,0,0,0,0,0,0,0,0,0,-1,-1,-1,-1,-1,-1,-1,-1,-1,-1,-1,-1,-1,-1,-1,-1,-1,-1,-1,-1,-1,-1,-1,1,1,1,1,0,0,0,0,0,100,100,0,-1,100,100,100,100,100,0,0,0,0,0,-1,-1,0,0,7,0,0,0,0,0,0,0,0,0,0,0,0,0,0,0,0,0,0,0,0,0,0,0,0,0,0,0,0,0,0,1,1,1,0,0,0,0,0,0,0,0,0,0,0,0,1,0,1,0,0,0,0,0,0,0,0,1,0,1,1,0,1,0,0,0,1,1,0,0,-1,-1,-1,-1,-1,-1,-1,-1,-1,-1,-1,-1,-1,-1,-1,-1,-1,-1,-1,-1,-1,-1,-1,-1,0,0,-1,0,0,0,0,0,0,0,0,0,0,0,1,1,0,0,0,0,0,0,0,0,0,0,0,0,0,0,0,-1,-1,-1,-1,-1,-1,-1,-1,-1,0,-1,0,0,-1,0,0,0,0,0,-1,-1,-1,0,[0|0|0|0],-1,-1,-1,-1,-1,-1,-1,-1,1,1,1,1,1,1,1,1,1,-1,-1,-1,-1,-1,0,-1,0,1,0,0,0,0,1,1,1,1,0,0,-1,0,[0|0|0|0],-1,1,1,[0|0|0|0],-1,0,0,[0|0|0|0|0|0|0|0],-1,-1,-1,-1,-1,[0|0|0|0],-1,-1,-1,[0|0|0|0|0|0|0|0],-1,-1,-1,[0|0|0|0|0|0|0|0],0,0,0,[0|0|0|0],-1,-1,0,100,1,1,0,-1,0,0,0,0,0,0,-1,0,0,0,-1,[0|0|0|0],0,0,0,0,0,0,0,0,0,0,0,0,0,0,0,0,0,0,0,0,0,0,0,0,0,0,0,0,0,0,0,0,0,[0|0|0|0|0|0|0|0|0|0|0|0],0,0,0,0,0,0,0,0,0,0,0,0,0,0,-1,0,0,0,0,-1,-1,-1,-1,-1,-1,-1,-1,-1,-1,-1,-1,0,0,-1,0,0,0,0,0,0,0,0,[0|0],-1,0,0,-1,0,0,-1,1,1,1,1,1,1,1,1,0,0,0,0,0,0,0,0,0,0,0,0,0,0,0,0,0,0,0,0,0,0,0,0,0,[0|0],0,0,0,[0|0|0],0,0,0,-1,[0|0|0|0],0,0,0,0,0,-1,-1,-1,-1,-1,-1,-1,-1,-1,-1,0,0,0,0,0,0,0,0,0,-1,[0|0],360,0,0,0,[0|0|0],0,0,0,0,0,-1,-1,-1,-1,-1,-1,[0|0|0|0],0,0,0,0,0,[0|0|0],0,0,0,0,0,0,0,0,0,0,0,0,0,0,0,0,0,0,0,0,0,0,0,0,0,0,0,0,0,0,0,0,0,0,[0|0|0],0,0,0,0,0,[0|0|0|0],1,0,0,0,0,[0|0|0],0,0,0,0,0,-1,-1,-1,-1,1,0,0,0,0,0,0,0,0,0,0,100,0,0,0,80070200,0,0,0,0,0,1,0,0,0,0,0,0,0,0,1,1,0,0,-1,0,-1,0,0,0,0,1,0,0,0,0,0,0,0,0,1,1,0,0,0,0,-1,1,1,0,0,0,0,0,0,0,1,-1,0,0,1,0,0,0,0,1,0,0,0,0,1,-1,[0|0|0|0|0|0|0|0|0|0|0|0|0|0|0|0|0|0|0|0|0|0|0|0|0|0|0|0]
95020000,CORAL RIFLE [NPC] - IB-C03W1: WLT 011 (Right),0,0,0,[0|0|0],11120,1022100,0,3660,0,0,0,0,0,0,0,0,100,0,0,0,-1,-1,-1,200001977,-1,-1,-1,-1,-1,-1,-1,-1,-1,-1,-1,-1,-1,-1,-1,-1,-1,-1,-1,1,1,1,1,0,0,0,2730,0,100,100,0,-1,0,0,0,100,100,0,0,0,0,0,-1,16,0,0,7,0,24,0,0,0,100,0,0,220,0,0,0,0,0,0,0,0,0,0,0,0,0,0,0,0,0,0,0,0,0,1,0,1,1,0,0,0,0,0,0,0,0,0,0,0,1,0,1,0,0,0,0,0,0,0,0,1,0,1,1,1,1,0,0,100,1,1,0,0,-1,-1,-1,-1,-1,-1,-1,-1,-1,-1,-1,-1,-1,-1,-1,-1,-1,-1,-1,-1,-1,-1,-1,-1,0,0,100,0,0,0,0,0,0,0,0,0,0,0,1,1,0,0,0,0,0,0,0,0,0,0,0,0,0,0,0,-1,-1,-1,-1,-1,-1,-1,-1,-1,0,-1,0,0,-1,0,1,0,0,0,-1,-1,-1,0,[0|0|0|0],-1,-1,-1,-1,400,-1,-1,-1,1,1,1,1,1,1,1,1,1,-1,-1,-1,-1,-1,0,-1,0,1,0,0,0,0,1,1,1,1,0,0,-1,0,[0|0|0|0],-1,0.5,1,[0|0|0|0],-1,0,0,[0|0|0|0|0|0|0|0],-1,-1,-1,-1,-1,[0|0|0|0],-1,-1,-1,[0|0|0|0|0|0|0|0],-1,-1,-1,[0|0|0|0|0|0|0|0],0,0,0,[0|0|0|0],18,-1,200,100,1,1,0,-1,1,0,0,3,425,0,-1,0,1500,0,-1,[0|0|0|0],0,0,0,0,0,0,0,0,0,0,0,0,0,0,0,0,0,0,0,0,0,0,0,0,0,0,0,0,0,0,0,0,211,[0|0|0|0|0|0|0|0|0|0|0|0],0,0,0,0,0,0,0,0,0,0,0,0,0,0,-1,0,0,0,0,-1,-1,-1,-1,-1,-1,-1,-1,-1,-1,-1,-1,0,0,-1,0,0,0,0,0,0,0,0,[0|0],10110200,0,0.8,0.5,0.4,0,-1,1,1,1,1,1,1,1,1,0,0,0,0,0,0,0,0,0,0,0,0,0,0,0,0,0,0,0,0,0,0,0,0,0,[0|0],1.2,0.2,0.4,[0|0|0],0,1,0,1.2,[0|0|0|0],2,370,0,0,0,-1,-1,-1,-1,-1,-1,-1,-1,-1,-1,0,0,0,0,0,0,0,0,0,425,[0|0],360,0,0,0,[0|0|0],0,0,0,0,0,-1,-1,-1,-1,-1,-1,[0|0|0|0],0,0,0,0,0,[0|0|0],0,0,0,0,0,0,0,0,0,0,0,0,0,0,0,0,0,0,0,0,0,0,0,0,0,0,0,0,0,0,0,0,0,0,[0|0|0],0,0,0,0,2200,[0|0|0|0],1,0,0,0,0,[0|0|0],0,0,0,0,0,-1,-1,-1,-1,1,0,0,0,0,0,0,0,0,0,500,100,0.8,1.6,0,-1,0,0,0,0,0,1,0,0,0,0,0,0,0,0,1,1,0,0,-1,0,110,0,0,0,0,1,0,0,0,0,0,0,0,0,1,1,1,0,1,0,-1,1,1,8037,0,0,0,0,0,0,1,-1,0,0,1,0,0,0,0,1,0,0,0,0,1,-1,[0|0|0|0|0|0|0|0|0|0|0|0|0|0|0|0|0|0|0|0|0|0|0|0|0|0|0|0]
95020100,CORAL OSCILLATOR [NPC] - IB-C03W2: WLT 101,0,0,0,[0|0|0],20010,2000010,0,2000,0,0,0,0,0,0,0,0,100,0,0,0,-1,-1,-1,-1,-1,-1,-1,-1,-1,-1,-1,-1,-1,-1,-1,-1,-1,-1,-1,-1,-1,-1,-1,2,1,1,1,0,0,0,230,0,100,100,0,-1,0,0,0,100,100,0,0,0,0,0,-1,16,0,0,7,3,23,0,0,0,100,0,0,999,0,0,0,0,0,0,0,0,0,0,0,0,0,0,0,0,0,0,0,0,0,0,1,1,0,1,0,0,0,0,0,0,0,0,0,0,1,0,1,0,0,0,0,0,0,0,0,1,0,1,1,1,1,0,0,100,1,1,0,0,-1,-1,-1,-1,-1,-1,-1,-1,-1,-1,-1,-1,-1,-1,-1,-1,-1,-1,-1,-1,-1,-1,-1,-1,0,0,200,0,0,0,0,0,0,0,0,0,0,0,1,1,0,0,0,0,0,0,0,0,0,0,0,0,0,0,0,-1,-1,-1,-1,-1,-1,-1,-1,-1,0,-1,0,0,-1,0,1,0,0,0,-1,-1,-1,0,[0|0|0|0],-1,-1,-1,-1,200,-1,-1,-1,1,1,1,1,1,1,1,1,1,-1,-1,-1,-1,-1,0,-1,0,1,0,0,0,0,1,1,1,1,0,0,-1,0,[0|0|0|0],1,0.5,1,[0|0|0|0],-1,0,0,[0|0|0|0|0|0|0|0],-1,-1,-1,-1,-1,[0|0|0|0],-1,-1,-1,[0|0|0|0|0|0|0|0],-1,-1,-1,[0|0|0|0|0|0|0|0],0,0,0,[0|0|0|0],-1,-1,80,100,1,1,0,-1,2,0,0,7,341,0,-1,0,0,0,-1,[0|0|0|0],0,0,0,0,0,0,0,0,0,0,0,0,0,0,0,0,0,0,0,0,0,0,0,0,0,0,0,0,0,0,0,0,251,[0|0|0|0|0|0|0|0|0|0|0|0],0,0,0,0,0,0,0,0,0,0,0,0,0,0,-1,0,0,0,0,-1,-1,-1,-1,-1,-1,-1,-1,-1,-1,-1,-1,0,0,-1,0,0,0,0,0,0,0,0,[0|0],20000100,0,0,0,0,0,-1,1,1,1,1,1,1,1,1,0,0,0,0,0,0,0,0,0,0,0,0,0,0,0,0,0,0,0,0,0,0,0,0,0,[0|0],0.8,0.5,0.5,[0|0|0],1,0,0,-1,[0|0|0|0],2,1590,0,0,0,-1,-1,-1,-1,-1,-1,-1,-1,-1,-1,0,0,0,0,0,0,0,0,0,-1,[0|0],360,0,0,0,[0|0|0],0,0,0,0,0,-1,-1,-1,-1,-1,-1,[0|0|0|0],0,0,1,0,0,[0|0|0],0,0,0,0,0,0,0,0,0,0,0,0,0,0,0,0,0,0,0,0,0,0,0,0,0,0,0,0,0,0,0,0,0,0,[0|0|0],0,0,0,0,2510,[0|0|0|0],1,0,0,0,0,[0|0|0],0,0,0,0,0,-1,-1,-1,-1,1,0,0,0,0,0,0,0,0,0,500,100,1.5,1.5,0,-1,0,0,0,0,0,1,0,0,0,0,0,0,0,0,1,1,0,0,1,0,-1,0,0,0,0,1,0,0,0,0,0,0,0,0,1,1,0,0,0,0,100,1,1,8103,0,0,0,0,0,0,1,-1,0,0,1,0,0,0,0,1,0,0,0,0,1,-1,[0|0|0|0|0|0|0|0|0|0|0|0|0|0|0|0|0|0|0|0|0|0|0|0|0|0|0|0]
95020200,CORAL MISSILE LAUNCHER [NPC] - IB-C03W3: NGI 006 (Right),0,0,0,[0|0|0],30300,3003000,0,2995,0,0,0,0,0,0,0,0,100,0,0,0,-1,-1,-1,-1,-1,-1,-1,-1,-1,-1,-1,-1,-1,-1,-1,-1,-1,-1,-1,-1,-1,-1,-1,1,1,1,1,0,0,0,4240,0,100,100,0,-1,0,0,0,100,100,0,0,0,0,0,-1,16,0,0,7,3,22,0,0,0,100,0,0,999,0,0,0,0,0,0,0,0,0,0,0,0,0,0,0,0,0,0,0,0,0,0,0,1,1,0,0,0,0,0,0,0,0,0,0,0,1,0,1,0,0,0,0,0,0,0,0,1,0,1,1,1,1,0,0,100,1,1,0,0,-1,-1,-1,-1,-1,-1,-1,-1,-1,-1,-1,-1,-1,-1,-1,-1,-1,-1,-1,-1,-1,-1,-1,-1,0,0,300,0,0,0,0,0,0,0,0,0,0,0,1,1,0,0,0,0,0,0,0,0,0,0,0,0,0,0,0,-1,-1,-1,-1,-1,-1,-1,-1,-1,0,-1,0,0,-1,0,0,0,0,0,-1,-1,-1,0,[0|0|0|0],-1,-1,-1,-1,280,-1,-1,-1,1,1,1,1,1,1,1,1,1,-1,-1,-1,-1,-1,0,-1,0,1,0,0,0,0,1,1,1,1,0,0,-1,0,[0|0|0|0],1,1,1,[0|0|0|0],-1,0,0,[0|0|0|0|0|0|0|0],-1,-1,-1,-1,-1,[0|0|0|0],-1,-1,-1,[0|0|0|0|0|0|0|0],-1,-1,-1,[0|0|0|0|0|0|0|0],0,0,0,[0|0|0|0],75,-1,500,100,1,1,0,-1,5,0,0,9,415,0,-1,0,1200,0,-1,[0|0|0|0],0,0,0,0,0,0,0,0,0,0,0,0,0,0,0,0,0,0,0,0,0,0,0,0,0,0,0,0,0,0,0,0,0,[0|0|0|0|0|0|0|0|0|0|0|0],0,0,0,0,0,0,0,0,0,0,0,0,0,0,-1,0,0,0,0,-1,-1,-1,-1,-1,-1,-1,-1,-1,-1,-1,-1,0,0,-1,0,0,0,0,0,0,0,0,[0|0],30030000,5,1,0.5,0.5,0,-1,1,1,1,1,1,1,1,1,0,0,0,0,0,0,0,0,0,0,0,0,0,0,0,0,0,0,0,0,0,0,0,0,0,[0|0],0,0,0,[0|0|0],0,0,0,-1,[0|0|0|0],2,550,0,0,0,-1,-1,-1,-1,-1,-1,-1,-1,-1,-1,0,0,0,0,0,0,0,0,0,415,[0|0],360,0,0,0,[0|0|0],5,0,0,0,0,-1,-1,-1,-1,-1,-1,[0|0|0|0],0,0,0,0,0,[0|0|0],0,0,0,0,0,0,0,0,0,0,0,0,0,0,0,0,0,0,0,0,0,0,0,0,0,0,0,0,0,0,0,0,0,0,[0|0|0],0,0,0,0,3040,[0|0|0|0],1,0,0,0,0,[0|0|0],0,0,0,0,0,-1,-1,-1,-1,1,0,0,0,0,0,0,0,0,0,0,100,0,0,0,-1,0,2,0,0,0,1,2,2,2,2,0,2,0,0,1,1,0,0,-1,0,100,2,0,0,0,1,2,2,2,2,0,2,0,0,1,1,0,0,0,0,-1,1,1,8207,0,0,0,0,0,0,1,-1,0,0,1,0,0,0,0,1,0,0,0,0,1,-1,[0|0|0|0|0|0|0|0|0|0|0|0|0|0|0|0|0|0|0|0|0|0|0|0|0|0|0|0]
95020300,CORAL SHIELD [NPC] - IB-C03W4: NGI 028,0,0,0,[0|0|0],25130,2503000,0,1085,0,0,0,0,0,0,0,0,85,85,85,85,-1,-1,-1,-1,9409,-1,-1,-1,-1,-1,-1,-1,-1,-1,-1,-1,-1,-1,-1,-1,-1,-1,-1,1,1,1,1,0,0,0,4970,0,100,100,0,-1,0,0,0,0,100,0,0,0,0,0,-1,20,0,0,7,3,12,0,0,0,112,0,0,999,0,0,0,0,0,0,0,0,0,0,0,0,4,0,0,0,100,100,100,0,0,0,0,1,0,1,0,0,0,0,0,0,0,0,0,0,1,0,1,0,0,0,0,0,0,0,0,1,0,1,1,1,1,0,0,112,1,1,0,0,-1,-1,-1,-1,-1,-1,-1,-1,-1,-1,-1,-1,-1,-1,-1,-1,-1,-1,-1,-1,-1,-1,-1,-1,0,0,321,0,0,0,0,0,0,0,0,0,0,0,1,1,0,0,0,0,0,0,0,0,0,0,0,0,0,0,0,-1,-1,-1,-1,-1,-1,-1,-1,-1,0,-1,0,0,-1,0,0,0,0,0,-1,-1,-1,0,[0|0|0|0],-1,-1,-1,-1,0,-1,-1,-1,1,1,1,1,1,1,1,1,1,-1,-1,-1,-1,-1,0,-1,0,1,0,0,0,0,1,1,1,1,0,0,-1,0,[0|0|0|0],-1,1,1,[0|0|0|0],-1,0,0,[0|0|0|0|0|0|0|0],-1,-1,-1,-1,-1,[0|0|0|0],-1,-1,-1,[0|0|0|0|0|0|0|0],-1,-1,-1,[0|0|0|0|0|0|0|0],0,0,0,[0|0|0|0],-1,-1,0,100,1,1,0,-1,3,0,0,8,400,0,-1,0,0,0,-1,[0|0|0|0],0,0,0,0,0,0,0,0,0,0,0,0,0,0,0,0,0,0,0,0,0,0,0,0,0,0,0,0,0,0,0,0,280,[0|0|0|0|0|0|0|0|0|0|0|0],0,0,0,0,0,0,0,0,0,0,0,0,0,0,-1,0,0,0,0,-1,-1,0,0,-1,-1,-1,-1,-1,-1,-1,-1,0,0,-1,0,0,0,0,0,0,180,180,[0|0],25010300,0,0,-1,0,0,-1,1,1,1,1,1,1,1,1,0,0,0,0,0,0,0,0,0,0,0,0,0,0,0,0,0,0,0,0,0,0,0,0,0,[0|0],0,0,0,[0|0|0],0,0,0,-1,[0|0|0|0],2,1430,0.8,0,78,-1,-1,990220,2250,990222,2250,-1,-1,990221,2250,0,0,0,0,0,0,0,0,0,-1,[0|0],360,0,0,0,[0|0|0],0,0,0,0,0,0,0,-1,-1,-1,-1,[0|0|0|0],0,0,1,70,0,[0|0|0],0,0,0,0,0,0,0,0,0,0,0,0,0,0,0,0,0,0,0,0,0,0,0,0,0,0,0,0,0,0,0,0,0,0,[0|0|0],0,0,0,0,2800,[0|0|0|0],1,0,0,0,0,[0|0|0],0,0,0,0,0,-1,-1,-1,-1,1,-1,88,88,88,88,100,100,100,0,125,100,1,2,0,-1,0,0,0,0,0,1,0,0,0,0,0,0,0,0,1,1,0,0,-1,0,-1,0,0,0,0,1,0,0,0,0,0,0,0,0,1,1,0,0,0,0,-1,1,1,8305,0,0,0,0,0,0,1,-1,0,0,1,0,0,0,0,1,0,0,0,0,1,-1,[0|0|0|0|0|0|0|0|0|0|0|0|0|0|0|0|0|0|0|0|0|0|0|0|0|0|0|0]
